forum_id	forum_name	topic_id	topic_title	href	timestamp
1	Announcements	3	Announcement: UPDATE LIST	viewtopic.php?t=3	20071101054910
1	Announcements	3	2	viewtopic.php?t=3&start=25	20071101054910
1	Announcements	3	3	viewtopic.php?t=3&start=50	20071101054910
1	Announcements	3	1	viewtopic.php?t=3&start=0	20071101054910
1	Announcements	3	1	viewtopic.php?t=3&start=0	20080101232511
1	Announcements	3	Announcement: UPDATE LIST	viewtopic.php?t=3	20080101232511
1	Announcements	3	2	viewtopic.php?t=3&start=25	20080101232511
1	Announcements	3	3	viewtopic.php?t=3&start=50	20080101232511
1	Announcements	3	2	viewtopic.php?t=3&start=25&sid=264121a4ade84f8a738e833feb419a64	20081221120155
1	Announcements	3	3	viewtopic.php?t=3&start=50&sid=264121a4ade84f8a738e833feb419a64	20081221120155
1	Announcements	3	Announcement: UPDATE LIST	viewtopic.php?t=3&sid=264121a4ade84f8a738e833feb419a64	20081221120155
1	Announcements	3	1	viewtopic.php?t=3&start=0&sid=264121a4ade84f8a738e833feb419a64	20081221120155
1	Announcements	3	Announcement: UPDATE LIST	viewtopic.php?t=3&sid=85c214f0a8fed14ab9f8438dbaef83f3	20090220164309
1	Announcements	3	3	viewtopic.php?t=3&start=50&sid=85c214f0a8fed14ab9f8438dbaef83f3	20090220164309
1	Announcements	3	2	viewtopic.php?t=3&start=25&sid=85c214f0a8fed14ab9f8438dbaef83f3	20090220164309
1	Announcements	3	1	viewtopic.php?t=3&start=0&sid=85c214f0a8fed14ab9f8438dbaef83f3	20090220164309
1	Announcements	3	2	viewtopic.php?t=3&start=25&sid=6a87933e03ec24028651b0f0d71ac888	20110618034923
1	Announcements	3	Announcement: UPDATE LIST	viewtopic.php?t=3&sid=6a87933e03ec24028651b0f0d71ac888	20110618034923
1	Announcements	3	3	viewtopic.php?t=3&start=50&sid=6a87933e03ec24028651b0f0d71ac888	20110618034923
1	Announcements	3	1	viewtopic.php?t=3&start=0&sid=6a87933e03ec24028651b0f0d71ac888	20110618034923
1	Announcements	9	Sticky: The beginning...	viewtopic.php?t=9	20071101054910
1	Announcements	9	Sticky: The beginning...	viewtopic.php?t=9	20080101232511
1	Announcements	9	Sticky: The beginning...	viewtopic.php?t=9&sid=264121a4ade84f8a738e833feb419a64	20081221120155
1	Announcements	9	Sticky: The beginning...	viewtopic.php?t=9&sid=85c214f0a8fed14ab9f8438dbaef83f3	20090220164309
1	Announcements	9	Sticky: The beginning...	viewtopic.php?t=9&sid=6a87933e03ec24028651b0f0d71ac888	20110618034923
1	Announcements	18	Sticky: A lil' bit of STATS	viewtopic.php?t=18	20071101054910
1	Announcements	18	Sticky: A lil' bit of STATS	viewtopic.php?t=18	20080101232511
1	Announcements	18	Sticky: A lil' bit of STATS	viewtopic.php?t=18&sid=264121a4ade84f8a738e833feb419a64	20081221120155
1	Announcements	18	Sticky: A lil' bit of STATS	viewtopic.php?t=18&sid=85c214f0a8fed14ab9f8438dbaef83f3	20090220164309
1	Announcements	18	Sticky: A lil' bit of STATS	viewtopic.php?t=18&sid=6a87933e03ec24028651b0f0d71ac888	20110618034923
1	Announcements	54	Sticky: Server change	viewtopic.php?t=54	20071101054910
1	Announcements	54	Sticky: Server change	viewtopic.php?t=54	20080101232511
1	Announcements	54	Sticky: Server change	viewtopic.php?t=54&sid=264121a4ade84f8a738e833feb419a64	20081221120155
1	Announcements	54	Sticky: Server change	viewtopic.php?t=54&sid=85c214f0a8fed14ab9f8438dbaef83f3	20090220164309
1	Announcements	70	Sticky: the Roomz Site	viewtopic.php?t=70	20071101054910
1	Announcements	70	Sticky: the Roomz Site	viewtopic.php?t=70	20080101232511
1	Announcements	70	Sticky: the Roomz Site	viewtopic.php?t=70&sid=264121a4ade84f8a738e833feb419a64	20081221120155
1	Announcements	70	Sticky: the Roomz Site	viewtopic.php?t=70&sid=85c214f0a8fed14ab9f8438dbaef83f3	20090220164309
1	Announcements	70	Sticky: the Roomz Site	viewtopic.php?t=70&sid=6a87933e03ec24028651b0f0d71ac888	20110618034923
1	Announcements	87	Announcement: Moderators	viewtopic.php?t=87	20071101054910
1	Announcements	87	Announcement: Moderators	viewtopic.php?t=87	20080101232511
1	Announcements	87	Announcement: Moderators	viewtopic.php?t=87&sid=264121a4ade84f8a738e833feb419a64	20081221120155
1	Announcements	87	Announcement: Moderators	viewtopic.php?t=87&sid=85c214f0a8fed14ab9f8438dbaef83f3	20090220164309
1	Announcements	87	Announcement: Moderators	viewtopic.php?t=87&sid=6a87933e03ec24028651b0f0d71ac888	20110618034923
1	Announcements	91	Announcement: Forumer.com made Anti Spam system... LOL!	viewtopic.php?t=91	20071101054910
1	Announcements	91	Announcement: Forumer.com made Anti Spam system... LOL!	viewtopic.php?t=91	20080101232511
1	Announcements	91	Announcement: Forumer.com made Anti Spam system... LOL!	viewtopic.php?t=91&sid=264121a4ade84f8a738e833feb419a64	20081221120155
1	Announcements	91	Announcement: Forumer.com made Anti Spam system... LOL!	viewtopic.php?t=91&sid=85c214f0a8fed14ab9f8438dbaef83f3	20090220164309
1	Announcements	95	Announcement: The Roomz Break	viewtopic.php?t=95	20071101054910
1	Announcements	95	Announcement: The Roomz Break	viewtopic.php?t=95	20080101232511
1	Announcements	95	Announcement: The Roomz Break	viewtopic.php?t=95&sid=264121a4ade84f8a738e833feb419a64	20081221120155
1	Announcements	95	Announcement: The Roomz Break	viewtopic.php?t=95&sid=85c214f0a8fed14ab9f8438dbaef83f3	20090220164309
1	Announcements	98	2	viewtopic.php?t=98&start=25	20071101054910
1	Announcements	98	1	viewtopic.php?t=98&start=0	20071101054910
1	Announcements	98	Sticky: TheRoomz IRC channel	viewtopic.php?t=98	20071101054910
1	Announcements	98	2	viewtopic.php?t=98&start=25	20080101232511
1	Announcements	98	1	viewtopic.php?t=98&start=0	20080101232511
1	Announcements	98	Sticky: TheRoomz IRC channel	viewtopic.php?t=98	20080101232511
1	Announcements	98	Sticky: TheRoomz IRC channel	viewtopic.php?t=98&sid=264121a4ade84f8a738e833feb419a64	20081221120155
1	Announcements	98	2	viewtopic.php?t=98&start=25&sid=264121a4ade84f8a738e833feb419a64	20081221120155
1	Announcements	98	1	viewtopic.php?t=98&start=0&sid=264121a4ade84f8a738e833feb419a64	20081221120155
1	Announcements	98	1	viewtopic.php?t=98&start=0&sid=85c214f0a8fed14ab9f8438dbaef83f3	20090220164309
1	Announcements	98	Sticky: TheRoomz IRC channel	viewtopic.php?t=98&sid=85c214f0a8fed14ab9f8438dbaef83f3	20090220164309
1	Announcements	98	2	viewtopic.php?t=98&start=25&sid=85c214f0a8fed14ab9f8438dbaef83f3	20090220164309
1	Announcements	98	1	viewtopic.php?t=98&start=0&sid=6a87933e03ec24028651b0f0d71ac888	20110618034923
1	Announcements	98	Sticky: TheRoomz IRC channel	viewtopic.php?t=98&sid=6a87933e03ec24028651b0f0d71ac888	20110618034923
1	Announcements	98	2	viewtopic.php?t=98&start=25&sid=6a87933e03ec24028651b0f0d71ac888	20110618034923
1	Announcements	111	Sticky: New Roomz notification via e-mail	viewtopic.php?t=111	20071101054910
1	Announcements	111	Sticky: New Roomz notification via e-mail	viewtopic.php?t=111	20080101232511
1	Announcements	111	Sticky: New Roomz notification via e-mail	viewtopic.php?t=111&sid=264121a4ade84f8a738e833feb419a64	20081221120155
1	Announcements	111	Sticky: New Roomz notification via e-mail	viewtopic.php?t=111&sid=85c214f0a8fed14ab9f8438dbaef83f3	20090220164309
1	Announcements	111	Sticky: New Roomz notification via e-mail	viewtopic.php?t=111&sid=6a87933e03ec24028651b0f0d71ac888	20110618034923
1	Announcements	128	Announcement: New roomz - BUG-FIXING (important!)	viewtopic.php?t=128	20071101054910
1	Announcements	128	Announcement: New roomz - BUG-FIXING (important!)	viewtopic.php?t=128	20080101232511
1	Announcements	128	Announcement: New roomz - BUG-FIXING (important!)	viewtopic.php?t=128&sid=264121a4ade84f8a738e833feb419a64	20081221120155
1	Announcements	128	Announcement: New roomz - BUG-FIXING (important!)	viewtopic.php?t=128&sid=85c214f0a8fed14ab9f8438dbaef83f3	20090220164309
1	Announcements	136	Sticky: An APPRECIATE HELPER rank	viewtopic.php?t=136	20071101054910
1	Announcements	136	Sticky: An APPRECIATE HELPER rank	viewtopic.php?t=136	20080101232511
1	Announcements	136	Sticky: An APPRECIATE HELPER rank	viewtopic.php?t=136&sid=264121a4ade84f8a738e833feb419a64	20081221120155
1	Announcements	136	Sticky: An APPRECIATE HELPER rank	viewtopic.php?t=136&sid=85c214f0a8fed14ab9f8438dbaef83f3	20090220164309
1	Announcements	136	Sticky: An APPRECIATE HELPER rank	viewtopic.php?t=136&sid=6a87933e03ec24028651b0f0d71ac888	20110618034923
1	Announcements	137	Announcement: theroomz.org :D	viewtopic.php?t=137	20071101054910
1	Announcements	137	Announcement: theroomz.org :D	viewtopic.php?t=137	20080101232511
1	Announcements	137	Announcement: theroomz.org :D	viewtopic.php?t=137&sid=264121a4ade84f8a738e833feb419a64	20081221120155
1	Announcements	137	Announcement: theroomz.org :D	viewtopic.php?t=137&sid=85c214f0a8fed14ab9f8438dbaef83f3	20090220164309
1	Announcements	144	Sticky: Admin changes...	viewtopic.php?t=144	20071101054910
1	Announcements	144	Sticky: Admin changes...	viewtopic.php?t=144	20080101232511
1	Announcements	144	Sticky: Admin changes...	viewtopic.php?t=144&sid=264121a4ade84f8a738e833feb419a64	20081221120155
1	Announcements	144	Sticky: Admin changes...	viewtopic.php?t=144&sid=85c214f0a8fed14ab9f8438dbaef83f3	20090220164309
1	Announcements	159	2	viewtopic.php?t=159&start=25	20071101054910
1	Announcements	159	3	viewtopic.php?t=159&start=50	20071101054910
1	Announcements	159	>>>CONTEST: Unique Rufus command	viewtopic.php?t=159	20071101054910
1	Announcements	159	1	viewtopic.php?t=159&start=0	20071101054910
1	Announcements	159	1	viewtopic.php?t=159&start=0	20080101232511
1	Announcements	159	2	viewtopic.php?t=159&start=25	20080101232511
1	Announcements	159	3	viewtopic.php?t=159&start=50	20080101232511
1	Announcements	159	>>>CONTEST: Unique Rufus command	viewtopic.php?t=159	20080101232511
1	Announcements	159	>>>CONTEST: Unique Rufus command	viewtopic.php?t=159&sid=264121a4ade84f8a738e833feb419a64	20081221120155
1	Announcements	159	2	viewtopic.php?t=159&start=25&sid=264121a4ade84f8a738e833feb419a64	20081221120155
1	Announcements	159	1	viewtopic.php?t=159&start=0&sid=264121a4ade84f8a738e833feb419a64	20081221120155
1	Announcements	159	3	viewtopic.php?t=159&start=50&sid=264121a4ade84f8a738e833feb419a64	20081221120155
1	Announcements	159	3	viewtopic.php?t=159&start=50&sid=85c214f0a8fed14ab9f8438dbaef83f3	20090220164309
1	Announcements	159	1	viewtopic.php?t=159&start=0&sid=85c214f0a8fed14ab9f8438dbaef83f3	20090220164309
1	Announcements	159	>>>CONTEST: Unique Rufus command	viewtopic.php?t=159&sid=85c214f0a8fed14ab9f8438dbaef83f3	20090220164309
1	Announcements	159	2	viewtopic.php?t=159&start=25&sid=85c214f0a8fed14ab9f8438dbaef83f3	20090220164309
1	Announcements	167	Sticky: HISTORY of TR	viewtopic.php?t=167	20071101054910
1	Announcements	167	Sticky: HISTORY of TR	viewtopic.php?t=167	20080101232511
1	Announcements	167	Sticky: HISTORY of TR	viewtopic.php?t=167&sid=264121a4ade84f8a738e833feb419a64	20081221120155
1	Announcements	167	Sticky: HISTORY of TR	viewtopic.php?t=167&sid=85c214f0a8fed14ab9f8438dbaef83f3	20090220164309
1	Announcements	167	Sticky: HISTORY of TR	viewtopic.php?t=167&sid=6a87933e03ec24028651b0f0d71ac888	20110618034923
1	Announcements	325	Sticky: JUNIOR HELPER rank	viewtopic.php?t=325&sid=264121a4ade84f8a738e833feb419a64	20081221120155
1	Announcements	325	Sticky: JUNIOR HELPER rank	viewtopic.php?t=325&sid=85c214f0a8fed14ab9f8438dbaef83f3	20090220164309
1	Announcements	325	Sticky: JUNIOR HELPER rank	viewtopic.php?t=325&sid=6a87933e03ec24028651b0f0d71ac888	20110618034923
1	Announcements	421	Announcement: [ Poll ] The Roomz 2.0?	viewtopic.php?t=421&sid=6a87933e03ec24028651b0f0d71ac888	20110618034923
1	Announcements	422	Sticky: The Roomz on the web	viewtopic.php?t=422&sid=6a87933e03ec24028651b0f0d71ac888	20110618034923
1	Announcements	425	Announcement: The Roomz: Eclipse is now ON-LINE!	viewtopic.php?t=425&sid=6a87933e03ec24028651b0f0d71ac888	20110618034923
2	Q & A	24	Announcement: New Roomz	viewtopic.php?t=24	20071030230426
2	Q & A	24	2	viewtopic.php?t=24&start=25	20071030230426
2	Q & A	24	4	viewtopic.php?t=24&start=75	20071030230426
2	Q & A	24	1	viewtopic.php?t=24&start=0	20071030230426
2	Q & A	24	3	viewtopic.php?t=24&start=50	20071030230426
2	Q & A	24	1	viewtopic.php?t=24&start=0	20080302154423
2	Q & A	24	3	viewtopic.php?t=24&start=50	20080302154423
2	Q & A	24	2	viewtopic.php?t=24&start=25	20080302154423
2	Q & A	24	4	viewtopic.php?t=24&start=75	20080302154423
2	Q & A	24	Announcement: New Roomz	viewtopic.php?t=24	20080302154423
2	Q & A	24	Announcement: New Roomz	viewtopic.php?t=24	20081221120219
2	Q & A	24	1	viewtopic.php?t=24&start=0	20081221120219
2	Q & A	24	3	viewtopic.php?t=24&start=50	20081221120219
2	Q & A	24	2	viewtopic.php?t=24&start=25	20081221120219
2	Q & A	24	4	viewtopic.php?t=24&start=75	20081221120219
2	Q & A	24	Announcement: New Roomz	viewtopic.php?t=24	20110618033646
2	Q & A	24	3	viewtopic.php?t=24&start=50	20110618033646
2	Q & A	24	2	viewtopic.php?t=24&start=25	20110618033646
2	Q & A	24	4	viewtopic.php?t=24&start=75	20110618033646
2	Q & A	24	1	viewtopic.php?t=24&start=0	20110618033646
2	Q & A	24	4	viewtopic.php?t=24&start=75&sid=a4a332cd421c918a30ac45e8839d3a8a	20110915000410
2	Q & A	24	2	viewtopic.php?t=24&start=25&sid=a4a332cd421c918a30ac45e8839d3a8a	20110915000410
2	Q & A	24	3	viewtopic.php?t=24&start=50&sid=a4a332cd421c918a30ac45e8839d3a8a	20110915000410
2	Q & A	24	Announcement: New Roomz	viewtopic.php?t=24&sid=a4a332cd421c918a30ac45e8839d3a8a	20110915000410
2	Q & A	24	1	viewtopic.php?t=24&start=0&sid=a4a332cd421c918a30ac45e8839d3a8a	20110915000410
2	Q & A	24	Announcement: New Roomz	viewtopic.php?t=24	20120214145526
2	Q & A	24	2	viewtopic.php?t=24&start=25	20120214145526
2	Q & A	24	4	viewtopic.php?t=24&start=75	20120214145526
2	Q & A	24	1	viewtopic.php?t=24&start=0	20120214145526
2	Q & A	24	3	viewtopic.php?t=24&start=50	20120214145526
2	Q & A	33	'Black Page' problem	viewtopic.php?t=33	20071030230426
2	Q & A	33	'Black Page' problem	viewtopic.php?t=33	20080302154423
2	Q & A	33	'Black Page' problem	viewtopic.php?t=33	20081221120219
2	Q & A	33	'Black Page' problem	viewtopic.php?t=33	20110618033646
2	Q & A	33	'Black Page' problem	viewtopic.php?t=33&sid=a4a332cd421c918a30ac45e8839d3a8a	20110915000410
2	Q & A	33	'Black Page' problem	viewtopic.php?t=33	20120214145526
2	Q & A	50	Sticky: Usebar	viewtopic.php?t=50	20071030230426
2	Q & A	50	Sticky: Usebar	viewtopic.php?t=50	20080302154423
2	Q & A	50	Sticky: Usebar	viewtopic.php?t=50	20081221120219
2	Q & A	50	Sticky: Usebar	viewtopic.php?t=50	20110618033646
2	Q & A	50	Sticky: Usebar	viewtopic.php?t=50&sid=a4a332cd421c918a30ac45e8839d3a8a	20110915000410
2	Q & A	50	Sticky: Usebar	viewtopic.php?t=50	20120214145526
2	Q & A	69	Creating avatars	viewtopic.php?t=69	20071030230426
2	Q & A	69	Creating avatars	viewtopic.php?t=69	20080302154423
2	Q & A	69	Creating avatars	viewtopic.php?t=69	20081221120219
2	Q & A	69	Creating avatars	viewtopic.php?t=69	20110618033646
2	Q & A	69	Creating avatars	viewtopic.php?t=69&sid=a4a332cd421c918a30ac45e8839d3a8a	20110915000410
2	Q & A	69	Creating avatars	viewtopic.php?t=69	20120214145526
2	Q & A	82	Sticky: Progress bar	viewtopic.php?t=82	20071030230426
2	Q & A	82	Sticky: Progress bar	viewtopic.php?t=82	20080302154423
2	Q & A	82	Sticky: Progress bar	viewtopic.php?t=82	20081221120219
2	Q & A	82	Sticky: Progress bar	viewtopic.php?t=82	20110618033646
2	Q & A	82	Sticky: Progress bar	viewtopic.php?t=82&sid=a4a332cd421c918a30ac45e8839d3a8a	20110915000410
2	Q & A	82	Sticky: Progress bar	viewtopic.php?t=82	20120214145526
2	Q & A	90	ROOM 7 is never displayed	viewtopic.php?t=90	20071030230426
2	Q & A	90	ROOM 7 is never displayed	viewtopic.php?t=90	20080302154423
2	Q & A	90	ROOM 7 is never displayed	viewtopic.php?t=90	20081221120219
2	Q & A	90	ROOM 7 is never displayed	viewtopic.php?t=90	20110618033646
2	Q & A	90	ROOM 7 is never displayed	viewtopic.php?t=90&sid=a4a332cd421c918a30ac45e8839d3a8a	20110915000410
2	Q & A	90	ROOM 7 is never displayed	viewtopic.php?t=90	20120214145526
2	Q & A	115	how can go directly to.....	viewtopic.php?t=115	20071030230426
2	Q & A	115	how can go directly to.....	viewtopic.php?t=115	20080302154423
2	Q & A	115	how can go directly to.....	viewtopic.php?t=115	20081221120219
2	Q & A	115	how can go directly to.....	viewtopic.php?t=115	20110618033646
2	Q & A	115	how can go directly to.....	viewtopic.php?t=115&sid=a4a332cd421c918a30ac45e8839d3a8a	20110915000410
2	Q & A	115	how can go directly to.....	viewtopic.php?t=115	20120214145526
2	Q & A	119	Sticky: Ranks	viewtopic.php?t=119	20071030230426
2	Q & A	119	Sticky: Ranks	viewtopic.php?t=119	20080302154423
2	Q & A	119	Sticky: Ranks	viewtopic.php?t=119	20081221120219
2	Q & A	119	Sticky: Ranks	viewtopic.php?t=119	20110618033646
2	Q & A	119	Sticky: Ranks	viewtopic.php?t=119&sid=a4a332cd421c918a30ac45e8839d3a8a	20110915000410
2	Q & A	119	Sticky: Ranks	viewtopic.php?t=119	20120214145526
2	Q & A	140	Sticky: Just a little dictionary	viewtopic.php?t=140	20071030230426
2	Q & A	140	Sticky: Just a little dictionary	viewtopic.php?t=140	20080302154423
2	Q & A	140	Sticky: Just a little dictionary	viewtopic.php?t=140	20081221120219
2	Q & A	140	Sticky: Just a little dictionary	viewtopic.php?t=140	20110618033646
2	Q & A	140	Sticky: Just a little dictionary	viewtopic.php?t=140&sid=a4a332cd421c918a30ac45e8839d3a8a	20110915000410
2	Q & A	140	Sticky: Just a little dictionary	viewtopic.php?t=140	20120214145526
2	Q & A	160	Wanderer?	viewtopic.php?t=160	20071030230426
2	Q & A	160	Wanderer?	viewtopic.php?t=160	20080302154423
2	Q & A	160	Wanderer?	viewtopic.php?t=160	20081221120219
2	Q & A	160	Wanderer?	viewtopic.php?t=160	20110618033646
2	Q & A	160	Wanderer?	viewtopic.php?t=160&sid=a4a332cd421c918a30ac45e8839d3a8a	20110915000410
2	Q & A	160	Wanderer?	viewtopic.php?t=160	20120214145526
2	Q & A	161	Each Page loads black	viewtopic.php?t=161	20071030230426
2	Q & A	161	Each Page loads black	viewtopic.php?t=161	20080302154423
2	Q & A	161	Each Page loads black	viewtopic.php?t=161	20081221120219
2	Q & A	161	Each Page loads black	viewtopic.php?t=161	20110618033646
2	Q & A	161	Each Page loads black	viewtopic.php?t=161&sid=a4a332cd421c918a30ac45e8839d3a8a	20110915000410
2	Q & A	161	Each Page loads black	viewtopic.php?t=161	20120214145526
2	Q & A	170	Room 29	viewtopic.php?t=170	20071030230426
2	Q & A	170	Room 29	viewtopic.php?t=170	20080302154423
2	Q & A	170	Room 29	viewtopic.php?t=170	20081221120219
2	Q & A	170	Room 29	viewtopic.php?t=170	20110618033646
2	Q & A	170	Room 29	viewtopic.php?t=170&sid=a4a332cd421c918a30ac45e8839d3a8a	20110915000410
2	Q & A	170	Room 29	viewtopic.php?t=170	20120214145526
2	Q & A	174	Never do this at home! ;)	viewtopic.php?t=174	20071030230426
2	Q & A	174	3	viewtopic.php?t=174&start=50	20071030230426
2	Q & A	174	2	viewtopic.php?t=174&start=25	20071030230426
2	Q & A	174	4	viewtopic.php?t=174&start=75	20071030230426
2	Q & A	174	1	viewtopic.php?t=174&start=0	20071030230426
2	Q & A	174	3	viewtopic.php?t=174&start=50	20080302154423
2	Q & A	174	4	viewtopic.php?t=174&start=75	20080302154423
2	Q & A	174	2	viewtopic.php?t=174&start=25	20080302154423
2	Q & A	174	1	viewtopic.php?t=174&start=0	20080302154423
2	Q & A	174	Never do this at home! ;)	viewtopic.php?t=174	20080302154423
2	Q & A	174	1	viewtopic.php?t=174&start=0	20081221120219
2	Q & A	174	Never do this at home! ;)	viewtopic.php?t=174	20081221120219
2	Q & A	174	3	viewtopic.php?t=174&start=50	20081221120219
2	Q & A	174	4	viewtopic.php?t=174&start=75	20081221120219
2	Q & A	174	2	viewtopic.php?t=174&start=25	20081221120219
2	Q & A	174	3	viewtopic.php?t=174&start=50	20110618033646
2	Q & A	174	4	viewtopic.php?t=174&start=75	20110618033646
2	Q & A	174	2	viewtopic.php?t=174&start=25	20110618033646
2	Q & A	174	1	viewtopic.php?t=174&start=0	20110618033646
2	Q & A	174	Never do this at home! ;)	viewtopic.php?t=174	20110618033646
2	Q & A	174	3	viewtopic.php?t=174&start=50&sid=a4a332cd421c918a30ac45e8839d3a8a	20110915000410
2	Q & A	174	4	viewtopic.php?t=174&start=75&sid=a4a332cd421c918a30ac45e8839d3a8a	20110915000410
2	Q & A	174	Never do this at home! ;)	viewtopic.php?t=174&sid=a4a332cd421c918a30ac45e8839d3a8a	20110915000410
2	Q & A	174	2	viewtopic.php?t=174&start=25&sid=a4a332cd421c918a30ac45e8839d3a8a	20110915000410
2	Q & A	174	1	viewtopic.php?t=174&start=0&sid=a4a332cd421c918a30ac45e8839d3a8a	20110915000410
2	Q & A	174	Never do this at home! ;)	viewtopic.php?t=174	20120214145526
2	Q & A	174	3	viewtopic.php?t=174&start=50	20120214145526
2	Q & A	174	4	viewtopic.php?t=174&start=75	20120214145526
2	Q & A	174	2	viewtopic.php?t=174&start=25	20120214145526
2	Q & A	174	1	viewtopic.php?t=174&start=0	20120214145526
2	Q & A	188	Announcement: PMing >IMPORTANT<	viewtopic.php?t=188	20071030230426
2	Q & A	188	Announcement: PMing >IMPORTANT<	viewtopic.php?t=188	20080302154423
2	Q & A	188	Announcement: PMing >IMPORTANT<	viewtopic.php?t=188	20081221120219
2	Q & A	188	Announcement: PMing >IMPORTANT<	viewtopic.php?t=188	20110618033646
2	Q & A	188	Announcement: PMing >IMPORTANT<	viewtopic.php?t=188&sid=a4a332cd421c918a30ac45e8839d3a8a	20110915000410
2	Q & A	188	Announcement: PMing >IMPORTANT<	viewtopic.php?t=188	20120214145526
2	Q & A	189	About the manner of the question	viewtopic.php?t=189	20071030230426
2	Q & A	189	About the manner of the question	viewtopic.php?t=189	20080302154423
2	Q & A	189	About the manner of the question	viewtopic.php?t=189	20081221120219
2	Q & A	189	About the manner of the question	viewtopic.php?t=189	20110618033646
2	Q & A	189	About the manner of the question	viewtopic.php?t=189&sid=a4a332cd421c918a30ac45e8839d3a8a	20110915000410
2	Q & A	189	About the manner of the question	viewtopic.php?t=189	20120214145526
2	Q & A	196	flash error	viewtopic.php?t=196	20071030230426
2	Q & A	196	flash error	viewtopic.php?t=196	20080302154423
2	Q & A	196	flash error	viewtopic.php?t=196	20081221120219
2	Q & A	196	flash error	viewtopic.php?t=196	20110618033646
2	Q & A	196	flash error	viewtopic.php?t=196&sid=a4a332cd421c918a30ac45e8839d3a8a	20110915000410
2	Q & A	196	flash error	viewtopic.php?t=196	20120214145526
2	Q & A	223	Websense Problem	viewtopic.php?t=223	20071030230426
2	Q & A	223	Websense Problem	viewtopic.php?t=223	20080302154423
2	Q & A	223	Websense Problem	viewtopic.php?t=223	20081221120219
2	Q & A	223	Websense Problem	viewtopic.php?t=223	20110618033646
2	Q & A	223	Websense Problem	viewtopic.php?t=223&sid=a4a332cd421c918a30ac45e8839d3a8a	20110915000410
2	Q & A	223	Websense Problem	viewtopic.php?t=223	20120214145526
2	Q & A	231	Private Message	viewtopic.php?t=231	20071030230426
2	Q & A	231	Private Message	viewtopic.php?t=231	20080302154423
2	Q & A	231	Private Message	viewtopic.php?t=231	20081221120219
2	Q & A	231	Private Message	viewtopic.php?t=231	20110618033646
2	Q & A	231	Private Message	viewtopic.php?t=231&sid=a4a332cd421c918a30ac45e8839d3a8a	20110915000410
2	Q & A	231	Private Message	viewtopic.php?t=231	20120214145526
2	Q & A	240	credits	viewtopic.php?t=240	20071030230426
2	Q & A	240	credits	viewtopic.php?t=240	20080302154423
2	Q & A	240	credits	viewtopic.php?t=240	20081221120219
2	Q & A	240	credits	viewtopic.php?t=240	20110618033646
2	Q & A	240	credits	viewtopic.php?t=240&sid=a4a332cd421c918a30ac45e8839d3a8a	20110915000410
2	Q & A	240	credits	viewtopic.php?t=240	20120214145526
2	Q & A	246	why you don't answer me?	viewtopic.php?t=246	20071030230426
2	Q & A	246	why you don't answer me?	viewtopic.php?t=246	20080302154423
2	Q & A	246	why you don't answer me?	viewtopic.php?t=246	20081221120219
2	Q & A	246	why you don't answer me?	viewtopic.php?t=246	20110618033646
2	Q & A	246	why you don't answer me?	viewtopic.php?t=246&sid=a4a332cd421c918a30ac45e8839d3a8a	20110915000410
2	Q & A	246	why you don't answer me?	viewtopic.php?t=246	20120214145526
2	Q & A	307	2	viewtopic.php?t=307&start=25	20080302154423
2	Q & A	307	1	viewtopic.php?t=307&start=0	20080302154423
2	Q & A	307	Sticky: [ Poll ] Ban 264156...whatever?	viewtopic.php?t=307	20080302154423
2	Q & A	318	Not loading?	viewtopic.php?t=318	20080302154423
2	Q & A	318	Not loading?	viewtopic.php?t=318	20081221120219
2	Q & A	318	Not loading?	viewtopic.php?t=318	20110618033646
2	Q & A	318	Not loading?	viewtopic.php?t=318&sid=a4a332cd421c918a30ac45e8839d3a8a	20110915000410
2	Q & A	318	Not loading?	viewtopic.php?t=318	20120214145526
2	Q & A	361	questions ahead	viewtopic.php?t=361	20080302154423
2	Q & A	361	questions ahead	viewtopic.php?t=361	20081221120219
2	Q & A	361	questions ahead	viewtopic.php?t=361	20110618033646
2	Q & A	361	questions ahead	viewtopic.php?t=361&sid=a4a332cd421c918a30ac45e8839d3a8a	20110915000410
2	Q & A	361	questions ahead	viewtopic.php?t=361	20120214145526
2	Q & A	379	Where are the Bonus rooms?	viewtopic.php?t=379	20081221120219
2	Q & A	379	Where are the Bonus rooms?	viewtopic.php?t=379	20110618033646
2	Q & A	379	Where are the Bonus rooms?	viewtopic.php?t=379&sid=a4a332cd421c918a30ac45e8839d3a8a	20110915000410
2	Q & A	379	Where are the Bonus rooms?	viewtopic.php?t=379	20120214145526
2	Q & A	415	Can i get it ?!	viewtopic.php?t=415	20110618033646
2	Q & A	415	Can i get it ?!	viewtopic.php?t=415&sid=a4a332cd421c918a30ac45e8839d3a8a	20110915000410
2	Q & A	415	Can i get it ?!	viewtopic.php?t=415	20120214145526
3	Roomz	4	Announcement: Posting RULES >>>IMPORTANT!!!<<<	viewtopic.php?t=4	20071030230431
3	Roomz	4	Announcement: Posting RULES >>>IMPORTANT!!!<<<	viewtopic.php?t=4	20080226030542
3	Roomz	4	Announcement: Posting RULES >>>IMPORTANT!!!<<<	viewtopic.php?t=4	20080303002027
3	Roomz	4	Announcement: Posting RULES >>>IMPORTANT!!!<<<	viewtopic.php?t=4	20081221120223
3	Roomz	4	Announcement: Posting RULES >>>IMPORTANT!!!<<<	viewtopic.php?t=4	20090220190658
3	Roomz	4	Announcement: Posting RULES >>>IMPORTANT!!!<<<	viewtopic.php?t=4	20110618033651
3	Roomz	4	Announcement: Posting RULES >>>IMPORTANT!!!<<<	viewtopic.php?t=4	20110913045735
3	Roomz	4	Announcement: Posting RULES >>>IMPORTANT!!!<<<	viewtopic.php?t=4	20120214184932
3	Roomz	5	2	viewtopic.php?t=5&start=25	20071030230431
3	Roomz	5	Room 1 - the first step	viewtopic.php?t=5	20071030230431
3	Roomz	5	4	viewtopic.php?t=5&start=75	20071030230431
3	Roomz	5	3	viewtopic.php?t=5&start=50	20071030230431
3	Roomz	5	1	viewtopic.php?t=5&start=0	20071030230431
3	Roomz	5	Room 1 - the first step	viewtopic.php?t=5	20080226030542
3	Roomz	5	1	viewtopic.php?t=5&start=0	20080226030542
3	Roomz	5	4	viewtopic.php?t=5&start=75	20080226030542
3	Roomz	5	5	viewtopic.php?t=5&start=100	20080226030542
3	Roomz	5	6	viewtopic.php?t=5&start=125	20080226030542
3	Roomz	5	4	viewtopic.php?t=5&start=75	20080303002027
3	Roomz	5	5	viewtopic.php?t=5&start=100	20080303002027
3	Roomz	5	6	viewtopic.php?t=5&start=125	20080303002027
3	Roomz	5	Room 1 - the first step	viewtopic.php?t=5	20080303002027
3	Roomz	5	1	viewtopic.php?t=5&start=0	20080303002027
3	Roomz	5	6	viewtopic.php?t=5&start=125	20081221120223
3	Roomz	5	1	viewtopic.php?t=5&start=0	20081221120223
3	Roomz	5	5	viewtopic.php?t=5&start=100	20081221120223
3	Roomz	5	Room 1 - the first step	viewtopic.php?t=5	20081221120223
3	Roomz	5	4	viewtopic.php?t=5&start=75	20081221120223
3	Roomz	5	Room 1 - the first step	viewtopic.php?t=5	20090220190658
3	Roomz	5	1	viewtopic.php?t=5&start=0	20090220190658
3	Roomz	5	4	viewtopic.php?t=5&start=75	20090220190658
3	Roomz	5	5	viewtopic.php?t=5&start=100	20090220190658
3	Roomz	5	6	viewtopic.php?t=5&start=125	20090220190658
3	Roomz	5	4	viewtopic.php?t=5&start=75	20110618033651
3	Roomz	5	5	viewtopic.php?t=5&start=100	20110618033651
3	Roomz	5	6	viewtopic.php?t=5&start=125	20110618033651
3	Roomz	5	Room 1 - the first step	viewtopic.php?t=5	20110618033651
3	Roomz	5	1	viewtopic.php?t=5&start=0	20110618033651
3	Roomz	5	4	viewtopic.php?t=5&start=75	20110913045735
3	Roomz	5	5	viewtopic.php?t=5&start=100	20110913045735
3	Roomz	5	6	viewtopic.php?t=5&start=125	20110913045735
3	Roomz	5	Room 1 - the first step	viewtopic.php?t=5	20110913045735
3	Roomz	5	1	viewtopic.php?t=5&start=0	20110913045735
3	Roomz	10	6	viewtopic.php?t=10&start=125	20071030230431
3	Roomz	10	Room 5 - cloudy clouds	viewtopic.php?t=10	20071030230431
3	Roomz	10	1	viewtopic.php?t=10&start=0	20071030230431
3	Roomz	10	5	viewtopic.php?t=10&start=100	20071030230431
3	Roomz	10	7	viewtopic.php?t=10&start=150	20071030230431
3	Roomz	10	Room 5 - cloudy clouds	viewtopic.php?t=10	20080226030542
3	Roomz	10	1	viewtopic.php?t=10&start=0	20080226030542
3	Roomz	10	7	viewtopic.php?t=10&start=150	20080226030542
3	Roomz	10	8	viewtopic.php?t=10&start=175	20080226030542
3	Roomz	10	6	viewtopic.php?t=10&start=125	20080226030542
3	Roomz	10	8	viewtopic.php?t=10&start=175	20080303002027
3	Roomz	10	Room 5 - cloudy clouds	viewtopic.php?t=10	20080303002027
3	Roomz	10	9	viewtopic.php?t=10&start=200	20080303002027
3	Roomz	10	1	viewtopic.php?t=10&start=0	20080303002027
3	Roomz	10	7	viewtopic.php?t=10&start=150	20080303002027
3	Roomz	10	9	viewtopic.php?t=10&start=200	20081221120223
3	Roomz	10	7	viewtopic.php?t=10&start=150	20081221120223
3	Roomz	10	Room 5 - cloudy clouds	viewtopic.php?t=10	20081221120223
3	Roomz	10	1	viewtopic.php?t=10&start=0	20081221120223
3	Roomz	10	8	viewtopic.php?t=10&start=175	20081221120223
3	Roomz	10	10	viewtopic.php?t=10&start=225	20090220190658
3	Roomz	10	Room 5 - cloudy clouds	viewtopic.php?t=10	20090220190658
3	Roomz	10	9	viewtopic.php?t=10&start=200	20090220190658
3	Roomz	10	1	viewtopic.php?t=10&start=0	20090220190658
3	Roomz	10	8	viewtopic.php?t=10&start=175	20090220190658
3	Roomz	10	8	viewtopic.php?t=10&start=175	20110618033651
3	Roomz	10	10	viewtopic.php?t=10&start=225	20110618033651
3	Roomz	10	Room 5 - cloudy clouds	viewtopic.php?t=10	20110618033651
3	Roomz	10	9	viewtopic.php?t=10&start=200	20110618033651
3	Roomz	10	1	viewtopic.php?t=10&start=0	20110618033651
3	Roomz	10	8	viewtopic.php?t=10&start=175	20110913045735
3	Roomz	10	10	viewtopic.php?t=10&start=225	20110913045735
3	Roomz	10	Room 5 - cloudy clouds	viewtopic.php?t=10	20110913045735
3	Roomz	10	9	viewtopic.php?t=10&start=200	20110913045735
3	Roomz	10	1	viewtopic.php?t=10&start=0	20110913045735
3	Roomz	10	10	viewtopic.php?t=10&start=225	20120214184932
3	Roomz	10	Room 5 - cloudy clouds	viewtopic.php?t=10	20120214184932
3	Roomz	10	9	viewtopic.php?t=10&start=200	20120214184932
3	Roomz	10	1	viewtopic.php?t=10&start=0	20120214184932
3	Roomz	10	8	viewtopic.php?t=10&start=175	20120214184932
3	Roomz	11	1	viewtopic.php?t=11&start=0	20071030230431
3	Roomz	11	8	viewtopic.php?t=11&start=175	20071030230431
3	Roomz	11	7	viewtopic.php?t=11&start=150	20071030230431
3	Roomz	11	Room 6 - which wicked witch is which?!	viewtopic.php?t=11	20071030230431
3	Roomz	11	6	viewtopic.php?t=11&start=125	20071030230431
3	Roomz	11	10	viewtopic.php?t=11&start=225	20080226030542
3	Roomz	11	Room 6 - which wicked witch is which?!	viewtopic.php?t=11	20080226030542
3	Roomz	11	9	viewtopic.php?t=11&start=200	20080226030542
3	Roomz	11	11	viewtopic.php?t=11&start=250	20080226030542
3	Roomz	11	1	viewtopic.php?t=11&start=0	20080226030542
3	Roomz	11	1	viewtopic.php?t=11&start=0	20080303002027
3	Roomz	11	10	viewtopic.php?t=11&start=225	20080303002027
3	Roomz	11	Room 6 - which wicked witch is which?!	viewtopic.php?t=11	20080303002027
3	Roomz	11	9	viewtopic.php?t=11&start=200	20080303002027
3	Roomz	11	11	viewtopic.php?t=11&start=250	20080303002027
3	Roomz	11	Room 6 - which wicked witch is which?!	viewtopic.php?t=11	20081221120223
3	Roomz	11	9	viewtopic.php?t=11&start=200	20081221120223
3	Roomz	11	11	viewtopic.php?t=11&start=250	20081221120223
3	Roomz	11	1	viewtopic.php?t=11&start=0	20081221120223
3	Roomz	11	10	viewtopic.php?t=11&start=225	20081221120223
3	Roomz	11	10	viewtopic.php?t=11&start=225	20090220190658
3	Roomz	11	Room 6 - which wicked witch is which?!	viewtopic.php?t=11	20090220190658
3	Roomz	11	9	viewtopic.php?t=11&start=200	20090220190658
3	Roomz	11	11	viewtopic.php?t=11&start=250	20090220190658
3	Roomz	11	1	viewtopic.php?t=11&start=0	20090220190658
3	Roomz	11	12	viewtopic.php?t=11&start=275	20110618033651
3	Roomz	11	1	viewtopic.php?t=11&start=0	20110618033651
3	Roomz	11	10	viewtopic.php?t=11&start=225	20110618033651
3	Roomz	11	Room 6 - which wicked witch is which?!	viewtopic.php?t=11	20110618033651
3	Roomz	11	11	viewtopic.php?t=11&start=250	20110618033651
3	Roomz	11	12	viewtopic.php?t=11&start=275	20110913045735
3	Roomz	11	1	viewtopic.php?t=11&start=0	20110913045735
3	Roomz	11	10	viewtopic.php?t=11&start=225	20110913045735
3	Roomz	11	Room 6 - which wicked witch is which?!	viewtopic.php?t=11	20110913045735
3	Roomz	11	11	viewtopic.php?t=11&start=250	20110913045735
3	Roomz	11	12	viewtopic.php?t=11&start=275	20120214184932
3	Roomz	11	1	viewtopic.php?t=11&start=0	20120214184932
3	Roomz	11	10	viewtopic.php?t=11&start=225	20120214184932
3	Roomz	11	Room 6 - which wicked witch is which?!	viewtopic.php?t=11	20120214184932
3	Roomz	11	11	viewtopic.php?t=11&start=250	20120214184932
3	Roomz	13	7	viewtopic.php?t=13&start=150	20071030230431
3	Roomz	13	6	viewtopic.php?t=13&start=125	20071030230431
3	Roomz	13	5	viewtopic.php?t=13&start=100	20071030230431
3	Roomz	13	1	viewtopic.php?t=13&start=0	20071030230431
3	Roomz	13	Level 4 - forgotten life	viewtopic.php?t=13	20071030230431
3	Roomz	13	8	viewtopic.php?t=13&start=175	20080226030542
3	Roomz	13	9	viewtopic.php?t=13&start=200	20080226030542
3	Roomz	13	1	viewtopic.php?t=13&start=0	20080226030542
3	Roomz	13	Level 4 - forgotten life	viewtopic.php?t=13	20080226030542
3	Roomz	13	7	viewtopic.php?t=13&start=150	20080226030542
3	Roomz	13	7	viewtopic.php?t=13&start=150	20080303002027
3	Roomz	13	8	viewtopic.php?t=13&start=175	20080303002027
3	Roomz	13	9	viewtopic.php?t=13&start=200	20080303002027
3	Roomz	13	1	viewtopic.php?t=13&start=0	20080303002027
3	Roomz	13	Level 4 - forgotten life	viewtopic.php?t=13	20080303002027
3	Roomz	13	1	viewtopic.php?t=13&start=0	20081221120223
3	Roomz	13	9	viewtopic.php?t=13&start=200	20081221120223
3	Roomz	13	7	viewtopic.php?t=13&start=150	20081221120223
3	Roomz	13	Level 4 - forgotten life	viewtopic.php?t=13	20081221120223
3	Roomz	13	8	viewtopic.php?t=13&start=175	20081221120223
3	Roomz	13	8	viewtopic.php?t=13&start=175	20090220190658
3	Roomz	13	9	viewtopic.php?t=13&start=200	20090220190658
3	Roomz	13	1	viewtopic.php?t=13&start=0	20090220190658
3	Roomz	13	Level 4 - forgotten life	viewtopic.php?t=13	20090220190658
3	Roomz	13	7	viewtopic.php?t=13&start=150	20090220190658
3	Roomz	13	8	viewtopic.php?t=13&start=175	20110618033651
3	Roomz	13	10	viewtopic.php?t=13&start=225	20110618033651
3	Roomz	13	9	viewtopic.php?t=13&start=200	20110618033651
3	Roomz	13	1	viewtopic.php?t=13&start=0	20110618033651
3	Roomz	13	Level 4 - forgotten life	viewtopic.php?t=13	20110618033651
3	Roomz	13	Level 4 - forgotten life	viewtopic.php?t=13	20110913045735
3	Roomz	13	8	viewtopic.php?t=13&start=175	20110913045735
3	Roomz	13	10	viewtopic.php?t=13&start=225	20110913045735
3	Roomz	13	9	viewtopic.php?t=13&start=200	20110913045735
3	Roomz	13	1	viewtopic.php?t=13&start=0	20110913045735
3	Roomz	13	8	viewtopic.php?t=13&start=175	20120214184932
3	Roomz	13	10	viewtopic.php?t=13&start=225	20120214184932
3	Roomz	13	9	viewtopic.php?t=13&start=200	20120214184932
3	Roomz	13	1	viewtopic.php?t=13&start=0	20120214184932
3	Roomz	13	Level 4 - forgotten life	viewtopic.php?t=13	20120214184932
3	Roomz	14	6	viewtopic.php?t=14&start=125	20071030230431
3	Roomz	14	Room 3 - shape, shape, shape	viewtopic.php?t=14	20071030230431
3	Roomz	14	7	viewtopic.php?t=14&start=150	20071030230431
3	Roomz	14	1	viewtopic.php?t=14&start=0	20071030230431
3	Roomz	14	5	viewtopic.php?t=14&start=100	20071030230431
3	Roomz	14	10	viewtopic.php?t=14&start=225	20080226030542
3	Roomz	14	9	viewtopic.php?t=14&start=200	20080226030542
3	Roomz	14	Room 3 - shape, shape, shape	viewtopic.php?t=14	20080226030542
3	Roomz	14	8	viewtopic.php?t=14&start=175	20080226030542
3	Roomz	14	1	viewtopic.php?t=14&start=0	20080226030542
3	Roomz	14	Room 3 - shape, shape, shape	viewtopic.php?t=14	20080303002027
3	Roomz	14	8	viewtopic.php?t=14&start=175	20080303002027
3	Roomz	14	1	viewtopic.php?t=14&start=0	20080303002027
3	Roomz	14	10	viewtopic.php?t=14&start=225	20080303002027
3	Roomz	14	9	viewtopic.php?t=14&start=200	20080303002027
3	Roomz	14	10	viewtopic.php?t=14&start=225	20081221120223
3	Roomz	14	9	viewtopic.php?t=14&start=200	20081221120223
3	Roomz	14	Room 3 - shape, shape, shape	viewtopic.php?t=14	20081221120223
3	Roomz	14	1	viewtopic.php?t=14&start=0	20081221120223
3	Roomz	14	11	viewtopic.php?t=14&start=250	20081221120223
3	Roomz	14	10	viewtopic.php?t=14&start=225	20090220190658
3	Roomz	14	9	viewtopic.php?t=14&start=200	20090220190658
3	Roomz	14	Room 3 - shape, shape, shape	viewtopic.php?t=14	20090220190658
3	Roomz	14	11	viewtopic.php?t=14&start=250	20090220190658
3	Roomz	14	1	viewtopic.php?t=14&start=0	20090220190658
3	Roomz	14	1	viewtopic.php?t=14&start=0	20110618033651
3	Roomz	14	11	viewtopic.php?t=14&start=250	20110618033651
3	Roomz	14	10	viewtopic.php?t=14&start=225	20110618033651
3	Roomz	14	9	viewtopic.php?t=14&start=200	20110618033651
3	Roomz	14	Room 3 - shape, shape, shape	viewtopic.php?t=14	20110618033651
3	Roomz	14	1	viewtopic.php?t=14&start=0	20110913045735
3	Roomz	14	11	viewtopic.php?t=14&start=250	20110913045735
3	Roomz	14	10	viewtopic.php?t=14&start=225	20110913045735
3	Roomz	14	9	viewtopic.php?t=14&start=200	20110913045735
3	Roomz	14	Room 3 - shape, shape, shape	viewtopic.php?t=14	20110913045735
3	Roomz	14	11	viewtopic.php?t=14&start=250	20120214184932
3	Roomz	14	10	viewtopic.php?t=14&start=225	20120214184932
3	Roomz	14	9	viewtopic.php?t=14&start=200	20120214184932
3	Roomz	14	Room 3 - shape, shape, shape	viewtopic.php?t=14	20120214184932
3	Roomz	14	1	viewtopic.php?t=14&start=0	20120214184932
3	Roomz	15	1	viewtopic.php?t=15&start=0	20071030230431
3	Roomz	15	Room 2 - the truth of bricks	viewtopic.php?t=15	20071030230431
3	Roomz	15	5	viewtopic.php?t=15&start=100	20071030230431
3	Roomz	15	7	viewtopic.php?t=15&start=150	20071030230431
3	Roomz	15	6	viewtopic.php?t=15&start=125	20071030230431
3	Roomz	15	9	viewtopic.php?t=15&start=200	20080226030542
3	Roomz	15	7	viewtopic.php?t=15&start=150	20080226030542
3	Roomz	15	1	viewtopic.php?t=15&start=0	20080226030542
3	Roomz	15	Room 2 - the truth of bricks	viewtopic.php?t=15	20080226030542
3	Roomz	15	8	viewtopic.php?t=15&start=175	20080226030542
3	Roomz	15	Room 2 - the truth of bricks	viewtopic.php?t=15	20080303002027
3	Roomz	15	8	viewtopic.php?t=15&start=175	20080303002027
3	Roomz	15	9	viewtopic.php?t=15&start=200	20080303002027
3	Roomz	15	7	viewtopic.php?t=15&start=150	20080303002027
3	Roomz	15	1	viewtopic.php?t=15&start=0	20080303002027
3	Roomz	15	9	viewtopic.php?t=15&start=200	20081221120223
3	Roomz	15	8	viewtopic.php?t=15&start=175	20081221120223
3	Roomz	15	10	viewtopic.php?t=15&start=225	20081221120223
3	Roomz	15	1	viewtopic.php?t=15&start=0	20081221120223
3	Roomz	15	Room 2 - the truth of bricks	viewtopic.php?t=15	20081221120223
3	Roomz	15	9	viewtopic.php?t=15&start=200	20090220190658
3	Roomz	15	10	viewtopic.php?t=15&start=225	20090220190658
3	Roomz	15	1	viewtopic.php?t=15&start=0	20090220190658
3	Roomz	15	Room 2 - the truth of bricks	viewtopic.php?t=15	20090220190658
3	Roomz	15	8	viewtopic.php?t=15&start=175	20090220190658
3	Roomz	15	10	viewtopic.php?t=15&start=225	20110618033651
3	Roomz	15	1	viewtopic.php?t=15&start=0	20110618033651
3	Roomz	15	Room 2 - the truth of bricks	viewtopic.php?t=15	20110618033651
3	Roomz	15	8	viewtopic.php?t=15&start=175	20110618033651
3	Roomz	15	9	viewtopic.php?t=15&start=200	20110618033651
3	Roomz	15	10	viewtopic.php?t=15&start=225	20110913045735
3	Roomz	15	1	viewtopic.php?t=15&start=0	20110913045735
3	Roomz	15	Room 2 - the truth of bricks	viewtopic.php?t=15	20110913045735
3	Roomz	15	8	viewtopic.php?t=15&start=175	20110913045735
3	Roomz	15	9	viewtopic.php?t=15&start=200	20110913045735
3	Roomz	15	8	viewtopic.php?t=15&start=175	20120214184932
3	Roomz	15	9	viewtopic.php?t=15&start=200	20120214184932
3	Roomz	15	10	viewtopic.php?t=15&start=225	20120214184932
3	Roomz	15	1	viewtopic.php?t=15&start=0	20120214184932
3	Roomz	15	Room 2 - the truth of bricks	viewtopic.php?t=15	20120214184932
3	Roomz	16	3	viewtopic.php?t=16&start=50	20071030230431
3	Roomz	16	2	viewtopic.php?t=16&start=25	20071030230431
3	Roomz	16	Room 8 - it is time...	viewtopic.php?t=16	20071030230431
3	Roomz	16	1	viewtopic.php?t=16&start=0	20071030230431
3	Roomz	16	4	viewtopic.php?t=16&start=75	20071030230431
3	Roomz	16	1	viewtopic.php?t=16&start=0	20080226030542
3	Roomz	16	5	viewtopic.php?t=16&start=100	20080226030542
3	Roomz	16	4	viewtopic.php?t=16&start=75	20080226030542
3	Roomz	16	Room 8 - it is time...	viewtopic.php?t=16	20080226030542
3	Roomz	16	3	viewtopic.php?t=16&start=50	20080226030542
3	Roomz	16	3	viewtopic.php?t=16&start=50	20080303002027
3	Roomz	16	1	viewtopic.php?t=16&start=0	20080303002027
3	Roomz	16	5	viewtopic.php?t=16&start=100	20080303002027
3	Roomz	16	4	viewtopic.php?t=16&start=75	20080303002027
3	Roomz	16	Room 8 - it is time...	viewtopic.php?t=16	20080303002027
3	Roomz	16	4	viewtopic.php?t=16&start=75	20081221120223
3	Roomz	16	Room 8 - it is time...	viewtopic.php?t=16	20081221120223
3	Roomz	16	1	viewtopic.php?t=16&start=0	20081221120223
3	Roomz	16	3	viewtopic.php?t=16&start=50	20081221120223
3	Roomz	16	5	viewtopic.php?t=16&start=100	20081221120223
3	Roomz	16	1	viewtopic.php?t=16&start=0	20090220190658
3	Roomz	16	5	viewtopic.php?t=16&start=100	20090220190658
3	Roomz	16	4	viewtopic.php?t=16&start=75	20090220190658
3	Roomz	16	Room 8 - it is time...	viewtopic.php?t=16	20090220190658
3	Roomz	16	3	viewtopic.php?t=16&start=50	20090220190658
3	Roomz	16	Room 8 - it is time...	viewtopic.php?t=16	20110618033651
3	Roomz	16	1	viewtopic.php?t=16&start=0	20110618033651
3	Roomz	16	5	viewtopic.php?t=16&start=100	20110618033651
3	Roomz	16	6	viewtopic.php?t=16&start=125	20110618033651
3	Roomz	16	4	viewtopic.php?t=16&start=75	20110618033651
3	Roomz	16	Room 8 - it is time...	viewtopic.php?t=16	20110913045735
3	Roomz	16	1	viewtopic.php?t=16&start=0	20110913045735
3	Roomz	16	5	viewtopic.php?t=16&start=100	20110913045735
3	Roomz	16	6	viewtopic.php?t=16&start=125	20110913045735
3	Roomz	16	4	viewtopic.php?t=16&start=75	20110913045735
3	Roomz	16	5	viewtopic.php?t=16&start=100	20120214184932
3	Roomz	16	6	viewtopic.php?t=16&start=125	20120214184932
3	Roomz	16	4	viewtopic.php?t=16&start=75	20120214184932
3	Roomz	16	Room 8 - it is time...	viewtopic.php?t=16	20120214184932
3	Roomz	16	1	viewtopic.php?t=16&start=0	20120214184932
3	Roomz	17	3	viewtopic.php?t=17&start=50	20071030230431
3	Roomz	17	2	viewtopic.php?t=17&start=25	20071030230431
3	Roomz	17	1	viewtopic.php?t=17&start=0	20071030230431
3	Roomz	17	Room 7 - challenge time	viewtopic.php?t=17	20071030230431
3	Roomz	17	4	viewtopic.php?t=17&start=75	20071030230431
3	Roomz	17	Room 7 - challenge time	viewtopic.php?t=17	20080226030542
3	Roomz	17	4	viewtopic.php?t=17&start=75	20080226030542
3	Roomz	17	1	viewtopic.php?t=17&start=0	20080226030542
3	Roomz	17	5	viewtopic.php?t=17&start=100	20080226030542
3	Roomz	17	3	viewtopic.php?t=17&start=50	20080226030542
3	Roomz	17	5	viewtopic.php?t=17&start=100	20080303002027
3	Roomz	17	3	viewtopic.php?t=17&start=50	20080303002027
3	Roomz	17	Room 7 - challenge time	viewtopic.php?t=17	20080303002027
3	Roomz	17	4	viewtopic.php?t=17&start=75	20080303002027
3	Roomz	17	1	viewtopic.php?t=17&start=0	20080303002027
3	Roomz	17	4	viewtopic.php?t=17&start=75	20081221120223
3	Roomz	17	3	viewtopic.php?t=17&start=50	20081221120223
3	Roomz	17	1	viewtopic.php?t=17&start=0	20081221120223
3	Roomz	17	Room 7 - challenge time	viewtopic.php?t=17	20081221120223
3	Roomz	17	5	viewtopic.php?t=17&start=100	20081221120223
3	Roomz	17	Room 7 - challenge time	viewtopic.php?t=17	20090220190658
3	Roomz	17	4	viewtopic.php?t=17&start=75	20090220190658
3	Roomz	17	1	viewtopic.php?t=17&start=0	20090220190658
3	Roomz	17	5	viewtopic.php?t=17&start=100	20090220190658
3	Roomz	17	3	viewtopic.php?t=17&start=50	20090220190658
3	Roomz	17	3	viewtopic.php?t=17&start=50	20110618033651
3	Roomz	17	1	viewtopic.php?t=17&start=0	20110618033651
3	Roomz	17	Room 7 - challenge time	viewtopic.php?t=17	20110618033651
3	Roomz	17	5	viewtopic.php?t=17&start=100	20110618033651
3	Roomz	17	4	viewtopic.php?t=17&start=75	20110618033651
3	Roomz	17	1	viewtopic.php?t=17&start=0	20110913045735
3	Roomz	17	5	viewtopic.php?t=17&start=100	20110913045735
3	Roomz	17	3	viewtopic.php?t=17&start=50	20110913045735
3	Roomz	17	4	viewtopic.php?t=17&start=75	20110913045735
3	Roomz	17	Room 7 - challenge time	viewtopic.php?t=17	20110913045735
3	Roomz	17	5	viewtopic.php?t=17&start=100	20120214184932
3	Roomz	17	4	viewtopic.php?t=17&start=75	20120214184932
3	Roomz	17	3	viewtopic.php?t=17&start=50	20120214184932
3	Roomz	17	1	viewtopic.php?t=17&start=0	20120214184932
3	Roomz	17	Room 7 - challenge time	viewtopic.php?t=17	20120214184932
3	Roomz	20	4	viewtopic.php?t=20&start=75	20071030230431
3	Roomz	20	1	viewtopic.php?t=20&start=0	20071030230431
3	Roomz	20	3	viewtopic.php?t=20&start=50	20071030230431
3	Roomz	20	Room 9 - @##$...	viewtopic.php?t=20	20071030230431
3	Roomz	20	2	viewtopic.php?t=20&start=25	20071030230431
3	Roomz	20	Room 9 - @##$...	viewtopic.php?t=20	20080226030542
3	Roomz	20	4	viewtopic.php?t=20&start=75	20080226030542
3	Roomz	20	5	viewtopic.php?t=20&start=100	20080226030542
3	Roomz	20	6	viewtopic.php?t=20&start=125	20080226030542
3	Roomz	20	1	viewtopic.php?t=20&start=0	20080226030542
3	Roomz	20	6	viewtopic.php?t=20&start=125	20080303002027
3	Roomz	20	1	viewtopic.php?t=20&start=0	20080303002027
3	Roomz	20	Room 9 - @##$...	viewtopic.php?t=20	20080303002027
3	Roomz	20	4	viewtopic.php?t=20&start=75	20080303002027
3	Roomz	20	5	viewtopic.php?t=20&start=100	20080303002027
3	Roomz	20	Room 9 - @##$...	viewtopic.php?t=20	20081221120223
3	Roomz	20	5	viewtopic.php?t=20&start=100	20081221120223
3	Roomz	20	6	viewtopic.php?t=20&start=125	20081221120223
3	Roomz	20	4	viewtopic.php?t=20&start=75	20081221120223
3	Roomz	20	1	viewtopic.php?t=20&start=0	20081221120223
3	Roomz	20	Room 9 - @##$...	viewtopic.php?t=20	20090220190658
3	Roomz	20	4	viewtopic.php?t=20&start=75	20090220190658
3	Roomz	20	5	viewtopic.php?t=20&start=100	20090220190658
3	Roomz	20	6	viewtopic.php?t=20&start=125	20090220190658
3	Roomz	20	1	viewtopic.php?t=20&start=0	20090220190658
3	Roomz	20	1	viewtopic.php?t=20&start=0	20110618033651
3	Roomz	20	Room 9 - @##$...	viewtopic.php?t=20	20110618033651
3	Roomz	20	5	viewtopic.php?t=20&start=100	20110618033651
3	Roomz	20	6	viewtopic.php?t=20&start=125	20110618033651
3	Roomz	20	4	viewtopic.php?t=20&start=75	20110618033651
3	Roomz	20	4	viewtopic.php?t=20&start=75	20110913045735
3	Roomz	20	1	viewtopic.php?t=20&start=0	20110913045735
3	Roomz	20	6	viewtopic.php?t=20&start=125	20110913045735
3	Roomz	20	Room 9 - @##$...	viewtopic.php?t=20	20110913045735
3	Roomz	20	5	viewtopic.php?t=20&start=100	20110913045735
3	Roomz	20	Room 9 - @##$...	viewtopic.php?t=20	20120214184932
3	Roomz	20	5	viewtopic.php?t=20&start=100	20120214184932
3	Roomz	20	6	viewtopic.php?t=20&start=125	20120214184932
3	Roomz	20	4	viewtopic.php?t=20&start=75	20120214184932
3	Roomz	20	1	viewtopic.php?t=20&start=0	20120214184932
3	Roomz	23	Level 10 - darkness	viewtopic.php?t=23	20071030230431
3	Roomz	23	2	viewtopic.php?t=23&start=25	20071030230431
3	Roomz	23	1	viewtopic.php?t=23&start=0	20071030230431
3	Roomz	23	3	viewtopic.php?t=23&start=50	20071030230431
3	Roomz	23	2	viewtopic.php?t=23&start=25	20080226030542
3	Roomz	23	3	viewtopic.php?t=23&start=50	20080226030542
3	Roomz	23	1	viewtopic.php?t=23&start=0	20080226030542
3	Roomz	23	Level 10 - darkness	viewtopic.php?t=23	20080226030542
3	Roomz	23	Level 10 - darkness	viewtopic.php?t=23	20080303002027
3	Roomz	23	2	viewtopic.php?t=23&start=25	20080303002027
3	Roomz	23	3	viewtopic.php?t=23&start=50	20080303002027
3	Roomz	23	1	viewtopic.php?t=23&start=0	20080303002027
3	Roomz	23	3	viewtopic.php?t=23&start=50	20081221120223
3	Roomz	23	Level 10 - darkness	viewtopic.php?t=23	20081221120223
3	Roomz	23	1	viewtopic.php?t=23&start=0	20081221120223
3	Roomz	23	2	viewtopic.php?t=23&start=25	20081221120223
3	Roomz	23	2	viewtopic.php?t=23&start=25	20090220190658
3	Roomz	23	3	viewtopic.php?t=23&start=50	20090220190658
3	Roomz	23	1	viewtopic.php?t=23&start=0	20090220190658
3	Roomz	23	Level 10 - darkness	viewtopic.php?t=23	20090220190658
3	Roomz	23	2	viewtopic.php?t=23&start=25	20110618033651
3	Roomz	23	3	viewtopic.php?t=23&start=50	20110618033651
3	Roomz	23	Level 10 - darkness	viewtopic.php?t=23	20110618033651
3	Roomz	23	1	viewtopic.php?t=23&start=0	20110618033651
3	Roomz	23	Level 10 - darkness	viewtopic.php?t=23	20110913045735
3	Roomz	23	2	viewtopic.php?t=23&start=25	20110913045735
3	Roomz	23	3	viewtopic.php?t=23&start=50	20110913045735
3	Roomz	23	1	viewtopic.php?t=23&start=0	20110913045735
3	Roomz	23	2	viewtopic.php?t=23&start=25	20120214184932
3	Roomz	23	3	viewtopic.php?t=23&start=50	20120214184932
3	Roomz	23	Level 10 - darkness	viewtopic.php?t=23	20120214184932
3	Roomz	23	1	viewtopic.php?t=23&start=0	20120214184932
3	Roomz	32	2	viewtopic.php?t=32&start=25	20080226030542
3	Roomz	32	4	viewtopic.php?t=32&start=75	20080226030542
3	Roomz	32	1	viewtopic.php?t=32&start=0	20080226030542
3	Roomz	32	3	viewtopic.php?t=32&start=50	20080226030542
3	Roomz	32	Room 11 - the balance	viewtopic.php?t=32	20080226030542
3	Roomz	32	3	viewtopic.php?t=32&start=50	20080303002027
3	Roomz	32	Room 11 - the balance	viewtopic.php?t=32	20080303002027
3	Roomz	32	2	viewtopic.php?t=32&start=25	20080303002027
3	Roomz	32	4	viewtopic.php?t=32&start=75	20080303002027
3	Roomz	32	1	viewtopic.php?t=32&start=0	20080303002027
3	Roomz	32	2	viewtopic.php?t=32&start=25	20081221120223
3	Roomz	32	3	viewtopic.php?t=32&start=50	20081221120223
3	Roomz	32	Room 11 - the balance	viewtopic.php?t=32	20081221120223
3	Roomz	32	4	viewtopic.php?t=32&start=75	20081221120223
3	Roomz	32	1	viewtopic.php?t=32&start=0	20081221120223
3	Roomz	32	2	viewtopic.php?t=32&start=25	20090220190658
3	Roomz	32	4	viewtopic.php?t=32&start=75	20090220190658
3	Roomz	32	1	viewtopic.php?t=32&start=0	20090220190658
3	Roomz	32	3	viewtopic.php?t=32&start=50	20090220190658
3	Roomz	32	Room 11 - the balance	viewtopic.php?t=32	20090220190658
3	Roomz	32	Room 11 - the balance	viewtopic.php?t=32	20110618033651
3	Roomz	32	3	viewtopic.php?t=32&start=50	20110618033651
3	Roomz	32	2	viewtopic.php?t=32&start=25	20110618033651
3	Roomz	32	4	viewtopic.php?t=32&start=75	20110618033651
3	Roomz	32	1	viewtopic.php?t=32&start=0	20110618033651
3	Roomz	32	Room 11 - the balance	viewtopic.php?t=32	20110913045735
3	Roomz	32	3	viewtopic.php?t=32&start=50	20110913045735
3	Roomz	32	2	viewtopic.php?t=32&start=25	20110913045735
3	Roomz	32	4	viewtopic.php?t=32&start=75	20110913045735
3	Roomz	32	1	viewtopic.php?t=32&start=0	20110913045735
3	Roomz	32	2	viewtopic.php?t=32&start=25	20120214184932
3	Roomz	32	4	viewtopic.php?t=32&start=75	20120214184932
3	Roomz	32	1	viewtopic.php?t=32&start=0	20120214184932
3	Roomz	32	Room 11 - the balance	viewtopic.php?t=32	20120214184932
3	Roomz	32	3	viewtopic.php?t=32&start=50	20120214184932
3	Roomz	34	1	viewtopic.php?t=34&start=0	20071030230431
3	Roomz	34	5	viewtopic.php?t=34&start=100	20071030230431
3	Roomz	34	4	viewtopic.php?t=34&start=75	20071030230431
3	Roomz	34	6	viewtopic.php?t=34&start=125	20071030230431
3	Roomz	34	Room 13 - so white	viewtopic.php?t=34	20071030230431
3	Roomz	34	5	viewtopic.php?t=34&start=100	20080226030542
3	Roomz	34	4	viewtopic.php?t=34&start=75	20080226030542
3	Roomz	34	6	viewtopic.php?t=34&start=125	20080226030542
3	Roomz	34	Room 13 - so white	viewtopic.php?t=34	20080226030542
3	Roomz	34	1	viewtopic.php?t=34&start=0	20080226030542
3	Roomz	34	1	viewtopic.php?t=34&start=0	20080303002027
3	Roomz	34	5	viewtopic.php?t=34&start=100	20080303002027
3	Roomz	34	4	viewtopic.php?t=34&start=75	20080303002027
3	Roomz	34	6	viewtopic.php?t=34&start=125	20080303002027
3	Roomz	34	Room 13 - so white	viewtopic.php?t=34	20080303002027
3	Roomz	34	4	viewtopic.php?t=34&start=75	20081221120223
3	Roomz	34	1	viewtopic.php?t=34&start=0	20081221120223
3	Roomz	34	6	viewtopic.php?t=34&start=125	20081221120223
3	Roomz	34	Room 13 - so white	viewtopic.php?t=34	20081221120223
3	Roomz	34	5	viewtopic.php?t=34&start=100	20081221120223
3	Roomz	34	7	viewtopic.php?t=34&start=150	20090220190658
3	Roomz	34	5	viewtopic.php?t=34&start=100	20090220190658
3	Roomz	34	6	viewtopic.php?t=34&start=125	20090220190658
3	Roomz	34	Room 13 - so white	viewtopic.php?t=34	20090220190658
3	Roomz	34	1	viewtopic.php?t=34&start=0	20090220190658
3	Roomz	34	5	viewtopic.php?t=34&start=100	20110618033651
3	Roomz	34	1	viewtopic.php?t=34&start=0	20110618033651
3	Roomz	34	7	viewtopic.php?t=34&start=150	20110618033651
3	Roomz	34	Room 13 - so white	viewtopic.php?t=34	20110618033651
3	Roomz	34	6	viewtopic.php?t=34&start=125	20110618033651
3	Roomz	34	5	viewtopic.php?t=34&start=100	20110913045735
3	Roomz	34	1	viewtopic.php?t=34&start=0	20110913045735
3	Roomz	34	7	viewtopic.php?t=34&start=150	20110913045735
3	Roomz	34	6	viewtopic.php?t=34&start=125	20110913045735
3	Roomz	34	Room 13 - so white	viewtopic.php?t=34	20110913045735
3	Roomz	34	5	viewtopic.php?t=34&start=100	20120214184932
3	Roomz	34	1	viewtopic.php?t=34&start=0	20120214184932
3	Roomz	34	7	viewtopic.php?t=34&start=150	20120214184932
3	Roomz	34	Room 13 - so white	viewtopic.php?t=34	20120214184932
3	Roomz	34	6	viewtopic.php?t=34&start=125	20120214184932
3	Roomz	35	Room 14 - red stuff :P	viewtopic.php?t=35	20071030230431
3	Roomz	35	Room 14 - red stuff :P	viewtopic.php?t=35	20080226030542
3	Roomz	35	Room 14 - red stuff :P	viewtopic.php?t=35	20080303002027
3	Roomz	35	Room 14 - red stuff :P	viewtopic.php?t=35	20081221120223
3	Roomz	35	Room 14 - red stuff :P	viewtopic.php?t=35	20090220190658
3	Roomz	35	Room 14 - red stuff :P	viewtopic.php?t=35	20110618033651
3	Roomz	35	Room 14 - red stuff :P	viewtopic.php?t=35	20110913045735
3	Roomz	35	Room 14 - red stuff :P	viewtopic.php?t=35	20120214184932
3	Roomz	36	Room 15 - shame :P	viewtopic.php?t=36	20071030230431
3	Roomz	36	1	viewtopic.php?t=36&start=0	20071030230431
3	Roomz	36	4	viewtopic.php?t=36&start=75	20071030230431
3	Roomz	36	3	viewtopic.php?t=36&start=50	20071030230431
3	Roomz	36	2	viewtopic.php?t=36&start=25	20071030230431
3	Roomz	36	4	viewtopic.php?t=36&start=75	20080226030542
3	Roomz	36	2	viewtopic.php?t=36&start=25	20080226030542
3	Roomz	36	Room 15 - shame :P	viewtopic.php?t=36	20080226030542
3	Roomz	36	1	viewtopic.php?t=36&start=0	20080226030542
3	Roomz	36	3	viewtopic.php?t=36&start=50	20080226030542
3	Roomz	36	1	viewtopic.php?t=36&start=0	20080303002027
3	Roomz	36	3	viewtopic.php?t=36&start=50	20080303002027
3	Roomz	36	4	viewtopic.php?t=36&start=75	20080303002027
3	Roomz	36	2	viewtopic.php?t=36&start=25	20080303002027
3	Roomz	36	Room 15 - shame :P	viewtopic.php?t=36	20080303002027
3	Roomz	36	3	viewtopic.php?t=36&start=50	20081221120223
3	Roomz	36	2	viewtopic.php?t=36&start=25	20081221120223
3	Roomz	36	Room 15 - shame :P	viewtopic.php?t=36	20081221120223
3	Roomz	36	1	viewtopic.php?t=36&start=0	20081221120223
3	Roomz	36	4	viewtopic.php?t=36&start=75	20081221120223
3	Roomz	36	4	viewtopic.php?t=36&start=75	20090220190658
3	Roomz	36	2	viewtopic.php?t=36&start=25	20090220190658
3	Roomz	36	Room 15 - shame :P	viewtopic.php?t=36	20090220190658
3	Roomz	36	1	viewtopic.php?t=36&start=0	20090220190658
3	Roomz	36	3	viewtopic.php?t=36&start=50	20090220190658
3	Roomz	36	4	viewtopic.php?t=36&start=75	20110618033651
3	Roomz	36	1	viewtopic.php?t=36&start=0	20110618033651
3	Roomz	36	3	viewtopic.php?t=36&start=50	20110618033651
3	Roomz	36	2	viewtopic.php?t=36&start=25	20110618033651
3	Roomz	36	Room 15 - shame :P	viewtopic.php?t=36	20110618033651
3	Roomz	36	2	viewtopic.php?t=36&start=25	20110913045735
3	Roomz	36	1	viewtopic.php?t=36&start=0	20110913045735
3	Roomz	36	3	viewtopic.php?t=36&start=50	20110913045735
3	Roomz	36	4	viewtopic.php?t=36&start=75	20110913045735
3	Roomz	36	Room 15 - shame :P	viewtopic.php?t=36	20110913045735
3	Roomz	36	3	viewtopic.php?t=36&start=50	20120214184932
3	Roomz	36	2	viewtopic.php?t=36&start=25	20120214184932
3	Roomz	36	Room 15 - shame :P	viewtopic.php?t=36	20120214184932
3	Roomz	36	4	viewtopic.php?t=36&start=75	20120214184932
3	Roomz	36	1	viewtopic.php?t=36&start=0	20120214184932
3	Roomz	37	2	viewtopic.php?t=37&start=25	20071030230431
3	Roomz	37	4	viewtopic.php?t=37&start=75	20071030230431
3	Roomz	37	Room 16 - wood stuff	viewtopic.php?t=37	20071030230431
3	Roomz	37	3	viewtopic.php?t=37&start=50	20071030230431
3	Roomz	37	1	viewtopic.php?t=37&start=0	20071030230431
3	Roomz	37	1	viewtopic.php?t=37&start=0	20080226030542
3	Roomz	37	4	viewtopic.php?t=37&start=75	20080226030542
3	Roomz	37	Room 16 - wood stuff	viewtopic.php?t=37	20080226030542
3	Roomz	37	3	viewtopic.php?t=37&start=50	20080226030542
3	Roomz	37	2	viewtopic.php?t=37&start=25	20080226030542
3	Roomz	37	2	viewtopic.php?t=37&start=25	20080303002027
3	Roomz	37	1	viewtopic.php?t=37&start=0	20080303002027
3	Roomz	37	4	viewtopic.php?t=37&start=75	20080303002027
3	Roomz	37	Room 16 - wood stuff	viewtopic.php?t=37	20080303002027
3	Roomz	37	3	viewtopic.php?t=37&start=50	20080303002027
3	Roomz	37	4	viewtopic.php?t=37&start=75	20081221120223
3	Roomz	37	3	viewtopic.php?t=37&start=50	20081221120223
3	Roomz	37	1	viewtopic.php?t=37&start=0	20081221120223
3	Roomz	37	Room 16 - wood stuff	viewtopic.php?t=37	20081221120223
3	Roomz	37	2	viewtopic.php?t=37&start=25	20081221120223
3	Roomz	37	1	viewtopic.php?t=37&start=0	20090220190658
3	Roomz	37	4	viewtopic.php?t=37&start=75	20090220190658
3	Roomz	37	Room 16 - wood stuff	viewtopic.php?t=37	20090220190658
3	Roomz	37	3	viewtopic.php?t=37&start=50	20090220190658
3	Roomz	37	2	viewtopic.php?t=37&start=25	20090220190658
3	Roomz	37	2	viewtopic.php?t=37&start=25	20110618033651
3	Roomz	37	4	viewtopic.php?t=37&start=75	20110618033651
3	Roomz	37	3	viewtopic.php?t=37&start=50	20110618033651
3	Roomz	37	1	viewtopic.php?t=37&start=0	20110618033651
3	Roomz	37	Room 16 - wood stuff	viewtopic.php?t=37	20110618033651
3	Roomz	37	2	viewtopic.php?t=37&start=25	20110913045735
3	Roomz	37	4	viewtopic.php?t=37&start=75	20110913045735
3	Roomz	37	3	viewtopic.php?t=37&start=50	20110913045735
3	Roomz	37	1	viewtopic.php?t=37&start=0	20110913045735
3	Roomz	37	Room 16 - wood stuff	viewtopic.php?t=37	20110913045735
3	Roomz	37	4	viewtopic.php?t=37&start=75	20120214184932
3	Roomz	37	3	viewtopic.php?t=37&start=50	20120214184932
3	Roomz	37	1	viewtopic.php?t=37&start=0	20120214184932
3	Roomz	37	Room 16 - wood stuff	viewtopic.php?t=37	20120214184932
3	Roomz	37	2	viewtopic.php?t=37&start=25	20120214184932
3	Roomz	38	8	viewtopic.php?t=38&start=175	20071030230431
3	Roomz	38	1	viewtopic.php?t=38&start=0	20071030230431
3	Roomz	38	6	viewtopic.php?t=38&start=125	20071030230431
3	Roomz	38	7	viewtopic.php?t=38&start=150	20071030230431
3	Roomz	38	Room 17 - rain?	viewtopic.php?t=38	20071030230431
3	Roomz	38	7	viewtopic.php?t=38&start=150	20080226030542
3	Roomz	38	1	viewtopic.php?t=38&start=0	20080226030542
3	Roomz	38	Room 17 - rain?	viewtopic.php?t=38	20080226030542
3	Roomz	38	8	viewtopic.php?t=38&start=175	20080226030542
3	Roomz	38	6	viewtopic.php?t=38&start=125	20080226030542
3	Roomz	38	8	viewtopic.php?t=38&start=175	20080303002027
3	Roomz	38	6	viewtopic.php?t=38&start=125	20080303002027
3	Roomz	38	7	viewtopic.php?t=38&start=150	20080303002027
3	Roomz	38	1	viewtopic.php?t=38&start=0	20080303002027
3	Roomz	38	Room 17 - rain?	viewtopic.php?t=38	20080303002027
3	Roomz	38	6	viewtopic.php?t=38&start=125	20081221120223
3	Roomz	38	Room 17 - rain?	viewtopic.php?t=38	20081221120223
3	Roomz	38	7	viewtopic.php?t=38&start=150	20081221120223
3	Roomz	38	8	viewtopic.php?t=38&start=175	20081221120223
3	Roomz	38	1	viewtopic.php?t=38&start=0	20081221120223
3	Roomz	38	7	viewtopic.php?t=38&start=150	20090220190658
3	Roomz	38	1	viewtopic.php?t=38&start=0	20090220190658
3	Roomz	38	Room 17 - rain?	viewtopic.php?t=38	20090220190658
3	Roomz	38	8	viewtopic.php?t=38&start=175	20090220190658
3	Roomz	38	6	viewtopic.php?t=38&start=125	20090220190658
3	Roomz	38	9	viewtopic.php?t=38&start=200	20110618033651
3	Roomz	38	Room 17 - rain?	viewtopic.php?t=38	20110618033651
3	Roomz	38	7	viewtopic.php?t=38&start=150	20110618033651
3	Roomz	38	8	viewtopic.php?t=38&start=175	20110618033651
3	Roomz	38	1	viewtopic.php?t=38&start=0	20110618033651
3	Roomz	38	9	viewtopic.php?t=38&start=200	20110913045735
3	Roomz	38	8	viewtopic.php?t=38&start=175	20110913045735
3	Roomz	38	Room 17 - rain?	viewtopic.php?t=38	20110913045735
3	Roomz	38	7	viewtopic.php?t=38&start=150	20110913045735
3	Roomz	38	1	viewtopic.php?t=38&start=0	20110913045735
3	Roomz	38	Room 17 - rain?	viewtopic.php?t=38	20120214184932
3	Roomz	38	7	viewtopic.php?t=38&start=150	20120214184932
3	Roomz	38	8	viewtopic.php?t=38&start=175	20120214184932
3	Roomz	38	1	viewtopic.php?t=38&start=0	20120214184932
3	Roomz	38	9	viewtopic.php?t=38&start=200	20120214184932
3	Roomz	39	4	viewtopic.php?t=39&start=75	20071030230431
3	Roomz	39	2	viewtopic.php?t=39&start=25	20071030230431
3	Roomz	39	3	viewtopic.php?t=39&start=50	20071030230431
3	Roomz	39	Room 18 - a lot of stuff ;p	viewtopic.php?t=39	20071030230431
3	Roomz	39	1	viewtopic.php?t=39&start=0	20071030230431
3	Roomz	39	3	viewtopic.php?t=39&start=50	20080226030542
3	Roomz	39	Room 18 - a lot of stuff ;p	viewtopic.php?t=39	20080226030542
3	Roomz	39	1	viewtopic.php?t=39&start=0	20080226030542
3	Roomz	39	4	viewtopic.php?t=39&start=75	20080226030542
3	Roomz	39	2	viewtopic.php?t=39&start=25	20080226030542
3	Roomz	39	4	viewtopic.php?t=39&start=75	20080303002027
3	Roomz	39	2	viewtopic.php?t=39&start=25	20080303002027
3	Roomz	39	3	viewtopic.php?t=39&start=50	20080303002027
3	Roomz	39	Room 18 - a lot of stuff ;p	viewtopic.php?t=39	20080303002027
3	Roomz	39	1	viewtopic.php?t=39&start=0	20080303002027
3	Roomz	39	5	viewtopic.php?t=39&start=100	20081221120223
3	Roomz	39	1	viewtopic.php?t=39&start=0	20081221120223
3	Roomz	39	3	viewtopic.php?t=39&start=50	20081221120223
3	Roomz	39	4	viewtopic.php?t=39&start=75	20081221120223
3	Roomz	39	Room 18 - a lot of stuff ;p	viewtopic.php?t=39	20081221120223
3	Roomz	39	3	viewtopic.php?t=39&start=50	20090220190658
3	Roomz	39	5	viewtopic.php?t=39&start=100	20090220190658
3	Roomz	39	Room 18 - a lot of stuff ;p	viewtopic.php?t=39	20090220190658
3	Roomz	39	1	viewtopic.php?t=39&start=0	20090220190658
3	Roomz	39	4	viewtopic.php?t=39&start=75	20090220190658
3	Roomz	39	3	viewtopic.php?t=39&start=50	20110618033651
3	Roomz	39	4	viewtopic.php?t=39&start=75	20110618033651
3	Roomz	39	Room 18 - a lot of stuff ;p	viewtopic.php?t=39	20110618033651
3	Roomz	39	5	viewtopic.php?t=39&start=100	20110618033651
3	Roomz	39	1	viewtopic.php?t=39&start=0	20110618033651
3	Roomz	39	4	viewtopic.php?t=39&start=75	20110913045735
3	Roomz	39	Room 18 - a lot of stuff ;p	viewtopic.php?t=39	20110913045735
3	Roomz	39	3	viewtopic.php?t=39&start=50	20110913045735
3	Roomz	39	5	viewtopic.php?t=39&start=100	20110913045735
3	Roomz	39	1	viewtopic.php?t=39&start=0	20110913045735
3	Roomz	39	Room 18 - a lot of stuff ;p	viewtopic.php?t=39	20120214184932
3	Roomz	39	5	viewtopic.php?t=39&start=100	20120214184932
3	Roomz	39	1	viewtopic.php?t=39&start=0	20120214184932
3	Roomz	39	3	viewtopic.php?t=39&start=50	20120214184932
3	Roomz	39	4	viewtopic.php?t=39&start=75	20120214184932
3	Roomz	41	3	viewtopic.php?t=41&start=50	20071030230431
3	Roomz	41	Room 12 - the gallery	viewtopic.php?t=41	20071030230431
3	Roomz	41	1	viewtopic.php?t=41&start=0	20071030230431
3	Roomz	41	2	viewtopic.php?t=41&start=25	20071030230431
3	Roomz	41	3	viewtopic.php?t=41&start=50	20080226030542
3	Roomz	41	Room 12 - the gallery	viewtopic.php?t=41	20080226030542
3	Roomz	41	2	viewtopic.php?t=41&start=25	20080226030542
3	Roomz	41	4	viewtopic.php?t=41&start=75	20080226030542
3	Roomz	41	1	viewtopic.php?t=41&start=0	20080226030542
3	Roomz	41	1	viewtopic.php?t=41&start=0	20080303002027
3	Roomz	41	3	viewtopic.php?t=41&start=50	20080303002027
3	Roomz	41	Room 12 - the gallery	viewtopic.php?t=41	20080303002027
3	Roomz	41	2	viewtopic.php?t=41&start=25	20080303002027
3	Roomz	41	4	viewtopic.php?t=41&start=75	20080303002027
3	Roomz	41	2	viewtopic.php?t=41&start=25	20081221120223
3	Roomz	41	4	viewtopic.php?t=41&start=75	20081221120223
3	Roomz	41	3	viewtopic.php?t=41&start=50	20081221120223
3	Roomz	41	Room 12 - the gallery	viewtopic.php?t=41	20081221120223
3	Roomz	41	1	viewtopic.php?t=41&start=0	20081221120223
3	Roomz	41	3	viewtopic.php?t=41&start=50	20090220190658
3	Roomz	41	Room 12 - the gallery	viewtopic.php?t=41	20090220190658
3	Roomz	41	2	viewtopic.php?t=41&start=25	20090220190658
3	Roomz	41	4	viewtopic.php?t=41&start=75	20090220190658
3	Roomz	41	1	viewtopic.php?t=41&start=0	20090220190658
3	Roomz	41	3	viewtopic.php?t=41&start=50	20110618033651
3	Roomz	41	1	viewtopic.php?t=41&start=0	20110618033651
3	Roomz	41	Room 12 - the gallery	viewtopic.php?t=41	20110618033651
3	Roomz	41	2	viewtopic.php?t=41&start=25	20110618033651
3	Roomz	41	4	viewtopic.php?t=41&start=75	20110618033651
3	Roomz	41	4	viewtopic.php?t=41&start=75	20110913045735
3	Roomz	41	3	viewtopic.php?t=41&start=50	20110913045735
3	Roomz	41	1	viewtopic.php?t=41&start=0	20110913045735
3	Roomz	41	Room 12 - the gallery	viewtopic.php?t=41	20110913045735
3	Roomz	41	2	viewtopic.php?t=41&start=25	20110913045735
3	Roomz	41	1	viewtopic.php?t=41&start=0	20120214184932
3	Roomz	41	Room 12 - the gallery	viewtopic.php?t=41	20120214184932
3	Roomz	41	2	viewtopic.php?t=41&start=25	20120214184932
3	Roomz	41	4	viewtopic.php?t=41&start=75	20120214184932
3	Roomz	41	3	viewtopic.php?t=41&start=50	20120214184932
3	Roomz	46	2	viewtopic.php?t=46&start=25	20071030230431
3	Roomz	46	1	viewtopic.php?t=46&start=0	20071030230431
3	Roomz	46	Room 19 - even more stuff	viewtopic.php?t=46	20071030230431
3	Roomz	46	3	viewtopic.php?t=46&start=50	20071030230431
3	Roomz	46	3	viewtopic.php?t=46&start=50	20080226030542
3	Roomz	46	Room 19 - even more stuff	viewtopic.php?t=46	20080226030542
3	Roomz	46	1	viewtopic.php?t=46&start=0	20080226030542
3	Roomz	46	4	viewtopic.php?t=46&start=75	20080226030542
3	Roomz	46	2	viewtopic.php?t=46&start=25	20080226030542
3	Roomz	46	2	viewtopic.php?t=46&start=25	20080303002027
3	Roomz	46	3	viewtopic.php?t=46&start=50	20080303002027
3	Roomz	46	Room 19 - even more stuff	viewtopic.php?t=46	20080303002027
3	Roomz	46	1	viewtopic.php?t=46&start=0	20080303002027
3	Roomz	46	4	viewtopic.php?t=46&start=75	20080303002027
3	Roomz	46	3	viewtopic.php?t=46&start=50	20081221120223
3	Roomz	46	2	viewtopic.php?t=46&start=25	20081221120223
3	Roomz	46	1	viewtopic.php?t=46&start=0	20081221120223
3	Roomz	46	4	viewtopic.php?t=46&start=75	20081221120223
3	Roomz	46	Room 19 - even more stuff	viewtopic.php?t=46	20081221120223
3	Roomz	46	3	viewtopic.php?t=46&start=50	20090220190658
3	Roomz	46	Room 19 - even more stuff	viewtopic.php?t=46	20090220190658
3	Roomz	46	1	viewtopic.php?t=46&start=0	20090220190658
3	Roomz	46	4	viewtopic.php?t=46&start=75	20090220190658
3	Roomz	46	2	viewtopic.php?t=46&start=25	20090220190658
3	Roomz	46	1	viewtopic.php?t=46&start=0	20110618033651
3	Roomz	46	4	viewtopic.php?t=46&start=75	20110618033651
3	Roomz	46	Room 19 - even more stuff	viewtopic.php?t=46	20110618033651
3	Roomz	46	3	viewtopic.php?t=46&start=50	20110618033651
3	Roomz	46	2	viewtopic.php?t=46&start=25	20110618033651
3	Roomz	46	1	viewtopic.php?t=46&start=0	20110913045735
3	Roomz	46	4	viewtopic.php?t=46&start=75	20110913045735
3	Roomz	46	Room 19 - even more stuff	viewtopic.php?t=46	20110913045735
3	Roomz	46	2	viewtopic.php?t=46&start=25	20110913045735
3	Roomz	46	3	viewtopic.php?t=46&start=50	20110913045735
3	Roomz	46	3	viewtopic.php?t=46&start=50	20120214184932
3	Roomz	46	2	viewtopic.php?t=46&start=25	20120214184932
3	Roomz	46	1	viewtopic.php?t=46&start=0	20120214184932
3	Roomz	46	4	viewtopic.php?t=46&start=75	20120214184932
3	Roomz	46	Room 19 - even more stuff	viewtopic.php?t=46	20120214184932
3	Roomz	48	Room 20 - checking...	viewtopic.php?t=48	20071030230431
3	Roomz	48	2	viewtopic.php?t=48&start=25	20071030230431
3	Roomz	48	1	viewtopic.php?t=48&start=0	20071030230431
3	Roomz	48	2	viewtopic.php?t=48&start=25	20080226030542
3	Roomz	48	Room 20 - checking...	viewtopic.php?t=48	20080226030542
3	Roomz	48	1	viewtopic.php?t=48&start=0	20080226030542
3	Roomz	48	2	viewtopic.php?t=48&start=25	20080303002027
3	Roomz	48	Room 20 - checking...	viewtopic.php?t=48	20080303002027
3	Roomz	48	1	viewtopic.php?t=48&start=0	20080303002027
3	Roomz	48	1	viewtopic.php?t=48&start=0	20081221120223
3	Roomz	48	Room 20 - checking...	viewtopic.php?t=48	20081221120223
3	Roomz	48	2	viewtopic.php?t=48&start=25	20081221120223
3	Roomz	48	2	viewtopic.php?t=48&start=25	20090220190658
3	Roomz	48	Room 20 - checking...	viewtopic.php?t=48	20090220190658
3	Roomz	48	1	viewtopic.php?t=48&start=0	20090220190658
3	Roomz	48	2	viewtopic.php?t=48&start=25	20110618033651
3	Roomz	48	1	viewtopic.php?t=48&start=0	20110618033651
3	Roomz	48	Room 20 - checking...	viewtopic.php?t=48	20110618033651
3	Roomz	48	2	viewtopic.php?t=48&start=25	20110913045735
3	Roomz	48	1	viewtopic.php?t=48&start=0	20110913045735
3	Roomz	48	Room 20 - checking...	viewtopic.php?t=48	20110913045735
3	Roomz	48	1	viewtopic.php?t=48&start=0	20120214184932
3	Roomz	48	Room 20 - checking...	viewtopic.php?t=48	20120214184932
3	Roomz	48	2	viewtopic.php?t=48&start=25	20120214184932
3	Roomz	55	2	viewtopic.php?t=55&start=25	20071030230431
3	Roomz	55	Room 21 - Around the paper	viewtopic.php?t=55	20071030230431
3	Roomz	55	3	viewtopic.php?t=55&start=50	20071030230431
3	Roomz	55	1	viewtopic.php?t=55&start=0	20071030230431
3	Roomz	55	4	viewtopic.php?t=55&start=75	20071030230431
3	Roomz	55	1	viewtopic.php?t=55&start=0	20080226030542
3	Roomz	55	5	viewtopic.php?t=55&start=100	20080226030542
3	Roomz	55	4	viewtopic.php?t=55&start=75	20080226030542
3	Roomz	55	Room 21 - Around the paper	viewtopic.php?t=55	20080226030542
3	Roomz	55	3	viewtopic.php?t=55&start=50	20080226030542
3	Roomz	55	3	viewtopic.php?t=55&start=50	20080303002027
3	Roomz	55	1	viewtopic.php?t=55&start=0	20080303002027
3	Roomz	55	5	viewtopic.php?t=55&start=100	20080303002027
3	Roomz	55	4	viewtopic.php?t=55&start=75	20080303002027
3	Roomz	55	Room 21 - Around the paper	viewtopic.php?t=55	20080303002027
3	Roomz	55	4	viewtopic.php?t=55&start=75	20081221120223
3	Roomz	55	Room 21 - Around the paper	viewtopic.php?t=55	20081221120223
3	Roomz	55	3	viewtopic.php?t=55&start=50	20081221120223
3	Roomz	55	1	viewtopic.php?t=55&start=0	20081221120223
3	Roomz	55	5	viewtopic.php?t=55&start=100	20081221120223
3	Roomz	55	1	viewtopic.php?t=55&start=0	20090220190658
3	Roomz	55	5	viewtopic.php?t=55&start=100	20090220190658
3	Roomz	55	4	viewtopic.php?t=55&start=75	20090220190658
3	Roomz	55	Room 21 - Around the paper	viewtopic.php?t=55	20090220190658
3	Roomz	55	3	viewtopic.php?t=55&start=50	20090220190658
3	Roomz	55	3	viewtopic.php?t=55&start=50	20110618033651
3	Roomz	55	Room 21 - Around the paper	viewtopic.php?t=55	20110618033651
3	Roomz	55	5	viewtopic.php?t=55&start=100	20110618033651
3	Roomz	55	1	viewtopic.php?t=55&start=0	20110618033651
3	Roomz	55	4	viewtopic.php?t=55&start=75	20110618033651
3	Roomz	55	3	viewtopic.php?t=55&start=50	20110913045735
3	Roomz	55	Room 21 - Around the paper	viewtopic.php?t=55	20110913045735
3	Roomz	55	5	viewtopic.php?t=55&start=100	20110913045735
3	Roomz	55	1	viewtopic.php?t=55&start=0	20110913045735
3	Roomz	55	4	viewtopic.php?t=55&start=75	20110913045735
3	Roomz	55	5	viewtopic.php?t=55&start=100	20120214184932
3	Roomz	55	1	viewtopic.php?t=55&start=0	20120214184932
3	Roomz	55	4	viewtopic.php?t=55&start=75	20120214184932
3	Roomz	55	3	viewtopic.php?t=55&start=50	20120214184932
3	Roomz	55	Room 21 - Around the paper	viewtopic.php?t=55	20120214184932
3	Roomz	58	Room 22 - Hot Sun	viewtopic.php?t=58	20071030230431
3	Roomz	58	2	viewtopic.php?t=58&start=25	20071030230431
3	Roomz	58	4	viewtopic.php?t=58&start=75	20071030230431
3	Roomz	58	1	viewtopic.php?t=58&start=0	20071030230431
3	Roomz	58	3	viewtopic.php?t=58&start=50	20071030230431
3	Roomz	58	2	viewtopic.php?t=58&start=25	20080226030542
3	Roomz	58	4	viewtopic.php?t=58&start=75	20080226030542
3	Roomz	58	1	viewtopic.php?t=58&start=0	20080226030542
3	Roomz	58	3	viewtopic.php?t=58&start=50	20080226030542
3	Roomz	58	Room 22 - Hot Sun	viewtopic.php?t=58	20080226030542
3	Roomz	58	Room 22 - Hot Sun	viewtopic.php?t=58	20080303002027
3	Roomz	58	2	viewtopic.php?t=58&start=25	20080303002027
3	Roomz	58	4	viewtopic.php?t=58&start=75	20080303002027
3	Roomz	58	1	viewtopic.php?t=58&start=0	20080303002027
3	Roomz	58	3	viewtopic.php?t=58&start=50	20080303002027
3	Roomz	58	4	viewtopic.php?t=58&start=75	20081221120223
3	Roomz	58	3	viewtopic.php?t=58&start=50	20081221120223
3	Roomz	58	1	viewtopic.php?t=58&start=0	20081221120223
3	Roomz	58	Room 22 - Hot Sun	viewtopic.php?t=58	20081221120223
3	Roomz	58	5	viewtopic.php?t=58&start=100	20081221120223
3	Roomz	58	4	viewtopic.php?t=58&start=75	20090220190658
3	Roomz	58	1	viewtopic.php?t=58&start=0	20090220190658
3	Roomz	58	3	viewtopic.php?t=58&start=50	20090220190658
3	Roomz	58	Room 22 - Hot Sun	viewtopic.php?t=58	20090220190658
3	Roomz	58	5	viewtopic.php?t=58&start=100	20090220190658
3	Roomz	58	5	viewtopic.php?t=58&start=100	20110618033651
3	Roomz	58	4	viewtopic.php?t=58&start=75	20110618033651
3	Roomz	58	3	viewtopic.php?t=58&start=50	20110618033651
3	Roomz	58	1	viewtopic.php?t=58&start=0	20110618033651
3	Roomz	58	Room 22 - Hot Sun	viewtopic.php?t=58	20110618033651
3	Roomz	58	Room 22 - Hot Sun	viewtopic.php?t=58	20110913045735
3	Roomz	58	5	viewtopic.php?t=58&start=100	20110913045735
3	Roomz	58	4	viewtopic.php?t=58&start=75	20110913045735
3	Roomz	58	3	viewtopic.php?t=58&start=50	20110913045735
3	Roomz	58	1	viewtopic.php?t=58&start=0	20110913045735
3	Roomz	58	5	viewtopic.php?t=58&start=100	20120214184932
3	Roomz	58	4	viewtopic.php?t=58&start=75	20120214184932
3	Roomz	58	3	viewtopic.php?t=58&start=50	20120214184932
3	Roomz	58	1	viewtopic.php?t=58&start=0	20120214184932
3	Roomz	58	Room 22 - Hot Sun	viewtopic.php?t=58	20120214184932
3	Roomz	59	Room 23 - In the basement	viewtopic.php?t=59	20071030230431
3	Roomz	59	3	viewtopic.php?t=59&start=50	20071030230431
3	Roomz	59	1	viewtopic.php?t=59&start=0	20071030230431
3	Roomz	59	4	viewtopic.php?t=59&start=75	20071030230431
3	Roomz	59	5	viewtopic.php?t=59&start=100	20071030230431
3	Roomz	59	6	viewtopic.php?t=59&start=125	20080226030542
3	Roomz	59	4	viewtopic.php?t=59&start=75	20080226030542
3	Roomz	59	5	viewtopic.php?t=59&start=100	20080226030542
3	Roomz	59	Room 23 - In the basement	viewtopic.php?t=59	20080226030542
3	Roomz	59	1	viewtopic.php?t=59&start=0	20080226030542
3	Roomz	59	Room 23 - In the basement	viewtopic.php?t=59	20080303002027
3	Roomz	59	1	viewtopic.php?t=59&start=0	20080303002027
3	Roomz	59	6	viewtopic.php?t=59&start=125	20080303002027
3	Roomz	59	4	viewtopic.php?t=59&start=75	20080303002027
3	Roomz	59	5	viewtopic.php?t=59&start=100	20080303002027
3	Roomz	59	6	viewtopic.php?t=59&start=125	20081221120223
3	Roomz	59	4	viewtopic.php?t=59&start=75	20081221120223
3	Roomz	59	5	viewtopic.php?t=59&start=100	20081221120223
3	Roomz	59	1	viewtopic.php?t=59&start=0	20081221120223
3	Roomz	59	Room 23 - In the basement	viewtopic.php?t=59	20081221120223
3	Roomz	59	6	viewtopic.php?t=59&start=125	20090220190658
3	Roomz	59	4	viewtopic.php?t=59&start=75	20090220190658
3	Roomz	59	5	viewtopic.php?t=59&start=100	20090220190658
3	Roomz	59	Room 23 - In the basement	viewtopic.php?t=59	20090220190658
3	Roomz	59	1	viewtopic.php?t=59&start=0	20090220190658
3	Roomz	59	1	viewtopic.php?t=59&start=0	20110618033651
3	Roomz	59	Room 23 - In the basement	viewtopic.php?t=59	20110618033651
3	Roomz	59	4	viewtopic.php?t=59&start=75	20110618033651
3	Roomz	59	5	viewtopic.php?t=59&start=100	20110618033651
3	Roomz	59	6	viewtopic.php?t=59&start=125	20110618033651
3	Roomz	59	1	viewtopic.php?t=59&start=0	20110913045735
3	Roomz	59	Room 23 - In the basement	viewtopic.php?t=59	20110913045735
3	Roomz	59	4	viewtopic.php?t=59&start=75	20110913045735
3	Roomz	59	5	viewtopic.php?t=59&start=100	20110913045735
3	Roomz	59	6	viewtopic.php?t=59&start=125	20110913045735
3	Roomz	59	4	viewtopic.php?t=59&start=75	20120214184932
3	Roomz	59	5	viewtopic.php?t=59&start=100	20120214184932
3	Roomz	59	6	viewtopic.php?t=59&start=125	20120214184932
3	Roomz	59	1	viewtopic.php?t=59&start=0	20120214184932
3	Roomz	59	Room 23 - In the basement	viewtopic.php?t=59	20120214184932
3	Roomz	60	5	viewtopic.php?t=60&start=100	20071030230431
3	Roomz	60	6	viewtopic.php?t=60&start=125	20071030230431
3	Roomz	60	7	viewtopic.php?t=60&start=150	20071030230431
3	Roomz	60	Room 24 - Upside down and sideways	viewtopic.php?t=60	20071030230431
3	Roomz	60	1	viewtopic.php?t=60&start=0	20071030230431
3	Roomz	60	7	viewtopic.php?t=60&start=150	20080226030542
3	Roomz	60	Room 24 - Upside down and sideways	viewtopic.php?t=60	20080226030542
3	Roomz	60	1	viewtopic.php?t=60&start=0	20080226030542
3	Roomz	60	5	viewtopic.php?t=60&start=100	20080226030542
3	Roomz	60	6	viewtopic.php?t=60&start=125	20080226030542
3	Roomz	60	6	viewtopic.php?t=60&start=125	20080303002027
3	Roomz	60	7	viewtopic.php?t=60&start=150	20080303002027
3	Roomz	60	Room 24 - Upside down and sideways	viewtopic.php?t=60	20080303002027
3	Roomz	60	1	viewtopic.php?t=60&start=0	20080303002027
3	Roomz	60	5	viewtopic.php?t=60&start=100	20080303002027
3	Roomz	60	7	viewtopic.php?t=60&start=150	20081221120223
3	Roomz	60	Room 24 - Upside down and sideways	viewtopic.php?t=60	20081221120223
3	Roomz	60	1	viewtopic.php?t=60&start=0	20081221120223
3	Roomz	60	6	viewtopic.php?t=60&start=125	20081221120223
3	Roomz	60	8	viewtopic.php?t=60&start=175	20081221120223
3	Roomz	60	7	viewtopic.php?t=60&start=150	20090220190658
3	Roomz	60	Room 24 - Upside down and sideways	viewtopic.php?t=60	20090220190658
3	Roomz	60	1	viewtopic.php?t=60&start=0	20090220190658
3	Roomz	60	6	viewtopic.php?t=60&start=125	20090220190658
3	Roomz	60	8	viewtopic.php?t=60&start=175	20090220190658
3	Roomz	60	8	viewtopic.php?t=60&start=175	20110618033651
3	Roomz	60	7	viewtopic.php?t=60&start=150	20110618033651
3	Roomz	60	Room 24 - Upside down and sideways	viewtopic.php?t=60	20110618033651
3	Roomz	60	1	viewtopic.php?t=60&start=0	20110618033651
3	Roomz	60	6	viewtopic.php?t=60&start=125	20110618033651
3	Roomz	60	1	viewtopic.php?t=60&start=0	20110913045735
3	Roomz	60	6	viewtopic.php?t=60&start=125	20110913045735
3	Roomz	60	8	viewtopic.php?t=60&start=175	20110913045735
3	Roomz	60	7	viewtopic.php?t=60&start=150	20110913045735
3	Roomz	60	Room 24 - Upside down and sideways	viewtopic.php?t=60	20110913045735
3	Roomz	60	7	viewtopic.php?t=60&start=150	20120214184932
3	Roomz	60	Room 24 - Upside down and sideways	viewtopic.php?t=60	20120214184932
3	Roomz	60	1	viewtopic.php?t=60&start=0	20120214184932
3	Roomz	60	6	viewtopic.php?t=60&start=125	20120214184932
3	Roomz	60	8	viewtopic.php?t=60&start=175	20120214184932
3	Roomz	61	Room 25 - point it out!	viewtopic.php?t=61	20071030230431
3	Roomz	61	1	viewtopic.php?t=61&start=0	20071030230431
3	Roomz	61	3	viewtopic.php?t=61&start=50	20071030230431
3	Roomz	61	2	viewtopic.php?t=61&start=25	20071030230431
3	Roomz	61	4	viewtopic.php?t=61&start=75	20071030230431
3	Roomz	61	4	viewtopic.php?t=61&start=75	20080226030542
3	Roomz	61	Room 25 - point it out!	viewtopic.php?t=61	20080226030542
3	Roomz	61	1	viewtopic.php?t=61&start=0	20080226030542
3	Roomz	61	3	viewtopic.php?t=61&start=50	20080226030542
3	Roomz	61	2	viewtopic.php?t=61&start=25	20080226030542
3	Roomz	61	1	viewtopic.php?t=61&start=0	20080303002027
3	Roomz	61	3	viewtopic.php?t=61&start=50	20080303002027
3	Roomz	61	2	viewtopic.php?t=61&start=25	20080303002027
3	Roomz	61	4	viewtopic.php?t=61&start=75	20080303002027
3	Roomz	61	Room 25 - point it out!	viewtopic.php?t=61	20080303002027
3	Roomz	61	Room 25 - point it out!	viewtopic.php?t=61	20081221120223
3	Roomz	61	1	viewtopic.php?t=61&start=0	20081221120223
3	Roomz	61	3	viewtopic.php?t=61&start=50	20081221120223
3	Roomz	61	2	viewtopic.php?t=61&start=25	20081221120223
3	Roomz	61	4	viewtopic.php?t=61&start=75	20081221120223
3	Roomz	61	4	viewtopic.php?t=61&start=75	20090220190658
3	Roomz	61	Room 25 - point it out!	viewtopic.php?t=61	20090220190658
3	Roomz	61	1	viewtopic.php?t=61&start=0	20090220190658
3	Roomz	61	3	viewtopic.php?t=61&start=50	20090220190658
3	Roomz	61	2	viewtopic.php?t=61&start=25	20090220190658
3	Roomz	61	4	viewtopic.php?t=61&start=75	20110618033651
3	Roomz	61	Room 25 - point it out!	viewtopic.php?t=61	20110618033651
3	Roomz	61	1	viewtopic.php?t=61&start=0	20110618033651
3	Roomz	61	3	viewtopic.php?t=61&start=50	20110618033651
3	Roomz	61	2	viewtopic.php?t=61&start=25	20110618033651
3	Roomz	61	Room 25 - point it out!	viewtopic.php?t=61	20110913045735
3	Roomz	61	4	viewtopic.php?t=61&start=75	20110913045735
3	Roomz	61	3	viewtopic.php?t=61&start=50	20110913045735
3	Roomz	61	2	viewtopic.php?t=61&start=25	20110913045735
3	Roomz	61	1	viewtopic.php?t=61&start=0	20110913045735
3	Roomz	61	Room 25 - point it out!	viewtopic.php?t=61	20120214184932
3	Roomz	61	1	viewtopic.php?t=61&start=0	20120214184932
3	Roomz	61	3	viewtopic.php?t=61&start=50	20120214184932
3	Roomz	61	2	viewtopic.php?t=61&start=25	20120214184932
3	Roomz	61	4	viewtopic.php?t=61&start=75	20120214184932
3	Roomz	76	room 26 - confession time	viewtopic.php?t=76	20071030230431
3	Roomz	76	2	viewtopic.php?t=76&start=25	20071030230431
3	Roomz	76	1	viewtopic.php?t=76&start=0	20071030230431
3	Roomz	76	2	viewtopic.php?t=76&start=25	20080226030542
3	Roomz	76	1	viewtopic.php?t=76&start=0	20080226030542
3	Roomz	76	3	viewtopic.php?t=76&start=50	20080226030542
3	Roomz	76	room 26 - confession time	viewtopic.php?t=76	20080226030542
3	Roomz	76	room 26 - confession time	viewtopic.php?t=76	20080303002027
3	Roomz	76	2	viewtopic.php?t=76&start=25	20080303002027
3	Roomz	76	1	viewtopic.php?t=76&start=0	20080303002027
3	Roomz	76	3	viewtopic.php?t=76&start=50	20080303002027
3	Roomz	76	2	viewtopic.php?t=76&start=25	20081221120223
3	Roomz	76	1	viewtopic.php?t=76&start=0	20081221120223
3	Roomz	76	3	viewtopic.php?t=76&start=50	20081221120223
3	Roomz	76	room 26 - confession time	viewtopic.php?t=76	20081221120223
3	Roomz	76	2	viewtopic.php?t=76&start=25	20090220190658
3	Roomz	76	1	viewtopic.php?t=76&start=0	20090220190658
3	Roomz	76	3	viewtopic.php?t=76&start=50	20090220190658
3	Roomz	76	room 26 - confession time	viewtopic.php?t=76	20090220190658
3	Roomz	76	2	viewtopic.php?t=76&start=25	20110618033651
3	Roomz	76	1	viewtopic.php?t=76&start=0	20110618033651
3	Roomz	76	3	viewtopic.php?t=76&start=50	20110618033651
3	Roomz	76	room 26 - confession time	viewtopic.php?t=76	20110618033651
3	Roomz	76	1	viewtopic.php?t=76&start=0	20110913045735
3	Roomz	76	2	viewtopic.php?t=76&start=25	20110913045735
3	Roomz	76	3	viewtopic.php?t=76&start=50	20110913045735
3	Roomz	76	room 26 - confession time	viewtopic.php?t=76	20110913045735
3	Roomz	76	2	viewtopic.php?t=76&start=25	20120214184932
3	Roomz	76	1	viewtopic.php?t=76&start=0	20120214184932
3	Roomz	76	3	viewtopic.php?t=76&start=50	20120214184932
3	Roomz	76	room 26 - confession time	viewtopic.php?t=76	20120214184932
3	Roomz	77	4	viewtopic.php?t=77&start=75	20071030230431
3	Roomz	77	Room 27 - password required?	viewtopic.php?t=77	20071030230431
3	Roomz	77	1	viewtopic.php?t=77&start=0	20071030230431
3	Roomz	77	2	viewtopic.php?t=77&start=25	20071030230431
3	Roomz	77	3	viewtopic.php?t=77&start=50	20071030230431
3	Roomz	77	1	viewtopic.php?t=77&start=0	20081221120223
3	Roomz	77	3	viewtopic.php?t=77&start=50	20081221120223
3	Roomz	77	Room 27 - password required?	viewtopic.php?t=77	20081221120223
3	Roomz	77	5	viewtopic.php?t=77&start=100	20081221120223
3	Roomz	77	4	viewtopic.php?t=77&start=75	20081221120223
3	Roomz	77	Room 27 - password required?	viewtopic.php?t=77	20090220190658
3	Roomz	77	1	viewtopic.php?t=77&start=0	20090220190658
3	Roomz	77	3	viewtopic.php?t=77&start=50	20090220190658
3	Roomz	77	5	viewtopic.php?t=77&start=100	20090220190658
3	Roomz	77	4	viewtopic.php?t=77&start=75	20090220190658
3	Roomz	77	5	viewtopic.php?t=77&start=100	20110618033651
3	Roomz	77	4	viewtopic.php?t=77&start=75	20110618033651
3	Roomz	77	Room 27 - password required?	viewtopic.php?t=77	20110618033651
3	Roomz	77	1	viewtopic.php?t=77&start=0	20110618033651
3	Roomz	77	3	viewtopic.php?t=77&start=50	20110618033651
3	Roomz	77	3	viewtopic.php?t=77&start=50	20110913045735
3	Roomz	77	5	viewtopic.php?t=77&start=100	20110913045735
3	Roomz	77	4	viewtopic.php?t=77&start=75	20110913045735
3	Roomz	77	Room 27 - password required?	viewtopic.php?t=77	20110913045735
3	Roomz	77	1	viewtopic.php?t=77&start=0	20110913045735
3	Roomz	77	5	viewtopic.php?t=77&start=100	20120214184932
3	Roomz	77	4	viewtopic.php?t=77&start=75	20120214184932
3	Roomz	77	Room 27 - password required?	viewtopic.php?t=77	20120214184932
3	Roomz	77	1	viewtopic.php?t=77&start=0	20120214184932
3	Roomz	77	3	viewtopic.php?t=77&start=50	20120214184932
3	Roomz	78	7	viewtopic.php?t=78&start=150	20071030230431
3	Roomz	78	1	viewtopic.php?t=78&start=0	20071030230431
3	Roomz	78	5	viewtopic.php?t=78&start=100	20071030230431
3	Roomz	78	6	viewtopic.php?t=78&start=125	20071030230431
3	Roomz	78	room 28 - we love numbers!	viewtopic.php?t=78	20071030230431
3	Roomz	78	5	viewtopic.php?t=78&start=100	20080226030542
3	Roomz	78	6	viewtopic.php?t=78&start=125	20080226030542
3	Roomz	78	1	viewtopic.php?t=78&start=0	20080226030542
3	Roomz	78	room 28 - we love numbers!	viewtopic.php?t=78	20080226030542
3	Roomz	78	7	viewtopic.php?t=78&start=150	20080226030542
3	Roomz	78	7	viewtopic.php?t=78&start=150	20080303002027
3	Roomz	78	5	viewtopic.php?t=78&start=100	20080303002027
3	Roomz	78	6	viewtopic.php?t=78&start=125	20080303002027
3	Roomz	78	1	viewtopic.php?t=78&start=0	20080303002027
3	Roomz	78	room 28 - we love numbers!	viewtopic.php?t=78	20080303002027
3	Roomz	78	1	viewtopic.php?t=78&start=0	20081221120223
3	Roomz	78	5	viewtopic.php?t=78&start=100	20081221120223
3	Roomz	78	6	viewtopic.php?t=78&start=125	20081221120223
3	Roomz	78	room 28 - we love numbers!	viewtopic.php?t=78	20081221120223
3	Roomz	78	7	viewtopic.php?t=78&start=150	20081221120223
3	Roomz	78	5	viewtopic.php?t=78&start=100	20090220190658
3	Roomz	78	6	viewtopic.php?t=78&start=125	20090220190658
3	Roomz	78	1	viewtopic.php?t=78&start=0	20090220190658
3	Roomz	78	room 28 - we love numbers!	viewtopic.php?t=78	20090220190658
3	Roomz	78	7	viewtopic.php?t=78&start=150	20090220190658
3	Roomz	78	7	viewtopic.php?t=78&start=150	20110618033651
3	Roomz	78	1	viewtopic.php?t=78&start=0	20110618033651
3	Roomz	78	6	viewtopic.php?t=78&start=125	20110618033651
3	Roomz	78	room 28 - we love numbers!	viewtopic.php?t=78	20110618033651
3	Roomz	78	8	viewtopic.php?t=78&start=175	20110618033651
3	Roomz	78	8	viewtopic.php?t=78&start=175	20110913045735
3	Roomz	78	7	viewtopic.php?t=78&start=150	20110913045735
3	Roomz	78	1	viewtopic.php?t=78&start=0	20110913045735
3	Roomz	78	6	viewtopic.php?t=78&start=125	20110913045735
3	Roomz	78	room 28 - we love numbers!	viewtopic.php?t=78	20110913045735
3	Roomz	78	7	viewtopic.php?t=78&start=150	20120214184932
3	Roomz	78	1	viewtopic.php?t=78&start=0	20120214184932
3	Roomz	78	6	viewtopic.php?t=78&start=125	20120214184932
3	Roomz	78	room 28 - we love numbers!	viewtopic.php?t=78	20120214184932
3	Roomz	78	8	viewtopic.php?t=78&start=175	20120214184932
3	Roomz	97	Bonus Room - the Sphinx	viewtopic.php?t=97	20071030230431
3	Roomz	97	3	viewtopic.php?t=97&start=50	20071030230431
3	Roomz	97	1	viewtopic.php?t=97&start=0	20071030230431
3	Roomz	97	2	viewtopic.php?t=97&start=25	20071030230431
3	Roomz	97	Bonus Room - the Sphinx	viewtopic.php?t=97	20080226030542
3	Roomz	97	3	viewtopic.php?t=97&start=50	20080226030542
3	Roomz	97	1	viewtopic.php?t=97&start=0	20080226030542
3	Roomz	97	2	viewtopic.php?t=97&start=25	20080226030542
3	Roomz	97	Bonus Room - the Sphinx	viewtopic.php?t=97	20080303002027
3	Roomz	97	3	viewtopic.php?t=97&start=50	20080303002027
3	Roomz	97	1	viewtopic.php?t=97&start=0	20080303002027
3	Roomz	97	2	viewtopic.php?t=97&start=25	20080303002027
3	Roomz	97	3	viewtopic.php?t=97&start=50	20081221120223
3	Roomz	97	4	viewtopic.php?t=97&start=75	20081221120223
3	Roomz	97	1	viewtopic.php?t=97&start=0	20081221120223
3	Roomz	97	2	viewtopic.php?t=97&start=25	20081221120223
3	Roomz	97	Bonus Room - the Sphinx	viewtopic.php?t=97	20081221120223
3	Roomz	97	Bonus Room - the Sphinx	viewtopic.php?t=97	20090220190658
3	Roomz	97	3	viewtopic.php?t=97&start=50	20090220190658
3	Roomz	97	4	viewtopic.php?t=97&start=75	20090220190658
3	Roomz	97	1	viewtopic.php?t=97&start=0	20090220190658
3	Roomz	97	2	viewtopic.php?t=97&start=25	20090220190658
3	Roomz	97	2	viewtopic.php?t=97&start=25	20110618033651
3	Roomz	97	Bonus Room - the Sphinx	viewtopic.php?t=97	20110618033651
3	Roomz	97	3	viewtopic.php?t=97&start=50	20110618033651
3	Roomz	97	4	viewtopic.php?t=97&start=75	20110618033651
3	Roomz	97	1	viewtopic.php?t=97&start=0	20110618033651
3	Roomz	97	2	viewtopic.php?t=97&start=25	20110913045735
3	Roomz	97	Bonus Room - the Sphinx	viewtopic.php?t=97	20110913045735
3	Roomz	97	4	viewtopic.php?t=97&start=75	20110913045735
3	Roomz	97	1	viewtopic.php?t=97&start=0	20110913045735
3	Roomz	97	3	viewtopic.php?t=97&start=50	20110913045735
3	Roomz	97	Bonus Room - the Sphinx	viewtopic.php?t=97	20120214184932
3	Roomz	97	3	viewtopic.php?t=97&start=50	20120214184932
3	Roomz	97	4	viewtopic.php?t=97&start=75	20120214184932
3	Roomz	97	1	viewtopic.php?t=97&start=0	20120214184932
3	Roomz	97	2	viewtopic.php?t=97&start=25	20120214184932
3	Roomz	109	5	viewtopic.php?t=109&start=100	20071030230431
3	Roomz	109	1	viewtopic.php?t=109&start=0	20071030230431
3	Roomz	109	room 29 - we're one big family	viewtopic.php?t=109	20071030230431
3	Roomz	109	4	viewtopic.php?t=109&start=75	20071030230431
3	Roomz	109	6	viewtopic.php?t=109&start=125	20071030230431
3	Roomz	109	1	viewtopic.php?t=109&start=0	20080226030542
3	Roomz	109	room 29 - we're one big family	viewtopic.php?t=109	20080226030542
3	Roomz	109	7	viewtopic.php?t=109&start=150	20080226030542
3	Roomz	109	6	viewtopic.php?t=109&start=125	20080226030542
3	Roomz	109	5	viewtopic.php?t=109&start=100	20080226030542
3	Roomz	109	1	viewtopic.php?t=109&start=0	20080303002027
3	Roomz	109	room 29 - we're one big family	viewtopic.php?t=109	20080303002027
3	Roomz	109	7	viewtopic.php?t=109&start=150	20080303002027
3	Roomz	109	6	viewtopic.php?t=109&start=125	20080303002027
3	Roomz	109	5	viewtopic.php?t=109&start=100	20080303002027
3	Roomz	109	7	viewtopic.php?t=109&start=150	20081221120223
3	Roomz	109	6	viewtopic.php?t=109&start=125	20081221120223
3	Roomz	109	8	viewtopic.php?t=109&start=175	20081221120223
3	Roomz	109	1	viewtopic.php?t=109&start=0	20081221120223
3	Roomz	109	room 29 - we're one big family	viewtopic.php?t=109	20081221120223
3	Roomz	109	room 29 - we're one big family	viewtopic.php?t=109	20090220190658
3	Roomz	109	7	viewtopic.php?t=109&start=150	20090220190658
3	Roomz	109	6	viewtopic.php?t=109&start=125	20090220190658
3	Roomz	109	8	viewtopic.php?t=109&start=175	20090220190658
3	Roomz	109	1	viewtopic.php?t=109&start=0	20090220190658
3	Roomz	109	8	viewtopic.php?t=109&start=175	20110618033651
3	Roomz	109	1	viewtopic.php?t=109&start=0	20110618033651
3	Roomz	109	room 29 - we're one big family	viewtopic.php?t=109	20110618033651
3	Roomz	109	7	viewtopic.php?t=109&start=150	20110618033651
3	Roomz	109	6	viewtopic.php?t=109&start=125	20110618033651
3	Roomz	109	8	viewtopic.php?t=109&start=175	20110913045735
3	Roomz	109	1	viewtopic.php?t=109&start=0	20110913045735
3	Roomz	109	room 29 - we're one big family	viewtopic.php?t=109	20110913045735
3	Roomz	109	7	viewtopic.php?t=109&start=150	20110913045735
3	Roomz	109	6	viewtopic.php?t=109&start=125	20110913045735
3	Roomz	109	room 29 - we're one big family	viewtopic.php?t=109	20120214184932
3	Roomz	109	7	viewtopic.php?t=109&start=150	20120214184932
3	Roomz	109	6	viewtopic.php?t=109&start=125	20120214184932
3	Roomz	109	8	viewtopic.php?t=109&start=175	20120214184932
3	Roomz	109	1	viewtopic.php?t=109&start=0	20120214184932
3	Roomz	110	room 30 - my name is fake...	viewtopic.php?t=110	20071030230431
3	Roomz	110	9	viewtopic.php?t=110&start=200	20071030230431
3	Roomz	110	7	viewtopic.php?t=110&start=150	20071030230431
3	Roomz	110	1	viewtopic.php?t=110&start=0	20071030230431
3	Roomz	110	8	viewtopic.php?t=110&start=175	20071030230431
3	Roomz	110	10	viewtopic.php?t=110&start=225	20080226030542
3	Roomz	110	room 30 - my name is fake...	viewtopic.php?t=110	20080226030542
3	Roomz	110	9	viewtopic.php?t=110&start=200	20080226030542
3	Roomz	110	11	viewtopic.php?t=110&start=250	20080226030542
3	Roomz	110	1	viewtopic.php?t=110&start=0	20080226030542
3	Roomz	110	11	viewtopic.php?t=110&start=250	20080303002027
3	Roomz	110	1	viewtopic.php?t=110&start=0	20080303002027
3	Roomz	110	10	viewtopic.php?t=110&start=225	20080303002027
3	Roomz	110	room 30 - my name is fake...	viewtopic.php?t=110	20080303002027
3	Roomz	110	9	viewtopic.php?t=110&start=200	20080303002027
3	Roomz	110	12	viewtopic.php?t=110&start=275	20081221120223
3	Roomz	110	room 30 - my name is fake...	viewtopic.php?t=110	20081221120223
3	Roomz	110	11	viewtopic.php?t=110&start=250	20081221120223
3	Roomz	110	10	viewtopic.php?t=110&start=225	20081221120223
3	Roomz	110	1	viewtopic.php?t=110&start=0	20081221120223
3	Roomz	110	10	viewtopic.php?t=110&start=225	20090220190658
3	Roomz	110	12	viewtopic.php?t=110&start=275	20090220190658
3	Roomz	110	room 30 - my name is fake...	viewtopic.php?t=110	20090220190658
3	Roomz	110	11	viewtopic.php?t=110&start=250	20090220190658
3	Roomz	110	1	viewtopic.php?t=110&start=0	20090220190658
3	Roomz	110	13	viewtopic.php?t=110&start=300	20110618033651
3	Roomz	110	1	viewtopic.php?t=110&start=0	20110618033651
3	Roomz	110	room 30 - my name is fake...	viewtopic.php?t=110	20110618033651
3	Roomz	110	12	viewtopic.php?t=110&start=275	20110618033651
3	Roomz	110	11	viewtopic.php?t=110&start=250	20110618033651
3	Roomz	110	room 30 - my name is fake...	viewtopic.php?t=110	20110913045735
3	Roomz	110	11	viewtopic.php?t=110&start=250	20110913045735
3	Roomz	110	1	viewtopic.php?t=110&start=0	20110913045735
3	Roomz	110	13	viewtopic.php?t=110&start=300	20110913045735
3	Roomz	110	12	viewtopic.php?t=110&start=275	20110913045735
3	Roomz	110	1	viewtopic.php?t=110&start=0	20120214184932
3	Roomz	110	room 30 - my name is fake...	viewtopic.php?t=110	20120214184932
3	Roomz	110	12	viewtopic.php?t=110&start=275	20120214184932
3	Roomz	110	11	viewtopic.php?t=110&start=250	20120214184932
3	Roomz	110	13	viewtopic.php?t=110&start=300	20120214184932
3	Roomz	121	1	viewtopic.php?t=121&start=0	20071030230431
3	Roomz	121	7	viewtopic.php?t=121&start=150	20071030230431
3	Roomz	121	Room 31 - What the hell?!	viewtopic.php?t=121	20071030230431
3	Roomz	121	5	viewtopic.php?t=121&start=100	20071030230431
3	Roomz	121	6	viewtopic.php?t=121&start=125	20071030230431
3	Roomz	121	7	viewtopic.php?t=121&start=150	20080226030542
3	Roomz	121	Room 31 - What the hell?!	viewtopic.php?t=121	20080226030542
3	Roomz	121	6	viewtopic.php?t=121&start=125	20080226030542
3	Roomz	121	1	viewtopic.php?t=121&start=0	20080226030542
3	Roomz	121	8	viewtopic.php?t=121&start=175	20080226030542
3	Roomz	121	9	viewtopic.php?t=121&start=200	20080303002027
3	Roomz	121	8	viewtopic.php?t=121&start=175	20080303002027
3	Roomz	121	7	viewtopic.php?t=121&start=150	20080303002027
3	Roomz	121	Room 31 - What the hell?!	viewtopic.php?t=121	20080303002027
3	Roomz	121	1	viewtopic.php?t=121&start=0	20080303002027
3	Roomz	121	Room 31 - What the hell?!	viewtopic.php?t=121	20081221120223
3	Roomz	121	1	viewtopic.php?t=121&start=0	20081221120223
3	Roomz	121	9	viewtopic.php?t=121&start=200	20081221120223
3	Roomz	121	8	viewtopic.php?t=121&start=175	20081221120223
3	Roomz	121	7	viewtopic.php?t=121&start=150	20081221120223
3	Roomz	121	7	viewtopic.php?t=121&start=150	20090220190658
3	Roomz	121	Room 31 - What the hell?!	viewtopic.php?t=121	20090220190658
3	Roomz	121	1	viewtopic.php?t=121&start=0	20090220190658
3	Roomz	121	9	viewtopic.php?t=121&start=200	20090220190658
3	Roomz	121	8	viewtopic.php?t=121&start=175	20090220190658
3	Roomz	121	1	viewtopic.php?t=121&start=0	20110618033651
3	Roomz	121	7	viewtopic.php?t=121&start=150	20110618033651
3	Roomz	121	9	viewtopic.php?t=121&start=200	20110618033651
3	Roomz	121	8	viewtopic.php?t=121&start=175	20110618033651
3	Roomz	121	Room 31 - What the hell?!	viewtopic.php?t=121	20110618033651
3	Roomz	121	1	viewtopic.php?t=121&start=0	20110913045735
3	Roomz	121	9	viewtopic.php?t=121&start=200	20110913045735
3	Roomz	121	8	viewtopic.php?t=121&start=175	20110913045735
3	Roomz	121	7	viewtopic.php?t=121&start=150	20110913045735
3	Roomz	121	Room 31 - What the hell?!	viewtopic.php?t=121	20110913045735
3	Roomz	121	8	viewtopic.php?t=121&start=175	20120214184932
3	Roomz	121	Room 31 - What the hell?!	viewtopic.php?t=121	20120214184932
3	Roomz	121	1	viewtopic.php?t=121&start=0	20120214184932
3	Roomz	121	10	viewtopic.php?t=121&start=225	20120214184932
3	Roomz	121	9	viewtopic.php?t=121&start=200	20120214184932
3	Roomz	122	9	viewtopic.php?t=122&start=200	20071030230431
3	Roomz	122	10	viewtopic.php?t=122&start=225	20071030230431
3	Roomz	122	Room 32 - Knock, knock, knockin' on heaven's door...	viewtopic.php?t=122	20071030230431
3	Roomz	122	8	viewtopic.php?t=122&start=175	20071030230431
3	Roomz	122	1	viewtopic.php?t=122&start=0	20071030230431
3	Roomz	122	13	viewtopic.php?t=122&start=300	20080226030542
3	Roomz	122	Room 32 - Knock, knock, knockin' on heaven's door...	viewtopic.php?t=122	20080226030542
3	Roomz	122	1	viewtopic.php?t=122&start=0	20080226030542
3	Roomz	122	11	viewtopic.php?t=122&start=250	20080226030542
3	Roomz	122	12	viewtopic.php?t=122&start=275	20080226030542
3	Roomz	122	12	viewtopic.php?t=122&start=275	20080303002027
3	Roomz	122	13	viewtopic.php?t=122&start=300	20080303002027
3	Roomz	122	Room 32 - Knock, knock, knockin' on heaven's door...	viewtopic.php?t=122	20080303002027
3	Roomz	122	1	viewtopic.php?t=122&start=0	20080303002027
3	Roomz	122	14	viewtopic.php?t=122&start=325	20080303002027
3	Roomz	122	Room 32 - Knock, knock, knockin' on heaven's door...	viewtopic.php?t=122	20081221120223
3	Roomz	122	1	viewtopic.php?t=122&start=0	20081221120223
3	Roomz	122	14	viewtopic.php?t=122&start=325	20081221120223
3	Roomz	122	15	viewtopic.php?t=122&start=350	20081221120223
3	Roomz	122	13	viewtopic.php?t=122&start=300	20081221120223
3	Roomz	122	15	viewtopic.php?t=122&start=350	20090220190658
3	Roomz	122	13	viewtopic.php?t=122&start=300	20090220190658
3	Roomz	122	Room 32 - Knock, knock, knockin' on heaven's door...	viewtopic.php?t=122	20090220190658
3	Roomz	122	1	viewtopic.php?t=122&start=0	20090220190658
3	Roomz	122	14	viewtopic.php?t=122&start=325	20090220190658
3	Roomz	122	15	viewtopic.php?t=122&start=350	20110618033651
3	Roomz	122	16	viewtopic.php?t=122&start=375	20110618033651
3	Roomz	122	14	viewtopic.php?t=122&start=325	20110618033651
3	Roomz	122	Room 32 - Knock, knock, knockin' on heaven's door...	viewtopic.php?t=122	20110618033651
3	Roomz	122	1	viewtopic.php?t=122&start=0	20110618033651
3	Roomz	122	14	viewtopic.php?t=122&start=325	20110913045735
3	Roomz	122	15	viewtopic.php?t=122&start=350	20110913045735
3	Roomz	122	16	viewtopic.php?t=122&start=375	20110913045735
3	Roomz	122	Room 32 - Knock, knock, knockin' on heaven's door...	viewtopic.php?t=122	20110913045735
3	Roomz	122	1	viewtopic.php?t=122&start=0	20110913045735
3	Roomz	122	16	viewtopic.php?t=122&start=375	20120214184932
3	Roomz	122	14	viewtopic.php?t=122&start=325	20120214184932
3	Roomz	122	Room 32 - Knock, knock, knockin' on heaven's door...	viewtopic.php?t=122	20120214184932
3	Roomz	122	1	viewtopic.php?t=122&start=0	20120214184932
3	Roomz	122	15	viewtopic.php?t=122&start=350	20120214184932
3	Roomz	124	8	viewtopic.php?t=124&start=175	20071030230431
3	Roomz	124	7	viewtopic.php?t=124&start=150	20071030230431
3	Roomz	124	9	viewtopic.php?t=124&start=200	20071030230431
3	Roomz	124	1	viewtopic.php?t=124&start=0	20071030230431
3	Roomz	124	Room 33 - Looks Familiar...	viewtopic.php?t=124	20071030230431
3	Roomz	124	Room 33 - Looks Familiar...	viewtopic.php?t=124	20080226030542
3	Roomz	124	10	viewtopic.php?t=124&start=225	20080226030542
3	Roomz	124	11	viewtopic.php?t=124&start=250	20080226030542
3	Roomz	124	1	viewtopic.php?t=124&start=0	20080226030542
3	Roomz	124	12	viewtopic.php?t=124&start=275	20080226030542
3	Roomz	124	12	viewtopic.php?t=124&start=275	20080303002027
3	Roomz	124	Room 33 - Looks Familiar...	viewtopic.php?t=124	20080303002027
3	Roomz	124	10	viewtopic.php?t=124&start=225	20080303002027
3	Roomz	124	11	viewtopic.php?t=124&start=250	20080303002027
3	Roomz	124	1	viewtopic.php?t=124&start=0	20080303002027
3	Roomz	124	Room 33 - Looks Familiar...	viewtopic.php?t=124	20081221120223
3	Roomz	124	11	viewtopic.php?t=124&start=250	20081221120223
3	Roomz	124	1	viewtopic.php?t=124&start=0	20081221120223
3	Roomz	124	13	viewtopic.php?t=124&start=300	20081221120223
3	Roomz	124	12	viewtopic.php?t=124&start=275	20081221120223
3	Roomz	124	Room 33 - Looks Familiar...	viewtopic.php?t=124	20090220190658
3	Roomz	124	11	viewtopic.php?t=124&start=250	20090220190658
3	Roomz	124	1	viewtopic.php?t=124&start=0	20090220190658
3	Roomz	124	12	viewtopic.php?t=124&start=275	20090220190658
3	Roomz	124	13	viewtopic.php?t=124&start=300	20090220190658
3	Roomz	124	13	viewtopic.php?t=124&start=300	20110618033651
3	Roomz	124	12	viewtopic.php?t=124&start=275	20110618033651
3	Roomz	124	14	viewtopic.php?t=124&start=325	20110618033651
3	Roomz	124	Room 33 - Looks Familiar...	viewtopic.php?t=124	20110618033651
3	Roomz	124	1	viewtopic.php?t=124&start=0	20110618033651
3	Roomz	124	1	viewtopic.php?t=124&start=0	20110913045735
3	Roomz	124	13	viewtopic.php?t=124&start=300	20110913045735
3	Roomz	124	12	viewtopic.php?t=124&start=275	20110913045735
3	Roomz	124	14	viewtopic.php?t=124&start=325	20110913045735
3	Roomz	124	Room 33 - Looks Familiar...	viewtopic.php?t=124	20110913045735
3	Roomz	124	12	viewtopic.php?t=124&start=275	20120214184932
3	Roomz	124	14	viewtopic.php?t=124&start=325	20120214184932
3	Roomz	124	Room 33 - Looks Familiar...	viewtopic.php?t=124	20120214184932
3	Roomz	124	1	viewtopic.php?t=124&start=0	20120214184932
3	Roomz	124	13	viewtopic.php?t=124&start=300	20120214184932
3	Roomz	126	6	viewtopic.php?t=126&start=125	20071030230431
3	Roomz	126	1	viewtopic.php?t=126&start=0	20071030230431
3	Roomz	126	7	viewtopic.php?t=126&start=150	20071030230431
3	Roomz	126	8	viewtopic.php?t=126&start=175	20071030230431
3	Roomz	126	Room 34 - Evil, Cruel and Sadistic? Not half!	viewtopic.php?t=126	20071030230431
3	Roomz	126	11	viewtopic.php?t=126&start=250	20080226030542
3	Roomz	126	9	viewtopic.php?t=126&start=200	20080226030542
3	Roomz	126	10	viewtopic.php?t=126&start=225	20080226030542
3	Roomz	126	Room 34 - Evil, Cruel and Sadistic? Not half!	viewtopic.php?t=126	20080226030542
3	Roomz	126	1	viewtopic.php?t=126&start=0	20080226030542
3	Roomz	126	1	viewtopic.php?t=126&start=0	20080303002027
3	Roomz	126	11	viewtopic.php?t=126&start=250	20080303002027
3	Roomz	126	9	viewtopic.php?t=126&start=200	20080303002027
3	Roomz	126	10	viewtopic.php?t=126&start=225	20080303002027
3	Roomz	126	Room 34 - Evil, Cruel and Sadistic? Not half!	viewtopic.php?t=126	20080303002027
3	Roomz	126	Room 34 - Evil, Cruel and Sadistic? Not half!	viewtopic.php?t=126	20081221120223
3	Roomz	126	10	viewtopic.php?t=126&start=225	20081221120223
3	Roomz	126	1	viewtopic.php?t=126&start=0	20081221120223
3	Roomz	126	11	viewtopic.php?t=126&start=250	20081221120223
3	Roomz	126	9	viewtopic.php?t=126&start=200	20081221120223
3	Roomz	126	11	viewtopic.php?t=126&start=250	20090220190658
3	Roomz	126	9	viewtopic.php?t=126&start=200	20090220190658
3	Roomz	126	10	viewtopic.php?t=126&start=225	20090220190658
3	Roomz	126	Room 34 - Evil, Cruel and Sadistic? Not half!	viewtopic.php?t=126	20090220190658
3	Roomz	126	1	viewtopic.php?t=126&start=0	20090220190658
3	Roomz	126	11	viewtopic.php?t=126&start=250	20110618033651
3	Roomz	126	12	viewtopic.php?t=126&start=275	20110618033651
3	Roomz	126	Room 34 - Evil, Cruel and Sadistic? Not half!	viewtopic.php?t=126	20110618033651
3	Roomz	126	10	viewtopic.php?t=126&start=225	20110618033651
3	Roomz	126	1	viewtopic.php?t=126&start=0	20110618033651
3	Roomz	126	1	viewtopic.php?t=126&start=0	20110913045735
3	Roomz	126	12	viewtopic.php?t=126&start=275	20110913045735
3	Roomz	126	11	viewtopic.php?t=126&start=250	20110913045735
3	Roomz	126	10	viewtopic.php?t=126&start=225	20110913045735
3	Roomz	126	Room 34 - Evil, Cruel and Sadistic? Not half!	viewtopic.php?t=126	20110913045735
3	Roomz	126	12	viewtopic.php?t=126&start=275	20120214184932
3	Roomz	126	Room 34 - Evil, Cruel and Sadistic? Not half!	viewtopic.php?t=126	20120214184932
3	Roomz	126	10	viewtopic.php?t=126&start=225	20120214184932
3	Roomz	126	1	viewtopic.php?t=126&start=0	20120214184932
3	Roomz	126	11	viewtopic.php?t=126&start=250	20120214184932
3	Roomz	130	Room 35 - Not another wingdings	viewtopic.php?t=130	20071030230431
3	Roomz	130	1	viewtopic.php?t=130&start=0	20071030230431
3	Roomz	130	3	viewtopic.php?t=130&start=50	20071030230431
3	Roomz	130	2	viewtopic.php?t=130&start=25	20071030230431
3	Roomz	130	4	viewtopic.php?t=130&start=75	20071030230431
3	Roomz	130	3	viewtopic.php?t=130&start=50	20080226030542
3	Roomz	130	4	viewtopic.php?t=130&start=75	20080226030542
3	Roomz	130	5	viewtopic.php?t=130&start=100	20080226030542
3	Roomz	130	Room 35 - Not another wingdings	viewtopic.php?t=130	20080226030542
3	Roomz	130	1	viewtopic.php?t=130&start=0	20080226030542
3	Roomz	130	5	viewtopic.php?t=130&start=100	20080303002027
3	Roomz	130	Room 35 - Not another wingdings	viewtopic.php?t=130	20080303002027
3	Roomz	130	1	viewtopic.php?t=130&start=0	20080303002027
3	Roomz	130	3	viewtopic.php?t=130&start=50	20080303002027
3	Roomz	130	4	viewtopic.php?t=130&start=75	20080303002027
3	Roomz	130	4	viewtopic.php?t=130&start=75	20081221120223
3	Roomz	130	6	viewtopic.php?t=130&start=125	20081221120223
3	Roomz	130	5	viewtopic.php?t=130&start=100	20081221120223
3	Roomz	130	Room 35 - Not another wingdings	viewtopic.php?t=130	20081221120223
3	Roomz	130	1	viewtopic.php?t=130&start=0	20081221120223
3	Roomz	130	4	viewtopic.php?t=130&start=75	20090220190658
3	Roomz	130	6	viewtopic.php?t=130&start=125	20090220190658
3	Roomz	130	5	viewtopic.php?t=130&start=100	20090220190658
3	Roomz	130	Room 35 - Not another wingdings	viewtopic.php?t=130	20090220190658
3	Roomz	130	1	viewtopic.php?t=130&start=0	20090220190658
3	Roomz	130	1	viewtopic.php?t=130&start=0	20110618033651
3	Roomz	130	5	viewtopic.php?t=130&start=100	20110618033651
3	Roomz	130	4	viewtopic.php?t=130&start=75	20110618033651
3	Roomz	130	6	viewtopic.php?t=130&start=125	20110618033651
3	Roomz	130	Room 35 - Not another wingdings	viewtopic.php?t=130	20110618033651
3	Roomz	130	1	viewtopic.php?t=130&start=0	20110913045735
3	Roomz	130	5	viewtopic.php?t=130&start=100	20110913045735
3	Roomz	130	4	viewtopic.php?t=130&start=75	20110913045735
3	Roomz	130	6	viewtopic.php?t=130&start=125	20110913045735
3	Roomz	130	Room 35 - Not another wingdings	viewtopic.php?t=130	20110913045735
3	Roomz	130	4	viewtopic.php?t=130&start=75	20120214184932
3	Roomz	130	6	viewtopic.php?t=130&start=125	20120214184932
3	Roomz	130	Room 35 - Not another wingdings	viewtopic.php?t=130	20120214184932
3	Roomz	130	1	viewtopic.php?t=130&start=0	20120214184932
3	Roomz	130	5	viewtopic.php?t=130&start=100	20120214184932
3	Roomz	139	4	viewtopic.php?t=139&start=75	20071030230431
3	Roomz	139	1	viewtopic.php?t=139&start=0	20071030230431
3	Roomz	139	5	viewtopic.php?t=139&start=100	20071030230431
3	Roomz	139	Bonus Room 2 - P.E.N.O.	viewtopic.php?t=139	20071030230431
3	Roomz	139	6	viewtopic.php?t=139&start=125	20071030230431
3	Roomz	139	6	viewtopic.php?t=139&start=125	20080226030542
3	Roomz	139	5	viewtopic.php?t=139&start=100	20080226030542
3	Roomz	139	1	viewtopic.php?t=139&start=0	20080226030542
3	Roomz	139	7	viewtopic.php?t=139&start=150	20080226030542
3	Roomz	139	Bonus Room 2 - P.E.N.O.	viewtopic.php?t=139	20080226030542
3	Roomz	139	7	viewtopic.php?t=139&start=150	20080303002027
3	Roomz	139	Bonus Room 2 - P.E.N.O.	viewtopic.php?t=139	20080303002027
3	Roomz	139	6	viewtopic.php?t=139&start=125	20080303002027
3	Roomz	139	5	viewtopic.php?t=139&start=100	20080303002027
3	Roomz	139	1	viewtopic.php?t=139&start=0	20080303002027
3	Roomz	139	7	viewtopic.php?t=139&start=150	20081221120223
3	Roomz	139	6	viewtopic.php?t=139&start=125	20081221120223
3	Roomz	139	5	viewtopic.php?t=139&start=100	20081221120223
3	Roomz	139	Bonus Room 2 - P.E.N.O.	viewtopic.php?t=139	20081221120223
3	Roomz	139	1	viewtopic.php?t=139&start=0	20081221120223
3	Roomz	139	6	viewtopic.php?t=139&start=125	20090220190658
3	Roomz	139	5	viewtopic.php?t=139&start=100	20090220190658
3	Roomz	139	1	viewtopic.php?t=139&start=0	20090220190658
3	Roomz	139	7	viewtopic.php?t=139&start=150	20090220190658
3	Roomz	139	Bonus Room 2 - P.E.N.O.	viewtopic.php?t=139	20090220190658
3	Roomz	139	1	viewtopic.php?t=139&start=0	20110618033651
3	Roomz	139	8	viewtopic.php?t=139&start=175	20110618033651
3	Roomz	139	7	viewtopic.php?t=139&start=150	20110618033651
3	Roomz	139	6	viewtopic.php?t=139&start=125	20110618033651
3	Roomz	139	Bonus Room 2 - P.E.N.O.	viewtopic.php?t=139	20110618033651
3	Roomz	139	Bonus Room 2 - P.E.N.O.	viewtopic.php?t=139	20110913045735
3	Roomz	139	1	viewtopic.php?t=139&start=0	20110913045735
3	Roomz	139	7	viewtopic.php?t=139&start=150	20110913045735
3	Roomz	139	8	viewtopic.php?t=139&start=175	20110913045735
3	Roomz	139	6	viewtopic.php?t=139&start=125	20110913045735
3	Roomz	139	8	viewtopic.php?t=139&start=175	20120214184932
3	Roomz	139	7	viewtopic.php?t=139&start=150	20120214184932
3	Roomz	139	6	viewtopic.php?t=139&start=125	20120214184932
3	Roomz	139	Bonus Room 2 - P.E.N.O.	viewtopic.php?t=139	20120214184932
3	Roomz	139	1	viewtopic.php?t=139&start=0	20120214184932
3	Roomz	141	2	viewtopic.php?t=141&start=25	20071030230431
3	Roomz	141	1	viewtopic.php?t=141&start=0	20071030230431
3	Roomz	141	"Room 36 - ""In the jungle, the mighty jungle..."""	viewtopic.php?t=141	20071030230431
3	Roomz	141	3	viewtopic.php?t=141&start=50	20071030230431
3	Roomz	141	2	viewtopic.php?t=141&start=25	20080226030542
3	Roomz	141	1	viewtopic.php?t=141&start=0	20080226030542
3	Roomz	141	"Room 36 - ""In the jungle, the mighty jungle..."""	viewtopic.php?t=141	20080226030542
3	Roomz	141	3	viewtopic.php?t=141&start=50	20080226030542
3	Roomz	141	4	viewtopic.php?t=141&start=75	20080226030542
3	Roomz	141	2	viewtopic.php?t=141&start=25	20080303002027
3	Roomz	141	1	viewtopic.php?t=141&start=0	20080303002027
3	Roomz	141	"Room 36 - ""In the jungle, the mighty jungle..."""	viewtopic.php?t=141	20080303002027
3	Roomz	141	3	viewtopic.php?t=141&start=50	20080303002027
3	Roomz	141	4	viewtopic.php?t=141&start=75	20080303002027
3	Roomz	141	2	viewtopic.php?t=141&start=25	20081221120223
3	Roomz	141	1	viewtopic.php?t=141&start=0	20081221120223
3	Roomz	141	3	viewtopic.php?t=141&start=50	20081221120223
3	Roomz	141	"Room 36 - ""In the jungle, the mighty jungle..."""	viewtopic.php?t=141	20081221120223
3	Roomz	141	4	viewtopic.php?t=141&start=75	20081221120223
3	Roomz	141	2	viewtopic.php?t=141&start=25	20090220190658
3	Roomz	141	1	viewtopic.php?t=141&start=0	20090220190658
3	Roomz	141	"Room 36 - ""In the jungle, the mighty jungle..."""	viewtopic.php?t=141	20090220190658
3	Roomz	141	3	viewtopic.php?t=141&start=50	20090220190658
3	Roomz	141	4	viewtopic.php?t=141&start=75	20090220190658
3	Roomz	141	1	viewtopic.php?t=141&start=0	20110618033651
3	Roomz	141	5	viewtopic.php?t=141&start=100	20110618033651
3	Roomz	141	"Room 36 - ""In the jungle, the mighty jungle..."""	viewtopic.php?t=141	20110618033651
3	Roomz	141	3	viewtopic.php?t=141&start=50	20110618033651
3	Roomz	141	4	viewtopic.php?t=141&start=75	20110618033651
3	Roomz	141	4	viewtopic.php?t=141&start=75	20110913045735
3	Roomz	141	1	viewtopic.php?t=141&start=0	20110913045735
3	Roomz	141	5	viewtopic.php?t=141&start=100	20110913045735
3	Roomz	141	"Room 36 - ""In the jungle, the mighty jungle..."""	viewtopic.php?t=141	20110913045735
3	Roomz	141	3	viewtopic.php?t=141&start=50	20110913045735
3	Roomz	141	1	viewtopic.php?t=141&start=0	20120214184932
3	Roomz	141	5	viewtopic.php?t=141&start=100	20120214184932
3	Roomz	141	"Room 36 - ""In the jungle, the mighty jungle..."""	viewtopic.php?t=141	20120214184932
3	Roomz	141	3	viewtopic.php?t=141&start=50	20120214184932
3	Roomz	141	4	viewtopic.php?t=141&start=75	20120214184932
3	Roomz	142	3	viewtopic.php?t=142&start=50	20071030230431
3	Roomz	142	Room 37 - Wooooood	viewtopic.php?t=142	20071030230431
3	Roomz	142	1	viewtopic.php?t=142&start=0	20071030230431
3	Roomz	142	2	viewtopic.php?t=142&start=25	20071030230431
3	Roomz	142	2	viewtopic.php?t=142&start=25	20080226030542
3	Roomz	142	3	viewtopic.php?t=142&start=50	20080226030542
3	Roomz	142	Room 37 - Wooooood	viewtopic.php?t=142	20080226030542
3	Roomz	142	4	viewtopic.php?t=142&start=75	20080226030542
3	Roomz	142	1	viewtopic.php?t=142&start=0	20080226030542
3	Roomz	142	3	viewtopic.php?t=142&start=50	20080303002027
3	Roomz	142	Room 37 - Wooooood	viewtopic.php?t=142	20080303002027
3	Roomz	142	4	viewtopic.php?t=142&start=75	20080303002027
3	Roomz	142	1	viewtopic.php?t=142&start=0	20080303002027
3	Roomz	142	2	viewtopic.php?t=142&start=25	20080303002027
3	Roomz	142	1	viewtopic.php?t=142&start=0	20081221120223
3	Roomz	142	2	viewtopic.php?t=142&start=25	20081221120223
3	Roomz	142	3	viewtopic.php?t=142&start=50	20081221120223
3	Roomz	142	4	viewtopic.php?t=142&start=75	20081221120223
3	Roomz	142	Room 37 - Wooooood	viewtopic.php?t=142	20081221120223
3	Roomz	142	2	viewtopic.php?t=142&start=25	20090220190658
3	Roomz	142	3	viewtopic.php?t=142&start=50	20090220190658
3	Roomz	142	Room 37 - Wooooood	viewtopic.php?t=142	20090220190658
3	Roomz	142	4	viewtopic.php?t=142&start=75	20090220190658
3	Roomz	142	1	viewtopic.php?t=142&start=0	20090220190658
3	Roomz	142	5	viewtopic.php?t=142&start=100	20110618033651
3	Roomz	142	Room 37 - Wooooood	viewtopic.php?t=142	20110618033651
3	Roomz	142	1	viewtopic.php?t=142&start=0	20110618033651
3	Roomz	142	3	viewtopic.php?t=142&start=50	20110618033651
3	Roomz	142	4	viewtopic.php?t=142&start=75	20110618033651
3	Roomz	142	5	viewtopic.php?t=142&start=100	20110913045735
3	Roomz	142	Room 37 - Wooooood	viewtopic.php?t=142	20110913045735
3	Roomz	142	4	viewtopic.php?t=142&start=75	20110913045735
3	Roomz	142	1	viewtopic.php?t=142&start=0	20110913045735
3	Roomz	142	3	viewtopic.php?t=142&start=50	20110913045735
3	Roomz	142	Room 37 - Wooooood	viewtopic.php?t=142	20120214184932
3	Roomz	142	1	viewtopic.php?t=142&start=0	20120214184932
3	Roomz	142	3	viewtopic.php?t=142&start=50	20120214184932
3	Roomz	142	4	viewtopic.php?t=142&start=75	20120214184932
3	Roomz	142	5	viewtopic.php?t=142&start=100	20120214184932
3	Roomz	152	3	viewtopic.php?t=152&start=50	20071030230431
3	Roomz	152	Room 38 - The flickering	viewtopic.php?t=152	20071030230431
3	Roomz	152	5	viewtopic.php?t=152&start=100	20071030230431
3	Roomz	152	4	viewtopic.php?t=152&start=75	20071030230431
3	Roomz	152	1	viewtopic.php?t=152&start=0	20071030230431
3	Roomz	152	5	viewtopic.php?t=152&start=100	20080226030542
3	Roomz	152	4	viewtopic.php?t=152&start=75	20080226030542
3	Roomz	152	1	viewtopic.php?t=152&start=0	20080226030542
3	Roomz	152	6	viewtopic.php?t=152&start=125	20080226030542
3	Roomz	152	Room 38 - The flickering	viewtopic.php?t=152	20080226030542
3	Roomz	152	Room 38 - The flickering	viewtopic.php?t=152	20080303002027
3	Roomz	152	5	viewtopic.php?t=152&start=100	20080303002027
3	Roomz	152	4	viewtopic.php?t=152&start=75	20080303002027
3	Roomz	152	1	viewtopic.php?t=152&start=0	20080303002027
3	Roomz	152	6	viewtopic.php?t=152&start=125	20080303002027
3	Roomz	152	1	viewtopic.php?t=152&start=0	20081221120223
3	Roomz	152	6	viewtopic.php?t=152&start=125	20081221120223
3	Roomz	152	7	viewtopic.php?t=152&start=150	20081221120223
3	Roomz	152	5	viewtopic.php?t=152&start=100	20081221120223
3	Roomz	152	Room 38 - The flickering	viewtopic.php?t=152	20081221120223
3	Roomz	152	7	viewtopic.php?t=152&start=150	20090220190658
3	Roomz	152	5	viewtopic.php?t=152&start=100	20090220190658
3	Roomz	152	1	viewtopic.php?t=152&start=0	20090220190658
3	Roomz	152	6	viewtopic.php?t=152&start=125	20090220190658
3	Roomz	152	Room 38 - The flickering	viewtopic.php?t=152	20090220190658
3	Roomz	152	Room 38 - The flickering	viewtopic.php?t=152	20110618033651
3	Roomz	152	1	viewtopic.php?t=152&start=0	20110618033651
3	Roomz	152	6	viewtopic.php?t=152&start=125	20110618033651
3	Roomz	152	7	viewtopic.php?t=152&start=150	20110618033651
3	Roomz	152	5	viewtopic.php?t=152&start=100	20110618033651
3	Roomz	152	Room 38 - The flickering	viewtopic.php?t=152	20110913045735
3	Roomz	152	1	viewtopic.php?t=152&start=0	20110913045735
3	Roomz	152	7	viewtopic.php?t=152&start=150	20110913045735
3	Roomz	152	5	viewtopic.php?t=152&start=100	20110913045735
3	Roomz	152	6	viewtopic.php?t=152&start=125	20110913045735
3	Roomz	152	1	viewtopic.php?t=152&start=0	20120214184932
3	Roomz	152	6	viewtopic.php?t=152&start=125	20120214184932
3	Roomz	152	7	viewtopic.php?t=152&start=150	20120214184932
3	Roomz	152	5	viewtopic.php?t=152&start=100	20120214184932
3	Roomz	152	Room 38 - The flickering	viewtopic.php?t=152	20120214184932
3	Roomz	153	6	viewtopic.php?t=153&start=125	20071030230431
3	Roomz	153	Room 39 - Rufus	viewtopic.php?t=153	20071030230431
3	Roomz	153	1	viewtopic.php?t=153&start=0	20071030230431
3	Roomz	153	4	viewtopic.php?t=153&start=75	20071030230431
3	Roomz	153	5	viewtopic.php?t=153&start=100	20071030230431
3	Roomz	153	7	viewtopic.php?t=153&start=150	20080226030542
3	Roomz	153	5	viewtopic.php?t=153&start=100	20080226030542
3	Roomz	153	6	viewtopic.php?t=153&start=125	20080226030542
3	Roomz	153	Room 39 - Rufus	viewtopic.php?t=153	20080226030542
3	Roomz	153	1	viewtopic.php?t=153&start=0	20080226030542
3	Roomz	153	6	viewtopic.php?t=153&start=125	20080303002027
3	Roomz	153	Room 39 - Rufus	viewtopic.php?t=153	20080303002027
3	Roomz	153	1	viewtopic.php?t=153&start=0	20080303002027
3	Roomz	153	7	viewtopic.php?t=153&start=150	20080303002027
3	Roomz	153	5	viewtopic.php?t=153&start=100	20080303002027
3	Roomz	153	5	viewtopic.php?t=153&start=100	20081221120223
3	Roomz	153	6	viewtopic.php?t=153&start=125	20081221120223
3	Roomz	153	Room 39 - Rufus	viewtopic.php?t=153	20081221120223
3	Roomz	153	1	viewtopic.php?t=153&start=0	20081221120223
3	Roomz	153	7	viewtopic.php?t=153&start=150	20081221120223
3	Roomz	153	7	viewtopic.php?t=153&start=150	20090220190658
3	Roomz	153	5	viewtopic.php?t=153&start=100	20090220190658
3	Roomz	153	6	viewtopic.php?t=153&start=125	20090220190658
3	Roomz	153	Room 39 - Rufus	viewtopic.php?t=153	20090220190658
3	Roomz	153	1	viewtopic.php?t=153&start=0	20090220190658
3	Roomz	153	7	viewtopic.php?t=153&start=150	20110618033651
3	Roomz	153	1	viewtopic.php?t=153&start=0	20110618033651
3	Roomz	153	5	viewtopic.php?t=153&start=100	20110618033651
3	Roomz	153	6	viewtopic.php?t=153&start=125	20110618033651
3	Roomz	153	Room 39 - Rufus	viewtopic.php?t=153	20110618033651
3	Roomz	153	Room 39 - Rufus	viewtopic.php?t=153	20110913045735
3	Roomz	153	7	viewtopic.php?t=153&start=150	20110913045735
3	Roomz	153	6	viewtopic.php?t=153&start=125	20110913045735
3	Roomz	153	1	viewtopic.php?t=153&start=0	20110913045735
3	Roomz	153	5	viewtopic.php?t=153&start=100	20110913045735
3	Roomz	153	1	viewtopic.php?t=153&start=0	20120214184932
3	Roomz	153	5	viewtopic.php?t=153&start=100	20120214184932
3	Roomz	153	6	viewtopic.php?t=153&start=125	20120214184932
3	Roomz	153	Room 39 - Rufus	viewtopic.php?t=153	20120214184932
3	Roomz	153	7	viewtopic.php?t=153&start=150	20120214184932
3	Roomz	164	3	viewtopic.php?t=164&start=50	20071030230431
3	Roomz	164	Room 40 - Not another checking	viewtopic.php?t=164	20071030230431
3	Roomz	164	2	viewtopic.php?t=164&start=25	20071030230431
3	Roomz	164	1	viewtopic.php?t=164&start=0	20071030230431
3	Roomz	164	1	viewtopic.php?t=164&start=0	20080226030542
3	Roomz	164	Room 40 - Not another checking	viewtopic.php?t=164	20080226030542
3	Roomz	164	3	viewtopic.php?t=164&start=50	20080226030542
3	Roomz	164	2	viewtopic.php?t=164&start=25	20080226030542
3	Roomz	164	2	viewtopic.php?t=164&start=25	20080303002027
3	Roomz	164	1	viewtopic.php?t=164&start=0	20080303002027
3	Roomz	164	Room 40 - Not another checking	viewtopic.php?t=164	20080303002027
3	Roomz	164	3	viewtopic.php?t=164&start=50	20080303002027
3	Roomz	164	3	viewtopic.php?t=164&start=50	20081221120223
3	Roomz	164	Room 40 - Not another checking	viewtopic.php?t=164	20081221120223
3	Roomz	164	2	viewtopic.php?t=164&start=25	20081221120223
3	Roomz	164	1	viewtopic.php?t=164&start=0	20081221120223
3	Roomz	164	1	viewtopic.php?t=164&start=0	20090220190658
3	Roomz	164	Room 40 - Not another checking	viewtopic.php?t=164	20090220190658
3	Roomz	164	3	viewtopic.php?t=164&start=50	20090220190658
3	Roomz	164	2	viewtopic.php?t=164&start=25	20090220190658
3	Roomz	164	1	viewtopic.php?t=164&start=0	20110618033651
3	Roomz	164	3	viewtopic.php?t=164&start=50	20110618033651
3	Roomz	164	Room 40 - Not another checking	viewtopic.php?t=164	20110618033651
3	Roomz	164	2	viewtopic.php?t=164&start=25	20110618033651
3	Roomz	164	2	viewtopic.php?t=164&start=25	20110913045735
3	Roomz	164	3	viewtopic.php?t=164&start=50	20110913045735
3	Roomz	164	1	viewtopic.php?t=164&start=0	20110913045735
3	Roomz	164	Room 40 - Not another checking	viewtopic.php?t=164	20110913045735
3	Roomz	164	1	viewtopic.php?t=164&start=0	20120214184932
3	Roomz	164	3	viewtopic.php?t=164&start=50	20120214184932
3	Roomz	164	Room 40 - Not another checking	viewtopic.php?t=164	20120214184932
3	Roomz	164	2	viewtopic.php?t=164&start=25	20120214184932
3	Roomz	165	1	viewtopic.php?t=165&start=0	20071030230431
3	Roomz	165	Bonus Room 3 - Lord of the Colony	viewtopic.php?t=165	20071030230431
3	Roomz	165	2	viewtopic.php?t=165&start=25	20071030230431
3	Roomz	165	3	viewtopic.php?t=165&start=50	20071030230431
3	Roomz	165	2	viewtopic.php?t=165&start=25	20080226030542
3	Roomz	165	3	viewtopic.php?t=165&start=50	20080226030542
3	Roomz	165	Bonus Room 3 - Lord of the Colony	viewtopic.php?t=165	20080226030542
3	Roomz	165	1	viewtopic.php?t=165&start=0	20080226030542
3	Roomz	165	2	viewtopic.php?t=165&start=25	20080303002027
3	Roomz	165	3	viewtopic.php?t=165&start=50	20080303002027
3	Roomz	165	Bonus Room 3 - Lord of the Colony	viewtopic.php?t=165	20080303002027
3	Roomz	165	1	viewtopic.php?t=165&start=0	20080303002027
3	Roomz	165	2	viewtopic.php?t=165&start=25	20120214184932
3	Roomz	165	3	viewtopic.php?t=165&start=50	20120214184932
3	Roomz	165	Bonus Room 3 - Lord of the Colony	viewtopic.php?t=165	20120214184932
3	Roomz	165	1	viewtopic.php?t=165&start=0	20120214184932
3	Roomz	186	1	viewtopic.php?t=186&start=0	20071030230431
3	Roomz	186	3	viewtopic.php?t=186&start=50	20071030230431
3	Roomz	186	Room 41 - Ready..Aim... (part1)	viewtopic.php?t=186	20071030230431
3	Roomz	186	2	viewtopic.php?t=186&start=25	20071030230431
3	Roomz	187	6	viewtopic.php?t=187&start=125	20071030230431
3	Roomz	187	1	viewtopic.php?t=187&start=0	20071030230431
3	Roomz	187	Room 42 - Riddles in the ROOMZ	viewtopic.php?t=187	20071030230431
3	Roomz	187	7	viewtopic.php?t=187&start=150	20071030230431
3	Roomz	187	8	viewtopic.php?t=187&start=175	20071030230431
3	Roomz	187	Room 42 - Riddles in the ROOMZ	viewtopic.php?t=187	20080226030542
3	Roomz	187	11	viewtopic.php?t=187&start=250	20080226030542
3	Roomz	187	12	viewtopic.php?t=187&start=275	20080226030542
3	Roomz	187	10	viewtopic.php?t=187&start=225	20080226030542
3	Roomz	187	1	viewtopic.php?t=187&start=0	20080226030542
3	Roomz	187	1	viewtopic.php?t=187&start=0	20080303002027
3	Roomz	187	Room 42 - Riddles in the ROOMZ	viewtopic.php?t=187	20080303002027
3	Roomz	187	11	viewtopic.php?t=187&start=250	20080303002027
3	Roomz	187	12	viewtopic.php?t=187&start=275	20080303002027
3	Roomz	187	10	viewtopic.php?t=187&start=225	20080303002027
3	Roomz	187	12	viewtopic.php?t=187&start=275	20081221120223
3	Roomz	187	Room 42 - Riddles in the ROOMZ	viewtopic.php?t=187	20081221120223
3	Roomz	187	1	viewtopic.php?t=187&start=0	20081221120223
3	Roomz	187	11	viewtopic.php?t=187&start=250	20081221120223
3	Roomz	187	13	viewtopic.php?t=187&start=300	20081221120223
3	Roomz	187	Room 42 - Riddles in the ROOMZ	viewtopic.php?t=187	20090220190658
3	Roomz	187	11	viewtopic.php?t=187&start=250	20090220190658
3	Roomz	187	12	viewtopic.php?t=187&start=275	20090220190658
3	Roomz	187	1	viewtopic.php?t=187&start=0	20090220190658
3	Roomz	187	13	viewtopic.php?t=187&start=300	20090220190658
3	Roomz	187	13	viewtopic.php?t=187&start=300	20110618033651
3	Roomz	187	12	viewtopic.php?t=187&start=275	20110618033651
3	Roomz	187	Room 42 - Riddles in the ROOMZ	viewtopic.php?t=187	20110618033651
3	Roomz	187	11	viewtopic.php?t=187&start=250	20110618033651
3	Roomz	187	1	viewtopic.php?t=187&start=0	20110618033651
3	Roomz	187	1	viewtopic.php?t=187&start=0	20110913045735
3	Roomz	187	13	viewtopic.php?t=187&start=300	20110913045735
3	Roomz	187	12	viewtopic.php?t=187&start=275	20110913045735
3	Roomz	187	Room 42 - Riddles in the ROOMZ	viewtopic.php?t=187	20110913045735
3	Roomz	187	11	viewtopic.php?t=187&start=250	20110913045735
3	Roomz	187	13	viewtopic.php?t=187&start=300	20120214184932
3	Roomz	187	12	viewtopic.php?t=187&start=275	20120214184932
3	Roomz	187	Room 42 - Riddles in the ROOMZ	viewtopic.php?t=187	20120214184932
3	Roomz	187	11	viewtopic.php?t=187&start=250	20120214184932
3	Roomz	187	1	viewtopic.php?t=187&start=0	20120214184932
3	Roomz	212	5	viewtopic.php?t=212&start=100	20071030230431
3	Roomz	212	1	viewtopic.php?t=212&start=0	20071030230431
3	Roomz	212	Room 43 - Underwater journey	viewtopic.php?t=212	20071030230431
3	Roomz	212	4	viewtopic.php?t=212&start=75	20071030230431
3	Roomz	212	3	viewtopic.php?t=212&start=50	20071030230431
3	Roomz	212	8	viewtopic.php?t=212&start=175	20080226030542
3	Roomz	212	1	viewtopic.php?t=212&start=0	20080226030542
3	Roomz	212	6	viewtopic.php?t=212&start=125	20080226030542
3	Roomz	212	Room 43 - Underwater journey	viewtopic.php?t=212	20080226030542
3	Roomz	212	7	viewtopic.php?t=212&start=150	20080226030542
3	Roomz	212	7	viewtopic.php?t=212&start=150	20080303002027
3	Roomz	212	8	viewtopic.php?t=212&start=175	20080303002027
3	Roomz	212	1	viewtopic.php?t=212&start=0	20080303002027
3	Roomz	212	6	viewtopic.php?t=212&start=125	20080303002027
3	Roomz	212	Room 43 - Underwater journey	viewtopic.php?t=212	20080303002027
3	Roomz	212	1	viewtopic.php?t=212&start=0	20081221120223
3	Roomz	212	7	viewtopic.php?t=212&start=150	20081221120223
3	Roomz	212	6	viewtopic.php?t=212&start=125	20081221120223
3	Roomz	212	Room 43 - Underwater journey	viewtopic.php?t=212	20081221120223
3	Roomz	212	8	viewtopic.php?t=212&start=175	20081221120223
3	Roomz	212	8	viewtopic.php?t=212&start=175	20090220190658
3	Roomz	212	1	viewtopic.php?t=212&start=0	20090220190658
3	Roomz	212	6	viewtopic.php?t=212&start=125	20090220190658
3	Roomz	212	Room 43 - Underwater journey	viewtopic.php?t=212	20090220190658
3	Roomz	212	7	viewtopic.php?t=212&start=150	20090220190658
3	Roomz	212	Room 43 - Underwater journey	viewtopic.php?t=212	20110618033651
3	Roomz	212	8	viewtopic.php?t=212&start=175	20110618033651
3	Roomz	212	7	viewtopic.php?t=212&start=150	20110618033651
3	Roomz	212	9	viewtopic.php?t=212&start=200	20110618033651
3	Roomz	212	1	viewtopic.php?t=212&start=0	20110618033651
3	Roomz	212	Room 43 - Underwater journey	viewtopic.php?t=212	20110913045735
3	Roomz	212	7	viewtopic.php?t=212&start=150	20110913045735
3	Roomz	212	9	viewtopic.php?t=212&start=200	20110913045735
3	Roomz	212	8	viewtopic.php?t=212&start=175	20110913045735
3	Roomz	212	1	viewtopic.php?t=212&start=0	20110913045735
3	Roomz	212	8	viewtopic.php?t=212&start=175	20120214184932
3	Roomz	212	7	viewtopic.php?t=212&start=150	20120214184932
3	Roomz	212	9	viewtopic.php?t=212&start=200	20120214184932
3	Roomz	212	1	viewtopic.php?t=212&start=0	20120214184932
3	Roomz	212	Room 43 - Underwater journey	viewtopic.php?t=212	20120214184932
3	Roomz	215	3	viewtopic.php?t=215&start=50	20071030230431
3	Roomz	215	2	viewtopic.php?t=215&start=25	20071030230431
3	Roomz	215	1	viewtopic.php?t=215&start=0	20071030230431
3	Roomz	215	Room 41 - Ready... Aim... (part2)	viewtopic.php?t=215	20071030230431
3	Roomz	215	4	viewtopic.php?t=215&start=75	20080226030542
3	Roomz	215	1	viewtopic.php?t=215&start=0	20080226030542
3	Roomz	215	Room 41 - Ready... Aim... (part2)	viewtopic.php?t=215	20080226030542
3	Roomz	215	3	viewtopic.php?t=215&start=50	20080226030542
3	Roomz	215	5	viewtopic.php?t=215&start=100	20080226030542
3	Roomz	215	3	viewtopic.php?t=215&start=50	20080303002027
3	Roomz	215	5	viewtopic.php?t=215&start=100	20080303002027
3	Roomz	215	4	viewtopic.php?t=215&start=75	20080303002027
3	Roomz	215	1	viewtopic.php?t=215&start=0	20080303002027
3	Roomz	215	Room 41 - Ready... Aim... (part2)	viewtopic.php?t=215	20080303002027
3	Roomz	215	4	viewtopic.php?t=215&start=75	20081221120223
3	Roomz	215	1	viewtopic.php?t=215&start=0	20081221120223
3	Roomz	215	Room 41 - Ready... Aim... (part2)	viewtopic.php?t=215	20081221120223
3	Roomz	215	5	viewtopic.php?t=215&start=100	20081221120223
3	Roomz	215	3	viewtopic.php?t=215&start=50	20081221120223
3	Roomz	215	4	viewtopic.php?t=215&start=75	20090220190658
3	Roomz	215	1	viewtopic.php?t=215&start=0	20090220190658
3	Roomz	215	Room 41 - Ready... Aim... (part2)	viewtopic.php?t=215	20090220190658
3	Roomz	215	3	viewtopic.php?t=215&start=50	20090220190658
3	Roomz	215	5	viewtopic.php?t=215&start=100	20090220190658
3	Roomz	215	5	viewtopic.php?t=215&start=100	20110618033651
3	Roomz	215	6	viewtopic.php?t=215&start=125	20110618033651
3	Roomz	215	4	viewtopic.php?t=215&start=75	20110618033651
3	Roomz	215	1	viewtopic.php?t=215&start=0	20110618033651
3	Roomz	215	Room 41 - Ready... Aim... (part2)	viewtopic.php?t=215	20110618033651
3	Roomz	215	Room 41 - Ready... Aim... (part2)	viewtopic.php?t=215	20110913045735
3	Roomz	215	5	viewtopic.php?t=215&start=100	20110913045735
3	Roomz	215	6	viewtopic.php?t=215&start=125	20110913045735
3	Roomz	215	4	viewtopic.php?t=215&start=75	20110913045735
3	Roomz	215	1	viewtopic.php?t=215&start=0	20110913045735
3	Roomz	215	6	viewtopic.php?t=215&start=125	20120214184932
3	Roomz	215	4	viewtopic.php?t=215&start=75	20120214184932
3	Roomz	215	1	viewtopic.php?t=215&start=0	20120214184932
3	Roomz	215	Room 41 - Ready... Aim... (part2)	viewtopic.php?t=215	20120214184932
3	Roomz	215	5	viewtopic.php?t=215&start=100	20120214184932
3	Roomz	227	2	viewtopic.php?t=227&start=25	20071030230431
3	Roomz	227	3	viewtopic.php?t=227&start=50	20071030230431
3	Roomz	227	Bonus room 4 - The Big Secret.	viewtopic.php?t=227	20071030230431
3	Roomz	227	1	viewtopic.php?t=227&start=0	20071030230431
3	Roomz	227	3	viewtopic.php?t=227&start=50	20080226030542
3	Roomz	227	Bonus room 4 - The Big Secret.	viewtopic.php?t=227	20080226030542
3	Roomz	227	1	viewtopic.php?t=227&start=0	20080226030542
3	Roomz	227	2	viewtopic.php?t=227&start=25	20080226030542
3	Roomz	227	2	viewtopic.php?t=227&start=25	20080303002027
3	Roomz	227	3	viewtopic.php?t=227&start=50	20080303002027
3	Roomz	227	Bonus room 4 - The Big Secret.	viewtopic.php?t=227	20080303002027
3	Roomz	227	1	viewtopic.php?t=227&start=0	20080303002027
3	Roomz	227	2	viewtopic.php?t=227&start=25	20081221120223
3	Roomz	227	3	viewtopic.php?t=227&start=50	20081221120223
3	Roomz	227	Bonus room 4 - The Big Secret.	viewtopic.php?t=227	20081221120223
3	Roomz	227	1	viewtopic.php?t=227&start=0	20081221120223
3	Roomz	227	3	viewtopic.php?t=227&start=50	20090220190658
3	Roomz	227	Bonus room 4 - The Big Secret.	viewtopic.php?t=227	20090220190658
3	Roomz	227	1	viewtopic.php?t=227&start=0	20090220190658
3	Roomz	227	2	viewtopic.php?t=227&start=25	20090220190658
3	Roomz	227	4	viewtopic.php?t=227&start=75	20110618033651
3	Roomz	227	2	viewtopic.php?t=227&start=25	20110618033651
3	Roomz	227	Bonus room 4 - The Big Secret.	viewtopic.php?t=227	20110618033651
3	Roomz	227	3	viewtopic.php?t=227&start=50	20110618033651
3	Roomz	227	1	viewtopic.php?t=227&start=0	20110618033651
3	Roomz	227	4	viewtopic.php?t=227&start=75	20110913045735
3	Roomz	227	2	viewtopic.php?t=227&start=25	20110913045735
3	Roomz	227	3	viewtopic.php?t=227&start=50	20110913045735
3	Roomz	227	Bonus room 4 - The Big Secret.	viewtopic.php?t=227	20110913045735
3	Roomz	227	1	viewtopic.php?t=227&start=0	20110913045735
3	Roomz	227	3	viewtopic.php?t=227&start=50	20120214184932
3	Roomz	227	1	viewtopic.php?t=227&start=0	20120214184932
3	Roomz	227	4	viewtopic.php?t=227&start=75	20120214184932
3	Roomz	227	2	viewtopic.php?t=227&start=25	20120214184932
3	Roomz	227	Bonus room 4 - The Big Secret.	viewtopic.php?t=227	20120214184932
3	Roomz	236	4	viewtopic.php?t=236&start=75	20071030230431
3	Roomz	236	1	viewtopic.php?t=236&start=0	20071030230431
3	Roomz	236	5	viewtopic.php?t=236&start=100	20071030230431
3	Roomz	236	Room 44 - A real pain...	viewtopic.php?t=236	20071030230431
3	Roomz	236	3	viewtopic.php?t=236&start=50	20071030230431
3	Roomz	236	1	viewtopic.php?t=236&start=0	20080226030542
3	Roomz	236	5	viewtopic.php?t=236&start=100	20080226030542
3	Roomz	236	6	viewtopic.php?t=236&start=125	20080226030542
3	Roomz	236	Room 44 - A real pain...	viewtopic.php?t=236	20080226030542
3	Roomz	236	7	viewtopic.php?t=236&start=150	20080226030542
3	Roomz	236	1	viewtopic.php?t=236&start=0	20080303002027
3	Roomz	236	5	viewtopic.php?t=236&start=100	20080303002027
3	Roomz	236	6	viewtopic.php?t=236&start=125	20080303002027
3	Roomz	236	Room 44 - A real pain...	viewtopic.php?t=236	20080303002027
3	Roomz	236	7	viewtopic.php?t=236&start=150	20080303002027
3	Roomz	236	9	viewtopic.php?t=236&start=200	20081221120223
3	Roomz	236	Room 44 - A real pain...	viewtopic.php?t=236	20081221120223
3	Roomz	236	7	viewtopic.php?t=236&start=150	20081221120223
3	Roomz	236	8	viewtopic.php?t=236&start=175	20081221120223
3	Roomz	236	1	viewtopic.php?t=236&start=0	20081221120223
3	Roomz	236	1	viewtopic.php?t=236&start=0	20090220190658
3	Roomz	236	Room 44 - A real pain...	viewtopic.php?t=236	20090220190658
3	Roomz	236	7	viewtopic.php?t=236&start=150	20090220190658
3	Roomz	236	8	viewtopic.php?t=236&start=175	20090220190658
3	Roomz	236	9	viewtopic.php?t=236&start=200	20090220190658
3	Roomz	236	7	viewtopic.php?t=236&start=150	20110618033651
3	Roomz	236	1	viewtopic.php?t=236&start=0	20110618033651
3	Roomz	236	8	viewtopic.php?t=236&start=175	20110618033651
3	Roomz	236	9	viewtopic.php?t=236&start=200	20110618033651
3	Roomz	236	Room 44 - A real pain...	viewtopic.php?t=236	20110618033651
3	Roomz	236	7	viewtopic.php?t=236&start=150	20110913045735
3	Roomz	236	1	viewtopic.php?t=236&start=0	20110913045735
3	Roomz	236	8	viewtopic.php?t=236&start=175	20110913045735
3	Roomz	236	9	viewtopic.php?t=236&start=200	20110913045735
3	Roomz	236	Room 44 - A real pain...	viewtopic.php?t=236	20110913045735
3	Roomz	236	8	viewtopic.php?t=236&start=175	20120214184932
3	Roomz	236	9	viewtopic.php?t=236&start=200	20120214184932
3	Roomz	236	Room 44 - A real pain...	viewtopic.php?t=236	20120214184932
3	Roomz	236	7	viewtopic.php?t=236&start=150	20120214184932
3	Roomz	236	1	viewtopic.php?t=236&start=0	20120214184932
3	Roomz	250	Room 45 - When will it come out?	viewtopic.php?t=250	20071030230431
3	Roomz	250	Room 45 - When will it come out?	viewtopic.php?t=250	20080226030542
3	Roomz	250	2	viewtopic.php?t=250&start=25	20080226030542
3	Roomz	250	1	viewtopic.php?t=250&start=0	20080226030542
3	Roomz	250	Room 45 - When will it come out?	viewtopic.php?t=250	20080303002027
3	Roomz	250	2	viewtopic.php?t=250&start=25	20080303002027
3	Roomz	250	1	viewtopic.php?t=250&start=0	20080303002027
3	Roomz	255	Sticky: RRR - Roomz Rankings by Roomers	viewtopic.php?t=255	20071030230431
3	Roomz	255	Sticky: RRR - Roomz Rankings by Roomers	viewtopic.php?t=255	20080226030542
3	Roomz	255	Sticky: RRR - Roomz Rankings by Roomers	viewtopic.php?t=255	20080303002027
3	Roomz	255	Sticky: RRR - Roomz Rankings by Roomers	viewtopic.php?t=255	20081221120223
3	Roomz	255	Sticky: RRR - Roomz Rankings by Roomers	viewtopic.php?t=255	20090220190658
3	Roomz	255	Sticky: RRR - Roomz Rankings by Roomers	viewtopic.php?t=255	20110618033651
3	Roomz	255	Sticky: RRR - Roomz Rankings by Roomers	viewtopic.php?t=255	20110913045735
3	Roomz	255	Sticky: RRR - Roomz Rankings by Roomers	viewtopic.php?t=255	20120214184932
3	Roomz	297	Announcement: On Walkthroughs and Cheating	viewtopic.php?t=297	20080226030542
3	Roomz	297	Announcement: On Walkthroughs and Cheating	viewtopic.php?t=297	20080303002027
3	Roomz	297	Announcement: On Walkthroughs and Cheating	viewtopic.php?t=297	20081221120223
3	Roomz	297	Announcement: On Walkthroughs and Cheating	viewtopic.php?t=297	20090220190658
3	Roomz	297	Announcement: On Walkthroughs and Cheating	viewtopic.php?t=297	20110618033651
3	Roomz	297	Announcement: On Walkthroughs and Cheating	viewtopic.php?t=297	20110913045735
3	Roomz	297	Announcement: On Walkthroughs and Cheating	viewtopic.php?t=297	20120214184932
3	Roomz	308	5	viewtopic.php?t=308&start=100	20080226030542
3	Roomz	308	1	viewtopic.php?t=308&start=0	20080226030542
3	Roomz	308	Room 45 - Never ending story...	viewtopic.php?t=308	20080226030542
3	Roomz	308	3	viewtopic.php?t=308&start=50	20080226030542
3	Roomz	308	4	viewtopic.php?t=308&start=75	20080226030542
3	Roomz	308	3	viewtopic.php?t=308&start=50	20080303002027
3	Roomz	308	4	viewtopic.php?t=308&start=75	20080303002027
3	Roomz	308	5	viewtopic.php?t=308&start=100	20080303002027
3	Roomz	308	1	viewtopic.php?t=308&start=0	20080303002027
3	Roomz	308	Room 45 - Never ending story...	viewtopic.php?t=308	20080303002027
3	Roomz	308	1	viewtopic.php?t=308&start=0	20081221120223
3	Roomz	308	8	viewtopic.php?t=308&start=175	20081221120223
3	Roomz	308	7	viewtopic.php?t=308&start=150	20081221120223
3	Roomz	308	Room 45 - Never ending story...	viewtopic.php?t=308	20081221120223
3	Roomz	308	6	viewtopic.php?t=308&start=125	20081221120223
3	Roomz	308	7	viewtopic.php?t=308&start=150	20090220190658
3	Roomz	308	1	viewtopic.php?t=308&start=0	20090220190658
3	Roomz	308	8	viewtopic.php?t=308&start=175	20090220190658
3	Roomz	308	Room 45 - Never ending story...	viewtopic.php?t=308	20090220190658
3	Roomz	308	6	viewtopic.php?t=308&start=125	20090220190658
3	Roomz	308	1	viewtopic.php?t=308&start=0	20110618033651
3	Roomz	308	11	viewtopic.php?t=308&start=250	20110618033651
3	Roomz	308	12	viewtopic.php?t=308&start=275	20110618033651
3	Roomz	308	10	viewtopic.php?t=308&start=225	20110618033651
3	Roomz	308	Room 45 - Never ending story...	viewtopic.php?t=308	20110618033651
3	Roomz	308	11	viewtopic.php?t=308&start=250	20110913045735
3	Roomz	308	12	viewtopic.php?t=308&start=275	20110913045735
3	Roomz	308	10	viewtopic.php?t=308&start=225	20110913045735
3	Roomz	308	1	viewtopic.php?t=308&start=0	20110913045735
3	Roomz	308	Room 45 - Never ending story...	viewtopic.php?t=308	20110913045735
3	Roomz	308	12	viewtopic.php?t=308&start=275	20120214184932
3	Roomz	308	1	viewtopic.php?t=308&start=0	20120214184932
3	Roomz	308	11	viewtopic.php?t=308&start=250	20120214184932
3	Roomz	308	10	viewtopic.php?t=308&start=225	20120214184932
3	Roomz	308	Room 45 - Never ending story...	viewtopic.php?t=308	20120214184932
3	Roomz	396	2	viewtopic.php?t=396&start=25	20081221120223
3	Roomz	396	Bonus Room 5 - Leaf != Leaf	viewtopic.php?t=396	20081221120223
3	Roomz	396	3	viewtopic.php?t=396&start=50	20081221120223
3	Roomz	396	1	viewtopic.php?t=396&start=0	20081221120223
3	Roomz	396	3	viewtopic.php?t=396&start=50	20090220190658
3	Roomz	396	1	viewtopic.php?t=396&start=0	20090220190658
3	Roomz	396	2	viewtopic.php?t=396&start=25	20090220190658
3	Roomz	396	Bonus Room 5 - Leaf != Leaf	viewtopic.php?t=396	20090220190658
3	Roomz	396	Bonus Room 5 - Leaf != Leaf	viewtopic.php?t=396	20110618033651
3	Roomz	396	3	viewtopic.php?t=396&start=50	20110618033651
3	Roomz	396	1	viewtopic.php?t=396&start=0	20110618033651
3	Roomz	396	2	viewtopic.php?t=396&start=25	20110618033651
3	Roomz	396	Bonus Room 5 - Leaf != Leaf	viewtopic.php?t=396	20110913045735
3	Roomz	396	3	viewtopic.php?t=396&start=50	20110913045735
3	Roomz	396	1	viewtopic.php?t=396&start=0	20110913045735
3	Roomz	396	2	viewtopic.php?t=396&start=25	20110913045735
3	Roomz	396	3	viewtopic.php?t=396&start=50	20120214184932
3	Roomz	396	1	viewtopic.php?t=396&start=0	20120214184932
3	Roomz	396	2	viewtopic.php?t=396&start=25	20120214184932
3	Roomz	396	Bonus Room 5 - Leaf != Leaf	viewtopic.php?t=396	20120214184932
4	What is it?	6	All about THE ROOMZ project	viewtopic.php?t=6&sid=cd20e078ed523ac28eeff5ca6e42fd8e	20070309071100
4	What is it?	6	All about THE ROOMZ project	viewtopic.php?t=6&sid=be7ac1ab3fc9a6493d6654c74a5100bd	20070310090246
4	What is it?	6	All about THE ROOMZ project	viewtopic.php?t=6&sid=894d038d60608967e82e341b7b58370c	20070310184716
4	What is it?	6	All about THE ROOMZ project	viewtopic.php?t=6&sid=fc767f6ccf88c095c3914e0f64ccb49f	20070314005152
4	What is it?	6	Announcement: All about THE ROOMZ project	viewtopic.php?t=6	20071102075518
4	What is it?	6	Announcement: All about THE ROOMZ project	viewtopic.php?t=6&sid=220fad95ef7f75ba723aacee6bc83309	20071126074441
4	What is it?	6	Announcement: All about THE ROOMZ project	viewtopic.php?t=6	20080208153508
4	What is it?	6	Announcement: All about THE ROOMZ project	viewtopic.php?t=6&sid=85f76950ef3e389a949e067534765714	20080303045029
4	What is it?	6	Announcement: All about THE ROOMZ project	viewtopic.php?t=6	20081221120228
4	What is it?	6	Announcement: All about THE ROOMZ project	viewtopic.php?t=6	20081223080809
4	What is it?	6	Announcement: All about THE ROOMZ project	viewtopic.php?t=6	20090222035514
4	What is it?	6	Announcement: All about THE ROOMZ project	viewtopic.php?t=6	20110618032858
4	What is it?	6	Announcement: All about THE ROOMZ project	viewtopic.php?t=6	20110913100619
4	What is it?	6	Announcement: All about THE ROOMZ project	viewtopic.php?t=6	20120214145536
4	What is it?	7	Sticky: Funny Thing	viewtopic.php?t=7&sid=cd20e078ed523ac28eeff5ca6e42fd8e	20070309071100
4	What is it?	7	Sticky: Funny Thing	viewtopic.php?t=7&sid=be7ac1ab3fc9a6493d6654c74a5100bd	20070310090246
4	What is it?	7	Sticky: Funny Thing	viewtopic.php?t=7&sid=894d038d60608967e82e341b7b58370c	20070310184716
4	What is it?	7	Sticky: Funny Thing	viewtopic.php?t=7&sid=fc767f6ccf88c095c3914e0f64ccb49f	20070314005152
4	What is it?	7	Sticky: Funny Thing	viewtopic.php?t=7	20071102075518
4	What is it?	7	Sticky: Funny Thing	viewtopic.php?t=7&sid=220fad95ef7f75ba723aacee6bc83309	20071126074441
4	What is it?	7	Sticky: Funny Thing	viewtopic.php?t=7	20080208153508
4	What is it?	7	Sticky: Funny Thing	viewtopic.php?t=7&sid=85f76950ef3e389a949e067534765714	20080303045029
4	What is it?	7	Sticky: Funny Thing	viewtopic.php?t=7	20081221120228
4	What is it?	7	Sticky: Funny Thing	viewtopic.php?t=7	20081223080809
4	What is it?	7	Sticky: Funny Thing	viewtopic.php?t=7	20090222035514
4	What is it?	7	Sticky: Funny Thing	viewtopic.php?t=7	20110618032858
4	What is it?	7	Sticky: Funny Thing	viewtopic.php?t=7	20110913100619
4	What is it?	7	Sticky: Funny Thing	viewtopic.php?t=7	20120214145536
4	What is it?	8	How to register on the foroom?	viewtopic.php?t=8&sid=cd20e078ed523ac28eeff5ca6e42fd8e	20070309071100
4	What is it?	8	How to register on the foroom?	viewtopic.php?t=8&sid=be7ac1ab3fc9a6493d6654c74a5100bd	20070310090246
4	What is it?	8	How to register on the foroom?	viewtopic.php?t=8&sid=894d038d60608967e82e341b7b58370c	20070310184716
4	What is it?	8	How to register on the foroom?	viewtopic.php?t=8&sid=fc767f6ccf88c095c3914e0f64ccb49f	20070314005152
4	What is it?	8	Sticky: How to register on the foroom?	viewtopic.php?t=8	20071102075518
4	What is it?	8	Sticky: How to register on the foroom?	viewtopic.php?t=8&sid=220fad95ef7f75ba723aacee6bc83309	20071126074441
4	What is it?	8	Sticky: How to register on the foroom?	viewtopic.php?t=8	20080208153508
4	What is it?	8	Sticky: How to register on the foroom?	viewtopic.php?t=8&sid=85f76950ef3e389a949e067534765714	20080303045029
4	What is it?	8	Sticky: How to register on the foroom?	viewtopic.php?t=8	20081221120228
4	What is it?	8	Sticky: How to register on the foroom?	viewtopic.php?t=8	20081223080809
4	What is it?	8	Sticky: How to register on the foroom?	viewtopic.php?t=8	20090222035514
4	What is it?	8	Sticky: How to register on the foroom?	viewtopic.php?t=8	20110618032858
4	What is it?	8	Sticky: How to register on the foroom?	viewtopic.php?t=8	20110913100619
4	What is it?	8	Sticky: How to register on the foroom?	viewtopic.php?t=8	20120214145536
4	What is it?	73	Name of the song	viewtopic.php?t=73&sid=cd20e078ed523ac28eeff5ca6e42fd8e	20070309071100
4	What is it?	73	Name of the song	viewtopic.php?t=73&sid=be7ac1ab3fc9a6493d6654c74a5100bd	20070310090246
4	What is it?	73	Name of the song	viewtopic.php?t=73&sid=894d038d60608967e82e341b7b58370c	20070310184716
4	What is it?	73	Name of the song	viewtopic.php?t=73&sid=fc767f6ccf88c095c3914e0f64ccb49f	20070314005152
4	What is it?	73	Name of the song	viewtopic.php?t=73	20071102075518
4	What is it?	73	Name of the song	viewtopic.php?t=73&sid=220fad95ef7f75ba723aacee6bc83309	20071126074441
4	What is it?	73	Name of the song	viewtopic.php?t=73	20080208153508
4	What is it?	73	Name of the song	viewtopic.php?t=73&sid=85f76950ef3e389a949e067534765714	20080303045029
4	What is it?	73	Name of the song	viewtopic.php?t=73	20081221120228
4	What is it?	73	Name of the song	viewtopic.php?t=73	20081223080809
4	What is it?	73	Name of the song	viewtopic.php?t=73	20090222035514
4	What is it?	73	Name of the song	viewtopic.php?t=73	20110618032858
4	What is it?	73	Name of the song	viewtopic.php?t=73	20110913100619
4	What is it?	73	Name of the song	viewtopic.php?t=73	20120214145536
4	What is it?	132	beginner	viewtopic.php?t=132	20071102075518
4	What is it?	132	beginner	viewtopic.php?t=132&sid=220fad95ef7f75ba723aacee6bc83309	20071126074441
4	What is it?	132	beginner	viewtopic.php?t=132	20080208153508
4	What is it?	132	beginner	viewtopic.php?t=132&sid=85f76950ef3e389a949e067534765714	20080303045029
4	What is it?	132	beginner	viewtopic.php?t=132	20081221120228
4	What is it?	132	beginner	viewtopic.php?t=132	20081223080809
4	What is it?	132	beginner	viewtopic.php?t=132	20090222035514
4	What is it?	132	beginner	viewtopic.php?t=132	20110618032858
4	What is it?	132	beginner	viewtopic.php?t=132	20110913100619
4	What is it?	132	beginner	viewtopic.php?t=132	20120214145536
11	Free section	103	Announcement: Rules!	viewtopic.php?t=103	20071031104218
11	Free section	103	Announcement: Rules!	viewtopic.php?t=103	20080101232521
11	Free section	103	Announcement: Rules!	viewtopic.php?t=103	20080302154057
11	Free section	103	Announcement: Rules!	viewtopic.php?t=103	20081223090328
11	Free section	103	Announcement: Rules!	viewtopic.php?t=103&sid=fa75061d0b7d07f2eebc479c336453b0	20090222035514
11	Free section	103	Announcement: Rules!	viewtopic.php?t=103	20120214184825
11	Free section	108	room7	viewtopic.php?t=108	20071031104218
11	Free section	108	room7	viewtopic.php?t=108	20080101232521
11	Free section	108	room7	viewtopic.php?t=108	20080302154057
11	Free section	108	room7	viewtopic.php?t=108	20081223090328
11	Free section	108	room7	viewtopic.php?t=108&sid=fa75061d0b7d07f2eebc479c336453b0	20090222035514
11	Free section	108	room7	viewtopic.php?t=108	20120214184825
13	Let's Shout!	171	Sticky: SB information	viewtopic.php?t=171&sid=1f0d117b12101026858fa42463719f57	20071031182605
13	Let's Shout!	171	Sticky: SB information	viewtopic.php?t=171	20080101232531
13	Let's Shout!	171	Sticky: SB information	viewtopic.php?t=171	20080302154114
13	Let's Shout!	171	Sticky: SB information	viewtopic.php?t=171	20080411183743
13	Let's Shout!	171	Sticky: SB information	viewtopic.php?t=171	20081221120213
13	Let's Shout!	171	Sticky: SB information	viewtopic.php?t=171	20081223090338
13	Let's Shout!	171	Sticky: SB information	viewtopic.php?t=171&sid=4aec16e10af3607df572d442fc6115c4	20090220162429
13	Let's Shout!	171	Sticky: SB information	viewtopic.php?t=171&sid=ec3d1c00943d297724e3d98b13ed00cd	20110618042546
13	Let's Shout!	171	Sticky: SB information	viewtopic.php?t=171	20120214184830
13	Let's Shout!	180	Announcement: RULES!!!	viewtopic.php?t=180&sid=1f0d117b12101026858fa42463719f57	20071031182605
13	Let's Shout!	180	Announcement: RULES!!!	viewtopic.php?t=180	20080101232531
13	Let's Shout!	180	Announcement: RULES!!!	viewtopic.php?t=180	20080302154114
13	Let's Shout!	180	Announcement: RULES!!!	viewtopic.php?t=180	20080411183743
13	Let's Shout!	180	Announcement: RULES!!!	viewtopic.php?t=180	20081221120213
13	Let's Shout!	180	Announcement: RULES!!!	viewtopic.php?t=180	20081223090338
13	Let's Shout!	180	Announcement: RULES!!!	viewtopic.php?t=180&sid=4aec16e10af3607df572d442fc6115c4	20090220162429
13	Let's Shout!	180	Announcement: RULES!!!	viewtopic.php?t=180&sid=ec3d1c00943d297724e3d98b13ed00cd	20110618042546
13	Let's Shout!	180	Announcement: RULES!!!	viewtopic.php?t=180	20120214184830
13	Let's Shout!	294	Test Chat	viewtopic.php?t=294	20080101232531
13	Let's Shout!	294	Test Chat	viewtopic.php?t=294	20080302154114
13	Let's Shout!	294	Test Chat	viewtopic.php?t=294	20080411183743
13	Let's Shout!	294	Test Chat	viewtopic.php?t=294	20081221120213
13	Let's Shout!	294	Test Chat	viewtopic.php?t=294	20081223090338
13	Let's Shout!	294	Test Chat	viewtopic.php?t=294&sid=4aec16e10af3607df572d442fc6115c4	20090220162429
13	Let's Shout!	294	Test Chat	viewtopic.php?t=294&sid=ec3d1c00943d297724e3d98b13ed00cd	20110618042546
13	Let's Shout!	294	Test Chat	viewtopic.php?t=294	20120214184830
18	PayPal Donations	412	Announcement: Donations	viewtopic.php?t=412	20110618034933
18	PayPal Donations	412	Announcement: Donations	viewtopic.php?t=412&sid=b35985f99b90e1c21e85a3e0b01fe2db	20110913104030
24	Archives	54	Sticky: Server change	viewtopic.php?t=54	20110618032854
24	Archives	54	Sticky: Server change	viewtopic.php?t=54&sid=56833ecdb1ccceb09e0e54e884d55d16	20120218200812
24	Archives	91	Announcement: Forumer.com made Anti Spam system... LOL!	viewtopic.php?t=91	20110618032854
24	Archives	91	Announcement: Forumer.com made Anti Spam system... LOL!	viewtopic.php?t=91&sid=56833ecdb1ccceb09e0e54e884d55d16	20120218200812
24	Archives	95	The Roomz Break	viewtopic.php?t=95	20110618032854
24	Archives	95	The Roomz Break	viewtopic.php?t=95&sid=56833ecdb1ccceb09e0e54e884d55d16	20120218200812
24	Archives	128	Announcement: New roomz - BUG-FIXING (important!)	viewtopic.php?t=128	20110618032854
24	Archives	128	Announcement: New roomz - BUG-FIXING (important!)	viewtopic.php?t=128&sid=56833ecdb1ccceb09e0e54e884d55d16	20120218200812
24	Archives	137	theroomz.org :D	viewtopic.php?t=137	20110618032854
24	Archives	137	theroomz.org :D	viewtopic.php?t=137&sid=56833ecdb1ccceb09e0e54e884d55d16	20120218200812
24	Archives	144	Sticky: Admin changes...	viewtopic.php?t=144	20110618032854
24	Archives	144	Sticky: Admin changes...	viewtopic.php?t=144&sid=56833ecdb1ccceb09e0e54e884d55d16	20120218200812
24	Archives	159	2	viewtopic.php?t=159&start=25	20110618032854
24	Archives	159	3	viewtopic.php?t=159&start=50	20110618032854
24	Archives	159	>>>CONTEST: Unique Rufus command	viewtopic.php?t=159	20110618032854
24	Archives	159	1	viewtopic.php?t=159&start=0	20110618032854
24	Archives	159	3	viewtopic.php?t=159&start=50&sid=56833ecdb1ccceb09e0e54e884d55d16	20120218200812
24	Archives	159	1	viewtopic.php?t=159&start=0&sid=56833ecdb1ccceb09e0e54e884d55d16	20120218200812
24	Archives	159	>>>CONTEST: Unique Rufus command	viewtopic.php?t=159&sid=56833ecdb1ccceb09e0e54e884d55d16	20120218200812
24	Archives	159	2	viewtopic.php?t=159&start=25&sid=56833ecdb1ccceb09e0e54e884d55d16	20120218200812
24	Archives	418	Server problems	viewtopic.php?t=418	20110618032854
24	Archives	418	Server problems	viewtopic.php?t=418&sid=56833ecdb1ccceb09e0e54e884d55d16	20120218200812
