timestamp	archived_page	href	label
20150317082332	http://jayisgames.com/review/the-roomz.php	http://jayisgames.com/review/the-roomz.php	Review
20150317082332	http://jayisgames.com/review/the-roomz.php	http://jayisgames.com/review/the-roomz.php#walkthrough	Walkthrough
20150317082332	http://jayisgames.com/review/the-roomz.php	/addtofavorites.php?game=theroomz	Add to Favorites
20150317082332	http://jayisgames.com/review/the-roomz.php	http://jayisgames.com/review/the-roomz.php#comments	Comments (818)
20150317082332	http://jayisgames.com/review/the-roomz.php	http://dreamwardgames.com/theroomz/	
20150317082332	http://jayisgames.com/review/the-roomz.php	http://dreamwardgames.com/theroomz/	The Roomz
20150317082332	http://jayisgames.com/review/the-roomz.php	http://dreamwardgames.com/theroomz/	Play The Roomz
20150317082332	http://jayisgames.com/review/the-roomz.php	http://jayisgames.com/review/the-roomz.php#walkthrough	The Roomz Walkthrough
20150317082332	http://jayisgames.com/review/the-roomz.php	http://jayisgames.com/review/the-roomz.php#walkthrough	Walkthrough Guide
20150317082332	http://jayisgames.com/review/the-roomz.php	http://www.theroomz.yoyo.pl/danger/map.htm/	http://www.theroomz.yoyo.pl/danger/map.htm/
20150317082332	http://jayisgames.com/review/the-roomz.php	http://jayisgames.com/review/the-roomz.php#comment-120824	February 13, 2007 1:20 PM
20150317082332	http://jayisgames.com/review/the-roomz.php	http://jayisgames.com/review/the-roomz.php#comment-120825	February 13, 2007 1:22 PM
20150317082332	http://jayisgames.com/review/the-roomz.php	http://jayisgames.com/review/the-roomz.php#comment-120826	February 13, 2007 1:35 PM
20150317082332	http://jayisgames.com/review/the-roomz.php	http://jayisgames.com/review/the-roomz.php#comment-120828	February 13, 2007 1:44 PM
20150317082332	http://jayisgames.com/review/the-roomz.php	http://jayisgames.com/review/the-roomz.php#comment-120829	February 13, 2007 1:56 PM
20150317082332	http://jayisgames.com/review/the-roomz.php	http://jayisgames.com/review/the-roomz.php#comment-120831	February 13, 2007 2:03 PM
20150317082332	http://jayisgames.com/review/the-roomz.php	http://jayisgames.com/review/the-roomz.php#comment-120832	February 13, 2007 2:09 PM
20150317082332	http://jayisgames.com/review/the-roomz.php	http://jayisgames.com/review/the-roomz.php#comment-120833	February 13, 2007 2:14 PM
20150317082332	http://jayisgames.com/review/the-roomz.php	http://jayisgames.com/review/the-roomz.php#comment-120836	February 13, 2007 2:16 PM
20150317082332	http://jayisgames.com/review/the-roomz.php	http://jayisgames.com/review/the-roomz.php#comment-120837	February 13, 2007 2:25 PM
20150317082332	http://jayisgames.com/review/the-roomz.php	http://jayisgames.com/review/the-roomz.php#comment-120838	February 13, 2007 2:28 PM
20150317082332	http://jayisgames.com/review/the-roomz.php	http://jayisgames.com/review/the-roomz.php#comment-120840	February 13, 2007 2:34 PM
20150317082332	http://jayisgames.com/review/the-roomz.php	http://jayisgames.com/review/the-roomz.php#comment-120842	February 13, 2007 2:36 PM
20150317082332	http://jayisgames.com/review/the-roomz.php	http://jayisgames.com/review/the-roomz.php#comment-120843	February 13, 2007 2:38 PM
20150317082332	http://jayisgames.com/review/the-roomz.php	http://jayisgames.com/review/the-roomz.php#comment-120844	February 13, 2007 2:39 PM
20150317082332	http://jayisgames.com/review/the-roomz.php	http://jayisgames.com/review/the-roomz.php#comment-120845	February 13, 2007 2:43 PM
20150317082332	http://jayisgames.com/review/the-roomz.php	http://jayisgames.com/review/the-roomz.php#comment-120846	February 13, 2007 2:43 PM
20150317082332	http://jayisgames.com/review/the-roomz.php	http://jayisgames.com/review/the-roomz.php#comment-120847	February 13, 2007 2:47 PM
20150317082332	http://jayisgames.com/review/the-roomz.php	http://jayisgames.com/review/the-roomz.php#comment-120850	February 13, 2007 3:09 PM
20150317082332	http://jayisgames.com/review/the-roomz.php	http://jayisgames.com/review/the-roomz.php#comment-120851	February 13, 2007 3:11 PM
20150317082332	http://jayisgames.com/review/the-roomz.php	http://jayisgames.com/review/the-roomz.php#comment-120852	February 13, 2007 3:11 PM
20150317082332	http://jayisgames.com/review/the-roomz.php	http://jayisgames.com/review/the-roomz.php#comment-120853	February 13, 2007 3:21 PM
20150317082332	http://jayisgames.com/review/the-roomz.php	http://jayisgames.com/review/the-roomz.php#comment-120854	February 13, 2007 3:23 PM
20150317082332	http://jayisgames.com/review/the-roomz.php	http://jayisgames.com/review/the-roomz.php#comment-120855	February 13, 2007 3:24 PM
20150317082332	http://jayisgames.com/review/the-roomz.php	http://jayisgames.com/review/the-roomz.php#comment-120857	February 13, 2007 3:30 PM
20150317082332	http://jayisgames.com/review/the-roomz.php	http://jayisgames.com/review/the-roomz.php#comment-120858	February 13, 2007 3:31 PM
20150317082332	http://jayisgames.com/review/the-roomz.php	http://jayisgames.com/review/the-roomz.php#comment-120859	February 13, 2007 3:31 PM
20150317082332	http://jayisgames.com/review/the-roomz.php	http://jayisgames.com/review/the-roomz.php#comment-120860	February 13, 2007 3:33 PM
20150317082332	http://jayisgames.com/review/the-roomz.php	http://jayisgames.com/review/the-roomz.php#comment-120861	February 13, 2007 3:40 PM
20150317082332	http://jayisgames.com/review/the-roomz.php	http://jayisgames.com/review/the-roomz.php#comment-120862	February 13, 2007 3:40 PM
20150317082332	http://jayisgames.com/review/the-roomz.php	http://jayisgames.com/review/the-roomz.php#comment-120864	February 13, 2007 3:45 PM
20150317082332	http://jayisgames.com/review/the-roomz.php	http://jayisgames.com/review/the-roomz.php#comment-120865	February 13, 2007 3:45 PM
20150317082332	http://jayisgames.com/review/the-roomz.php	http://jayisgames.com/review/the-roomz.php#comment-120866	February 13, 2007 3:51 PM
20150317082332	http://jayisgames.com/review/the-roomz.php	http://jayisgames.com/review/the-roomz.php#comment-120867	February 13, 2007 3:52 PM
20150317082332	http://jayisgames.com/review/the-roomz.php	http://jayisgames.com/review/the-roomz.php#comment-120868	February 13, 2007 4:10 PM
20150317082332	http://jayisgames.com/review/the-roomz.php	http://jayisgames.com/review/the-roomz.php#comment-120869	February 13, 2007 4:10 PM
20150317082332	http://jayisgames.com/review/the-roomz.php	http://jayisgames.com/review/the-roomz.php#comment-120870	February 13, 2007 4:11 PM
20150317082332	http://jayisgames.com/review/the-roomz.php	http://jayisgames.com/review/the-roomz.php#comment-120879	February 13, 2007 4:31 PM
20150317082332	http://jayisgames.com/review/the-roomz.php	http://jayisgames.com/review/the-roomz.php#comment-120882	February 13, 2007 4:38 PM
20150317082332	http://jayisgames.com/review/the-roomz.php	http://jayisgames.com/review/the-roomz.php#comment-120883	February 13, 2007 4:43 PM
20150317082332	http://jayisgames.com/review/the-roomz.php	http://jayisgames.com/review/the-roomz.php#comment-120884	February 13, 2007 4:46 PM
20150317082332	http://jayisgames.com/review/the-roomz.php	http://jayisgames.com/review/the-roomz.php#comment-120885	February 13, 2007 4:49 PM
20150317082332	http://jayisgames.com/review/the-roomz.php	http://jayisgames.com/review/the-roomz.php#comment-120886	February 13, 2007 4:50 PM
20150317082332	http://jayisgames.com/review/the-roomz.php	http://jayisgames.com/review/the-roomz.php#comment-120887	February 13, 2007 4:54 PM
20150317082332	http://jayisgames.com/review/the-roomz.php	http://jayisgames.com/review/the-roomz.php#comment-120888	February 13, 2007 4:58 PM
20150317082332	http://jayisgames.com/review/the-roomz.php	http://jayisgames.com/review/the-roomz.php#comment-120889	February 13, 2007 5:07 PM
20150317082332	http://jayisgames.com/review/the-roomz.php	http://jayisgames.com/review/the-roomz.php#comment-120890	February 13, 2007 5:13 PM
20150317082332	http://jayisgames.com/review/the-roomz.php	http://jayisgames.com/review/the-roomz.php#comment-120891	February 13, 2007 5:13 PM
20150317082332	http://jayisgames.com/review/the-roomz.php	http://jayisgames.com/review/the-roomz.php#comment-120893	February 13, 2007 5:21 PM
20150317082332	http://jayisgames.com/review/the-roomz.php	http://jayisgames.com/review/the-roomz.php#comment-120894	February 13, 2007 5:25 PM
20150317082332	http://jayisgames.com/review/the-roomz.php	http://jayisgames.com/review/the-roomz.php#comment-120897	February 13, 2007 5:27 PM
20150317082332	http://jayisgames.com/review/the-roomz.php	http://jayisgames.com/review/the-roomz.php#comment-120899	February 13, 2007 5:31 PM
20150317082332	http://jayisgames.com/review/the-roomz.php	http://jayisgames.com/review/the-roomz.php#comment-120900	February 13, 2007 5:31 PM
20150317082332	http://jayisgames.com/review/the-roomz.php	http://jayisgames.com/review/the-roomz.php#comment-120901	February 13, 2007 5:36 PM
20150317082332	http://jayisgames.com/review/the-roomz.php	http://jayisgames.com/review/the-roomz.php#comment-120902	February 13, 2007 5:40 PM
20150317082332	http://jayisgames.com/review/the-roomz.php	http://jayisgames.com/review/the-roomz.php#comment-120903	February 13, 2007 5:41 PM
20150317082332	http://jayisgames.com/review/the-roomz.php	http://jayisgames.com/review/the-roomz.php#comment-120904	February 13, 2007 5:48 PM
20150317082332	http://jayisgames.com/review/the-roomz.php	http://jayisgames.com/review/the-roomz.php#comment-120906	February 13, 2007 6:00 PM
20150317082332	http://jayisgames.com/review/the-roomz.php	http://jayisgames.com/review/the-roomz.php#comment-120907	February 13, 2007 6:02 PM
20150317082332	http://jayisgames.com/review/the-roomz.php	http://jayisgames.com/review/the-roomz.php#comment-120908	February 13, 2007 6:15 PM
20150317082332	http://jayisgames.com/review/the-roomz.php	http://jayisgames.com/review/the-roomz.php#comment-120909	February 13, 2007 6:23 PM
20150317082332	http://jayisgames.com/review/the-roomz.php	http://jayisgames.com/review/the-roomz.php#comment-120911	February 13, 2007 6:29 PM
20150317082332	http://jayisgames.com/review/the-roomz.php	http://jayisgames.com/review/the-roomz.php#comment-120912	February 13, 2007 6:33 PM
20150317082332	http://jayisgames.com/review/the-roomz.php	http://jayisgames.com/review/the-roomz.php#comment-120913	February 13, 2007 6:36 PM
20150317082332	http://jayisgames.com/review/the-roomz.php	http://jayisgames.com/review/the-roomz.php#comment-120914	February 13, 2007 6:36 PM
20150317082332	http://jayisgames.com/review/the-roomz.php	http://jayisgames.com/review/the-roomz.php#comment-120917	February 13, 2007 6:49 PM
20150317082332	http://jayisgames.com/review/the-roomz.php	http://jayisgames.com/review/the-roomz.php#comment-120918	February 13, 2007 6:57 PM
20150317082332	http://jayisgames.com/review/the-roomz.php	http://jayisgames.com/review/the-roomz.php#comment-120919	February 13, 2007 7:20 PM
20150317082332	http://jayisgames.com/review/the-roomz.php	http://jayisgames.com/review/the-roomz.php#comment-120920	February 13, 2007 7:25 PM
20150317082332	http://jayisgames.com/review/the-roomz.php	http://jayisgames.com/review/the-roomz.php#comment-120921	February 13, 2007 7:32 PM
20150317082332	http://jayisgames.com/review/the-roomz.php	http://jayisgames.com/review/the-roomz.php#comment-120922	February 13, 2007 7:36 PM
20150317082332	http://jayisgames.com/review/the-roomz.php	http://jayisgames.com/review/the-roomz.php#comment-120924	February 13, 2007 7:43 PM
20150317082332	http://jayisgames.com/review/the-roomz.php	http://jayisgames.com/review/the-roomz.php#comment-120926	February 13, 2007 7:51 PM
20150317082332	http://jayisgames.com/review/the-roomz.php	http://jayisgames.com/review/the-roomz.php#comment-120927	February 13, 2007 7:51 PM
20150317082332	http://jayisgames.com/review/the-roomz.php	http://jayisgames.com/review/the-roomz.php#comment-120928	February 13, 2007 8:04 PM
20150317082332	http://jayisgames.com/review/the-roomz.php	http://jayisgames.com/review/the-roomz.php#comment-120929	February 13, 2007 8:06 PM
20150317082332	http://jayisgames.com/review/the-roomz.php	http://jayisgames.com/review/the-roomz.php#comment-120931	February 13, 2007 8:08 PM
20150317082332	http://jayisgames.com/review/the-roomz.php	http://jayisgames.com/review/the-roomz.php#comment-120932	February 13, 2007 8:08 PM
20150317082332	http://jayisgames.com/review/the-roomz.php	http://jayisgames.com/review/the-roomz.php#comment-120934	February 13, 2007 8:10 PM
20150317082332	http://jayisgames.com/review/the-roomz.php	http://jayisgames.com/review/the-roomz.php#comment-120935	February 13, 2007 8:30 PM
20150317082332	http://jayisgames.com/review/the-roomz.php	http://jayisgames.com/review/the-roomz.php#comment-120937	February 13, 2007 9:02 PM
20150317082332	http://jayisgames.com/review/the-roomz.php	http://jayisgames.com/review/the-roomz.php#comment-120940	February 13, 2007 9:33 PM
20150317082332	http://jayisgames.com/review/the-roomz.php	http://jayisgames.com/review/the-roomz.php#comment-120941	February 13, 2007 9:35 PM
20150317082332	http://jayisgames.com/review/the-roomz.php	http://jayisgames.com/review/the-roomz.php#comment-120942	February 13, 2007 9:35 PM
20150317082332	http://jayisgames.com/review/the-roomz.php	http://jayisgames.com/review/the-roomz.php#comment-120945	February 13, 2007 9:57 PM
20150317082332	http://jayisgames.com/review/the-roomz.php	http://jayisgames.com/review/the-roomz.php#comment-120946	February 13, 2007 10:11 PM
20150317082332	http://jayisgames.com/review/the-roomz.php	http://jayisgames.com/review/the-roomz.php#comment-120947	February 13, 2007 10:25 PM
20150317082332	http://jayisgames.com/review/the-roomz.php	http://jayisgames.com/review/the-roomz.php#comment-120948	February 13, 2007 10:26 PM
20150317082332	http://jayisgames.com/review/the-roomz.php	http://jayisgames.com/review/the-roomz.php#comment-120950	February 13, 2007 10:33 PM
20150317082332	http://jayisgames.com/review/the-roomz.php	http://jayisgames.com/review/the-roomz.php#comment-120951	February 13, 2007 10:36 PM
20150317082332	http://jayisgames.com/review/the-roomz.php	http://jayisgames.com/review/the-roomz.php#comment-120952	February 13, 2007 10:38 PM
20150317082332	http://jayisgames.com/review/the-roomz.php	http://jayisgames.com/review/the-roomz.php#comment-120955	February 13, 2007 10:52 PM
20150317082332	http://jayisgames.com/review/the-roomz.php	http://jayisgames.com/review/the-roomz.php#comment-120956	February 13, 2007 11:11 PM
20150317082332	http://jayisgames.com/review/the-roomz.php	http://jayisgames.com/review/the-roomz.php#comment-120959	February 13, 2007 11:15 PM
20150317082332	http://jayisgames.com/review/the-roomz.php	http://jayisgames.com/review/the-roomz.php#comment-120962	February 13, 2007 11:27 PM
20150317082332	http://jayisgames.com/review/the-roomz.php	http://jayisgames.com/review/the-roomz.php#comment-120963	February 13, 2007 11:32 PM
20150317082332	http://jayisgames.com/review/the-roomz.php	http://jayisgames.com/review/the-roomz.php#comment-120964	February 13, 2007 11:35 PM
20150317082332	http://jayisgames.com/review/the-roomz.php	http://jayisgames.com/review/the-roomz.php#comment-120965	February 13, 2007 11:38 PM
20150317082332	http://jayisgames.com/review/the-roomz.php	http://jayisgames.com/review/the-roomz.php#comment-120967	February 13, 2007 11:47 PM
20150317082332	http://jayisgames.com/review/the-roomz.php	http://jayisgames.com/review/the-roomz.php#comment-120969	February 13, 2007 11:51 PM
20150317082332	http://jayisgames.com/review/the-roomz.php	http://jayisgames.com/review/the-roomz.php#comment-262797	April 28, 2008 1:46 PM
20150317082332	http://jayisgames.com/review/the-roomz.php	http://jayisgames.com/review/the-roomz.php#comment-262808	April 28, 2008 2:55 PM
20150317082332	http://jayisgames.com/review/the-roomz.php	http://jayisgames.com/review/the-roomz.php#comment-264645	May 13, 2008 7:03 PM
20150317082332	http://jayisgames.com/review/the-roomz.php	http://jayisgames.com/review/the-roomz.php#comment-265323	May 19, 2008 7:45 AM
20150317082332	http://jayisgames.com/review/the-roomz.php	http://jayisgames.com/review/the-roomz.php#comment-265865	May 24, 2008 12:06 PM
20150317082332	http://jayisgames.com/review/the-roomz.php	http://jayisgames.com/review/the-roomz.php#comment-266052	May 26, 2008 11:42 AM
20150317082332	http://jayisgames.com/review/the-roomz.php	http://jayisgames.com/review/the-roomz.php#comment-266256	May 28, 2008 6:44 AM
20150317082332	http://jayisgames.com/review/the-roomz.php	http://jayisgames.com/review/the-roomz.php#comment-266748	May 31, 2008 9:58 AM
20150317082332	http://jayisgames.com/review/the-roomz.php	http://jayisgames.com/review/the-roomz.php#comment-267508	June 5, 2008 5:00 AM
20150317082332	http://jayisgames.com/review/the-roomz.php	http://jayisgames.com/review/the-roomz.php#comment-273276	July 4, 2008 8:46 PM
20150317082332	http://jayisgames.com/review/the-roomz.php	http://jayisgames.com/review/the-roomz.php#comment-276495	July 25, 2008 10:16 AM
20150317082332	http://jayisgames.com/review/the-roomz.php	http://jayisgames.com/review/the-roomz.php#comment-277962	August 3, 2008 11:47 PM
20150317082332	http://jayisgames.com/review/the-roomz.php	http://jayisgames.com/review/the-roomz.php#comment-284880	September 28, 2008 10:45 AM
20150317082332	http://jayisgames.com/review/the-roomz.php	http://jayisgames.com/review/the-roomz.php#comment-345181	November 29, 2009 9:07 PM
20150317082332	http://jayisgames.com/review/the-roomz.php	http://jayisgames.com/review/the-roomz.php#comment-357403	March 16, 2010 4:51 PM
20150317082332	http://jayisgames.com/review/the-roomz.php	http://jayisgames.com/review/the-roomz.php#comment-380638	October 16, 2010 1:56 PM
20150317082332	http://jayisgames.com/review/the-roomz.php	http://jayisgames.com/review/the-roomz.php#comment-380680	October 17, 2010 10:52 AM
20150317082332	http://jayisgames.com/review/the-roomz.php	http://jayisgames.com/review/the-roomz.php#comment-380681	October 17, 2010 12:05 PM
20150905160837	http://jayisgames.com/review/the-roomz.php	http://jayisgames.com/review/the-roomz.php	Review
20150905160837	http://jayisgames.com/review/the-roomz.php	http://jayisgames.com/review/the-roomz.php#walkthrough	Walkthrough
20150905160837	http://jayisgames.com/review/the-roomz.php	/addtofavorites.php?game=theroomz	Add to Favorites
20150905160837	http://jayisgames.com/review/the-roomz.php	http://jayisgames.com/review/the-roomz.php#comments	Comments (818)
20150905160837	http://jayisgames.com/review/the-roomz.php	http://dreamwardgames.com/theroomz/	
20150905160837	http://jayisgames.com/review/the-roomz.php	http://dreamwardgames.com/theroomz/	The Roomz
20150905160837	http://jayisgames.com/review/the-roomz.php	http://dreamwardgames.com/theroomz/	Play The Roomz
20150905160837	http://jayisgames.com/review/the-roomz.php	http://jayisgames.com/review/the-roomz.php#walkthrough	The Roomz Walkthrough
20150905160837	http://jayisgames.com/review/the-roomz.php	http://jayisgames.com/review/the-roomz.php#walkthrough	Walkthrough Guide
20150905160837	http://jayisgames.com/review/the-roomz.php	http://www.theroomz.yoyo.pl/danger/map.htm/	http://www.theroomz.yoyo.pl/danger/map.htm/
20150905160837	http://jayisgames.com/review/the-roomz.php	http://jayisgames.com/review/the-roomz.php#comment-120824	February 13, 2007 1:20 PM
20150905160837	http://jayisgames.com/review/the-roomz.php	http://jayisgames.com/review/the-roomz.php#comment-120825	February 13, 2007 1:22 PM
20150905160837	http://jayisgames.com/review/the-roomz.php	http://jayisgames.com/review/the-roomz.php#comment-120826	February 13, 2007 1:35 PM
20150905160837	http://jayisgames.com/review/the-roomz.php	http://jayisgames.com/review/the-roomz.php#comment-120828	February 13, 2007 1:44 PM
20150905160837	http://jayisgames.com/review/the-roomz.php	http://jayisgames.com/review/the-roomz.php#comment-120829	February 13, 2007 1:56 PM
20150905160837	http://jayisgames.com/review/the-roomz.php	http://jayisgames.com/review/the-roomz.php#comment-120831	February 13, 2007 2:03 PM
20150905160837	http://jayisgames.com/review/the-roomz.php	http://jayisgames.com/review/the-roomz.php#comment-120832	February 13, 2007 2:09 PM
20150905160837	http://jayisgames.com/review/the-roomz.php	http://jayisgames.com/review/the-roomz.php#comment-120833	February 13, 2007 2:14 PM
20150905160837	http://jayisgames.com/review/the-roomz.php	http://jayisgames.com/review/the-roomz.php#comment-120836	February 13, 2007 2:16 PM
20150905160837	http://jayisgames.com/review/the-roomz.php	http://jayisgames.com/review/the-roomz.php#comment-120837	February 13, 2007 2:25 PM
20150905160837	http://jayisgames.com/review/the-roomz.php	http://jayisgames.com/review/the-roomz.php#comment-120838	February 13, 2007 2:28 PM
20150905160837	http://jayisgames.com/review/the-roomz.php	http://jayisgames.com/review/the-roomz.php#comment-120840	February 13, 2007 2:34 PM
20150905160837	http://jayisgames.com/review/the-roomz.php	http://jayisgames.com/review/the-roomz.php#comment-120842	February 13, 2007 2:36 PM
20150905160837	http://jayisgames.com/review/the-roomz.php	http://jayisgames.com/review/the-roomz.php#comment-120843	February 13, 2007 2:38 PM
20150905160837	http://jayisgames.com/review/the-roomz.php	http://jayisgames.com/review/the-roomz.php#comment-120844	February 13, 2007 2:39 PM
20150905160837	http://jayisgames.com/review/the-roomz.php	http://jayisgames.com/review/the-roomz.php#comment-120845	February 13, 2007 2:43 PM
20150905160837	http://jayisgames.com/review/the-roomz.php	http://jayisgames.com/review/the-roomz.php#comment-120846	February 13, 2007 2:43 PM
20150905160837	http://jayisgames.com/review/the-roomz.php	http://jayisgames.com/review/the-roomz.php#comment-120847	February 13, 2007 2:47 PM
20150905160837	http://jayisgames.com/review/the-roomz.php	http://jayisgames.com/review/the-roomz.php#comment-120850	February 13, 2007 3:09 PM
20150905160837	http://jayisgames.com/review/the-roomz.php	http://jayisgames.com/review/the-roomz.php#comment-120851	February 13, 2007 3:11 PM
20150905160837	http://jayisgames.com/review/the-roomz.php	http://jayisgames.com/review/the-roomz.php#comment-120852	February 13, 2007 3:11 PM
20150905160837	http://jayisgames.com/review/the-roomz.php	http://jayisgames.com/review/the-roomz.php#comment-120853	February 13, 2007 3:21 PM
20150905160837	http://jayisgames.com/review/the-roomz.php	http://jayisgames.com/review/the-roomz.php#comment-120854	February 13, 2007 3:23 PM
20150905160837	http://jayisgames.com/review/the-roomz.php	http://jayisgames.com/review/the-roomz.php#comment-120855	February 13, 2007 3:24 PM
20150905160837	http://jayisgames.com/review/the-roomz.php	http://jayisgames.com/review/the-roomz.php#comment-120857	February 13, 2007 3:30 PM
20150905160837	http://jayisgames.com/review/the-roomz.php	http://jayisgames.com/review/the-roomz.php#comment-120858	February 13, 2007 3:31 PM
20150905160837	http://jayisgames.com/review/the-roomz.php	http://jayisgames.com/review/the-roomz.php#comment-120859	February 13, 2007 3:31 PM
20150905160837	http://jayisgames.com/review/the-roomz.php	http://jayisgames.com/review/the-roomz.php#comment-120860	February 13, 2007 3:33 PM
20150905160837	http://jayisgames.com/review/the-roomz.php	http://jayisgames.com/review/the-roomz.php#comment-120861	February 13, 2007 3:40 PM
20150905160837	http://jayisgames.com/review/the-roomz.php	http://jayisgames.com/review/the-roomz.php#comment-120862	February 13, 2007 3:40 PM
20150905160837	http://jayisgames.com/review/the-roomz.php	http://jayisgames.com/review/the-roomz.php#comment-120864	February 13, 2007 3:45 PM
20150905160837	http://jayisgames.com/review/the-roomz.php	http://jayisgames.com/review/the-roomz.php#comment-120865	February 13, 2007 3:45 PM
20150905160837	http://jayisgames.com/review/the-roomz.php	http://jayisgames.com/review/the-roomz.php#comment-120866	February 13, 2007 3:51 PM
20150905160837	http://jayisgames.com/review/the-roomz.php	http://jayisgames.com/review/the-roomz.php#comment-120867	February 13, 2007 3:52 PM
20150905160837	http://jayisgames.com/review/the-roomz.php	http://jayisgames.com/review/the-roomz.php#comment-120868	February 13, 2007 4:10 PM
20150905160837	http://jayisgames.com/review/the-roomz.php	http://jayisgames.com/review/the-roomz.php#comment-120869	February 13, 2007 4:10 PM
20150905160837	http://jayisgames.com/review/the-roomz.php	http://jayisgames.com/review/the-roomz.php#comment-120870	February 13, 2007 4:11 PM
20150905160837	http://jayisgames.com/review/the-roomz.php	http://jayisgames.com/review/the-roomz.php#comment-120879	February 13, 2007 4:31 PM
20150905160837	http://jayisgames.com/review/the-roomz.php	http://jayisgames.com/review/the-roomz.php#comment-120882	February 13, 2007 4:38 PM
20150905160837	http://jayisgames.com/review/the-roomz.php	http://jayisgames.com/review/the-roomz.php#comment-120883	February 13, 2007 4:43 PM
20150905160837	http://jayisgames.com/review/the-roomz.php	http://jayisgames.com/review/the-roomz.php#comment-120884	February 13, 2007 4:46 PM
20150905160837	http://jayisgames.com/review/the-roomz.php	http://jayisgames.com/review/the-roomz.php#comment-120885	February 13, 2007 4:49 PM
20150905160837	http://jayisgames.com/review/the-roomz.php	http://jayisgames.com/review/the-roomz.php#comment-120886	February 13, 2007 4:50 PM
20150905160837	http://jayisgames.com/review/the-roomz.php	http://jayisgames.com/review/the-roomz.php#comment-120887	February 13, 2007 4:54 PM
20150905160837	http://jayisgames.com/review/the-roomz.php	http://jayisgames.com/review/the-roomz.php#comment-120888	February 13, 2007 4:58 PM
20150905160837	http://jayisgames.com/review/the-roomz.php	http://jayisgames.com/review/the-roomz.php#comment-120889	February 13, 2007 5:07 PM
20150905160837	http://jayisgames.com/review/the-roomz.php	http://jayisgames.com/review/the-roomz.php#comment-120890	February 13, 2007 5:13 PM
20150905160837	http://jayisgames.com/review/the-roomz.php	http://jayisgames.com/review/the-roomz.php#comment-120891	February 13, 2007 5:13 PM
20150905160837	http://jayisgames.com/review/the-roomz.php	http://jayisgames.com/review/the-roomz.php#comment-120893	February 13, 2007 5:21 PM
20150905160837	http://jayisgames.com/review/the-roomz.php	http://jayisgames.com/review/the-roomz.php#comment-120894	February 13, 2007 5:25 PM
20150905160837	http://jayisgames.com/review/the-roomz.php	http://jayisgames.com/review/the-roomz.php#comment-120897	February 13, 2007 5:27 PM
20150905160837	http://jayisgames.com/review/the-roomz.php	http://jayisgames.com/review/the-roomz.php#comment-120899	February 13, 2007 5:31 PM
20150905160837	http://jayisgames.com/review/the-roomz.php	http://jayisgames.com/review/the-roomz.php#comment-120900	February 13, 2007 5:31 PM
20150905160837	http://jayisgames.com/review/the-roomz.php	http://jayisgames.com/review/the-roomz.php#comment-120901	February 13, 2007 5:36 PM
20150905160837	http://jayisgames.com/review/the-roomz.php	http://jayisgames.com/review/the-roomz.php#comment-120902	February 13, 2007 5:40 PM
20150905160837	http://jayisgames.com/review/the-roomz.php	http://jayisgames.com/review/the-roomz.php#comment-120903	February 13, 2007 5:41 PM
20150905160837	http://jayisgames.com/review/the-roomz.php	http://jayisgames.com/review/the-roomz.php#comment-120904	February 13, 2007 5:48 PM
20150905160837	http://jayisgames.com/review/the-roomz.php	http://jayisgames.com/review/the-roomz.php#comment-120906	February 13, 2007 6:00 PM
20150905160837	http://jayisgames.com/review/the-roomz.php	http://jayisgames.com/review/the-roomz.php#comment-120907	February 13, 2007 6:02 PM
20150905160837	http://jayisgames.com/review/the-roomz.php	http://jayisgames.com/review/the-roomz.php#comment-120908	February 13, 2007 6:15 PM
20150905160837	http://jayisgames.com/review/the-roomz.php	http://jayisgames.com/review/the-roomz.php#comment-120909	February 13, 2007 6:23 PM
20150905160837	http://jayisgames.com/review/the-roomz.php	http://jayisgames.com/review/the-roomz.php#comment-120911	February 13, 2007 6:29 PM
20150905160837	http://jayisgames.com/review/the-roomz.php	http://jayisgames.com/review/the-roomz.php#comment-120912	February 13, 2007 6:33 PM
20150905160837	http://jayisgames.com/review/the-roomz.php	http://jayisgames.com/review/the-roomz.php#comment-120913	February 13, 2007 6:36 PM
20150905160837	http://jayisgames.com/review/the-roomz.php	http://jayisgames.com/review/the-roomz.php#comment-120914	February 13, 2007 6:36 PM
20150905160837	http://jayisgames.com/review/the-roomz.php	http://jayisgames.com/review/the-roomz.php#comment-120917	February 13, 2007 6:49 PM
20150905160837	http://jayisgames.com/review/the-roomz.php	http://jayisgames.com/review/the-roomz.php#comment-120918	February 13, 2007 6:57 PM
20150905160837	http://jayisgames.com/review/the-roomz.php	http://jayisgames.com/review/the-roomz.php#comment-120919	February 13, 2007 7:20 PM
20150905160837	http://jayisgames.com/review/the-roomz.php	http://jayisgames.com/review/the-roomz.php#comment-120920	February 13, 2007 7:25 PM
20150905160837	http://jayisgames.com/review/the-roomz.php	http://jayisgames.com/review/the-roomz.php#comment-120921	February 13, 2007 7:32 PM
20150905160837	http://jayisgames.com/review/the-roomz.php	http://jayisgames.com/review/the-roomz.php#comment-120922	February 13, 2007 7:36 PM
20150905160837	http://jayisgames.com/review/the-roomz.php	http://jayisgames.com/review/the-roomz.php#comment-120924	February 13, 2007 7:43 PM
20150905160837	http://jayisgames.com/review/the-roomz.php	http://jayisgames.com/review/the-roomz.php#comment-120926	February 13, 2007 7:51 PM
20150905160837	http://jayisgames.com/review/the-roomz.php	http://jayisgames.com/review/the-roomz.php#comment-120927	February 13, 2007 7:51 PM
20150905160837	http://jayisgames.com/review/the-roomz.php	http://jayisgames.com/review/the-roomz.php#comment-120928	February 13, 2007 8:04 PM
20150905160837	http://jayisgames.com/review/the-roomz.php	http://jayisgames.com/review/the-roomz.php#comment-120929	February 13, 2007 8:06 PM
20150905160837	http://jayisgames.com/review/the-roomz.php	http://jayisgames.com/review/the-roomz.php#comment-120931	February 13, 2007 8:08 PM
20150905160837	http://jayisgames.com/review/the-roomz.php	http://jayisgames.com/review/the-roomz.php#comment-120932	February 13, 2007 8:08 PM
20150905160837	http://jayisgames.com/review/the-roomz.php	http://jayisgames.com/review/the-roomz.php#comment-120934	February 13, 2007 8:10 PM
20150905160837	http://jayisgames.com/review/the-roomz.php	http://jayisgames.com/review/the-roomz.php#comment-120935	February 13, 2007 8:30 PM
20150905160837	http://jayisgames.com/review/the-roomz.php	http://jayisgames.com/review/the-roomz.php#comment-120937	February 13, 2007 9:02 PM
20150905160837	http://jayisgames.com/review/the-roomz.php	http://jayisgames.com/review/the-roomz.php#comment-120940	February 13, 2007 9:33 PM
20150905160837	http://jayisgames.com/review/the-roomz.php	http://jayisgames.com/review/the-roomz.php#comment-120941	February 13, 2007 9:35 PM
20150905160837	http://jayisgames.com/review/the-roomz.php	http://jayisgames.com/review/the-roomz.php#comment-120942	February 13, 2007 9:35 PM
20150905160837	http://jayisgames.com/review/the-roomz.php	http://jayisgames.com/review/the-roomz.php#comment-120945	February 13, 2007 9:57 PM
20150905160837	http://jayisgames.com/review/the-roomz.php	http://jayisgames.com/review/the-roomz.php#comment-120946	February 13, 2007 10:11 PM
20150905160837	http://jayisgames.com/review/the-roomz.php	http://jayisgames.com/review/the-roomz.php#comment-120947	February 13, 2007 10:25 PM
20150905160837	http://jayisgames.com/review/the-roomz.php	http://jayisgames.com/review/the-roomz.php#comment-120948	February 13, 2007 10:26 PM
20150905160837	http://jayisgames.com/review/the-roomz.php	http://jayisgames.com/review/the-roomz.php#comment-120950	February 13, 2007 10:33 PM
20150905160837	http://jayisgames.com/review/the-roomz.php	http://jayisgames.com/review/the-roomz.php#comment-120951	February 13, 2007 10:36 PM
20150905160837	http://jayisgames.com/review/the-roomz.php	http://jayisgames.com/review/the-roomz.php#comment-120952	February 13, 2007 10:38 PM
20150905160837	http://jayisgames.com/review/the-roomz.php	http://jayisgames.com/review/the-roomz.php#comment-120955	February 13, 2007 10:52 PM
20150905160837	http://jayisgames.com/review/the-roomz.php	http://jayisgames.com/review/the-roomz.php#comment-120956	February 13, 2007 11:11 PM
20150905160837	http://jayisgames.com/review/the-roomz.php	http://jayisgames.com/review/the-roomz.php#comment-120959	February 13, 2007 11:15 PM
20150905160837	http://jayisgames.com/review/the-roomz.php	http://jayisgames.com/review/the-roomz.php#comment-120962	February 13, 2007 11:27 PM
20150905160837	http://jayisgames.com/review/the-roomz.php	http://jayisgames.com/review/the-roomz.php#comment-120963	February 13, 2007 11:32 PM
20150905160837	http://jayisgames.com/review/the-roomz.php	http://jayisgames.com/review/the-roomz.php#comment-120964	February 13, 2007 11:35 PM
20150905160837	http://jayisgames.com/review/the-roomz.php	http://jayisgames.com/review/the-roomz.php#comment-120965	February 13, 2007 11:38 PM
20150905160837	http://jayisgames.com/review/the-roomz.php	http://jayisgames.com/review/the-roomz.php#comment-120967	February 13, 2007 11:47 PM
20150905160837	http://jayisgames.com/review/the-roomz.php	http://jayisgames.com/review/the-roomz.php#comment-120969	February 13, 2007 11:51 PM
20150905160837	http://jayisgames.com/review/the-roomz.php	http://jayisgames.com/review/the-roomz.php#comment-262797	April 28, 2008 1:46 PM
20150905160837	http://jayisgames.com/review/the-roomz.php	http://jayisgames.com/review/the-roomz.php#comment-262808	April 28, 2008 2:55 PM
20150905160837	http://jayisgames.com/review/the-roomz.php	http://jayisgames.com/review/the-roomz.php#comment-264645	May 13, 2008 7:03 PM
20150905160837	http://jayisgames.com/review/the-roomz.php	http://jayisgames.com/review/the-roomz.php#comment-265323	May 19, 2008 7:45 AM
20150905160837	http://jayisgames.com/review/the-roomz.php	http://jayisgames.com/review/the-roomz.php#comment-265865	May 24, 2008 12:06 PM
20150905160837	http://jayisgames.com/review/the-roomz.php	http://jayisgames.com/review/the-roomz.php#comment-266052	May 26, 2008 11:42 AM
20150905160837	http://jayisgames.com/review/the-roomz.php	http://jayisgames.com/review/the-roomz.php#comment-266256	May 28, 2008 6:44 AM
20150905160837	http://jayisgames.com/review/the-roomz.php	http://jayisgames.com/review/the-roomz.php#comment-266748	May 31, 2008 9:58 AM
20150905160837	http://jayisgames.com/review/the-roomz.php	http://jayisgames.com/review/the-roomz.php#comment-267508	June 5, 2008 5:00 AM
20150905160837	http://jayisgames.com/review/the-roomz.php	http://jayisgames.com/review/the-roomz.php#comment-273276	July 4, 2008 8:46 PM
20150905160837	http://jayisgames.com/review/the-roomz.php	http://jayisgames.com/review/the-roomz.php#comment-276495	July 25, 2008 10:16 AM
20150905160837	http://jayisgames.com/review/the-roomz.php	http://jayisgames.com/review/the-roomz.php#comment-277962	August 3, 2008 11:47 PM
20150905160837	http://jayisgames.com/review/the-roomz.php	http://jayisgames.com/review/the-roomz.php#comment-284880	September 28, 2008 10:45 AM
20150905160837	http://jayisgames.com/review/the-roomz.php	http://jayisgames.com/review/the-roomz.php#comment-345181	November 29, 2009 9:07 PM
20150905160837	http://jayisgames.com/review/the-roomz.php	http://jayisgames.com/review/the-roomz.php#comment-357403	March 16, 2010 4:51 PM
20150905160837	http://jayisgames.com/review/the-roomz.php	http://jayisgames.com/review/the-roomz.php#comment-380638	October 16, 2010 1:56 PM
20150905160837	http://jayisgames.com/review/the-roomz.php	http://jayisgames.com/review/the-roomz.php#comment-380680	October 17, 2010 10:52 AM
20150905160837	http://jayisgames.com/review/the-roomz.php	http://jayisgames.com/review/the-roomz.php#comment-380681	October 17, 2010 12:05 PM
20160417101203	http://jayisgames.com/review/the-roomz.php	http://jayisgames.com/review/the-roomz.php#walkthrough	Walkthrough
20160417101203	http://jayisgames.com/review/the-roomz.php	/addtofavorites.php?game=theroomz	Add to Favorites
20160417101203	http://jayisgames.com/review/the-roomz.php	http://jayisgames.com/review/the-roomz.php#comments	Comments (818)
20160417101203	http://jayisgames.com/review/the-roomz.php	http://dreamwardgames.com/theroomz/	
20160417101203	http://jayisgames.com/review/the-roomz.php	http://dreamwardgames.com/theroomz/	The Roomz
20160417101203	http://jayisgames.com/review/the-roomz.php	http://dreamwardgames.com/theroomz/	Play The Roomz
20160417101203	http://jayisgames.com/review/the-roomz.php	http://jayisgames.com/review/the-roomz.php#walkthrough	The Roomz Walkthrough
20160417101203	http://jayisgames.com/review/the-roomz.php	http://jayisgames.com/review/the-roomz.php#walkthrough	Walkthrough Guide
20160417101203	http://jayisgames.com/review/the-roomz.php	http://www.theroomz.yoyo.pl/danger/map.htm/	http://www.theroomz.yoyo.pl/danger/map.htm/
20160417101203	http://jayisgames.com/review/the-roomz.php	http://jayisgames.com/review/the-roomz.php#comment-120824	February 13, 2007 1:20 PM
20160417101203	http://jayisgames.com/review/the-roomz.php	http://jayisgames.com/review/the-roomz.php#comment-120825	February 13, 2007 1:22 PM
20160417101203	http://jayisgames.com/review/the-roomz.php	http://jayisgames.com/review/the-roomz.php#comment-120826	February 13, 2007 1:35 PM
20160417101203	http://jayisgames.com/review/the-roomz.php	http://jayisgames.com/review/the-roomz.php#comment-120828	February 13, 2007 1:44 PM
20160417101203	http://jayisgames.com/review/the-roomz.php	http://jayisgames.com/review/the-roomz.php#comment-120829	February 13, 2007 1:56 PM
20160417101203	http://jayisgames.com/review/the-roomz.php	http://jayisgames.com/review/the-roomz.php#comment-120831	February 13, 2007 2:03 PM
20160417101203	http://jayisgames.com/review/the-roomz.php	http://jayisgames.com/review/the-roomz.php#comment-120832	February 13, 2007 2:09 PM
20160417101203	http://jayisgames.com/review/the-roomz.php	http://jayisgames.com/review/the-roomz.php#comment-120833	February 13, 2007 2:14 PM
20160417101203	http://jayisgames.com/review/the-roomz.php	http://jayisgames.com/review/the-roomz.php#comment-120836	February 13, 2007 2:16 PM
20160417101203	http://jayisgames.com/review/the-roomz.php	http://jayisgames.com/review/the-roomz.php#comment-120837	February 13, 2007 2:25 PM
20160417101203	http://jayisgames.com/review/the-roomz.php	http://jayisgames.com/review/the-roomz.php#comment-120838	February 13, 2007 2:28 PM
20160417101203	http://jayisgames.com/review/the-roomz.php	http://jayisgames.com/review/the-roomz.php#comment-120840	February 13, 2007 2:34 PM
20160417101203	http://jayisgames.com/review/the-roomz.php	http://jayisgames.com/review/the-roomz.php#comment-120842	February 13, 2007 2:36 PM
20160417101203	http://jayisgames.com/review/the-roomz.php	http://jayisgames.com/review/the-roomz.php#comment-120843	February 13, 2007 2:38 PM
20160417101203	http://jayisgames.com/review/the-roomz.php	http://jayisgames.com/review/the-roomz.php#comment-120844	February 13, 2007 2:39 PM
20160417101203	http://jayisgames.com/review/the-roomz.php	http://jayisgames.com/review/the-roomz.php#comment-120845	February 13, 2007 2:43 PM
20160417101203	http://jayisgames.com/review/the-roomz.php	http://jayisgames.com/review/the-roomz.php#comment-120846	February 13, 2007 2:43 PM
20160417101203	http://jayisgames.com/review/the-roomz.php	http://jayisgames.com/review/the-roomz.php#comment-120847	February 13, 2007 2:47 PM
20160417101203	http://jayisgames.com/review/the-roomz.php	http://jayisgames.com/review/the-roomz.php#comment-120850	February 13, 2007 3:09 PM
20160417101203	http://jayisgames.com/review/the-roomz.php	http://jayisgames.com/review/the-roomz.php#comment-120851	February 13, 2007 3:11 PM
20160417101203	http://jayisgames.com/review/the-roomz.php	http://jayisgames.com/review/the-roomz.php#comment-120852	February 13, 2007 3:11 PM
20160417101203	http://jayisgames.com/review/the-roomz.php	http://jayisgames.com/review/the-roomz.php#comment-120853	February 13, 2007 3:21 PM
20160417101203	http://jayisgames.com/review/the-roomz.php	http://jayisgames.com/review/the-roomz.php#comment-120854	February 13, 2007 3:23 PM
20160417101203	http://jayisgames.com/review/the-roomz.php	http://jayisgames.com/review/the-roomz.php#comment-120855	February 13, 2007 3:24 PM
20160417101203	http://jayisgames.com/review/the-roomz.php	http://jayisgames.com/review/the-roomz.php#comment-120857	February 13, 2007 3:30 PM
20160417101203	http://jayisgames.com/review/the-roomz.php	http://jayisgames.com/review/the-roomz.php#comment-120858	February 13, 2007 3:31 PM
20160417101203	http://jayisgames.com/review/the-roomz.php	http://jayisgames.com/review/the-roomz.php#comment-120859	February 13, 2007 3:31 PM
20160417101203	http://jayisgames.com/review/the-roomz.php	http://jayisgames.com/review/the-roomz.php#comment-120860	February 13, 2007 3:33 PM
20160417101203	http://jayisgames.com/review/the-roomz.php	http://jayisgames.com/review/the-roomz.php#comment-120861	February 13, 2007 3:40 PM
20160417101203	http://jayisgames.com/review/the-roomz.php	http://jayisgames.com/review/the-roomz.php#comment-120862	February 13, 2007 3:40 PM
20160417101203	http://jayisgames.com/review/the-roomz.php	http://jayisgames.com/review/the-roomz.php#comment-120864	February 13, 2007 3:45 PM
20160417101203	http://jayisgames.com/review/the-roomz.php	http://jayisgames.com/review/the-roomz.php#comment-120865	February 13, 2007 3:45 PM
20160417101203	http://jayisgames.com/review/the-roomz.php	http://jayisgames.com/review/the-roomz.php#comment-120866	February 13, 2007 3:51 PM
20160417101203	http://jayisgames.com/review/the-roomz.php	http://jayisgames.com/review/the-roomz.php#comment-120867	February 13, 2007 3:52 PM
20160417101203	http://jayisgames.com/review/the-roomz.php	http://jayisgames.com/review/the-roomz.php#comment-120868	February 13, 2007 4:10 PM
20160417101203	http://jayisgames.com/review/the-roomz.php	http://jayisgames.com/review/the-roomz.php#comment-120869	February 13, 2007 4:10 PM
20160417101203	http://jayisgames.com/review/the-roomz.php	http://jayisgames.com/review/the-roomz.php#comment-120870	February 13, 2007 4:11 PM
20160417101203	http://jayisgames.com/review/the-roomz.php	http://jayisgames.com/review/the-roomz.php#comment-120879	February 13, 2007 4:31 PM
20160417101203	http://jayisgames.com/review/the-roomz.php	http://jayisgames.com/review/the-roomz.php#comment-120882	February 13, 2007 4:38 PM
20160417101203	http://jayisgames.com/review/the-roomz.php	http://jayisgames.com/review/the-roomz.php#comment-120883	February 13, 2007 4:43 PM
20160417101203	http://jayisgames.com/review/the-roomz.php	http://jayisgames.com/review/the-roomz.php#comment-120884	February 13, 2007 4:46 PM
20160417101203	http://jayisgames.com/review/the-roomz.php	http://jayisgames.com/review/the-roomz.php#comment-120885	February 13, 2007 4:49 PM
20160417101203	http://jayisgames.com/review/the-roomz.php	http://jayisgames.com/review/the-roomz.php#comment-120886	February 13, 2007 4:50 PM
20160417101203	http://jayisgames.com/review/the-roomz.php	http://jayisgames.com/review/the-roomz.php#comment-120887	February 13, 2007 4:54 PM
20160417101203	http://jayisgames.com/review/the-roomz.php	http://jayisgames.com/review/the-roomz.php#comment-120888	February 13, 2007 4:58 PM
20160417101203	http://jayisgames.com/review/the-roomz.php	http://jayisgames.com/review/the-roomz.php#comment-120889	February 13, 2007 5:07 PM
20160417101203	http://jayisgames.com/review/the-roomz.php	http://jayisgames.com/review/the-roomz.php#comment-120890	February 13, 2007 5:13 PM
20160417101203	http://jayisgames.com/review/the-roomz.php	http://jayisgames.com/review/the-roomz.php#comment-120891	February 13, 2007 5:13 PM
20160417101203	http://jayisgames.com/review/the-roomz.php	http://jayisgames.com/review/the-roomz.php#comment-120893	February 13, 2007 5:21 PM
20160417101203	http://jayisgames.com/review/the-roomz.php	http://jayisgames.com/review/the-roomz.php#comment-120894	February 13, 2007 5:25 PM
20160417101203	http://jayisgames.com/review/the-roomz.php	http://jayisgames.com/review/the-roomz.php#comment-120897	February 13, 2007 5:27 PM
20160417101203	http://jayisgames.com/review/the-roomz.php	http://jayisgames.com/review/the-roomz.php#comment-120899	February 13, 2007 5:31 PM
20160417101203	http://jayisgames.com/review/the-roomz.php	http://jayisgames.com/review/the-roomz.php#comment-120900	February 13, 2007 5:31 PM
20160417101203	http://jayisgames.com/review/the-roomz.php	http://jayisgames.com/review/the-roomz.php#comment-120901	February 13, 2007 5:36 PM
20160417101203	http://jayisgames.com/review/the-roomz.php	http://jayisgames.com/review/the-roomz.php#comment-120902	February 13, 2007 5:40 PM
20160417101203	http://jayisgames.com/review/the-roomz.php	http://jayisgames.com/review/the-roomz.php#comment-120903	February 13, 2007 5:41 PM
20160417101203	http://jayisgames.com/review/the-roomz.php	http://jayisgames.com/review/the-roomz.php#comment-120904	February 13, 2007 5:48 PM
20160417101203	http://jayisgames.com/review/the-roomz.php	http://jayisgames.com/review/the-roomz.php#comment-120906	February 13, 2007 6:00 PM
20160417101203	http://jayisgames.com/review/the-roomz.php	http://jayisgames.com/review/the-roomz.php#comment-120907	February 13, 2007 6:02 PM
20160417101203	http://jayisgames.com/review/the-roomz.php	http://jayisgames.com/review/the-roomz.php#comment-120908	February 13, 2007 6:15 PM
20160417101203	http://jayisgames.com/review/the-roomz.php	http://jayisgames.com/review/the-roomz.php#comment-120909	February 13, 2007 6:23 PM
20160417101203	http://jayisgames.com/review/the-roomz.php	http://jayisgames.com/review/the-roomz.php#comment-120911	February 13, 2007 6:29 PM
20160417101203	http://jayisgames.com/review/the-roomz.php	http://jayisgames.com/review/the-roomz.php#comment-120912	February 13, 2007 6:33 PM
20160417101203	http://jayisgames.com/review/the-roomz.php	http://jayisgames.com/review/the-roomz.php#comment-120913	February 13, 2007 6:36 PM
20160417101203	http://jayisgames.com/review/the-roomz.php	http://jayisgames.com/review/the-roomz.php#comment-120914	February 13, 2007 6:36 PM
20160417101203	http://jayisgames.com/review/the-roomz.php	http://jayisgames.com/review/the-roomz.php#comment-120917	February 13, 2007 6:49 PM
20160417101203	http://jayisgames.com/review/the-roomz.php	http://jayisgames.com/review/the-roomz.php#comment-120918	February 13, 2007 6:57 PM
20160417101203	http://jayisgames.com/review/the-roomz.php	http://jayisgames.com/review/the-roomz.php#comment-120919	February 13, 2007 7:20 PM
20160417101203	http://jayisgames.com/review/the-roomz.php	http://jayisgames.com/review/the-roomz.php#comment-120920	February 13, 2007 7:25 PM
20160417101203	http://jayisgames.com/review/the-roomz.php	http://jayisgames.com/review/the-roomz.php#comment-120921	February 13, 2007 7:32 PM
20160417101203	http://jayisgames.com/review/the-roomz.php	http://jayisgames.com/review/the-roomz.php#comment-120922	February 13, 2007 7:36 PM
20160417101203	http://jayisgames.com/review/the-roomz.php	http://jayisgames.com/review/the-roomz.php#comment-120924	February 13, 2007 7:43 PM
20160417101203	http://jayisgames.com/review/the-roomz.php	http://jayisgames.com/review/the-roomz.php#comment-120926	February 13, 2007 7:51 PM
20160417101203	http://jayisgames.com/review/the-roomz.php	http://jayisgames.com/review/the-roomz.php#comment-120927	February 13, 2007 7:51 PM
20160417101203	http://jayisgames.com/review/the-roomz.php	http://jayisgames.com/review/the-roomz.php#comment-120928	February 13, 2007 8:04 PM
20160417101203	http://jayisgames.com/review/the-roomz.php	http://jayisgames.com/review/the-roomz.php#comment-120929	February 13, 2007 8:06 PM
20160417101203	http://jayisgames.com/review/the-roomz.php	http://jayisgames.com/review/the-roomz.php#comment-120931	February 13, 2007 8:08 PM
20160417101203	http://jayisgames.com/review/the-roomz.php	http://jayisgames.com/review/the-roomz.php#comment-120932	February 13, 2007 8:08 PM
20160417101203	http://jayisgames.com/review/the-roomz.php	http://jayisgames.com/review/the-roomz.php#comment-120934	February 13, 2007 8:10 PM
20160417101203	http://jayisgames.com/review/the-roomz.php	http://jayisgames.com/review/the-roomz.php#comment-120935	February 13, 2007 8:30 PM
20160417101203	http://jayisgames.com/review/the-roomz.php	http://jayisgames.com/review/the-roomz.php#comment-120937	February 13, 2007 9:02 PM
20160417101203	http://jayisgames.com/review/the-roomz.php	http://jayisgames.com/review/the-roomz.php#comment-120940	February 13, 2007 9:33 PM
20160417101203	http://jayisgames.com/review/the-roomz.php	http://jayisgames.com/review/the-roomz.php#comment-120941	February 13, 2007 9:35 PM
20160417101203	http://jayisgames.com/review/the-roomz.php	http://jayisgames.com/review/the-roomz.php#comment-120942	February 13, 2007 9:35 PM
20160417101203	http://jayisgames.com/review/the-roomz.php	http://jayisgames.com/review/the-roomz.php#comment-120945	February 13, 2007 9:57 PM
20160417101203	http://jayisgames.com/review/the-roomz.php	http://jayisgames.com/review/the-roomz.php#comment-120946	February 13, 2007 10:11 PM
20160417101203	http://jayisgames.com/review/the-roomz.php	http://jayisgames.com/review/the-roomz.php#comment-120947	February 13, 2007 10:25 PM
20160417101203	http://jayisgames.com/review/the-roomz.php	http://jayisgames.com/review/the-roomz.php#comment-120948	February 13, 2007 10:26 PM
20160417101203	http://jayisgames.com/review/the-roomz.php	http://jayisgames.com/review/the-roomz.php#comment-120950	February 13, 2007 10:33 PM
20160417101203	http://jayisgames.com/review/the-roomz.php	http://jayisgames.com/review/the-roomz.php#comment-120951	February 13, 2007 10:36 PM
20160417101203	http://jayisgames.com/review/the-roomz.php	http://jayisgames.com/review/the-roomz.php#comment-120952	February 13, 2007 10:38 PM
20160417101203	http://jayisgames.com/review/the-roomz.php	http://jayisgames.com/review/the-roomz.php#comment-120955	February 13, 2007 10:52 PM
20160417101203	http://jayisgames.com/review/the-roomz.php	http://jayisgames.com/review/the-roomz.php#comment-120956	February 13, 2007 11:11 PM
20160417101203	http://jayisgames.com/review/the-roomz.php	http://jayisgames.com/review/the-roomz.php#comment-120959	February 13, 2007 11:15 PM
20160417101203	http://jayisgames.com/review/the-roomz.php	http://jayisgames.com/review/the-roomz.php#comment-120962	February 13, 2007 11:27 PM
20160417101203	http://jayisgames.com/review/the-roomz.php	http://jayisgames.com/review/the-roomz.php#comment-120963	February 13, 2007 11:32 PM
20160417101203	http://jayisgames.com/review/the-roomz.php	http://jayisgames.com/review/the-roomz.php#comment-120964	February 13, 2007 11:35 PM
20160417101203	http://jayisgames.com/review/the-roomz.php	http://jayisgames.com/review/the-roomz.php#comment-120965	February 13, 2007 11:38 PM
20160417101203	http://jayisgames.com/review/the-roomz.php	http://jayisgames.com/review/the-roomz.php#comment-120967	February 13, 2007 11:47 PM
20160417101203	http://jayisgames.com/review/the-roomz.php	http://jayisgames.com/review/the-roomz.php#comment-120969	February 13, 2007 11:51 PM
20160417101203	http://jayisgames.com/review/the-roomz.php	http://jayisgames.com/review/the-roomz.php#comment-262797	April 28, 2008 1:46 PM
20160417101203	http://jayisgames.com/review/the-roomz.php	http://jayisgames.com/review/the-roomz.php#comment-262808	April 28, 2008 2:55 PM
20160417101203	http://jayisgames.com/review/the-roomz.php	http://jayisgames.com/review/the-roomz.php#comment-264645	May 13, 2008 7:03 PM
20160417101203	http://jayisgames.com/review/the-roomz.php	http://jayisgames.com/review/the-roomz.php#comment-265323	May 19, 2008 7:45 AM
20160417101203	http://jayisgames.com/review/the-roomz.php	http://jayisgames.com/review/the-roomz.php#comment-265865	May 24, 2008 12:06 PM
20160417101203	http://jayisgames.com/review/the-roomz.php	http://jayisgames.com/review/the-roomz.php#comment-266052	May 26, 2008 11:42 AM
20160417101203	http://jayisgames.com/review/the-roomz.php	http://jayisgames.com/review/the-roomz.php#comment-266256	May 28, 2008 6:44 AM
20160417101203	http://jayisgames.com/review/the-roomz.php	http://jayisgames.com/review/the-roomz.php#comment-266748	May 31, 2008 9:58 AM
20160417101203	http://jayisgames.com/review/the-roomz.php	http://jayisgames.com/review/the-roomz.php#comment-267508	June 5, 2008 5:00 AM
20160417101203	http://jayisgames.com/review/the-roomz.php	http://jayisgames.com/review/the-roomz.php#comment-273276	July 4, 2008 8:46 PM
20160417101203	http://jayisgames.com/review/the-roomz.php	http://jayisgames.com/review/the-roomz.php#comment-276495	July 25, 2008 10:16 AM
20160417101203	http://jayisgames.com/review/the-roomz.php	http://jayisgames.com/review/the-roomz.php#comment-277962	August 3, 2008 11:47 PM
20160417101203	http://jayisgames.com/review/the-roomz.php	http://jayisgames.com/review/the-roomz.php#comment-284880	September 28, 2008 10:45 AM
20160417101203	http://jayisgames.com/review/the-roomz.php	http://jayisgames.com/review/the-roomz.php#comment-345181	November 29, 2009 9:07 PM
20160417101203	http://jayisgames.com/review/the-roomz.php	http://jayisgames.com/review/the-roomz.php#comment-357403	March 16, 2010 4:51 PM
20160417101203	http://jayisgames.com/review/the-roomz.php	http://jayisgames.com/review/the-roomz.php#comment-380638	October 16, 2010 1:56 PM
20160417101203	http://jayisgames.com/review/the-roomz.php	http://jayisgames.com/review/the-roomz.php#comment-380680	October 17, 2010 10:52 AM
20160417101203	http://jayisgames.com/review/the-roomz.php	http://jayisgames.com/review/the-roomz.php#comment-380681	October 17, 2010 12:05 PM
20160424022110	http://jayisgames.com/review/the-roomz.php	http://jayisgames.com/review/the-roomz.php#walkthrough	Walkthrough
20160424022110	http://jayisgames.com/review/the-roomz.php	/addtofavorites.php?game=theroomz	Add to Favorites
20160424022110	http://jayisgames.com/review/the-roomz.php	http://jayisgames.com/review/the-roomz.php#comments	Comments (818)
20160424022110	http://jayisgames.com/review/the-roomz.php	http://dreamwardgames.com/theroomz/	
20160424022110	http://jayisgames.com/review/the-roomz.php	http://dreamwardgames.com/theroomz/	The Roomz
20160424022110	http://jayisgames.com/review/the-roomz.php	http://dreamwardgames.com/theroomz/	Play The Roomz
20160424022110	http://jayisgames.com/review/the-roomz.php	http://jayisgames.com/review/the-roomz.php#walkthrough	The Roomz Walkthrough
20160424022110	http://jayisgames.com/review/the-roomz.php	http://jayisgames.com/review/the-roomz.php#walkthrough	Walkthrough Guide
20160424022110	http://jayisgames.com/review/the-roomz.php	http://www.theroomz.yoyo.pl/danger/map.htm/	http://www.theroomz.yoyo.pl/danger/map.htm/
20160424022110	http://jayisgames.com/review/the-roomz.php	http://jayisgames.com/review/the-roomz.php#comment-120824	February 13, 2007 1:20 PM
20160424022110	http://jayisgames.com/review/the-roomz.php	http://jayisgames.com/review/the-roomz.php#comment-120825	February 13, 2007 1:22 PM
20160424022110	http://jayisgames.com/review/the-roomz.php	http://jayisgames.com/review/the-roomz.php#comment-120826	February 13, 2007 1:35 PM
20160424022110	http://jayisgames.com/review/the-roomz.php	http://jayisgames.com/review/the-roomz.php#comment-120828	February 13, 2007 1:44 PM
20160424022110	http://jayisgames.com/review/the-roomz.php	http://jayisgames.com/review/the-roomz.php#comment-120829	February 13, 2007 1:56 PM
20160424022110	http://jayisgames.com/review/the-roomz.php	http://jayisgames.com/review/the-roomz.php#comment-120831	February 13, 2007 2:03 PM
20160424022110	http://jayisgames.com/review/the-roomz.php	http://jayisgames.com/review/the-roomz.php#comment-120832	February 13, 2007 2:09 PM
20160424022110	http://jayisgames.com/review/the-roomz.php	http://jayisgames.com/review/the-roomz.php#comment-120833	February 13, 2007 2:14 PM
20160424022110	http://jayisgames.com/review/the-roomz.php	http://jayisgames.com/review/the-roomz.php#comment-120836	February 13, 2007 2:16 PM
20160424022110	http://jayisgames.com/review/the-roomz.php	http://jayisgames.com/review/the-roomz.php#comment-120837	February 13, 2007 2:25 PM
20160424022110	http://jayisgames.com/review/the-roomz.php	http://jayisgames.com/review/the-roomz.php#comment-120838	February 13, 2007 2:28 PM
20160424022110	http://jayisgames.com/review/the-roomz.php	http://jayisgames.com/review/the-roomz.php#comment-120840	February 13, 2007 2:34 PM
20160424022110	http://jayisgames.com/review/the-roomz.php	http://jayisgames.com/review/the-roomz.php#comment-120842	February 13, 2007 2:36 PM
20160424022110	http://jayisgames.com/review/the-roomz.php	http://jayisgames.com/review/the-roomz.php#comment-120843	February 13, 2007 2:38 PM
20160424022110	http://jayisgames.com/review/the-roomz.php	http://jayisgames.com/review/the-roomz.php#comment-120844	February 13, 2007 2:39 PM
20160424022110	http://jayisgames.com/review/the-roomz.php	http://jayisgames.com/review/the-roomz.php#comment-120845	February 13, 2007 2:43 PM
20160424022110	http://jayisgames.com/review/the-roomz.php	http://jayisgames.com/review/the-roomz.php#comment-120846	February 13, 2007 2:43 PM
20160424022110	http://jayisgames.com/review/the-roomz.php	http://jayisgames.com/review/the-roomz.php#comment-120847	February 13, 2007 2:47 PM
20160424022110	http://jayisgames.com/review/the-roomz.php	http://jayisgames.com/review/the-roomz.php#comment-120850	February 13, 2007 3:09 PM
20160424022110	http://jayisgames.com/review/the-roomz.php	http://jayisgames.com/review/the-roomz.php#comment-120851	February 13, 2007 3:11 PM
20160424022110	http://jayisgames.com/review/the-roomz.php	http://jayisgames.com/review/the-roomz.php#comment-120852	February 13, 2007 3:11 PM
20160424022110	http://jayisgames.com/review/the-roomz.php	http://jayisgames.com/review/the-roomz.php#comment-120853	February 13, 2007 3:21 PM
20160424022110	http://jayisgames.com/review/the-roomz.php	http://jayisgames.com/review/the-roomz.php#comment-120854	February 13, 2007 3:23 PM
20160424022110	http://jayisgames.com/review/the-roomz.php	http://jayisgames.com/review/the-roomz.php#comment-120855	February 13, 2007 3:24 PM
20160424022110	http://jayisgames.com/review/the-roomz.php	http://jayisgames.com/review/the-roomz.php#comment-120857	February 13, 2007 3:30 PM
20160424022110	http://jayisgames.com/review/the-roomz.php	http://jayisgames.com/review/the-roomz.php#comment-120858	February 13, 2007 3:31 PM
20160424022110	http://jayisgames.com/review/the-roomz.php	http://jayisgames.com/review/the-roomz.php#comment-120859	February 13, 2007 3:31 PM
20160424022110	http://jayisgames.com/review/the-roomz.php	http://jayisgames.com/review/the-roomz.php#comment-120860	February 13, 2007 3:33 PM
20160424022110	http://jayisgames.com/review/the-roomz.php	http://jayisgames.com/review/the-roomz.php#comment-120861	February 13, 2007 3:40 PM
20160424022110	http://jayisgames.com/review/the-roomz.php	http://jayisgames.com/review/the-roomz.php#comment-120862	February 13, 2007 3:40 PM
20160424022110	http://jayisgames.com/review/the-roomz.php	http://jayisgames.com/review/the-roomz.php#comment-120864	February 13, 2007 3:45 PM
20160424022110	http://jayisgames.com/review/the-roomz.php	http://jayisgames.com/review/the-roomz.php#comment-120865	February 13, 2007 3:45 PM
20160424022110	http://jayisgames.com/review/the-roomz.php	http://jayisgames.com/review/the-roomz.php#comment-120866	February 13, 2007 3:51 PM
20160424022110	http://jayisgames.com/review/the-roomz.php	http://jayisgames.com/review/the-roomz.php#comment-120867	February 13, 2007 3:52 PM
20160424022110	http://jayisgames.com/review/the-roomz.php	http://jayisgames.com/review/the-roomz.php#comment-120868	February 13, 2007 4:10 PM
20160424022110	http://jayisgames.com/review/the-roomz.php	http://jayisgames.com/review/the-roomz.php#comment-120869	February 13, 2007 4:10 PM
20160424022110	http://jayisgames.com/review/the-roomz.php	http://jayisgames.com/review/the-roomz.php#comment-120870	February 13, 2007 4:11 PM
20160424022110	http://jayisgames.com/review/the-roomz.php	http://jayisgames.com/review/the-roomz.php#comment-120879	February 13, 2007 4:31 PM
20160424022110	http://jayisgames.com/review/the-roomz.php	http://jayisgames.com/review/the-roomz.php#comment-120882	February 13, 2007 4:38 PM
20160424022110	http://jayisgames.com/review/the-roomz.php	http://jayisgames.com/review/the-roomz.php#comment-120883	February 13, 2007 4:43 PM
20160424022110	http://jayisgames.com/review/the-roomz.php	http://jayisgames.com/review/the-roomz.php#comment-120884	February 13, 2007 4:46 PM
20160424022110	http://jayisgames.com/review/the-roomz.php	http://jayisgames.com/review/the-roomz.php#comment-120885	February 13, 2007 4:49 PM
20160424022110	http://jayisgames.com/review/the-roomz.php	http://jayisgames.com/review/the-roomz.php#comment-120886	February 13, 2007 4:50 PM
20160424022110	http://jayisgames.com/review/the-roomz.php	http://jayisgames.com/review/the-roomz.php#comment-120887	February 13, 2007 4:54 PM
20160424022110	http://jayisgames.com/review/the-roomz.php	http://jayisgames.com/review/the-roomz.php#comment-120888	February 13, 2007 4:58 PM
20160424022110	http://jayisgames.com/review/the-roomz.php	http://jayisgames.com/review/the-roomz.php#comment-120889	February 13, 2007 5:07 PM
20160424022110	http://jayisgames.com/review/the-roomz.php	http://jayisgames.com/review/the-roomz.php#comment-120890	February 13, 2007 5:13 PM
20160424022110	http://jayisgames.com/review/the-roomz.php	http://jayisgames.com/review/the-roomz.php#comment-120891	February 13, 2007 5:13 PM
20160424022110	http://jayisgames.com/review/the-roomz.php	http://jayisgames.com/review/the-roomz.php#comment-120893	February 13, 2007 5:21 PM
20160424022110	http://jayisgames.com/review/the-roomz.php	http://jayisgames.com/review/the-roomz.php#comment-120894	February 13, 2007 5:25 PM
20160424022110	http://jayisgames.com/review/the-roomz.php	http://jayisgames.com/review/the-roomz.php#comment-120897	February 13, 2007 5:27 PM
20160424022110	http://jayisgames.com/review/the-roomz.php	http://jayisgames.com/review/the-roomz.php#comment-120899	February 13, 2007 5:31 PM
20160424022110	http://jayisgames.com/review/the-roomz.php	http://jayisgames.com/review/the-roomz.php#comment-120900	February 13, 2007 5:31 PM
20160424022110	http://jayisgames.com/review/the-roomz.php	http://jayisgames.com/review/the-roomz.php#comment-120901	February 13, 2007 5:36 PM
20160424022110	http://jayisgames.com/review/the-roomz.php	http://jayisgames.com/review/the-roomz.php#comment-120902	February 13, 2007 5:40 PM
20160424022110	http://jayisgames.com/review/the-roomz.php	http://jayisgames.com/review/the-roomz.php#comment-120903	February 13, 2007 5:41 PM
20160424022110	http://jayisgames.com/review/the-roomz.php	http://jayisgames.com/review/the-roomz.php#comment-120904	February 13, 2007 5:48 PM
20160424022110	http://jayisgames.com/review/the-roomz.php	http://jayisgames.com/review/the-roomz.php#comment-120906	February 13, 2007 6:00 PM
20160424022110	http://jayisgames.com/review/the-roomz.php	http://jayisgames.com/review/the-roomz.php#comment-120907	February 13, 2007 6:02 PM
20160424022110	http://jayisgames.com/review/the-roomz.php	http://jayisgames.com/review/the-roomz.php#comment-120908	February 13, 2007 6:15 PM
20160424022110	http://jayisgames.com/review/the-roomz.php	http://jayisgames.com/review/the-roomz.php#comment-120909	February 13, 2007 6:23 PM
20160424022110	http://jayisgames.com/review/the-roomz.php	http://jayisgames.com/review/the-roomz.php#comment-120911	February 13, 2007 6:29 PM
20160424022110	http://jayisgames.com/review/the-roomz.php	http://jayisgames.com/review/the-roomz.php#comment-120912	February 13, 2007 6:33 PM
20160424022110	http://jayisgames.com/review/the-roomz.php	http://jayisgames.com/review/the-roomz.php#comment-120913	February 13, 2007 6:36 PM
20160424022110	http://jayisgames.com/review/the-roomz.php	http://jayisgames.com/review/the-roomz.php#comment-120914	February 13, 2007 6:36 PM
20160424022110	http://jayisgames.com/review/the-roomz.php	http://jayisgames.com/review/the-roomz.php#comment-120917	February 13, 2007 6:49 PM
20160424022110	http://jayisgames.com/review/the-roomz.php	http://jayisgames.com/review/the-roomz.php#comment-120918	February 13, 2007 6:57 PM
20160424022110	http://jayisgames.com/review/the-roomz.php	http://jayisgames.com/review/the-roomz.php#comment-120919	February 13, 2007 7:20 PM
20160424022110	http://jayisgames.com/review/the-roomz.php	http://jayisgames.com/review/the-roomz.php#comment-120920	February 13, 2007 7:25 PM
20160424022110	http://jayisgames.com/review/the-roomz.php	http://jayisgames.com/review/the-roomz.php#comment-120921	February 13, 2007 7:32 PM
20160424022110	http://jayisgames.com/review/the-roomz.php	http://jayisgames.com/review/the-roomz.php#comment-120922	February 13, 2007 7:36 PM
20160424022110	http://jayisgames.com/review/the-roomz.php	http://jayisgames.com/review/the-roomz.php#comment-120924	February 13, 2007 7:43 PM
20160424022110	http://jayisgames.com/review/the-roomz.php	http://jayisgames.com/review/the-roomz.php#comment-120926	February 13, 2007 7:51 PM
20160424022110	http://jayisgames.com/review/the-roomz.php	http://jayisgames.com/review/the-roomz.php#comment-120927	February 13, 2007 7:51 PM
20160424022110	http://jayisgames.com/review/the-roomz.php	http://jayisgames.com/review/the-roomz.php#comment-120928	February 13, 2007 8:04 PM
20160424022110	http://jayisgames.com/review/the-roomz.php	http://jayisgames.com/review/the-roomz.php#comment-120929	February 13, 2007 8:06 PM
20160424022110	http://jayisgames.com/review/the-roomz.php	http://jayisgames.com/review/the-roomz.php#comment-120931	February 13, 2007 8:08 PM
20160424022110	http://jayisgames.com/review/the-roomz.php	http://jayisgames.com/review/the-roomz.php#comment-120932	February 13, 2007 8:08 PM
20160424022110	http://jayisgames.com/review/the-roomz.php	http://jayisgames.com/review/the-roomz.php#comment-120934	February 13, 2007 8:10 PM
20160424022110	http://jayisgames.com/review/the-roomz.php	http://jayisgames.com/review/the-roomz.php#comment-120935	February 13, 2007 8:30 PM
20160424022110	http://jayisgames.com/review/the-roomz.php	http://jayisgames.com/review/the-roomz.php#comment-120937	February 13, 2007 9:02 PM
20160424022110	http://jayisgames.com/review/the-roomz.php	http://jayisgames.com/review/the-roomz.php#comment-120940	February 13, 2007 9:33 PM
20160424022110	http://jayisgames.com/review/the-roomz.php	http://jayisgames.com/review/the-roomz.php#comment-120941	February 13, 2007 9:35 PM
20160424022110	http://jayisgames.com/review/the-roomz.php	http://jayisgames.com/review/the-roomz.php#comment-120942	February 13, 2007 9:35 PM
20160424022110	http://jayisgames.com/review/the-roomz.php	http://jayisgames.com/review/the-roomz.php#comment-120945	February 13, 2007 9:57 PM
20160424022110	http://jayisgames.com/review/the-roomz.php	http://jayisgames.com/review/the-roomz.php#comment-120946	February 13, 2007 10:11 PM
20160424022110	http://jayisgames.com/review/the-roomz.php	http://jayisgames.com/review/the-roomz.php#comment-120947	February 13, 2007 10:25 PM
20160424022110	http://jayisgames.com/review/the-roomz.php	http://jayisgames.com/review/the-roomz.php#comment-120948	February 13, 2007 10:26 PM
20160424022110	http://jayisgames.com/review/the-roomz.php	http://jayisgames.com/review/the-roomz.php#comment-120950	February 13, 2007 10:33 PM
20160424022110	http://jayisgames.com/review/the-roomz.php	http://jayisgames.com/review/the-roomz.php#comment-120951	February 13, 2007 10:36 PM
20160424022110	http://jayisgames.com/review/the-roomz.php	http://jayisgames.com/review/the-roomz.php#comment-120952	February 13, 2007 10:38 PM
20160424022110	http://jayisgames.com/review/the-roomz.php	http://jayisgames.com/review/the-roomz.php#comment-120955	February 13, 2007 10:52 PM
20160424022110	http://jayisgames.com/review/the-roomz.php	http://jayisgames.com/review/the-roomz.php#comment-120956	February 13, 2007 11:11 PM
20160424022110	http://jayisgames.com/review/the-roomz.php	http://jayisgames.com/review/the-roomz.php#comment-120959	February 13, 2007 11:15 PM
20160424022110	http://jayisgames.com/review/the-roomz.php	http://jayisgames.com/review/the-roomz.php#comment-120962	February 13, 2007 11:27 PM
20160424022110	http://jayisgames.com/review/the-roomz.php	http://jayisgames.com/review/the-roomz.php#comment-120963	February 13, 2007 11:32 PM
20160424022110	http://jayisgames.com/review/the-roomz.php	http://jayisgames.com/review/the-roomz.php#comment-120964	February 13, 2007 11:35 PM
20160424022110	http://jayisgames.com/review/the-roomz.php	http://jayisgames.com/review/the-roomz.php#comment-120965	February 13, 2007 11:38 PM
20160424022110	http://jayisgames.com/review/the-roomz.php	http://jayisgames.com/review/the-roomz.php#comment-120967	February 13, 2007 11:47 PM
20160424022110	http://jayisgames.com/review/the-roomz.php	http://jayisgames.com/review/the-roomz.php#comment-120969	February 13, 2007 11:51 PM
20160424022110	http://jayisgames.com/review/the-roomz.php	http://jayisgames.com/review/the-roomz.php#comment-262797	April 28, 2008 1:46 PM
20160424022110	http://jayisgames.com/review/the-roomz.php	http://jayisgames.com/review/the-roomz.php#comment-262808	April 28, 2008 2:55 PM
20160424022110	http://jayisgames.com/review/the-roomz.php	http://jayisgames.com/review/the-roomz.php#comment-264645	May 13, 2008 7:03 PM
20160424022110	http://jayisgames.com/review/the-roomz.php	http://jayisgames.com/review/the-roomz.php#comment-265323	May 19, 2008 7:45 AM
20160424022110	http://jayisgames.com/review/the-roomz.php	http://jayisgames.com/review/the-roomz.php#comment-265865	May 24, 2008 12:06 PM
20160424022110	http://jayisgames.com/review/the-roomz.php	http://jayisgames.com/review/the-roomz.php#comment-266052	May 26, 2008 11:42 AM
20160424022110	http://jayisgames.com/review/the-roomz.php	http://jayisgames.com/review/the-roomz.php#comment-266256	May 28, 2008 6:44 AM
20160424022110	http://jayisgames.com/review/the-roomz.php	http://jayisgames.com/review/the-roomz.php#comment-266748	May 31, 2008 9:58 AM
20160424022110	http://jayisgames.com/review/the-roomz.php	http://jayisgames.com/review/the-roomz.php#comment-267508	June 5, 2008 5:00 AM
20160424022110	http://jayisgames.com/review/the-roomz.php	http://jayisgames.com/review/the-roomz.php#comment-273276	July 4, 2008 8:46 PM
20160424022110	http://jayisgames.com/review/the-roomz.php	http://jayisgames.com/review/the-roomz.php#comment-276495	July 25, 2008 10:16 AM
20160424022110	http://jayisgames.com/review/the-roomz.php	http://jayisgames.com/review/the-roomz.php#comment-277962	August 3, 2008 11:47 PM
20160424022110	http://jayisgames.com/review/the-roomz.php	http://jayisgames.com/review/the-roomz.php#comment-284880	September 28, 2008 10:45 AM
20160424022110	http://jayisgames.com/review/the-roomz.php	http://jayisgames.com/review/the-roomz.php#comment-345181	November 29, 2009 9:07 PM
20160424022110	http://jayisgames.com/review/the-roomz.php	http://jayisgames.com/review/the-roomz.php#comment-357403	March 16, 2010 4:51 PM
20160424022110	http://jayisgames.com/review/the-roomz.php	http://jayisgames.com/review/the-roomz.php#comment-380638	October 16, 2010 1:56 PM
20160424022110	http://jayisgames.com/review/the-roomz.php	http://jayisgames.com/review/the-roomz.php#comment-380680	October 17, 2010 10:52 AM
20160424022110	http://jayisgames.com/review/the-roomz.php	http://jayisgames.com/review/the-roomz.php#comment-380681	October 17, 2010 12:05 PM
20160430031730	http://jayisgames.com/review/the-roomz.php	http://jayisgames.com/review/the-roomz.php#walkthrough	Walkthrough
20160430031730	http://jayisgames.com/review/the-roomz.php	/addtofavorites.php?game=theroomz	Add to Favorites
20160430031730	http://jayisgames.com/review/the-roomz.php	http://jayisgames.com/review/the-roomz.php#comments	Comments (818)
20160430031730	http://jayisgames.com/review/the-roomz.php	http://dreamwardgames.com/theroomz/	
20160430031730	http://jayisgames.com/review/the-roomz.php	http://dreamwardgames.com/theroomz/	The Roomz
20160430031730	http://jayisgames.com/review/the-roomz.php	http://dreamwardgames.com/theroomz/	Play The Roomz
20160430031730	http://jayisgames.com/review/the-roomz.php	http://jayisgames.com/review/the-roomz.php#walkthrough	The Roomz Walkthrough
20160430031730	http://jayisgames.com/review/the-roomz.php	http://jayisgames.com/review/the-roomz.php#walkthrough	Walkthrough Guide
20160430031730	http://jayisgames.com/review/the-roomz.php	http://www.theroomz.yoyo.pl/danger/map.htm/	http://www.theroomz.yoyo.pl/danger/map.htm/
20160430031730	http://jayisgames.com/review/the-roomz.php	http://jayisgames.com/review/the-roomz.php#comment-120824	February 13, 2007 1:20 PM
20160430031730	http://jayisgames.com/review/the-roomz.php	http://jayisgames.com/review/the-roomz.php#comment-120825	February 13, 2007 1:22 PM
20160430031730	http://jayisgames.com/review/the-roomz.php	http://jayisgames.com/review/the-roomz.php#comment-120826	February 13, 2007 1:35 PM
20160430031730	http://jayisgames.com/review/the-roomz.php	http://jayisgames.com/review/the-roomz.php#comment-120828	February 13, 2007 1:44 PM
20160430031730	http://jayisgames.com/review/the-roomz.php	http://jayisgames.com/review/the-roomz.php#comment-120829	February 13, 2007 1:56 PM
20160430031730	http://jayisgames.com/review/the-roomz.php	http://jayisgames.com/review/the-roomz.php#comment-120831	February 13, 2007 2:03 PM
20160430031730	http://jayisgames.com/review/the-roomz.php	http://jayisgames.com/review/the-roomz.php#comment-120832	February 13, 2007 2:09 PM
20160430031730	http://jayisgames.com/review/the-roomz.php	http://jayisgames.com/review/the-roomz.php#comment-120833	February 13, 2007 2:14 PM
20160430031730	http://jayisgames.com/review/the-roomz.php	http://jayisgames.com/review/the-roomz.php#comment-120836	February 13, 2007 2:16 PM
20160430031730	http://jayisgames.com/review/the-roomz.php	http://jayisgames.com/review/the-roomz.php#comment-120837	February 13, 2007 2:25 PM
20160430031730	http://jayisgames.com/review/the-roomz.php	http://jayisgames.com/review/the-roomz.php#comment-120838	February 13, 2007 2:28 PM
20160430031730	http://jayisgames.com/review/the-roomz.php	http://jayisgames.com/review/the-roomz.php#comment-120840	February 13, 2007 2:34 PM
20160430031730	http://jayisgames.com/review/the-roomz.php	http://jayisgames.com/review/the-roomz.php#comment-120842	February 13, 2007 2:36 PM
20160430031730	http://jayisgames.com/review/the-roomz.php	http://jayisgames.com/review/the-roomz.php#comment-120843	February 13, 2007 2:38 PM
20160430031730	http://jayisgames.com/review/the-roomz.php	http://jayisgames.com/review/the-roomz.php#comment-120844	February 13, 2007 2:39 PM
20160430031730	http://jayisgames.com/review/the-roomz.php	http://jayisgames.com/review/the-roomz.php#comment-120845	February 13, 2007 2:43 PM
20160430031730	http://jayisgames.com/review/the-roomz.php	http://jayisgames.com/review/the-roomz.php#comment-120846	February 13, 2007 2:43 PM
20160430031730	http://jayisgames.com/review/the-roomz.php	http://jayisgames.com/review/the-roomz.php#comment-120847	February 13, 2007 2:47 PM
20160430031730	http://jayisgames.com/review/the-roomz.php	http://jayisgames.com/review/the-roomz.php#comment-120850	February 13, 2007 3:09 PM
20160430031730	http://jayisgames.com/review/the-roomz.php	http://jayisgames.com/review/the-roomz.php#comment-120851	February 13, 2007 3:11 PM
20160430031730	http://jayisgames.com/review/the-roomz.php	http://jayisgames.com/review/the-roomz.php#comment-120852	February 13, 2007 3:11 PM
20160430031730	http://jayisgames.com/review/the-roomz.php	http://jayisgames.com/review/the-roomz.php#comment-120853	February 13, 2007 3:21 PM
20160430031730	http://jayisgames.com/review/the-roomz.php	http://jayisgames.com/review/the-roomz.php#comment-120854	February 13, 2007 3:23 PM
20160430031730	http://jayisgames.com/review/the-roomz.php	http://jayisgames.com/review/the-roomz.php#comment-120855	February 13, 2007 3:24 PM
20160430031730	http://jayisgames.com/review/the-roomz.php	http://jayisgames.com/review/the-roomz.php#comment-120857	February 13, 2007 3:30 PM
20160430031730	http://jayisgames.com/review/the-roomz.php	http://jayisgames.com/review/the-roomz.php#comment-120858	February 13, 2007 3:31 PM
20160430031730	http://jayisgames.com/review/the-roomz.php	http://jayisgames.com/review/the-roomz.php#comment-120859	February 13, 2007 3:31 PM
20160430031730	http://jayisgames.com/review/the-roomz.php	http://jayisgames.com/review/the-roomz.php#comment-120860	February 13, 2007 3:33 PM
20160430031730	http://jayisgames.com/review/the-roomz.php	http://jayisgames.com/review/the-roomz.php#comment-120861	February 13, 2007 3:40 PM
20160430031730	http://jayisgames.com/review/the-roomz.php	http://jayisgames.com/review/the-roomz.php#comment-120862	February 13, 2007 3:40 PM
20160430031730	http://jayisgames.com/review/the-roomz.php	http://jayisgames.com/review/the-roomz.php#comment-120864	February 13, 2007 3:45 PM
20160430031730	http://jayisgames.com/review/the-roomz.php	http://jayisgames.com/review/the-roomz.php#comment-120865	February 13, 2007 3:45 PM
20160430031730	http://jayisgames.com/review/the-roomz.php	http://jayisgames.com/review/the-roomz.php#comment-120866	February 13, 2007 3:51 PM
20160430031730	http://jayisgames.com/review/the-roomz.php	http://jayisgames.com/review/the-roomz.php#comment-120867	February 13, 2007 3:52 PM
20160430031730	http://jayisgames.com/review/the-roomz.php	http://jayisgames.com/review/the-roomz.php#comment-120868	February 13, 2007 4:10 PM
20160430031730	http://jayisgames.com/review/the-roomz.php	http://jayisgames.com/review/the-roomz.php#comment-120869	February 13, 2007 4:10 PM
20160430031730	http://jayisgames.com/review/the-roomz.php	http://jayisgames.com/review/the-roomz.php#comment-120870	February 13, 2007 4:11 PM
20160430031730	http://jayisgames.com/review/the-roomz.php	http://jayisgames.com/review/the-roomz.php#comment-120879	February 13, 2007 4:31 PM
20160430031730	http://jayisgames.com/review/the-roomz.php	http://jayisgames.com/review/the-roomz.php#comment-120882	February 13, 2007 4:38 PM
20160430031730	http://jayisgames.com/review/the-roomz.php	http://jayisgames.com/review/the-roomz.php#comment-120883	February 13, 2007 4:43 PM
20160430031730	http://jayisgames.com/review/the-roomz.php	http://jayisgames.com/review/the-roomz.php#comment-120884	February 13, 2007 4:46 PM
20160430031730	http://jayisgames.com/review/the-roomz.php	http://jayisgames.com/review/the-roomz.php#comment-120885	February 13, 2007 4:49 PM
20160430031730	http://jayisgames.com/review/the-roomz.php	http://jayisgames.com/review/the-roomz.php#comment-120886	February 13, 2007 4:50 PM
20160430031730	http://jayisgames.com/review/the-roomz.php	http://jayisgames.com/review/the-roomz.php#comment-120887	February 13, 2007 4:54 PM
20160430031730	http://jayisgames.com/review/the-roomz.php	http://jayisgames.com/review/the-roomz.php#comment-120888	February 13, 2007 4:58 PM
20160430031730	http://jayisgames.com/review/the-roomz.php	http://jayisgames.com/review/the-roomz.php#comment-120889	February 13, 2007 5:07 PM
20160430031730	http://jayisgames.com/review/the-roomz.php	http://jayisgames.com/review/the-roomz.php#comment-120890	February 13, 2007 5:13 PM
20160430031730	http://jayisgames.com/review/the-roomz.php	http://jayisgames.com/review/the-roomz.php#comment-120891	February 13, 2007 5:13 PM
20160430031730	http://jayisgames.com/review/the-roomz.php	http://jayisgames.com/review/the-roomz.php#comment-120893	February 13, 2007 5:21 PM
20160430031730	http://jayisgames.com/review/the-roomz.php	http://jayisgames.com/review/the-roomz.php#comment-120894	February 13, 2007 5:25 PM
20160430031730	http://jayisgames.com/review/the-roomz.php	http://jayisgames.com/review/the-roomz.php#comment-120897	February 13, 2007 5:27 PM
20160430031730	http://jayisgames.com/review/the-roomz.php	http://jayisgames.com/review/the-roomz.php#comment-120899	February 13, 2007 5:31 PM
20160430031730	http://jayisgames.com/review/the-roomz.php	http://jayisgames.com/review/the-roomz.php#comment-120900	February 13, 2007 5:31 PM
20160430031730	http://jayisgames.com/review/the-roomz.php	http://jayisgames.com/review/the-roomz.php#comment-120901	February 13, 2007 5:36 PM
20160430031730	http://jayisgames.com/review/the-roomz.php	http://jayisgames.com/review/the-roomz.php#comment-120902	February 13, 2007 5:40 PM
20160430031730	http://jayisgames.com/review/the-roomz.php	http://jayisgames.com/review/the-roomz.php#comment-120903	February 13, 2007 5:41 PM
20160430031730	http://jayisgames.com/review/the-roomz.php	http://jayisgames.com/review/the-roomz.php#comment-120904	February 13, 2007 5:48 PM
20160430031730	http://jayisgames.com/review/the-roomz.php	http://jayisgames.com/review/the-roomz.php#comment-120906	February 13, 2007 6:00 PM
20160430031730	http://jayisgames.com/review/the-roomz.php	http://jayisgames.com/review/the-roomz.php#comment-120907	February 13, 2007 6:02 PM
20160430031730	http://jayisgames.com/review/the-roomz.php	http://jayisgames.com/review/the-roomz.php#comment-120908	February 13, 2007 6:15 PM
20160430031730	http://jayisgames.com/review/the-roomz.php	http://jayisgames.com/review/the-roomz.php#comment-120909	February 13, 2007 6:23 PM
20160430031730	http://jayisgames.com/review/the-roomz.php	http://jayisgames.com/review/the-roomz.php#comment-120911	February 13, 2007 6:29 PM
20160430031730	http://jayisgames.com/review/the-roomz.php	http://jayisgames.com/review/the-roomz.php#comment-120912	February 13, 2007 6:33 PM
20160430031730	http://jayisgames.com/review/the-roomz.php	http://jayisgames.com/review/the-roomz.php#comment-120913	February 13, 2007 6:36 PM
20160430031730	http://jayisgames.com/review/the-roomz.php	http://jayisgames.com/review/the-roomz.php#comment-120914	February 13, 2007 6:36 PM
20160430031730	http://jayisgames.com/review/the-roomz.php	http://jayisgames.com/review/the-roomz.php#comment-120917	February 13, 2007 6:49 PM
20160430031730	http://jayisgames.com/review/the-roomz.php	http://jayisgames.com/review/the-roomz.php#comment-120918	February 13, 2007 6:57 PM
20160430031730	http://jayisgames.com/review/the-roomz.php	http://jayisgames.com/review/the-roomz.php#comment-120919	February 13, 2007 7:20 PM
20160430031730	http://jayisgames.com/review/the-roomz.php	http://jayisgames.com/review/the-roomz.php#comment-120920	February 13, 2007 7:25 PM
20160430031730	http://jayisgames.com/review/the-roomz.php	http://jayisgames.com/review/the-roomz.php#comment-120921	February 13, 2007 7:32 PM
20160430031730	http://jayisgames.com/review/the-roomz.php	http://jayisgames.com/review/the-roomz.php#comment-120922	February 13, 2007 7:36 PM
20160430031730	http://jayisgames.com/review/the-roomz.php	http://jayisgames.com/review/the-roomz.php#comment-120924	February 13, 2007 7:43 PM
20160430031730	http://jayisgames.com/review/the-roomz.php	http://jayisgames.com/review/the-roomz.php#comment-120926	February 13, 2007 7:51 PM
20160430031730	http://jayisgames.com/review/the-roomz.php	http://jayisgames.com/review/the-roomz.php#comment-120927	February 13, 2007 7:51 PM
20160430031730	http://jayisgames.com/review/the-roomz.php	http://jayisgames.com/review/the-roomz.php#comment-120928	February 13, 2007 8:04 PM
20160430031730	http://jayisgames.com/review/the-roomz.php	http://jayisgames.com/review/the-roomz.php#comment-120929	February 13, 2007 8:06 PM
20160430031730	http://jayisgames.com/review/the-roomz.php	http://jayisgames.com/review/the-roomz.php#comment-120931	February 13, 2007 8:08 PM
20160430031730	http://jayisgames.com/review/the-roomz.php	http://jayisgames.com/review/the-roomz.php#comment-120932	February 13, 2007 8:08 PM
20160430031730	http://jayisgames.com/review/the-roomz.php	http://jayisgames.com/review/the-roomz.php#comment-120934	February 13, 2007 8:10 PM
20160430031730	http://jayisgames.com/review/the-roomz.php	http://jayisgames.com/review/the-roomz.php#comment-120935	February 13, 2007 8:30 PM
20160430031730	http://jayisgames.com/review/the-roomz.php	http://jayisgames.com/review/the-roomz.php#comment-120937	February 13, 2007 9:02 PM
20160430031730	http://jayisgames.com/review/the-roomz.php	http://jayisgames.com/review/the-roomz.php#comment-120940	February 13, 2007 9:33 PM
20160430031730	http://jayisgames.com/review/the-roomz.php	http://jayisgames.com/review/the-roomz.php#comment-120941	February 13, 2007 9:35 PM
20160430031730	http://jayisgames.com/review/the-roomz.php	http://jayisgames.com/review/the-roomz.php#comment-120942	February 13, 2007 9:35 PM
20160430031730	http://jayisgames.com/review/the-roomz.php	http://jayisgames.com/review/the-roomz.php#comment-120945	February 13, 2007 9:57 PM
20160430031730	http://jayisgames.com/review/the-roomz.php	http://jayisgames.com/review/the-roomz.php#comment-120946	February 13, 2007 10:11 PM
20160430031730	http://jayisgames.com/review/the-roomz.php	http://jayisgames.com/review/the-roomz.php#comment-120947	February 13, 2007 10:25 PM
20160430031730	http://jayisgames.com/review/the-roomz.php	http://jayisgames.com/review/the-roomz.php#comment-120948	February 13, 2007 10:26 PM
20160430031730	http://jayisgames.com/review/the-roomz.php	http://jayisgames.com/review/the-roomz.php#comment-120950	February 13, 2007 10:33 PM
20160430031730	http://jayisgames.com/review/the-roomz.php	http://jayisgames.com/review/the-roomz.php#comment-120951	February 13, 2007 10:36 PM
20160430031730	http://jayisgames.com/review/the-roomz.php	http://jayisgames.com/review/the-roomz.php#comment-120952	February 13, 2007 10:38 PM
20160430031730	http://jayisgames.com/review/the-roomz.php	http://jayisgames.com/review/the-roomz.php#comment-120955	February 13, 2007 10:52 PM
20160430031730	http://jayisgames.com/review/the-roomz.php	http://jayisgames.com/review/the-roomz.php#comment-120956	February 13, 2007 11:11 PM
20160430031730	http://jayisgames.com/review/the-roomz.php	http://jayisgames.com/review/the-roomz.php#comment-120959	February 13, 2007 11:15 PM
20160430031730	http://jayisgames.com/review/the-roomz.php	http://jayisgames.com/review/the-roomz.php#comment-120962	February 13, 2007 11:27 PM
20160430031730	http://jayisgames.com/review/the-roomz.php	http://jayisgames.com/review/the-roomz.php#comment-120963	February 13, 2007 11:32 PM
20160430031730	http://jayisgames.com/review/the-roomz.php	http://jayisgames.com/review/the-roomz.php#comment-120964	February 13, 2007 11:35 PM
20160430031730	http://jayisgames.com/review/the-roomz.php	http://jayisgames.com/review/the-roomz.php#comment-120965	February 13, 2007 11:38 PM
20160430031730	http://jayisgames.com/review/the-roomz.php	http://jayisgames.com/review/the-roomz.php#comment-120967	February 13, 2007 11:47 PM
20160430031730	http://jayisgames.com/review/the-roomz.php	http://jayisgames.com/review/the-roomz.php#comment-120969	February 13, 2007 11:51 PM
20160430031730	http://jayisgames.com/review/the-roomz.php	http://jayisgames.com/review/the-roomz.php#comment-262797	April 28, 2008 1:46 PM
20160430031730	http://jayisgames.com/review/the-roomz.php	http://jayisgames.com/review/the-roomz.php#comment-262808	April 28, 2008 2:55 PM
20160430031730	http://jayisgames.com/review/the-roomz.php	http://jayisgames.com/review/the-roomz.php#comment-264645	May 13, 2008 7:03 PM
20160430031730	http://jayisgames.com/review/the-roomz.php	http://jayisgames.com/review/the-roomz.php#comment-265323	May 19, 2008 7:45 AM
20160430031730	http://jayisgames.com/review/the-roomz.php	http://jayisgames.com/review/the-roomz.php#comment-265865	May 24, 2008 12:06 PM
20160430031730	http://jayisgames.com/review/the-roomz.php	http://jayisgames.com/review/the-roomz.php#comment-266052	May 26, 2008 11:42 AM
20160430031730	http://jayisgames.com/review/the-roomz.php	http://jayisgames.com/review/the-roomz.php#comment-266256	May 28, 2008 6:44 AM
20160430031730	http://jayisgames.com/review/the-roomz.php	http://jayisgames.com/review/the-roomz.php#comment-266748	May 31, 2008 9:58 AM
20160430031730	http://jayisgames.com/review/the-roomz.php	http://jayisgames.com/review/the-roomz.php#comment-267508	June 5, 2008 5:00 AM
20160430031730	http://jayisgames.com/review/the-roomz.php	http://jayisgames.com/review/the-roomz.php#comment-273276	July 4, 2008 8:46 PM
20160430031730	http://jayisgames.com/review/the-roomz.php	http://jayisgames.com/review/the-roomz.php#comment-276495	July 25, 2008 10:16 AM
20160430031730	http://jayisgames.com/review/the-roomz.php	http://jayisgames.com/review/the-roomz.php#comment-277962	August 3, 2008 11:47 PM
20160430031730	http://jayisgames.com/review/the-roomz.php	http://jayisgames.com/review/the-roomz.php#comment-284880	September 28, 2008 10:45 AM
20160430031730	http://jayisgames.com/review/the-roomz.php	http://jayisgames.com/review/the-roomz.php#comment-345181	November 29, 2009 9:07 PM
20160430031730	http://jayisgames.com/review/the-roomz.php	http://jayisgames.com/review/the-roomz.php#comment-357403	March 16, 2010 4:51 PM
20160430031730	http://jayisgames.com/review/the-roomz.php	http://jayisgames.com/review/the-roomz.php#comment-380638	October 16, 2010 1:56 PM
20160430031730	http://jayisgames.com/review/the-roomz.php	http://jayisgames.com/review/the-roomz.php#comment-380680	October 17, 2010 10:52 AM
20160430031730	http://jayisgames.com/review/the-roomz.php	http://jayisgames.com/review/the-roomz.php#comment-380681	October 17, 2010 12:05 PM
20160430133337	http://jayisgames.com/review/the-roomz.php	http://jayisgames.com/review/the-roomz.php#walkthrough	Walkthrough
20160430133337	http://jayisgames.com/review/the-roomz.php	/addtofavorites.php?game=theroomz	Add to Favorites
20160430133337	http://jayisgames.com/review/the-roomz.php	http://jayisgames.com/review/the-roomz.php#comments	Comments (818)
20160430133337	http://jayisgames.com/review/the-roomz.php	http://dreamwardgames.com/theroomz/	
20160430133337	http://jayisgames.com/review/the-roomz.php	http://dreamwardgames.com/theroomz/	The Roomz
20160430133337	http://jayisgames.com/review/the-roomz.php	http://dreamwardgames.com/theroomz/	Play The Roomz
20160430133337	http://jayisgames.com/review/the-roomz.php	http://jayisgames.com/review/the-roomz.php#walkthrough	The Roomz Walkthrough
20160430133337	http://jayisgames.com/review/the-roomz.php	http://jayisgames.com/review/the-roomz.php#walkthrough	Walkthrough Guide
20160430133337	http://jayisgames.com/review/the-roomz.php	http://www.theroomz.yoyo.pl/danger/map.htm/	http://www.theroomz.yoyo.pl/danger/map.htm/
20160430133337	http://jayisgames.com/review/the-roomz.php	http://jayisgames.com/review/the-roomz.php#comment-120824	February 13, 2007 1:20 PM
20160430133337	http://jayisgames.com/review/the-roomz.php	http://jayisgames.com/review/the-roomz.php#comment-120825	February 13, 2007 1:22 PM
20160430133337	http://jayisgames.com/review/the-roomz.php	http://jayisgames.com/review/the-roomz.php#comment-120826	February 13, 2007 1:35 PM
20160430133337	http://jayisgames.com/review/the-roomz.php	http://jayisgames.com/review/the-roomz.php#comment-120828	February 13, 2007 1:44 PM
20160430133337	http://jayisgames.com/review/the-roomz.php	http://jayisgames.com/review/the-roomz.php#comment-120829	February 13, 2007 1:56 PM
20160430133337	http://jayisgames.com/review/the-roomz.php	http://jayisgames.com/review/the-roomz.php#comment-120831	February 13, 2007 2:03 PM
20160430133337	http://jayisgames.com/review/the-roomz.php	http://jayisgames.com/review/the-roomz.php#comment-120832	February 13, 2007 2:09 PM
20160430133337	http://jayisgames.com/review/the-roomz.php	http://jayisgames.com/review/the-roomz.php#comment-120833	February 13, 2007 2:14 PM
20160430133337	http://jayisgames.com/review/the-roomz.php	http://jayisgames.com/review/the-roomz.php#comment-120836	February 13, 2007 2:16 PM
20160430133337	http://jayisgames.com/review/the-roomz.php	http://jayisgames.com/review/the-roomz.php#comment-120837	February 13, 2007 2:25 PM
20160430133337	http://jayisgames.com/review/the-roomz.php	http://jayisgames.com/review/the-roomz.php#comment-120838	February 13, 2007 2:28 PM
20160430133337	http://jayisgames.com/review/the-roomz.php	http://jayisgames.com/review/the-roomz.php#comment-120840	February 13, 2007 2:34 PM
20160430133337	http://jayisgames.com/review/the-roomz.php	http://jayisgames.com/review/the-roomz.php#comment-120842	February 13, 2007 2:36 PM
20160430133337	http://jayisgames.com/review/the-roomz.php	http://jayisgames.com/review/the-roomz.php#comment-120843	February 13, 2007 2:38 PM
20160430133337	http://jayisgames.com/review/the-roomz.php	http://jayisgames.com/review/the-roomz.php#comment-120844	February 13, 2007 2:39 PM
20160430133337	http://jayisgames.com/review/the-roomz.php	http://jayisgames.com/review/the-roomz.php#comment-120845	February 13, 2007 2:43 PM
20160430133337	http://jayisgames.com/review/the-roomz.php	http://jayisgames.com/review/the-roomz.php#comment-120846	February 13, 2007 2:43 PM
20160430133337	http://jayisgames.com/review/the-roomz.php	http://jayisgames.com/review/the-roomz.php#comment-120847	February 13, 2007 2:47 PM
20160430133337	http://jayisgames.com/review/the-roomz.php	http://jayisgames.com/review/the-roomz.php#comment-120850	February 13, 2007 3:09 PM
20160430133337	http://jayisgames.com/review/the-roomz.php	http://jayisgames.com/review/the-roomz.php#comment-120851	February 13, 2007 3:11 PM
20160430133337	http://jayisgames.com/review/the-roomz.php	http://jayisgames.com/review/the-roomz.php#comment-120852	February 13, 2007 3:11 PM
20160430133337	http://jayisgames.com/review/the-roomz.php	http://jayisgames.com/review/the-roomz.php#comment-120853	February 13, 2007 3:21 PM
20160430133337	http://jayisgames.com/review/the-roomz.php	http://jayisgames.com/review/the-roomz.php#comment-120854	February 13, 2007 3:23 PM
20160430133337	http://jayisgames.com/review/the-roomz.php	http://jayisgames.com/review/the-roomz.php#comment-120855	February 13, 2007 3:24 PM
20160430133337	http://jayisgames.com/review/the-roomz.php	http://jayisgames.com/review/the-roomz.php#comment-120857	February 13, 2007 3:30 PM
20160430133337	http://jayisgames.com/review/the-roomz.php	http://jayisgames.com/review/the-roomz.php#comment-120858	February 13, 2007 3:31 PM
20160430133337	http://jayisgames.com/review/the-roomz.php	http://jayisgames.com/review/the-roomz.php#comment-120859	February 13, 2007 3:31 PM
20160430133337	http://jayisgames.com/review/the-roomz.php	http://jayisgames.com/review/the-roomz.php#comment-120860	February 13, 2007 3:33 PM
20160430133337	http://jayisgames.com/review/the-roomz.php	http://jayisgames.com/review/the-roomz.php#comment-120861	February 13, 2007 3:40 PM
20160430133337	http://jayisgames.com/review/the-roomz.php	http://jayisgames.com/review/the-roomz.php#comment-120862	February 13, 2007 3:40 PM
20160430133337	http://jayisgames.com/review/the-roomz.php	http://jayisgames.com/review/the-roomz.php#comment-120864	February 13, 2007 3:45 PM
20160430133337	http://jayisgames.com/review/the-roomz.php	http://jayisgames.com/review/the-roomz.php#comment-120865	February 13, 2007 3:45 PM
20160430133337	http://jayisgames.com/review/the-roomz.php	http://jayisgames.com/review/the-roomz.php#comment-120866	February 13, 2007 3:51 PM
20160430133337	http://jayisgames.com/review/the-roomz.php	http://jayisgames.com/review/the-roomz.php#comment-120867	February 13, 2007 3:52 PM
20160430133337	http://jayisgames.com/review/the-roomz.php	http://jayisgames.com/review/the-roomz.php#comment-120868	February 13, 2007 4:10 PM
20160430133337	http://jayisgames.com/review/the-roomz.php	http://jayisgames.com/review/the-roomz.php#comment-120869	February 13, 2007 4:10 PM
20160430133337	http://jayisgames.com/review/the-roomz.php	http://jayisgames.com/review/the-roomz.php#comment-120870	February 13, 2007 4:11 PM
20160430133337	http://jayisgames.com/review/the-roomz.php	http://jayisgames.com/review/the-roomz.php#comment-120879	February 13, 2007 4:31 PM
20160430133337	http://jayisgames.com/review/the-roomz.php	http://jayisgames.com/review/the-roomz.php#comment-120882	February 13, 2007 4:38 PM
20160430133337	http://jayisgames.com/review/the-roomz.php	http://jayisgames.com/review/the-roomz.php#comment-120883	February 13, 2007 4:43 PM
20160430133337	http://jayisgames.com/review/the-roomz.php	http://jayisgames.com/review/the-roomz.php#comment-120884	February 13, 2007 4:46 PM
20160430133337	http://jayisgames.com/review/the-roomz.php	http://jayisgames.com/review/the-roomz.php#comment-120885	February 13, 2007 4:49 PM
20160430133337	http://jayisgames.com/review/the-roomz.php	http://jayisgames.com/review/the-roomz.php#comment-120886	February 13, 2007 4:50 PM
20160430133337	http://jayisgames.com/review/the-roomz.php	http://jayisgames.com/review/the-roomz.php#comment-120887	February 13, 2007 4:54 PM
20160430133337	http://jayisgames.com/review/the-roomz.php	http://jayisgames.com/review/the-roomz.php#comment-120888	February 13, 2007 4:58 PM
20160430133337	http://jayisgames.com/review/the-roomz.php	http://jayisgames.com/review/the-roomz.php#comment-120889	February 13, 2007 5:07 PM
20160430133337	http://jayisgames.com/review/the-roomz.php	http://jayisgames.com/review/the-roomz.php#comment-120890	February 13, 2007 5:13 PM
20160430133337	http://jayisgames.com/review/the-roomz.php	http://jayisgames.com/review/the-roomz.php#comment-120891	February 13, 2007 5:13 PM
20160430133337	http://jayisgames.com/review/the-roomz.php	http://jayisgames.com/review/the-roomz.php#comment-120893	February 13, 2007 5:21 PM
20160430133337	http://jayisgames.com/review/the-roomz.php	http://jayisgames.com/review/the-roomz.php#comment-120894	February 13, 2007 5:25 PM
20160430133337	http://jayisgames.com/review/the-roomz.php	http://jayisgames.com/review/the-roomz.php#comment-120897	February 13, 2007 5:27 PM
20160430133337	http://jayisgames.com/review/the-roomz.php	http://jayisgames.com/review/the-roomz.php#comment-120899	February 13, 2007 5:31 PM
20160430133337	http://jayisgames.com/review/the-roomz.php	http://jayisgames.com/review/the-roomz.php#comment-120900	February 13, 2007 5:31 PM
20160430133337	http://jayisgames.com/review/the-roomz.php	http://jayisgames.com/review/the-roomz.php#comment-120901	February 13, 2007 5:36 PM
20160430133337	http://jayisgames.com/review/the-roomz.php	http://jayisgames.com/review/the-roomz.php#comment-120902	February 13, 2007 5:40 PM
20160430133337	http://jayisgames.com/review/the-roomz.php	http://jayisgames.com/review/the-roomz.php#comment-120903	February 13, 2007 5:41 PM
20160430133337	http://jayisgames.com/review/the-roomz.php	http://jayisgames.com/review/the-roomz.php#comment-120904	February 13, 2007 5:48 PM
20160430133337	http://jayisgames.com/review/the-roomz.php	http://jayisgames.com/review/the-roomz.php#comment-120906	February 13, 2007 6:00 PM
20160430133337	http://jayisgames.com/review/the-roomz.php	http://jayisgames.com/review/the-roomz.php#comment-120907	February 13, 2007 6:02 PM
20160430133337	http://jayisgames.com/review/the-roomz.php	http://jayisgames.com/review/the-roomz.php#comment-120908	February 13, 2007 6:15 PM
20160430133337	http://jayisgames.com/review/the-roomz.php	http://jayisgames.com/review/the-roomz.php#comment-120909	February 13, 2007 6:23 PM
20160430133337	http://jayisgames.com/review/the-roomz.php	http://jayisgames.com/review/the-roomz.php#comment-120911	February 13, 2007 6:29 PM
20160430133337	http://jayisgames.com/review/the-roomz.php	http://jayisgames.com/review/the-roomz.php#comment-120912	February 13, 2007 6:33 PM
20160430133337	http://jayisgames.com/review/the-roomz.php	http://jayisgames.com/review/the-roomz.php#comment-120913	February 13, 2007 6:36 PM
20160430133337	http://jayisgames.com/review/the-roomz.php	http://jayisgames.com/review/the-roomz.php#comment-120914	February 13, 2007 6:36 PM
20160430133337	http://jayisgames.com/review/the-roomz.php	http://jayisgames.com/review/the-roomz.php#comment-120917	February 13, 2007 6:49 PM
20160430133337	http://jayisgames.com/review/the-roomz.php	http://jayisgames.com/review/the-roomz.php#comment-120918	February 13, 2007 6:57 PM
20160430133337	http://jayisgames.com/review/the-roomz.php	http://jayisgames.com/review/the-roomz.php#comment-120919	February 13, 2007 7:20 PM
20160430133337	http://jayisgames.com/review/the-roomz.php	http://jayisgames.com/review/the-roomz.php#comment-120920	February 13, 2007 7:25 PM
20160430133337	http://jayisgames.com/review/the-roomz.php	http://jayisgames.com/review/the-roomz.php#comment-120921	February 13, 2007 7:32 PM
20160430133337	http://jayisgames.com/review/the-roomz.php	http://jayisgames.com/review/the-roomz.php#comment-120922	February 13, 2007 7:36 PM
20160430133337	http://jayisgames.com/review/the-roomz.php	http://jayisgames.com/review/the-roomz.php#comment-120924	February 13, 2007 7:43 PM
20160430133337	http://jayisgames.com/review/the-roomz.php	http://jayisgames.com/review/the-roomz.php#comment-120926	February 13, 2007 7:51 PM
20160430133337	http://jayisgames.com/review/the-roomz.php	http://jayisgames.com/review/the-roomz.php#comment-120927	February 13, 2007 7:51 PM
20160430133337	http://jayisgames.com/review/the-roomz.php	http://jayisgames.com/review/the-roomz.php#comment-120928	February 13, 2007 8:04 PM
20160430133337	http://jayisgames.com/review/the-roomz.php	http://jayisgames.com/review/the-roomz.php#comment-120929	February 13, 2007 8:06 PM
20160430133337	http://jayisgames.com/review/the-roomz.php	http://jayisgames.com/review/the-roomz.php#comment-120931	February 13, 2007 8:08 PM
20160430133337	http://jayisgames.com/review/the-roomz.php	http://jayisgames.com/review/the-roomz.php#comment-120932	February 13, 2007 8:08 PM
20160430133337	http://jayisgames.com/review/the-roomz.php	http://jayisgames.com/review/the-roomz.php#comment-120934	February 13, 2007 8:10 PM
20160430133337	http://jayisgames.com/review/the-roomz.php	http://jayisgames.com/review/the-roomz.php#comment-120935	February 13, 2007 8:30 PM
20160430133337	http://jayisgames.com/review/the-roomz.php	http://jayisgames.com/review/the-roomz.php#comment-120937	February 13, 2007 9:02 PM
20160430133337	http://jayisgames.com/review/the-roomz.php	http://jayisgames.com/review/the-roomz.php#comment-120940	February 13, 2007 9:33 PM
20160430133337	http://jayisgames.com/review/the-roomz.php	http://jayisgames.com/review/the-roomz.php#comment-120941	February 13, 2007 9:35 PM
20160430133337	http://jayisgames.com/review/the-roomz.php	http://jayisgames.com/review/the-roomz.php#comment-120942	February 13, 2007 9:35 PM
20160430133337	http://jayisgames.com/review/the-roomz.php	http://jayisgames.com/review/the-roomz.php#comment-120945	February 13, 2007 9:57 PM
20160430133337	http://jayisgames.com/review/the-roomz.php	http://jayisgames.com/review/the-roomz.php#comment-120946	February 13, 2007 10:11 PM
20160430133337	http://jayisgames.com/review/the-roomz.php	http://jayisgames.com/review/the-roomz.php#comment-120947	February 13, 2007 10:25 PM
20160430133337	http://jayisgames.com/review/the-roomz.php	http://jayisgames.com/review/the-roomz.php#comment-120948	February 13, 2007 10:26 PM
20160430133337	http://jayisgames.com/review/the-roomz.php	http://jayisgames.com/review/the-roomz.php#comment-120950	February 13, 2007 10:33 PM
20160430133337	http://jayisgames.com/review/the-roomz.php	http://jayisgames.com/review/the-roomz.php#comment-120951	February 13, 2007 10:36 PM
20160430133337	http://jayisgames.com/review/the-roomz.php	http://jayisgames.com/review/the-roomz.php#comment-120952	February 13, 2007 10:38 PM
20160430133337	http://jayisgames.com/review/the-roomz.php	http://jayisgames.com/review/the-roomz.php#comment-120955	February 13, 2007 10:52 PM
20160430133337	http://jayisgames.com/review/the-roomz.php	http://jayisgames.com/review/the-roomz.php#comment-120956	February 13, 2007 11:11 PM
20160430133337	http://jayisgames.com/review/the-roomz.php	http://jayisgames.com/review/the-roomz.php#comment-120959	February 13, 2007 11:15 PM
20160430133337	http://jayisgames.com/review/the-roomz.php	http://jayisgames.com/review/the-roomz.php#comment-120962	February 13, 2007 11:27 PM
20160430133337	http://jayisgames.com/review/the-roomz.php	http://jayisgames.com/review/the-roomz.php#comment-120963	February 13, 2007 11:32 PM
20160430133337	http://jayisgames.com/review/the-roomz.php	http://jayisgames.com/review/the-roomz.php#comment-120964	February 13, 2007 11:35 PM
20160430133337	http://jayisgames.com/review/the-roomz.php	http://jayisgames.com/review/the-roomz.php#comment-120965	February 13, 2007 11:38 PM
20160430133337	http://jayisgames.com/review/the-roomz.php	http://jayisgames.com/review/the-roomz.php#comment-120967	February 13, 2007 11:47 PM
20160430133337	http://jayisgames.com/review/the-roomz.php	http://jayisgames.com/review/the-roomz.php#comment-120969	February 13, 2007 11:51 PM
20160430133337	http://jayisgames.com/review/the-roomz.php	http://jayisgames.com/review/the-roomz.php#comment-262797	April 28, 2008 1:46 PM
20160430133337	http://jayisgames.com/review/the-roomz.php	http://jayisgames.com/review/the-roomz.php#comment-262808	April 28, 2008 2:55 PM
20160430133337	http://jayisgames.com/review/the-roomz.php	http://jayisgames.com/review/the-roomz.php#comment-264645	May 13, 2008 7:03 PM
20160430133337	http://jayisgames.com/review/the-roomz.php	http://jayisgames.com/review/the-roomz.php#comment-265323	May 19, 2008 7:45 AM
20160430133337	http://jayisgames.com/review/the-roomz.php	http://jayisgames.com/review/the-roomz.php#comment-265865	May 24, 2008 12:06 PM
20160430133337	http://jayisgames.com/review/the-roomz.php	http://jayisgames.com/review/the-roomz.php#comment-266052	May 26, 2008 11:42 AM
20160430133337	http://jayisgames.com/review/the-roomz.php	http://jayisgames.com/review/the-roomz.php#comment-266256	May 28, 2008 6:44 AM
20160430133337	http://jayisgames.com/review/the-roomz.php	http://jayisgames.com/review/the-roomz.php#comment-266748	May 31, 2008 9:58 AM
20160430133337	http://jayisgames.com/review/the-roomz.php	http://jayisgames.com/review/the-roomz.php#comment-267508	June 5, 2008 5:00 AM
20160430133337	http://jayisgames.com/review/the-roomz.php	http://jayisgames.com/review/the-roomz.php#comment-273276	July 4, 2008 8:46 PM
20160430133337	http://jayisgames.com/review/the-roomz.php	http://jayisgames.com/review/the-roomz.php#comment-276495	July 25, 2008 10:16 AM
20160430133337	http://jayisgames.com/review/the-roomz.php	http://jayisgames.com/review/the-roomz.php#comment-277962	August 3, 2008 11:47 PM
20160430133337	http://jayisgames.com/review/the-roomz.php	http://jayisgames.com/review/the-roomz.php#comment-284880	September 28, 2008 10:45 AM
20160430133337	http://jayisgames.com/review/the-roomz.php	http://jayisgames.com/review/the-roomz.php#comment-345181	November 29, 2009 9:07 PM
20160430133337	http://jayisgames.com/review/the-roomz.php	http://jayisgames.com/review/the-roomz.php#comment-357403	March 16, 2010 4:51 PM
20160430133337	http://jayisgames.com/review/the-roomz.php	http://jayisgames.com/review/the-roomz.php#comment-380638	October 16, 2010 1:56 PM
20160430133337	http://jayisgames.com/review/the-roomz.php	http://jayisgames.com/review/the-roomz.php#comment-380680	October 17, 2010 10:52 AM
20160430133337	http://jayisgames.com/review/the-roomz.php	http://jayisgames.com/review/the-roomz.php#comment-380681	October 17, 2010 12:05 PM
20190219231116	https://jayisgames.com/review/the-roomz.php	https://jayisgames.com/review/the-roomz.php#walkthrough	Walkthrough
20190219231116	https://jayisgames.com/review/the-roomz.php	/addtofavorites.php?game=theroomz	Add to Favorites
20190219231116	https://jayisgames.com/review/the-roomz.php	https://jayisgames.com/review/the-roomz.php#comments	Comments (818)
20190219231116	https://jayisgames.com/review/the-roomz.php	http://dreamwardgames.com/theroomz/	
20190219231116	https://jayisgames.com/review/the-roomz.php	http://dreamwardgames.com/theroomz/	The Roomz
20190219231116	https://jayisgames.com/review/the-roomz.php	http://dreamwardgames.com/theroomz/	Play The Roomz
20190219231116	https://jayisgames.com/review/the-roomz.php	https://jayisgames.com/review/the-roomz.php#walkthrough	The Roomz Walkthrough
20190219231116	https://jayisgames.com/review/the-roomz.php	https://jayisgames.com/review/the-roomz.php#walkthrough	Walkthrough Guide
20190219231116	https://jayisgames.com/review/the-roomz.php	http://www.theroomz.yoyo.pl/danger/map.htm/	http://www.theroomz.yoyo.pl/danger/map.htm/
20190219231116	https://jayisgames.com/review/the-roomz.php	https://jayisgames.com/review/the-roomz.php#comment-120824	February 13, 2007 1:20 PM
20190219231116	https://jayisgames.com/review/the-roomz.php	https://jayisgames.com/review/the-roomz.php#comment-120825	February 13, 2007 1:22 PM
20190219231116	https://jayisgames.com/review/the-roomz.php	https://jayisgames.com/review/the-roomz.php#comment-120826	February 13, 2007 1:35 PM
20190219231116	https://jayisgames.com/review/the-roomz.php	https://jayisgames.com/review/the-roomz.php#comment-120828	February 13, 2007 1:44 PM
20190219231116	https://jayisgames.com/review/the-roomz.php	https://jayisgames.com/review/the-roomz.php#comment-120829	February 13, 2007 1:56 PM
20190219231116	https://jayisgames.com/review/the-roomz.php	https://jayisgames.com/review/the-roomz.php#comment-120831	February 13, 2007 2:03 PM
20190219231116	https://jayisgames.com/review/the-roomz.php	https://jayisgames.com/review/the-roomz.php#comment-120832	February 13, 2007 2:09 PM
20190219231116	https://jayisgames.com/review/the-roomz.php	https://jayisgames.com/review/the-roomz.php#comment-120833	February 13, 2007 2:14 PM
20190219231116	https://jayisgames.com/review/the-roomz.php	https://jayisgames.com/review/the-roomz.php#comment-120836	February 13, 2007 2:16 PM
20190219231116	https://jayisgames.com/review/the-roomz.php	https://jayisgames.com/review/the-roomz.php#comment-120837	February 13, 2007 2:25 PM
20190219231116	https://jayisgames.com/review/the-roomz.php	https://jayisgames.com/review/the-roomz.php#comment-120838	February 13, 2007 2:28 PM
20190219231116	https://jayisgames.com/review/the-roomz.php	https://jayisgames.com/review/the-roomz.php#comment-120840	February 13, 2007 2:34 PM
20190219231116	https://jayisgames.com/review/the-roomz.php	https://jayisgames.com/review/the-roomz.php#comment-120842	February 13, 2007 2:36 PM
20190219231116	https://jayisgames.com/review/the-roomz.php	https://jayisgames.com/review/the-roomz.php#comment-120843	February 13, 2007 2:38 PM
20190219231116	https://jayisgames.com/review/the-roomz.php	https://jayisgames.com/review/the-roomz.php#comment-120844	February 13, 2007 2:39 PM
20190219231116	https://jayisgames.com/review/the-roomz.php	https://jayisgames.com/review/the-roomz.php#comment-120845	February 13, 2007 2:43 PM
20190219231116	https://jayisgames.com/review/the-roomz.php	https://jayisgames.com/review/the-roomz.php#comment-120846	February 13, 2007 2:43 PM
20190219231116	https://jayisgames.com/review/the-roomz.php	https://jayisgames.com/review/the-roomz.php#comment-120847	February 13, 2007 2:47 PM
20190219231116	https://jayisgames.com/review/the-roomz.php	https://jayisgames.com/review/the-roomz.php#comment-120850	February 13, 2007 3:09 PM
20190219231116	https://jayisgames.com/review/the-roomz.php	https://jayisgames.com/review/the-roomz.php#comment-120851	February 13, 2007 3:11 PM
20190219231116	https://jayisgames.com/review/the-roomz.php	https://jayisgames.com/review/the-roomz.php#comment-120852	February 13, 2007 3:11 PM
20190219231116	https://jayisgames.com/review/the-roomz.php	https://jayisgames.com/review/the-roomz.php#comment-120853	February 13, 2007 3:21 PM
20190219231116	https://jayisgames.com/review/the-roomz.php	https://jayisgames.com/review/the-roomz.php#comment-120854	February 13, 2007 3:23 PM
20190219231116	https://jayisgames.com/review/the-roomz.php	https://jayisgames.com/review/the-roomz.php#comment-120855	February 13, 2007 3:24 PM
20190219231116	https://jayisgames.com/review/the-roomz.php	https://jayisgames.com/review/the-roomz.php#comment-120857	February 13, 2007 3:30 PM
20190219231116	https://jayisgames.com/review/the-roomz.php	https://jayisgames.com/review/the-roomz.php#comment-120858	February 13, 2007 3:31 PM
20190219231116	https://jayisgames.com/review/the-roomz.php	https://jayisgames.com/review/the-roomz.php#comment-120859	February 13, 2007 3:31 PM
20190219231116	https://jayisgames.com/review/the-roomz.php	https://jayisgames.com/review/the-roomz.php#comment-120860	February 13, 2007 3:33 PM
20190219231116	https://jayisgames.com/review/the-roomz.php	https://jayisgames.com/review/the-roomz.php#comment-120861	February 13, 2007 3:40 PM
20190219231116	https://jayisgames.com/review/the-roomz.php	https://jayisgames.com/review/the-roomz.php#comment-120862	February 13, 2007 3:40 PM
20190219231116	https://jayisgames.com/review/the-roomz.php	https://jayisgames.com/review/the-roomz.php#comment-120864	February 13, 2007 3:45 PM
20190219231116	https://jayisgames.com/review/the-roomz.php	https://jayisgames.com/review/the-roomz.php#comment-120865	February 13, 2007 3:45 PM
20190219231116	https://jayisgames.com/review/the-roomz.php	https://jayisgames.com/review/the-roomz.php#comment-120866	February 13, 2007 3:51 PM
20190219231116	https://jayisgames.com/review/the-roomz.php	https://jayisgames.com/review/the-roomz.php#comment-120867	February 13, 2007 3:52 PM
20190219231116	https://jayisgames.com/review/the-roomz.php	https://jayisgames.com/review/the-roomz.php#comment-120868	February 13, 2007 4:10 PM
20190219231116	https://jayisgames.com/review/the-roomz.php	https://jayisgames.com/review/the-roomz.php#comment-120869	February 13, 2007 4:10 PM
20190219231116	https://jayisgames.com/review/the-roomz.php	https://jayisgames.com/review/the-roomz.php#comment-120870	February 13, 2007 4:11 PM
20190219231116	https://jayisgames.com/review/the-roomz.php	https://jayisgames.com/review/the-roomz.php#comment-120879	February 13, 2007 4:31 PM
20190219231116	https://jayisgames.com/review/the-roomz.php	https://jayisgames.com/review/the-roomz.php#comment-120882	February 13, 2007 4:38 PM
20190219231116	https://jayisgames.com/review/the-roomz.php	https://jayisgames.com/review/the-roomz.php#comment-120883	February 13, 2007 4:43 PM
20190219231116	https://jayisgames.com/review/the-roomz.php	https://jayisgames.com/review/the-roomz.php#comment-120884	February 13, 2007 4:46 PM
20190219231116	https://jayisgames.com/review/the-roomz.php	https://jayisgames.com/review/the-roomz.php#comment-120885	February 13, 2007 4:49 PM
20190219231116	https://jayisgames.com/review/the-roomz.php	https://jayisgames.com/review/the-roomz.php#comment-120886	February 13, 2007 4:50 PM
20190219231116	https://jayisgames.com/review/the-roomz.php	https://jayisgames.com/review/the-roomz.php#comment-120887	February 13, 2007 4:54 PM
20190219231116	https://jayisgames.com/review/the-roomz.php	https://jayisgames.com/review/the-roomz.php#comment-120888	February 13, 2007 4:58 PM
20190219231116	https://jayisgames.com/review/the-roomz.php	https://jayisgames.com/review/the-roomz.php#comment-120889	February 13, 2007 5:07 PM
20190219231116	https://jayisgames.com/review/the-roomz.php	https://jayisgames.com/review/the-roomz.php#comment-120890	February 13, 2007 5:13 PM
20190219231116	https://jayisgames.com/review/the-roomz.php	https://jayisgames.com/review/the-roomz.php#comment-120891	February 13, 2007 5:13 PM
20190219231116	https://jayisgames.com/review/the-roomz.php	https://jayisgames.com/review/the-roomz.php#comment-120893	February 13, 2007 5:21 PM
20190219231116	https://jayisgames.com/review/the-roomz.php	https://jayisgames.com/review/the-roomz.php#comment-120894	February 13, 2007 5:25 PM
20190219231116	https://jayisgames.com/review/the-roomz.php	https://jayisgames.com/review/the-roomz.php#comment-120897	February 13, 2007 5:27 PM
20190219231116	https://jayisgames.com/review/the-roomz.php	https://jayisgames.com/review/the-roomz.php#comment-120899	February 13, 2007 5:31 PM
20190219231116	https://jayisgames.com/review/the-roomz.php	https://jayisgames.com/review/the-roomz.php#comment-120900	February 13, 2007 5:31 PM
20190219231116	https://jayisgames.com/review/the-roomz.php	https://jayisgames.com/review/the-roomz.php#comment-120901	February 13, 2007 5:36 PM
20190219231116	https://jayisgames.com/review/the-roomz.php	https://jayisgames.com/review/the-roomz.php#comment-120902	February 13, 2007 5:40 PM
20190219231116	https://jayisgames.com/review/the-roomz.php	https://jayisgames.com/review/the-roomz.php#comment-120903	February 13, 2007 5:41 PM
20190219231116	https://jayisgames.com/review/the-roomz.php	https://jayisgames.com/review/the-roomz.php#comment-120904	February 13, 2007 5:48 PM
20190219231116	https://jayisgames.com/review/the-roomz.php	https://jayisgames.com/review/the-roomz.php#comment-120906	February 13, 2007 6:00 PM
20190219231116	https://jayisgames.com/review/the-roomz.php	https://jayisgames.com/review/the-roomz.php#comment-120907	February 13, 2007 6:02 PM
20190219231116	https://jayisgames.com/review/the-roomz.php	https://jayisgames.com/review/the-roomz.php#comment-120908	February 13, 2007 6:15 PM
20190219231116	https://jayisgames.com/review/the-roomz.php	https://jayisgames.com/review/the-roomz.php#comment-120909	February 13, 2007 6:23 PM
20190219231116	https://jayisgames.com/review/the-roomz.php	https://jayisgames.com/review/the-roomz.php#comment-120911	February 13, 2007 6:29 PM
20190219231116	https://jayisgames.com/review/the-roomz.php	https://jayisgames.com/review/the-roomz.php#comment-120912	February 13, 2007 6:33 PM
20190219231116	https://jayisgames.com/review/the-roomz.php	https://jayisgames.com/review/the-roomz.php#comment-120913	February 13, 2007 6:36 PM
20190219231116	https://jayisgames.com/review/the-roomz.php	https://jayisgames.com/review/the-roomz.php#comment-120914	February 13, 2007 6:36 PM
20190219231116	https://jayisgames.com/review/the-roomz.php	https://jayisgames.com/review/the-roomz.php#comment-120917	February 13, 2007 6:49 PM
20190219231116	https://jayisgames.com/review/the-roomz.php	https://jayisgames.com/review/the-roomz.php#comment-120918	February 13, 2007 6:57 PM
20190219231116	https://jayisgames.com/review/the-roomz.php	https://jayisgames.com/review/the-roomz.php#comment-120919	February 13, 2007 7:20 PM
20190219231116	https://jayisgames.com/review/the-roomz.php	https://jayisgames.com/review/the-roomz.php#comment-120920	February 13, 2007 7:25 PM
20190219231116	https://jayisgames.com/review/the-roomz.php	https://jayisgames.com/review/the-roomz.php#comment-120921	February 13, 2007 7:32 PM
20190219231116	https://jayisgames.com/review/the-roomz.php	https://jayisgames.com/review/the-roomz.php#comment-120922	February 13, 2007 7:36 PM
20190219231116	https://jayisgames.com/review/the-roomz.php	https://jayisgames.com/review/the-roomz.php#comment-120924	February 13, 2007 7:43 PM
20190219231116	https://jayisgames.com/review/the-roomz.php	https://jayisgames.com/review/the-roomz.php#comment-120926	February 13, 2007 7:51 PM
20190219231116	https://jayisgames.com/review/the-roomz.php	https://jayisgames.com/review/the-roomz.php#comment-120927	February 13, 2007 7:51 PM
20190219231116	https://jayisgames.com/review/the-roomz.php	https://jayisgames.com/review/the-roomz.php#comment-120928	February 13, 2007 8:04 PM
20190219231116	https://jayisgames.com/review/the-roomz.php	https://jayisgames.com/review/the-roomz.php#comment-120929	February 13, 2007 8:06 PM
20190219231116	https://jayisgames.com/review/the-roomz.php	https://jayisgames.com/review/the-roomz.php#comment-120931	February 13, 2007 8:08 PM
20190219231116	https://jayisgames.com/review/the-roomz.php	https://jayisgames.com/review/the-roomz.php#comment-120932	February 13, 2007 8:08 PM
20190219231116	https://jayisgames.com/review/the-roomz.php	https://jayisgames.com/review/the-roomz.php#comment-120934	February 13, 2007 8:10 PM
20190219231116	https://jayisgames.com/review/the-roomz.php	https://jayisgames.com/review/the-roomz.php#comment-120935	February 13, 2007 8:30 PM
20190219231116	https://jayisgames.com/review/the-roomz.php	https://jayisgames.com/review/the-roomz.php#comment-120937	February 13, 2007 9:02 PM
20190219231116	https://jayisgames.com/review/the-roomz.php	https://jayisgames.com/review/the-roomz.php#comment-120940	February 13, 2007 9:33 PM
20190219231116	https://jayisgames.com/review/the-roomz.php	https://jayisgames.com/review/the-roomz.php#comment-120941	February 13, 2007 9:35 PM
20190219231116	https://jayisgames.com/review/the-roomz.php	https://jayisgames.com/review/the-roomz.php#comment-120942	February 13, 2007 9:35 PM
20190219231116	https://jayisgames.com/review/the-roomz.php	https://jayisgames.com/review/the-roomz.php#comment-120945	February 13, 2007 9:57 PM
20190219231116	https://jayisgames.com/review/the-roomz.php	https://jayisgames.com/review/the-roomz.php#comment-120946	February 13, 2007 10:11 PM
20190219231116	https://jayisgames.com/review/the-roomz.php	https://jayisgames.com/review/the-roomz.php#comment-120947	February 13, 2007 10:25 PM
20190219231116	https://jayisgames.com/review/the-roomz.php	https://jayisgames.com/review/the-roomz.php#comment-120948	February 13, 2007 10:26 PM
20190219231116	https://jayisgames.com/review/the-roomz.php	https://jayisgames.com/review/the-roomz.php#comment-120950	February 13, 2007 10:33 PM
20190219231116	https://jayisgames.com/review/the-roomz.php	https://jayisgames.com/review/the-roomz.php#comment-120951	February 13, 2007 10:36 PM
20190219231116	https://jayisgames.com/review/the-roomz.php	https://jayisgames.com/review/the-roomz.php#comment-120952	February 13, 2007 10:38 PM
20190219231116	https://jayisgames.com/review/the-roomz.php	https://jayisgames.com/review/the-roomz.php#comment-120955	February 13, 2007 10:52 PM
20190219231116	https://jayisgames.com/review/the-roomz.php	https://jayisgames.com/review/the-roomz.php#comment-120956	February 13, 2007 11:11 PM
20190219231116	https://jayisgames.com/review/the-roomz.php	https://jayisgames.com/review/the-roomz.php#comment-120959	February 13, 2007 11:15 PM
20190219231116	https://jayisgames.com/review/the-roomz.php	https://jayisgames.com/review/the-roomz.php#comment-120962	February 13, 2007 11:27 PM
20190219231116	https://jayisgames.com/review/the-roomz.php	https://jayisgames.com/review/the-roomz.php#comment-120963	February 13, 2007 11:32 PM
20190219231116	https://jayisgames.com/review/the-roomz.php	https://jayisgames.com/review/the-roomz.php#comment-120964	February 13, 2007 11:35 PM
20190219231116	https://jayisgames.com/review/the-roomz.php	https://jayisgames.com/review/the-roomz.php#comment-120965	February 13, 2007 11:38 PM
20190219231116	https://jayisgames.com/review/the-roomz.php	https://jayisgames.com/review/the-roomz.php#comment-120967	February 13, 2007 11:47 PM
20190219231116	https://jayisgames.com/review/the-roomz.php	https://jayisgames.com/review/the-roomz.php#comment-120969	February 13, 2007 11:51 PM
20190219231116	https://jayisgames.com/review/the-roomz.php	https://jayisgames.com/review/the-roomz.php#comment-262797	April 28, 2008 1:46 PM
20190219231116	https://jayisgames.com/review/the-roomz.php	https://jayisgames.com/review/the-roomz.php#comment-262808	April 28, 2008 2:55 PM
20190219231116	https://jayisgames.com/review/the-roomz.php	https://jayisgames.com/review/the-roomz.php#comment-264645	May 13, 2008 7:03 PM
20190219231116	https://jayisgames.com/review/the-roomz.php	https://jayisgames.com/review/the-roomz.php#comment-265323	May 19, 2008 7:45 AM
20190219231116	https://jayisgames.com/review/the-roomz.php	https://jayisgames.com/review/the-roomz.php#comment-265865	May 24, 2008 12:06 PM
20190219231116	https://jayisgames.com/review/the-roomz.php	https://jayisgames.com/review/the-roomz.php#comment-266052	May 26, 2008 11:42 AM
20190219231116	https://jayisgames.com/review/the-roomz.php	https://jayisgames.com/review/the-roomz.php#comment-266256	May 28, 2008 6:44 AM
20190219231116	https://jayisgames.com/review/the-roomz.php	https://jayisgames.com/review/the-roomz.php#comment-266748	May 31, 2008 9:58 AM
20190219231116	https://jayisgames.com/review/the-roomz.php	https://jayisgames.com/review/the-roomz.php#comment-267508	June 5, 2008 5:00 AM
20190219231116	https://jayisgames.com/review/the-roomz.php	https://jayisgames.com/review/the-roomz.php#comment-273276	July 4, 2008 8:46 PM
20190219231116	https://jayisgames.com/review/the-roomz.php	https://jayisgames.com/review/the-roomz.php#comment-276495	July 25, 2008 10:16 AM
20190219231116	https://jayisgames.com/review/the-roomz.php	https://jayisgames.com/review/the-roomz.php#comment-277962	August 3, 2008 11:47 PM
20190219231116	https://jayisgames.com/review/the-roomz.php	https://jayisgames.com/review/the-roomz.php#comment-284880	September 28, 2008 10:45 AM
20190219231116	https://jayisgames.com/review/the-roomz.php	https://jayisgames.com/review/the-roomz.php#comment-345181	November 29, 2009 9:07 PM
20190219231116	https://jayisgames.com/review/the-roomz.php	https://jayisgames.com/review/the-roomz.php#comment-357403	March 16, 2010 4:51 PM
20190219231116	https://jayisgames.com/review/the-roomz.php	https://jayisgames.com/review/the-roomz.php#comment-380638	October 16, 2010 1:56 PM
20190219231116	https://jayisgames.com/review/the-roomz.php	https://jayisgames.com/review/the-roomz.php#comment-380680	October 17, 2010 10:52 AM
20190219231116	https://jayisgames.com/review/the-roomz.php	https://jayisgames.com/review/the-roomz.php#comment-380681	October 17, 2010 12:05 PM
20190818174920	https://jayisgames.com/review/the-roomz.php	https://jayisgames.com/review/the-roomz.php#walkthrough	Walkthrough
20190818174920	https://jayisgames.com/review/the-roomz.php	/addtofavorites.php?game=theroomz	Add to Favorites
20190818174920	https://jayisgames.com/review/the-roomz.php	https://jayisgames.com/review/the-roomz.php#comments	Comments (818)
20190818174920	https://jayisgames.com/review/the-roomz.php	http://dreamwardgames.com/theroomz/	
20190818174920	https://jayisgames.com/review/the-roomz.php	http://dreamwardgames.com/theroomz/	The Roomz
20190818174920	https://jayisgames.com/review/the-roomz.php	http://dreamwardgames.com/theroomz/	Play The Roomz
20190818174920	https://jayisgames.com/review/the-roomz.php	https://jayisgames.com/review/the-roomz.php#walkthrough	The Roomz Walkthrough
20190818174920	https://jayisgames.com/review/the-roomz.php	https://jayisgames.com/review/the-roomz.php#walkthrough	Walkthrough Guide
20190818174920	https://jayisgames.com/review/the-roomz.php	http://www.theroomz.yoyo.pl/danger/map.htm/	http://www.theroomz.yoyo.pl/danger/map.htm/
20190818174920	https://jayisgames.com/review/the-roomz.php	https://jayisgames.com/review/the-roomz.php#comment-120824	February 13, 2007 1:20 PM
20190818174920	https://jayisgames.com/review/the-roomz.php	https://jayisgames.com/review/the-roomz.php#comment-120825	February 13, 2007 1:22 PM
20190818174920	https://jayisgames.com/review/the-roomz.php	https://jayisgames.com/review/the-roomz.php#comment-120826	February 13, 2007 1:35 PM
20190818174920	https://jayisgames.com/review/the-roomz.php	https://jayisgames.com/review/the-roomz.php#comment-120828	February 13, 2007 1:44 PM
20190818174920	https://jayisgames.com/review/the-roomz.php	https://jayisgames.com/review/the-roomz.php#comment-120829	February 13, 2007 1:56 PM
20190818174920	https://jayisgames.com/review/the-roomz.php	https://jayisgames.com/review/the-roomz.php#comment-120831	February 13, 2007 2:03 PM
20190818174920	https://jayisgames.com/review/the-roomz.php	https://jayisgames.com/review/the-roomz.php#comment-120832	February 13, 2007 2:09 PM
20190818174920	https://jayisgames.com/review/the-roomz.php	https://jayisgames.com/review/the-roomz.php#comment-120833	February 13, 2007 2:14 PM
20190818174920	https://jayisgames.com/review/the-roomz.php	https://jayisgames.com/review/the-roomz.php#comment-120836	February 13, 2007 2:16 PM
20190818174920	https://jayisgames.com/review/the-roomz.php	https://jayisgames.com/review/the-roomz.php#comment-120837	February 13, 2007 2:25 PM
20190818174920	https://jayisgames.com/review/the-roomz.php	https://jayisgames.com/review/the-roomz.php#comment-120838	February 13, 2007 2:28 PM
20190818174920	https://jayisgames.com/review/the-roomz.php	https://jayisgames.com/review/the-roomz.php#comment-120840	February 13, 2007 2:34 PM
20190818174920	https://jayisgames.com/review/the-roomz.php	https://jayisgames.com/review/the-roomz.php#comment-120842	February 13, 2007 2:36 PM
20190818174920	https://jayisgames.com/review/the-roomz.php	https://jayisgames.com/review/the-roomz.php#comment-120843	February 13, 2007 2:38 PM
20190818174920	https://jayisgames.com/review/the-roomz.php	https://jayisgames.com/review/the-roomz.php#comment-120844	February 13, 2007 2:39 PM
20190818174920	https://jayisgames.com/review/the-roomz.php	https://jayisgames.com/review/the-roomz.php#comment-120845	February 13, 2007 2:43 PM
20190818174920	https://jayisgames.com/review/the-roomz.php	https://jayisgames.com/review/the-roomz.php#comment-120846	February 13, 2007 2:43 PM
20190818174920	https://jayisgames.com/review/the-roomz.php	https://jayisgames.com/review/the-roomz.php#comment-120847	February 13, 2007 2:47 PM
20190818174920	https://jayisgames.com/review/the-roomz.php	https://jayisgames.com/review/the-roomz.php#comment-120850	February 13, 2007 3:09 PM
20190818174920	https://jayisgames.com/review/the-roomz.php	https://jayisgames.com/review/the-roomz.php#comment-120851	February 13, 2007 3:11 PM
20190818174920	https://jayisgames.com/review/the-roomz.php	https://jayisgames.com/review/the-roomz.php#comment-120852	February 13, 2007 3:11 PM
20190818174920	https://jayisgames.com/review/the-roomz.php	https://jayisgames.com/review/the-roomz.php#comment-120853	February 13, 2007 3:21 PM
20190818174920	https://jayisgames.com/review/the-roomz.php	https://jayisgames.com/review/the-roomz.php#comment-120854	February 13, 2007 3:23 PM
20190818174920	https://jayisgames.com/review/the-roomz.php	https://jayisgames.com/review/the-roomz.php#comment-120855	February 13, 2007 3:24 PM
20190818174920	https://jayisgames.com/review/the-roomz.php	https://jayisgames.com/review/the-roomz.php#comment-120857	February 13, 2007 3:30 PM
20190818174920	https://jayisgames.com/review/the-roomz.php	https://jayisgames.com/review/the-roomz.php#comment-120858	February 13, 2007 3:31 PM
20190818174920	https://jayisgames.com/review/the-roomz.php	https://jayisgames.com/review/the-roomz.php#comment-120859	February 13, 2007 3:31 PM
20190818174920	https://jayisgames.com/review/the-roomz.php	https://jayisgames.com/review/the-roomz.php#comment-120860	February 13, 2007 3:33 PM
20190818174920	https://jayisgames.com/review/the-roomz.php	https://jayisgames.com/review/the-roomz.php#comment-120861	February 13, 2007 3:40 PM
20190818174920	https://jayisgames.com/review/the-roomz.php	https://jayisgames.com/review/the-roomz.php#comment-120862	February 13, 2007 3:40 PM
20190818174920	https://jayisgames.com/review/the-roomz.php	https://jayisgames.com/review/the-roomz.php#comment-120864	February 13, 2007 3:45 PM
20190818174920	https://jayisgames.com/review/the-roomz.php	https://jayisgames.com/review/the-roomz.php#comment-120865	February 13, 2007 3:45 PM
20190818174920	https://jayisgames.com/review/the-roomz.php	https://jayisgames.com/review/the-roomz.php#comment-120866	February 13, 2007 3:51 PM
20190818174920	https://jayisgames.com/review/the-roomz.php	https://jayisgames.com/review/the-roomz.php#comment-120867	February 13, 2007 3:52 PM
20190818174920	https://jayisgames.com/review/the-roomz.php	https://jayisgames.com/review/the-roomz.php#comment-120868	February 13, 2007 4:10 PM
20190818174920	https://jayisgames.com/review/the-roomz.php	https://jayisgames.com/review/the-roomz.php#comment-120869	February 13, 2007 4:10 PM
20190818174920	https://jayisgames.com/review/the-roomz.php	https://jayisgames.com/review/the-roomz.php#comment-120870	February 13, 2007 4:11 PM
20190818174920	https://jayisgames.com/review/the-roomz.php	https://jayisgames.com/review/the-roomz.php#comment-120879	February 13, 2007 4:31 PM
20190818174920	https://jayisgames.com/review/the-roomz.php	https://jayisgames.com/review/the-roomz.php#comment-120882	February 13, 2007 4:38 PM
20190818174920	https://jayisgames.com/review/the-roomz.php	https://jayisgames.com/review/the-roomz.php#comment-120883	February 13, 2007 4:43 PM
20190818174920	https://jayisgames.com/review/the-roomz.php	https://jayisgames.com/review/the-roomz.php#comment-120884	February 13, 2007 4:46 PM
20190818174920	https://jayisgames.com/review/the-roomz.php	https://jayisgames.com/review/the-roomz.php#comment-120885	February 13, 2007 4:49 PM
20190818174920	https://jayisgames.com/review/the-roomz.php	https://jayisgames.com/review/the-roomz.php#comment-120886	February 13, 2007 4:50 PM
20190818174920	https://jayisgames.com/review/the-roomz.php	https://jayisgames.com/review/the-roomz.php#comment-120887	February 13, 2007 4:54 PM
20190818174920	https://jayisgames.com/review/the-roomz.php	https://jayisgames.com/review/the-roomz.php#comment-120888	February 13, 2007 4:58 PM
20190818174920	https://jayisgames.com/review/the-roomz.php	https://jayisgames.com/review/the-roomz.php#comment-120889	February 13, 2007 5:07 PM
20190818174920	https://jayisgames.com/review/the-roomz.php	https://jayisgames.com/review/the-roomz.php#comment-120890	February 13, 2007 5:13 PM
20190818174920	https://jayisgames.com/review/the-roomz.php	https://jayisgames.com/review/the-roomz.php#comment-120891	February 13, 2007 5:13 PM
20190818174920	https://jayisgames.com/review/the-roomz.php	https://jayisgames.com/review/the-roomz.php#comment-120893	February 13, 2007 5:21 PM
20190818174920	https://jayisgames.com/review/the-roomz.php	https://jayisgames.com/review/the-roomz.php#comment-120894	February 13, 2007 5:25 PM
20190818174920	https://jayisgames.com/review/the-roomz.php	https://jayisgames.com/review/the-roomz.php#comment-120897	February 13, 2007 5:27 PM
20190818174920	https://jayisgames.com/review/the-roomz.php	https://jayisgames.com/review/the-roomz.php#comment-120899	February 13, 2007 5:31 PM
20190818174920	https://jayisgames.com/review/the-roomz.php	https://jayisgames.com/review/the-roomz.php#comment-120900	February 13, 2007 5:31 PM
20190818174920	https://jayisgames.com/review/the-roomz.php	https://jayisgames.com/review/the-roomz.php#comment-120901	February 13, 2007 5:36 PM
20190818174920	https://jayisgames.com/review/the-roomz.php	https://jayisgames.com/review/the-roomz.php#comment-120902	February 13, 2007 5:40 PM
20190818174920	https://jayisgames.com/review/the-roomz.php	https://jayisgames.com/review/the-roomz.php#comment-120903	February 13, 2007 5:41 PM
20190818174920	https://jayisgames.com/review/the-roomz.php	https://jayisgames.com/review/the-roomz.php#comment-120904	February 13, 2007 5:48 PM
20190818174920	https://jayisgames.com/review/the-roomz.php	https://jayisgames.com/review/the-roomz.php#comment-120906	February 13, 2007 6:00 PM
20190818174920	https://jayisgames.com/review/the-roomz.php	https://jayisgames.com/review/the-roomz.php#comment-120907	February 13, 2007 6:02 PM
20190818174920	https://jayisgames.com/review/the-roomz.php	https://jayisgames.com/review/the-roomz.php#comment-120908	February 13, 2007 6:15 PM
20190818174920	https://jayisgames.com/review/the-roomz.php	https://jayisgames.com/review/the-roomz.php#comment-120909	February 13, 2007 6:23 PM
20190818174920	https://jayisgames.com/review/the-roomz.php	https://jayisgames.com/review/the-roomz.php#comment-120911	February 13, 2007 6:29 PM
20190818174920	https://jayisgames.com/review/the-roomz.php	https://jayisgames.com/review/the-roomz.php#comment-120912	February 13, 2007 6:33 PM
20190818174920	https://jayisgames.com/review/the-roomz.php	https://jayisgames.com/review/the-roomz.php#comment-120913	February 13, 2007 6:36 PM
20190818174920	https://jayisgames.com/review/the-roomz.php	https://jayisgames.com/review/the-roomz.php#comment-120914	February 13, 2007 6:36 PM
20190818174920	https://jayisgames.com/review/the-roomz.php	https://jayisgames.com/review/the-roomz.php#comment-120917	February 13, 2007 6:49 PM
20190818174920	https://jayisgames.com/review/the-roomz.php	https://jayisgames.com/review/the-roomz.php#comment-120918	February 13, 2007 6:57 PM
20190818174920	https://jayisgames.com/review/the-roomz.php	https://jayisgames.com/review/the-roomz.php#comment-120919	February 13, 2007 7:20 PM
20190818174920	https://jayisgames.com/review/the-roomz.php	https://jayisgames.com/review/the-roomz.php#comment-120920	February 13, 2007 7:25 PM
20190818174920	https://jayisgames.com/review/the-roomz.php	https://jayisgames.com/review/the-roomz.php#comment-120921	February 13, 2007 7:32 PM
20190818174920	https://jayisgames.com/review/the-roomz.php	https://jayisgames.com/review/the-roomz.php#comment-120922	February 13, 2007 7:36 PM
20190818174920	https://jayisgames.com/review/the-roomz.php	https://jayisgames.com/review/the-roomz.php#comment-120924	February 13, 2007 7:43 PM
20190818174920	https://jayisgames.com/review/the-roomz.php	https://jayisgames.com/review/the-roomz.php#comment-120926	February 13, 2007 7:51 PM
20190818174920	https://jayisgames.com/review/the-roomz.php	https://jayisgames.com/review/the-roomz.php#comment-120927	February 13, 2007 7:51 PM
20190818174920	https://jayisgames.com/review/the-roomz.php	https://jayisgames.com/review/the-roomz.php#comment-120928	February 13, 2007 8:04 PM
20190818174920	https://jayisgames.com/review/the-roomz.php	https://jayisgames.com/review/the-roomz.php#comment-120929	February 13, 2007 8:06 PM
20190818174920	https://jayisgames.com/review/the-roomz.php	https://jayisgames.com/review/the-roomz.php#comment-120931	February 13, 2007 8:08 PM
20190818174920	https://jayisgames.com/review/the-roomz.php	https://jayisgames.com/review/the-roomz.php#comment-120932	February 13, 2007 8:08 PM
20190818174920	https://jayisgames.com/review/the-roomz.php	https://jayisgames.com/review/the-roomz.php#comment-120934	February 13, 2007 8:10 PM
20190818174920	https://jayisgames.com/review/the-roomz.php	https://jayisgames.com/review/the-roomz.php#comment-120935	February 13, 2007 8:30 PM
20190818174920	https://jayisgames.com/review/the-roomz.php	https://jayisgames.com/review/the-roomz.php#comment-120937	February 13, 2007 9:02 PM
20190818174920	https://jayisgames.com/review/the-roomz.php	https://jayisgames.com/review/the-roomz.php#comment-120940	February 13, 2007 9:33 PM
20190818174920	https://jayisgames.com/review/the-roomz.php	https://jayisgames.com/review/the-roomz.php#comment-120941	February 13, 2007 9:35 PM
20190818174920	https://jayisgames.com/review/the-roomz.php	https://jayisgames.com/review/the-roomz.php#comment-120942	February 13, 2007 9:35 PM
20190818174920	https://jayisgames.com/review/the-roomz.php	https://jayisgames.com/review/the-roomz.php#comment-120945	February 13, 2007 9:57 PM
20190818174920	https://jayisgames.com/review/the-roomz.php	https://jayisgames.com/review/the-roomz.php#comment-120946	February 13, 2007 10:11 PM
20190818174920	https://jayisgames.com/review/the-roomz.php	https://jayisgames.com/review/the-roomz.php#comment-120947	February 13, 2007 10:25 PM
20190818174920	https://jayisgames.com/review/the-roomz.php	https://jayisgames.com/review/the-roomz.php#comment-120948	February 13, 2007 10:26 PM
20190818174920	https://jayisgames.com/review/the-roomz.php	https://jayisgames.com/review/the-roomz.php#comment-120950	February 13, 2007 10:33 PM
20190818174920	https://jayisgames.com/review/the-roomz.php	https://jayisgames.com/review/the-roomz.php#comment-120951	February 13, 2007 10:36 PM
20190818174920	https://jayisgames.com/review/the-roomz.php	https://jayisgames.com/review/the-roomz.php#comment-120952	February 13, 2007 10:38 PM
20190818174920	https://jayisgames.com/review/the-roomz.php	https://jayisgames.com/review/the-roomz.php#comment-120955	February 13, 2007 10:52 PM
20190818174920	https://jayisgames.com/review/the-roomz.php	https://jayisgames.com/review/the-roomz.php#comment-120956	February 13, 2007 11:11 PM
20190818174920	https://jayisgames.com/review/the-roomz.php	https://jayisgames.com/review/the-roomz.php#comment-120959	February 13, 2007 11:15 PM
20190818174920	https://jayisgames.com/review/the-roomz.php	https://jayisgames.com/review/the-roomz.php#comment-120962	February 13, 2007 11:27 PM
20190818174920	https://jayisgames.com/review/the-roomz.php	https://jayisgames.com/review/the-roomz.php#comment-120963	February 13, 2007 11:32 PM
20190818174920	https://jayisgames.com/review/the-roomz.php	https://jayisgames.com/review/the-roomz.php#comment-120964	February 13, 2007 11:35 PM
20190818174920	https://jayisgames.com/review/the-roomz.php	https://jayisgames.com/review/the-roomz.php#comment-120965	February 13, 2007 11:38 PM
20190818174920	https://jayisgames.com/review/the-roomz.php	https://jayisgames.com/review/the-roomz.php#comment-120967	February 13, 2007 11:47 PM
20190818174920	https://jayisgames.com/review/the-roomz.php	https://jayisgames.com/review/the-roomz.php#comment-120969	February 13, 2007 11:51 PM
20190818174920	https://jayisgames.com/review/the-roomz.php	https://jayisgames.com/review/the-roomz.php#comment-262797	April 28, 2008 1:46 PM
20190818174920	https://jayisgames.com/review/the-roomz.php	https://jayisgames.com/review/the-roomz.php#comment-262808	April 28, 2008 2:55 PM
20190818174920	https://jayisgames.com/review/the-roomz.php	https://jayisgames.com/review/the-roomz.php#comment-264645	May 13, 2008 7:03 PM
20190818174920	https://jayisgames.com/review/the-roomz.php	https://jayisgames.com/review/the-roomz.php#comment-265323	May 19, 2008 7:45 AM
20190818174920	https://jayisgames.com/review/the-roomz.php	https://jayisgames.com/review/the-roomz.php#comment-265865	May 24, 2008 12:06 PM
20190818174920	https://jayisgames.com/review/the-roomz.php	https://jayisgames.com/review/the-roomz.php#comment-266052	May 26, 2008 11:42 AM
20190818174920	https://jayisgames.com/review/the-roomz.php	https://jayisgames.com/review/the-roomz.php#comment-266256	May 28, 2008 6:44 AM
20190818174920	https://jayisgames.com/review/the-roomz.php	https://jayisgames.com/review/the-roomz.php#comment-266748	May 31, 2008 9:58 AM
20190818174920	https://jayisgames.com/review/the-roomz.php	https://jayisgames.com/review/the-roomz.php#comment-267508	June 5, 2008 5:00 AM
20190818174920	https://jayisgames.com/review/the-roomz.php	https://jayisgames.com/review/the-roomz.php#comment-273276	July 4, 2008 8:46 PM
20190818174920	https://jayisgames.com/review/the-roomz.php	https://jayisgames.com/review/the-roomz.php#comment-276495	July 25, 2008 10:16 AM
20190818174920	https://jayisgames.com/review/the-roomz.php	https://jayisgames.com/review/the-roomz.php#comment-277962	August 3, 2008 11:47 PM
20190818174920	https://jayisgames.com/review/the-roomz.php	https://jayisgames.com/review/the-roomz.php#comment-284880	September 28, 2008 10:45 AM
20190818174920	https://jayisgames.com/review/the-roomz.php	https://jayisgames.com/review/the-roomz.php#comment-345181	November 29, 2009 9:07 PM
20190818174920	https://jayisgames.com/review/the-roomz.php	https://jayisgames.com/review/the-roomz.php#comment-357403	March 16, 2010 4:51 PM
20190818174920	https://jayisgames.com/review/the-roomz.php	https://jayisgames.com/review/the-roomz.php#comment-380638	October 16, 2010 1:56 PM
20190818174920	https://jayisgames.com/review/the-roomz.php	https://jayisgames.com/review/the-roomz.php#comment-380680	October 17, 2010 10:52 AM
20190818174920	https://jayisgames.com/review/the-roomz.php	https://jayisgames.com/review/the-roomz.php#comment-380681	October 17, 2010 12:05 PM
20191205225001	https://jayisgames.com/review/the-roomz.php	https://jayisgames.com/review/the-roomz.php#walkthrough	Walkthrough
20191205225001	https://jayisgames.com/review/the-roomz.php	/addtofavorites.php?game=theroomz	Add to Favorites
20191205225001	https://jayisgames.com/review/the-roomz.php	https://jayisgames.com/review/the-roomz.php#comments	Comments (818)
20191205225001	https://jayisgames.com/review/the-roomz.php	http://dreamwardgames.com/theroomz/	
20191205225001	https://jayisgames.com/review/the-roomz.php	http://dreamwardgames.com/theroomz/	The Roomz
20191205225001	https://jayisgames.com/review/the-roomz.php	http://dreamwardgames.com/theroomz/	Play The Roomz
20191205225001	https://jayisgames.com/review/the-roomz.php	https://jayisgames.com/review/the-roomz.php#walkthrough	The Roomz Walkthrough
20191205225001	https://jayisgames.com/review/the-roomz.php	https://jayisgames.com/review/the-roomz.php#walkthrough	Walkthrough Guide
20191205225001	https://jayisgames.com/review/the-roomz.php	http://www.theroomz.yoyo.pl/danger/map.htm/	http://www.theroomz.yoyo.pl/danger/map.htm/
20191205225001	https://jayisgames.com/review/the-roomz.php	https://jayisgames.com/review/the-roomz.php#comment-120824	February 13, 2007 1:20 PM
20191205225001	https://jayisgames.com/review/the-roomz.php	https://jayisgames.com/review/the-roomz.php#comment-120825	February 13, 2007 1:22 PM
20191205225001	https://jayisgames.com/review/the-roomz.php	https://jayisgames.com/review/the-roomz.php#comment-120826	February 13, 2007 1:35 PM
20191205225001	https://jayisgames.com/review/the-roomz.php	https://jayisgames.com/review/the-roomz.php#comment-120828	February 13, 2007 1:44 PM
20191205225001	https://jayisgames.com/review/the-roomz.php	https://jayisgames.com/review/the-roomz.php#comment-120829	February 13, 2007 1:56 PM
20191205225001	https://jayisgames.com/review/the-roomz.php	https://jayisgames.com/review/the-roomz.php#comment-120831	February 13, 2007 2:03 PM
20191205225001	https://jayisgames.com/review/the-roomz.php	https://jayisgames.com/review/the-roomz.php#comment-120832	February 13, 2007 2:09 PM
20191205225001	https://jayisgames.com/review/the-roomz.php	https://jayisgames.com/review/the-roomz.php#comment-120833	February 13, 2007 2:14 PM
20191205225001	https://jayisgames.com/review/the-roomz.php	https://jayisgames.com/review/the-roomz.php#comment-120836	February 13, 2007 2:16 PM
20191205225001	https://jayisgames.com/review/the-roomz.php	https://jayisgames.com/review/the-roomz.php#comment-120837	February 13, 2007 2:25 PM
20191205225001	https://jayisgames.com/review/the-roomz.php	https://jayisgames.com/review/the-roomz.php#comment-120838	February 13, 2007 2:28 PM
20191205225001	https://jayisgames.com/review/the-roomz.php	https://jayisgames.com/review/the-roomz.php#comment-120840	February 13, 2007 2:34 PM
20191205225001	https://jayisgames.com/review/the-roomz.php	https://jayisgames.com/review/the-roomz.php#comment-120842	February 13, 2007 2:36 PM
20191205225001	https://jayisgames.com/review/the-roomz.php	https://jayisgames.com/review/the-roomz.php#comment-120843	February 13, 2007 2:38 PM
20191205225001	https://jayisgames.com/review/the-roomz.php	https://jayisgames.com/review/the-roomz.php#comment-120844	February 13, 2007 2:39 PM
20191205225001	https://jayisgames.com/review/the-roomz.php	https://jayisgames.com/review/the-roomz.php#comment-120845	February 13, 2007 2:43 PM
20191205225001	https://jayisgames.com/review/the-roomz.php	https://jayisgames.com/review/the-roomz.php#comment-120846	February 13, 2007 2:43 PM
20191205225001	https://jayisgames.com/review/the-roomz.php	https://jayisgames.com/review/the-roomz.php#comment-120847	February 13, 2007 2:47 PM
20191205225001	https://jayisgames.com/review/the-roomz.php	https://jayisgames.com/review/the-roomz.php#comment-120850	February 13, 2007 3:09 PM
20191205225001	https://jayisgames.com/review/the-roomz.php	https://jayisgames.com/review/the-roomz.php#comment-120851	February 13, 2007 3:11 PM
20191205225001	https://jayisgames.com/review/the-roomz.php	https://jayisgames.com/review/the-roomz.php#comment-120852	February 13, 2007 3:11 PM
20191205225001	https://jayisgames.com/review/the-roomz.php	https://jayisgames.com/review/the-roomz.php#comment-120853	February 13, 2007 3:21 PM
20191205225001	https://jayisgames.com/review/the-roomz.php	https://jayisgames.com/review/the-roomz.php#comment-120854	February 13, 2007 3:23 PM
20191205225001	https://jayisgames.com/review/the-roomz.php	https://jayisgames.com/review/the-roomz.php#comment-120855	February 13, 2007 3:24 PM
20191205225001	https://jayisgames.com/review/the-roomz.php	https://jayisgames.com/review/the-roomz.php#comment-120857	February 13, 2007 3:30 PM
20191205225001	https://jayisgames.com/review/the-roomz.php	https://jayisgames.com/review/the-roomz.php#comment-120858	February 13, 2007 3:31 PM
20191205225001	https://jayisgames.com/review/the-roomz.php	https://jayisgames.com/review/the-roomz.php#comment-120859	February 13, 2007 3:31 PM
20191205225001	https://jayisgames.com/review/the-roomz.php	https://jayisgames.com/review/the-roomz.php#comment-120860	February 13, 2007 3:33 PM
20191205225001	https://jayisgames.com/review/the-roomz.php	https://jayisgames.com/review/the-roomz.php#comment-120861	February 13, 2007 3:40 PM
20191205225001	https://jayisgames.com/review/the-roomz.php	https://jayisgames.com/review/the-roomz.php#comment-120862	February 13, 2007 3:40 PM
20191205225001	https://jayisgames.com/review/the-roomz.php	https://jayisgames.com/review/the-roomz.php#comment-120864	February 13, 2007 3:45 PM
20191205225001	https://jayisgames.com/review/the-roomz.php	https://jayisgames.com/review/the-roomz.php#comment-120865	February 13, 2007 3:45 PM
20191205225001	https://jayisgames.com/review/the-roomz.php	https://jayisgames.com/review/the-roomz.php#comment-120866	February 13, 2007 3:51 PM
20191205225001	https://jayisgames.com/review/the-roomz.php	https://jayisgames.com/review/the-roomz.php#comment-120867	February 13, 2007 3:52 PM
20191205225001	https://jayisgames.com/review/the-roomz.php	https://jayisgames.com/review/the-roomz.php#comment-120868	February 13, 2007 4:10 PM
20191205225001	https://jayisgames.com/review/the-roomz.php	https://jayisgames.com/review/the-roomz.php#comment-120869	February 13, 2007 4:10 PM
20191205225001	https://jayisgames.com/review/the-roomz.php	https://jayisgames.com/review/the-roomz.php#comment-120870	February 13, 2007 4:11 PM
20191205225001	https://jayisgames.com/review/the-roomz.php	https://jayisgames.com/review/the-roomz.php#comment-120879	February 13, 2007 4:31 PM
20191205225001	https://jayisgames.com/review/the-roomz.php	https://jayisgames.com/review/the-roomz.php#comment-120882	February 13, 2007 4:38 PM
20191205225001	https://jayisgames.com/review/the-roomz.php	https://jayisgames.com/review/the-roomz.php#comment-120883	February 13, 2007 4:43 PM
20191205225001	https://jayisgames.com/review/the-roomz.php	https://jayisgames.com/review/the-roomz.php#comment-120884	February 13, 2007 4:46 PM
20191205225001	https://jayisgames.com/review/the-roomz.php	https://jayisgames.com/review/the-roomz.php#comment-120885	February 13, 2007 4:49 PM
20191205225001	https://jayisgames.com/review/the-roomz.php	https://jayisgames.com/review/the-roomz.php#comment-120886	February 13, 2007 4:50 PM
20191205225001	https://jayisgames.com/review/the-roomz.php	https://jayisgames.com/review/the-roomz.php#comment-120887	February 13, 2007 4:54 PM
20191205225001	https://jayisgames.com/review/the-roomz.php	https://jayisgames.com/review/the-roomz.php#comment-120888	February 13, 2007 4:58 PM
20191205225001	https://jayisgames.com/review/the-roomz.php	https://jayisgames.com/review/the-roomz.php#comment-120889	February 13, 2007 5:07 PM
20191205225001	https://jayisgames.com/review/the-roomz.php	https://jayisgames.com/review/the-roomz.php#comment-120890	February 13, 2007 5:13 PM
20191205225001	https://jayisgames.com/review/the-roomz.php	https://jayisgames.com/review/the-roomz.php#comment-120891	February 13, 2007 5:13 PM
20191205225001	https://jayisgames.com/review/the-roomz.php	https://jayisgames.com/review/the-roomz.php#comment-120893	February 13, 2007 5:21 PM
20191205225001	https://jayisgames.com/review/the-roomz.php	https://jayisgames.com/review/the-roomz.php#comment-120894	February 13, 2007 5:25 PM
20191205225001	https://jayisgames.com/review/the-roomz.php	https://jayisgames.com/review/the-roomz.php#comment-120897	February 13, 2007 5:27 PM
20191205225001	https://jayisgames.com/review/the-roomz.php	https://jayisgames.com/review/the-roomz.php#comment-120899	February 13, 2007 5:31 PM
20191205225001	https://jayisgames.com/review/the-roomz.php	https://jayisgames.com/review/the-roomz.php#comment-120900	February 13, 2007 5:31 PM
20191205225001	https://jayisgames.com/review/the-roomz.php	https://jayisgames.com/review/the-roomz.php#comment-120901	February 13, 2007 5:36 PM
20191205225001	https://jayisgames.com/review/the-roomz.php	https://jayisgames.com/review/the-roomz.php#comment-120902	February 13, 2007 5:40 PM
20191205225001	https://jayisgames.com/review/the-roomz.php	https://jayisgames.com/review/the-roomz.php#comment-120903	February 13, 2007 5:41 PM
20191205225001	https://jayisgames.com/review/the-roomz.php	https://jayisgames.com/review/the-roomz.php#comment-120904	February 13, 2007 5:48 PM
20191205225001	https://jayisgames.com/review/the-roomz.php	https://jayisgames.com/review/the-roomz.php#comment-120906	February 13, 2007 6:00 PM
20191205225001	https://jayisgames.com/review/the-roomz.php	https://jayisgames.com/review/the-roomz.php#comment-120907	February 13, 2007 6:02 PM
20191205225001	https://jayisgames.com/review/the-roomz.php	https://jayisgames.com/review/the-roomz.php#comment-120908	February 13, 2007 6:15 PM
20191205225001	https://jayisgames.com/review/the-roomz.php	https://jayisgames.com/review/the-roomz.php#comment-120909	February 13, 2007 6:23 PM
20191205225001	https://jayisgames.com/review/the-roomz.php	https://jayisgames.com/review/the-roomz.php#comment-120911	February 13, 2007 6:29 PM
20191205225001	https://jayisgames.com/review/the-roomz.php	https://jayisgames.com/review/the-roomz.php#comment-120912	February 13, 2007 6:33 PM
20191205225001	https://jayisgames.com/review/the-roomz.php	https://jayisgames.com/review/the-roomz.php#comment-120913	February 13, 2007 6:36 PM
20191205225001	https://jayisgames.com/review/the-roomz.php	https://jayisgames.com/review/the-roomz.php#comment-120914	February 13, 2007 6:36 PM
20191205225001	https://jayisgames.com/review/the-roomz.php	https://jayisgames.com/review/the-roomz.php#comment-120917	February 13, 2007 6:49 PM
20191205225001	https://jayisgames.com/review/the-roomz.php	https://jayisgames.com/review/the-roomz.php#comment-120918	February 13, 2007 6:57 PM
20191205225001	https://jayisgames.com/review/the-roomz.php	https://jayisgames.com/review/the-roomz.php#comment-120919	February 13, 2007 7:20 PM
20191205225001	https://jayisgames.com/review/the-roomz.php	https://jayisgames.com/review/the-roomz.php#comment-120920	February 13, 2007 7:25 PM
20191205225001	https://jayisgames.com/review/the-roomz.php	https://jayisgames.com/review/the-roomz.php#comment-120921	February 13, 2007 7:32 PM
20191205225001	https://jayisgames.com/review/the-roomz.php	https://jayisgames.com/review/the-roomz.php#comment-120922	February 13, 2007 7:36 PM
20191205225001	https://jayisgames.com/review/the-roomz.php	https://jayisgames.com/review/the-roomz.php#comment-120924	February 13, 2007 7:43 PM
20191205225001	https://jayisgames.com/review/the-roomz.php	https://jayisgames.com/review/the-roomz.php#comment-120926	February 13, 2007 7:51 PM
20191205225001	https://jayisgames.com/review/the-roomz.php	https://jayisgames.com/review/the-roomz.php#comment-120927	February 13, 2007 7:51 PM
20191205225001	https://jayisgames.com/review/the-roomz.php	https://jayisgames.com/review/the-roomz.php#comment-120928	February 13, 2007 8:04 PM
20191205225001	https://jayisgames.com/review/the-roomz.php	https://jayisgames.com/review/the-roomz.php#comment-120929	February 13, 2007 8:06 PM
20191205225001	https://jayisgames.com/review/the-roomz.php	https://jayisgames.com/review/the-roomz.php#comment-120931	February 13, 2007 8:08 PM
20191205225001	https://jayisgames.com/review/the-roomz.php	https://jayisgames.com/review/the-roomz.php#comment-120932	February 13, 2007 8:08 PM
20191205225001	https://jayisgames.com/review/the-roomz.php	https://jayisgames.com/review/the-roomz.php#comment-120934	February 13, 2007 8:10 PM
20191205225001	https://jayisgames.com/review/the-roomz.php	https://jayisgames.com/review/the-roomz.php#comment-120935	February 13, 2007 8:30 PM
20191205225001	https://jayisgames.com/review/the-roomz.php	https://jayisgames.com/review/the-roomz.php#comment-120937	February 13, 2007 9:02 PM
20191205225001	https://jayisgames.com/review/the-roomz.php	https://jayisgames.com/review/the-roomz.php#comment-120940	February 13, 2007 9:33 PM
20191205225001	https://jayisgames.com/review/the-roomz.php	https://jayisgames.com/review/the-roomz.php#comment-120941	February 13, 2007 9:35 PM
20191205225001	https://jayisgames.com/review/the-roomz.php	https://jayisgames.com/review/the-roomz.php#comment-120942	February 13, 2007 9:35 PM
20191205225001	https://jayisgames.com/review/the-roomz.php	https://jayisgames.com/review/the-roomz.php#comment-120945	February 13, 2007 9:57 PM
20191205225001	https://jayisgames.com/review/the-roomz.php	https://jayisgames.com/review/the-roomz.php#comment-120946	February 13, 2007 10:11 PM
20191205225001	https://jayisgames.com/review/the-roomz.php	https://jayisgames.com/review/the-roomz.php#comment-120947	February 13, 2007 10:25 PM
20191205225001	https://jayisgames.com/review/the-roomz.php	https://jayisgames.com/review/the-roomz.php#comment-120948	February 13, 2007 10:26 PM
20191205225001	https://jayisgames.com/review/the-roomz.php	https://jayisgames.com/review/the-roomz.php#comment-120950	February 13, 2007 10:33 PM
20191205225001	https://jayisgames.com/review/the-roomz.php	https://jayisgames.com/review/the-roomz.php#comment-120951	February 13, 2007 10:36 PM
20191205225001	https://jayisgames.com/review/the-roomz.php	https://jayisgames.com/review/the-roomz.php#comment-120952	February 13, 2007 10:38 PM
20191205225001	https://jayisgames.com/review/the-roomz.php	https://jayisgames.com/review/the-roomz.php#comment-120955	February 13, 2007 10:52 PM
20191205225001	https://jayisgames.com/review/the-roomz.php	https://jayisgames.com/review/the-roomz.php#comment-120956	February 13, 2007 11:11 PM
20191205225001	https://jayisgames.com/review/the-roomz.php	https://jayisgames.com/review/the-roomz.php#comment-120959	February 13, 2007 11:15 PM
20191205225001	https://jayisgames.com/review/the-roomz.php	https://jayisgames.com/review/the-roomz.php#comment-120962	February 13, 2007 11:27 PM
20191205225001	https://jayisgames.com/review/the-roomz.php	https://jayisgames.com/review/the-roomz.php#comment-120963	February 13, 2007 11:32 PM
20191205225001	https://jayisgames.com/review/the-roomz.php	https://jayisgames.com/review/the-roomz.php#comment-120964	February 13, 2007 11:35 PM
20191205225001	https://jayisgames.com/review/the-roomz.php	https://jayisgames.com/review/the-roomz.php#comment-120965	February 13, 2007 11:38 PM
20191205225001	https://jayisgames.com/review/the-roomz.php	https://jayisgames.com/review/the-roomz.php#comment-120967	February 13, 2007 11:47 PM
20191205225001	https://jayisgames.com/review/the-roomz.php	https://jayisgames.com/review/the-roomz.php#comment-120969	February 13, 2007 11:51 PM
20191205225001	https://jayisgames.com/review/the-roomz.php	https://jayisgames.com/review/the-roomz.php#comment-262797	April 28, 2008 1:46 PM
20191205225001	https://jayisgames.com/review/the-roomz.php	https://jayisgames.com/review/the-roomz.php#comment-262808	April 28, 2008 2:55 PM
20191205225001	https://jayisgames.com/review/the-roomz.php	https://jayisgames.com/review/the-roomz.php#comment-264645	May 13, 2008 7:03 PM
20191205225001	https://jayisgames.com/review/the-roomz.php	https://jayisgames.com/review/the-roomz.php#comment-265323	May 19, 2008 7:45 AM
20191205225001	https://jayisgames.com/review/the-roomz.php	https://jayisgames.com/review/the-roomz.php#comment-265865	May 24, 2008 12:06 PM
20191205225001	https://jayisgames.com/review/the-roomz.php	https://jayisgames.com/review/the-roomz.php#comment-266052	May 26, 2008 11:42 AM
20191205225001	https://jayisgames.com/review/the-roomz.php	https://jayisgames.com/review/the-roomz.php#comment-266256	May 28, 2008 6:44 AM
20191205225001	https://jayisgames.com/review/the-roomz.php	https://jayisgames.com/review/the-roomz.php#comment-266748	May 31, 2008 9:58 AM
20191205225001	https://jayisgames.com/review/the-roomz.php	https://jayisgames.com/review/the-roomz.php#comment-267508	June 5, 2008 5:00 AM
20191205225001	https://jayisgames.com/review/the-roomz.php	https://jayisgames.com/review/the-roomz.php#comment-273276	July 4, 2008 8:46 PM
20191205225001	https://jayisgames.com/review/the-roomz.php	https://jayisgames.com/review/the-roomz.php#comment-276495	July 25, 2008 10:16 AM
20191205225001	https://jayisgames.com/review/the-roomz.php	https://jayisgames.com/review/the-roomz.php#comment-277962	August 3, 2008 11:47 PM
20191205225001	https://jayisgames.com/review/the-roomz.php	https://jayisgames.com/review/the-roomz.php#comment-284880	September 28, 2008 10:45 AM
20191205225001	https://jayisgames.com/review/the-roomz.php	https://jayisgames.com/review/the-roomz.php#comment-345181	November 29, 2009 9:07 PM
20191205225001	https://jayisgames.com/review/the-roomz.php	https://jayisgames.com/review/the-roomz.php#comment-357403	March 16, 2010 4:51 PM
20191205225001	https://jayisgames.com/review/the-roomz.php	https://jayisgames.com/review/the-roomz.php#comment-380638	October 16, 2010 1:56 PM
20191205225001	https://jayisgames.com/review/the-roomz.php	https://jayisgames.com/review/the-roomz.php#comment-380680	October 17, 2010 10:52 AM
20191205225001	https://jayisgames.com/review/the-roomz.php	https://jayisgames.com/review/the-roomz.php#comment-380681	October 17, 2010 12:05 PM
20200402120806	https://jayisgames.com/review/the-roomz.php	https://jayisgames.com/review/the-roomz.php#walkthrough	Walkthrough
20200402120806	https://jayisgames.com/review/the-roomz.php	/addtofavorites.php?game=theroomz	Add to Favorites
20200402120806	https://jayisgames.com/review/the-roomz.php	https://jayisgames.com/review/the-roomz.php#comments	Comments (818)
20200402120806	https://jayisgames.com/review/the-roomz.php	http://dreamwardgames.com/theroomz/	
20200402120806	https://jayisgames.com/review/the-roomz.php	http://dreamwardgames.com/theroomz/	The Roomz
20200402120806	https://jayisgames.com/review/the-roomz.php	http://dreamwardgames.com/theroomz/	Play The Roomz
20200402120806	https://jayisgames.com/review/the-roomz.php	https://jayisgames.com/review/the-roomz.php#walkthrough	The Roomz Walkthrough
20200402120806	https://jayisgames.com/review/the-roomz.php	https://jayisgames.com/review/the-roomz.php#walkthrough	Walkthrough Guide
20200402120806	https://jayisgames.com/review/the-roomz.php	http://www.theroomz.yoyo.pl/danger/map.htm/	http://www.theroomz.yoyo.pl/danger/map.htm/
20200402120806	https://jayisgames.com/review/the-roomz.php	https://jayisgames.com/review/the-roomz.php#comment-120824	February 13, 2007 1:20 PM
20200402120806	https://jayisgames.com/review/the-roomz.php	https://jayisgames.com/review/the-roomz.php#comment-120825	February 13, 2007 1:22 PM
20200402120806	https://jayisgames.com/review/the-roomz.php	https://jayisgames.com/review/the-roomz.php#comment-120826	February 13, 2007 1:35 PM
20200402120806	https://jayisgames.com/review/the-roomz.php	https://jayisgames.com/review/the-roomz.php#comment-120828	February 13, 2007 1:44 PM
20200402120806	https://jayisgames.com/review/the-roomz.php	https://jayisgames.com/review/the-roomz.php#comment-120829	February 13, 2007 1:56 PM
20200402120806	https://jayisgames.com/review/the-roomz.php	https://jayisgames.com/review/the-roomz.php#comment-120831	February 13, 2007 2:03 PM
20200402120806	https://jayisgames.com/review/the-roomz.php	https://jayisgames.com/review/the-roomz.php#comment-120832	February 13, 2007 2:09 PM
20200402120806	https://jayisgames.com/review/the-roomz.php	https://jayisgames.com/review/the-roomz.php#comment-120833	February 13, 2007 2:14 PM
20200402120806	https://jayisgames.com/review/the-roomz.php	https://jayisgames.com/review/the-roomz.php#comment-120836	February 13, 2007 2:16 PM
20200402120806	https://jayisgames.com/review/the-roomz.php	https://jayisgames.com/review/the-roomz.php#comment-120837	February 13, 2007 2:25 PM
20200402120806	https://jayisgames.com/review/the-roomz.php	https://jayisgames.com/review/the-roomz.php#comment-120838	February 13, 2007 2:28 PM
20200402120806	https://jayisgames.com/review/the-roomz.php	https://jayisgames.com/review/the-roomz.php#comment-120840	February 13, 2007 2:34 PM
20200402120806	https://jayisgames.com/review/the-roomz.php	https://jayisgames.com/review/the-roomz.php#comment-120842	February 13, 2007 2:36 PM
20200402120806	https://jayisgames.com/review/the-roomz.php	https://jayisgames.com/review/the-roomz.php#comment-120843	February 13, 2007 2:38 PM
20200402120806	https://jayisgames.com/review/the-roomz.php	https://jayisgames.com/review/the-roomz.php#comment-120844	February 13, 2007 2:39 PM
20200402120806	https://jayisgames.com/review/the-roomz.php	https://jayisgames.com/review/the-roomz.php#comment-120845	February 13, 2007 2:43 PM
20200402120806	https://jayisgames.com/review/the-roomz.php	https://jayisgames.com/review/the-roomz.php#comment-120846	February 13, 2007 2:43 PM
20200402120806	https://jayisgames.com/review/the-roomz.php	https://jayisgames.com/review/the-roomz.php#comment-120847	February 13, 2007 2:47 PM
20200402120806	https://jayisgames.com/review/the-roomz.php	https://jayisgames.com/review/the-roomz.php#comment-120850	February 13, 2007 3:09 PM
20200402120806	https://jayisgames.com/review/the-roomz.php	https://jayisgames.com/review/the-roomz.php#comment-120851	February 13, 2007 3:11 PM
20200402120806	https://jayisgames.com/review/the-roomz.php	https://jayisgames.com/review/the-roomz.php#comment-120852	February 13, 2007 3:11 PM
20200402120806	https://jayisgames.com/review/the-roomz.php	https://jayisgames.com/review/the-roomz.php#comment-120853	February 13, 2007 3:21 PM
20200402120806	https://jayisgames.com/review/the-roomz.php	https://jayisgames.com/review/the-roomz.php#comment-120854	February 13, 2007 3:23 PM
20200402120806	https://jayisgames.com/review/the-roomz.php	https://jayisgames.com/review/the-roomz.php#comment-120855	February 13, 2007 3:24 PM
20200402120806	https://jayisgames.com/review/the-roomz.php	https://jayisgames.com/review/the-roomz.php#comment-120857	February 13, 2007 3:30 PM
20200402120806	https://jayisgames.com/review/the-roomz.php	https://jayisgames.com/review/the-roomz.php#comment-120858	February 13, 2007 3:31 PM
20200402120806	https://jayisgames.com/review/the-roomz.php	https://jayisgames.com/review/the-roomz.php#comment-120859	February 13, 2007 3:31 PM
20200402120806	https://jayisgames.com/review/the-roomz.php	https://jayisgames.com/review/the-roomz.php#comment-120860	February 13, 2007 3:33 PM
20200402120806	https://jayisgames.com/review/the-roomz.php	https://jayisgames.com/review/the-roomz.php#comment-120861	February 13, 2007 3:40 PM
20200402120806	https://jayisgames.com/review/the-roomz.php	https://jayisgames.com/review/the-roomz.php#comment-120862	February 13, 2007 3:40 PM
20200402120806	https://jayisgames.com/review/the-roomz.php	https://jayisgames.com/review/the-roomz.php#comment-120864	February 13, 2007 3:45 PM
20200402120806	https://jayisgames.com/review/the-roomz.php	https://jayisgames.com/review/the-roomz.php#comment-120865	February 13, 2007 3:45 PM
20200402120806	https://jayisgames.com/review/the-roomz.php	https://jayisgames.com/review/the-roomz.php#comment-120866	February 13, 2007 3:51 PM
20200402120806	https://jayisgames.com/review/the-roomz.php	https://jayisgames.com/review/the-roomz.php#comment-120867	February 13, 2007 3:52 PM
20200402120806	https://jayisgames.com/review/the-roomz.php	https://jayisgames.com/review/the-roomz.php#comment-120868	February 13, 2007 4:10 PM
20200402120806	https://jayisgames.com/review/the-roomz.php	https://jayisgames.com/review/the-roomz.php#comment-120869	February 13, 2007 4:10 PM
20200402120806	https://jayisgames.com/review/the-roomz.php	https://jayisgames.com/review/the-roomz.php#comment-120870	February 13, 2007 4:11 PM
20200402120806	https://jayisgames.com/review/the-roomz.php	https://jayisgames.com/review/the-roomz.php#comment-120879	February 13, 2007 4:31 PM
20200402120806	https://jayisgames.com/review/the-roomz.php	https://jayisgames.com/review/the-roomz.php#comment-120882	February 13, 2007 4:38 PM
20200402120806	https://jayisgames.com/review/the-roomz.php	https://jayisgames.com/review/the-roomz.php#comment-120883	February 13, 2007 4:43 PM
20200402120806	https://jayisgames.com/review/the-roomz.php	https://jayisgames.com/review/the-roomz.php#comment-120884	February 13, 2007 4:46 PM
20200402120806	https://jayisgames.com/review/the-roomz.php	https://jayisgames.com/review/the-roomz.php#comment-120885	February 13, 2007 4:49 PM
20200402120806	https://jayisgames.com/review/the-roomz.php	https://jayisgames.com/review/the-roomz.php#comment-120886	February 13, 2007 4:50 PM
20200402120806	https://jayisgames.com/review/the-roomz.php	https://jayisgames.com/review/the-roomz.php#comment-120887	February 13, 2007 4:54 PM
20200402120806	https://jayisgames.com/review/the-roomz.php	https://jayisgames.com/review/the-roomz.php#comment-120888	February 13, 2007 4:58 PM
20200402120806	https://jayisgames.com/review/the-roomz.php	https://jayisgames.com/review/the-roomz.php#comment-120889	February 13, 2007 5:07 PM
20200402120806	https://jayisgames.com/review/the-roomz.php	https://jayisgames.com/review/the-roomz.php#comment-120890	February 13, 2007 5:13 PM
20200402120806	https://jayisgames.com/review/the-roomz.php	https://jayisgames.com/review/the-roomz.php#comment-120891	February 13, 2007 5:13 PM
20200402120806	https://jayisgames.com/review/the-roomz.php	https://jayisgames.com/review/the-roomz.php#comment-120893	February 13, 2007 5:21 PM
20200402120806	https://jayisgames.com/review/the-roomz.php	https://jayisgames.com/review/the-roomz.php#comment-120894	February 13, 2007 5:25 PM
20200402120806	https://jayisgames.com/review/the-roomz.php	https://jayisgames.com/review/the-roomz.php#comment-120897	February 13, 2007 5:27 PM
20200402120806	https://jayisgames.com/review/the-roomz.php	https://jayisgames.com/review/the-roomz.php#comment-120899	February 13, 2007 5:31 PM
20200402120806	https://jayisgames.com/review/the-roomz.php	https://jayisgames.com/review/the-roomz.php#comment-120900	February 13, 2007 5:31 PM
20200402120806	https://jayisgames.com/review/the-roomz.php	https://jayisgames.com/review/the-roomz.php#comment-120901	February 13, 2007 5:36 PM
20200402120806	https://jayisgames.com/review/the-roomz.php	https://jayisgames.com/review/the-roomz.php#comment-120902	February 13, 2007 5:40 PM
20200402120806	https://jayisgames.com/review/the-roomz.php	https://jayisgames.com/review/the-roomz.php#comment-120903	February 13, 2007 5:41 PM
20200402120806	https://jayisgames.com/review/the-roomz.php	https://jayisgames.com/review/the-roomz.php#comment-120904	February 13, 2007 5:48 PM
20200402120806	https://jayisgames.com/review/the-roomz.php	https://jayisgames.com/review/the-roomz.php#comment-120906	February 13, 2007 6:00 PM
20200402120806	https://jayisgames.com/review/the-roomz.php	https://jayisgames.com/review/the-roomz.php#comment-120907	February 13, 2007 6:02 PM
20200402120806	https://jayisgames.com/review/the-roomz.php	https://jayisgames.com/review/the-roomz.php#comment-120908	February 13, 2007 6:15 PM
20200402120806	https://jayisgames.com/review/the-roomz.php	https://jayisgames.com/review/the-roomz.php#comment-120909	February 13, 2007 6:23 PM
20200402120806	https://jayisgames.com/review/the-roomz.php	https://jayisgames.com/review/the-roomz.php#comment-120911	February 13, 2007 6:29 PM
20200402120806	https://jayisgames.com/review/the-roomz.php	https://jayisgames.com/review/the-roomz.php#comment-120912	February 13, 2007 6:33 PM
20200402120806	https://jayisgames.com/review/the-roomz.php	https://jayisgames.com/review/the-roomz.php#comment-120913	February 13, 2007 6:36 PM
20200402120806	https://jayisgames.com/review/the-roomz.php	https://jayisgames.com/review/the-roomz.php#comment-120914	February 13, 2007 6:36 PM
20200402120806	https://jayisgames.com/review/the-roomz.php	https://jayisgames.com/review/the-roomz.php#comment-120917	February 13, 2007 6:49 PM
20200402120806	https://jayisgames.com/review/the-roomz.php	https://jayisgames.com/review/the-roomz.php#comment-120918	February 13, 2007 6:57 PM
20200402120806	https://jayisgames.com/review/the-roomz.php	https://jayisgames.com/review/the-roomz.php#comment-120919	February 13, 2007 7:20 PM
20200402120806	https://jayisgames.com/review/the-roomz.php	https://jayisgames.com/review/the-roomz.php#comment-120920	February 13, 2007 7:25 PM
20200402120806	https://jayisgames.com/review/the-roomz.php	https://jayisgames.com/review/the-roomz.php#comment-120921	February 13, 2007 7:32 PM
20200402120806	https://jayisgames.com/review/the-roomz.php	https://jayisgames.com/review/the-roomz.php#comment-120922	February 13, 2007 7:36 PM
20200402120806	https://jayisgames.com/review/the-roomz.php	https://jayisgames.com/review/the-roomz.php#comment-120924	February 13, 2007 7:43 PM
20200402120806	https://jayisgames.com/review/the-roomz.php	https://jayisgames.com/review/the-roomz.php#comment-120926	February 13, 2007 7:51 PM
20200402120806	https://jayisgames.com/review/the-roomz.php	https://jayisgames.com/review/the-roomz.php#comment-120927	February 13, 2007 7:51 PM
20200402120806	https://jayisgames.com/review/the-roomz.php	https://jayisgames.com/review/the-roomz.php#comment-120928	February 13, 2007 8:04 PM
20200402120806	https://jayisgames.com/review/the-roomz.php	https://jayisgames.com/review/the-roomz.php#comment-120929	February 13, 2007 8:06 PM
20200402120806	https://jayisgames.com/review/the-roomz.php	https://jayisgames.com/review/the-roomz.php#comment-120931	February 13, 2007 8:08 PM
20200402120806	https://jayisgames.com/review/the-roomz.php	https://jayisgames.com/review/the-roomz.php#comment-120932	February 13, 2007 8:08 PM
20200402120806	https://jayisgames.com/review/the-roomz.php	https://jayisgames.com/review/the-roomz.php#comment-120934	February 13, 2007 8:10 PM
20200402120806	https://jayisgames.com/review/the-roomz.php	https://jayisgames.com/review/the-roomz.php#comment-120935	February 13, 2007 8:30 PM
20200402120806	https://jayisgames.com/review/the-roomz.php	https://jayisgames.com/review/the-roomz.php#comment-120937	February 13, 2007 9:02 PM
20200402120806	https://jayisgames.com/review/the-roomz.php	https://jayisgames.com/review/the-roomz.php#comment-120940	February 13, 2007 9:33 PM
20200402120806	https://jayisgames.com/review/the-roomz.php	https://jayisgames.com/review/the-roomz.php#comment-120941	February 13, 2007 9:35 PM
20200402120806	https://jayisgames.com/review/the-roomz.php	https://jayisgames.com/review/the-roomz.php#comment-120942	February 13, 2007 9:35 PM
20200402120806	https://jayisgames.com/review/the-roomz.php	https://jayisgames.com/review/the-roomz.php#comment-120945	February 13, 2007 9:57 PM
20200402120806	https://jayisgames.com/review/the-roomz.php	https://jayisgames.com/review/the-roomz.php#comment-120946	February 13, 2007 10:11 PM
20200402120806	https://jayisgames.com/review/the-roomz.php	https://jayisgames.com/review/the-roomz.php#comment-120947	February 13, 2007 10:25 PM
20200402120806	https://jayisgames.com/review/the-roomz.php	https://jayisgames.com/review/the-roomz.php#comment-120948	February 13, 2007 10:26 PM
20200402120806	https://jayisgames.com/review/the-roomz.php	https://jayisgames.com/review/the-roomz.php#comment-120950	February 13, 2007 10:33 PM
20200402120806	https://jayisgames.com/review/the-roomz.php	https://jayisgames.com/review/the-roomz.php#comment-120951	February 13, 2007 10:36 PM
20200402120806	https://jayisgames.com/review/the-roomz.php	https://jayisgames.com/review/the-roomz.php#comment-120952	February 13, 2007 10:38 PM
20200402120806	https://jayisgames.com/review/the-roomz.php	https://jayisgames.com/review/the-roomz.php#comment-120955	February 13, 2007 10:52 PM
20200402120806	https://jayisgames.com/review/the-roomz.php	https://jayisgames.com/review/the-roomz.php#comment-120956	February 13, 2007 11:11 PM
20200402120806	https://jayisgames.com/review/the-roomz.php	https://jayisgames.com/review/the-roomz.php#comment-120959	February 13, 2007 11:15 PM
20200402120806	https://jayisgames.com/review/the-roomz.php	https://jayisgames.com/review/the-roomz.php#comment-120962	February 13, 2007 11:27 PM
20200402120806	https://jayisgames.com/review/the-roomz.php	https://jayisgames.com/review/the-roomz.php#comment-120963	February 13, 2007 11:32 PM
20200402120806	https://jayisgames.com/review/the-roomz.php	https://jayisgames.com/review/the-roomz.php#comment-120964	February 13, 2007 11:35 PM
20200402120806	https://jayisgames.com/review/the-roomz.php	https://jayisgames.com/review/the-roomz.php#comment-120965	February 13, 2007 11:38 PM
20200402120806	https://jayisgames.com/review/the-roomz.php	https://jayisgames.com/review/the-roomz.php#comment-120967	February 13, 2007 11:47 PM
20200402120806	https://jayisgames.com/review/the-roomz.php	https://jayisgames.com/review/the-roomz.php#comment-120969	February 13, 2007 11:51 PM
20200402120806	https://jayisgames.com/review/the-roomz.php	https://jayisgames.com/review/the-roomz.php#comment-262797	April 28, 2008 1:46 PM
20200402120806	https://jayisgames.com/review/the-roomz.php	https://jayisgames.com/review/the-roomz.php#comment-262808	April 28, 2008 2:55 PM
20200402120806	https://jayisgames.com/review/the-roomz.php	https://jayisgames.com/review/the-roomz.php#comment-264645	May 13, 2008 7:03 PM
20200402120806	https://jayisgames.com/review/the-roomz.php	https://jayisgames.com/review/the-roomz.php#comment-265323	May 19, 2008 7:45 AM
20200402120806	https://jayisgames.com/review/the-roomz.php	https://jayisgames.com/review/the-roomz.php#comment-265865	May 24, 2008 12:06 PM
20200402120806	https://jayisgames.com/review/the-roomz.php	https://jayisgames.com/review/the-roomz.php#comment-266052	May 26, 2008 11:42 AM
20200402120806	https://jayisgames.com/review/the-roomz.php	https://jayisgames.com/review/the-roomz.php#comment-266256	May 28, 2008 6:44 AM
20200402120806	https://jayisgames.com/review/the-roomz.php	https://jayisgames.com/review/the-roomz.php#comment-266748	May 31, 2008 9:58 AM
20200402120806	https://jayisgames.com/review/the-roomz.php	https://jayisgames.com/review/the-roomz.php#comment-267508	June 5, 2008 5:00 AM
20200402120806	https://jayisgames.com/review/the-roomz.php	https://jayisgames.com/review/the-roomz.php#comment-273276	July 4, 2008 8:46 PM
20200402120806	https://jayisgames.com/review/the-roomz.php	https://jayisgames.com/review/the-roomz.php#comment-276495	July 25, 2008 10:16 AM
20200402120806	https://jayisgames.com/review/the-roomz.php	https://jayisgames.com/review/the-roomz.php#comment-277962	August 3, 2008 11:47 PM
20200402120806	https://jayisgames.com/review/the-roomz.php	https://jayisgames.com/review/the-roomz.php#comment-284880	September 28, 2008 10:45 AM
20200402120806	https://jayisgames.com/review/the-roomz.php	https://jayisgames.com/review/the-roomz.php#comment-345181	November 29, 2009 9:07 PM
20200402120806	https://jayisgames.com/review/the-roomz.php	https://jayisgames.com/review/the-roomz.php#comment-357403	March 16, 2010 4:51 PM
20200402120806	https://jayisgames.com/review/the-roomz.php	https://jayisgames.com/review/the-roomz.php#comment-380638	October 16, 2010 1:56 PM
20200402120806	https://jayisgames.com/review/the-roomz.php	https://jayisgames.com/review/the-roomz.php#comment-380680	October 17, 2010 10:52 AM
20200402120806	https://jayisgames.com/review/the-roomz.php	https://jayisgames.com/review/the-roomz.php#comment-380681	October 17, 2010 12:05 PM
20201027230705	https://jayisgames.com/review/the-roomz.php	https://jayisgames.com/review/the-roomz.php#walkthrough	Walkthrough
20201027230705	https://jayisgames.com/review/the-roomz.php	https://jayisgames.com/review/the-roomz.php#comments	Comments (818)
20201027230705	https://jayisgames.com/review/the-roomz.php	http://dreamwardgames.com/theroomz/	
20201027230705	https://jayisgames.com/review/the-roomz.php	http://dreamwardgames.com/theroomz/	The Roomz
20201027230705	https://jayisgames.com/review/the-roomz.php	http://dreamwardgames.com/theroomz/	Play The Roomz
20201027230705	https://jayisgames.com/review/the-roomz.php	https://jayisgames.com/review/the-roomz.php#walkthrough	The Roomz Walkthrough
20201027230705	https://jayisgames.com/review/the-roomz.php	https://jayisgames.com/review/the-roomz.php#walkthrough	Walkthrough Guide
20201027230705	https://jayisgames.com/review/the-roomz.php	http://www.theroomz.yoyo.pl/danger/map.htm/	http://www.theroomz.yoyo.pl/danger/map.htm/
20201027230705	https://jayisgames.com/review/the-roomz.php	https://jayisgames.com/review/the-roomz.php#comment-120824	February 13, 2007 1:20 PM
20201027230705	https://jayisgames.com/review/the-roomz.php	https://jayisgames.com/review/the-roomz.php#comment-120825	February 13, 2007 1:22 PM
20201027230705	https://jayisgames.com/review/the-roomz.php	https://jayisgames.com/review/the-roomz.php#comment-120826	February 13, 2007 1:35 PM
20201027230705	https://jayisgames.com/review/the-roomz.php	https://jayisgames.com/review/the-roomz.php#comment-120828	February 13, 2007 1:44 PM
20201027230705	https://jayisgames.com/review/the-roomz.php	https://jayisgames.com/review/the-roomz.php#comment-120829	February 13, 2007 1:56 PM
20201027230705	https://jayisgames.com/review/the-roomz.php	https://jayisgames.com/review/the-roomz.php#comment-120831	February 13, 2007 2:03 PM
20201027230705	https://jayisgames.com/review/the-roomz.php	https://jayisgames.com/review/the-roomz.php#comment-120832	February 13, 2007 2:09 PM
20201027230705	https://jayisgames.com/review/the-roomz.php	https://jayisgames.com/review/the-roomz.php#comment-120833	February 13, 2007 2:14 PM
20201027230705	https://jayisgames.com/review/the-roomz.php	https://jayisgames.com/review/the-roomz.php#comment-120836	February 13, 2007 2:16 PM
20201027230705	https://jayisgames.com/review/the-roomz.php	https://jayisgames.com/review/the-roomz.php#comment-120837	February 13, 2007 2:25 PM
20201027230705	https://jayisgames.com/review/the-roomz.php	https://jayisgames.com/review/the-roomz.php#comment-120838	February 13, 2007 2:28 PM
20201027230705	https://jayisgames.com/review/the-roomz.php	https://jayisgames.com/review/the-roomz.php#comment-120840	February 13, 2007 2:34 PM
20201027230705	https://jayisgames.com/review/the-roomz.php	https://jayisgames.com/review/the-roomz.php#comment-120842	February 13, 2007 2:36 PM
20201027230705	https://jayisgames.com/review/the-roomz.php	https://jayisgames.com/review/the-roomz.php#comment-120843	February 13, 2007 2:38 PM
20201027230705	https://jayisgames.com/review/the-roomz.php	https://jayisgames.com/review/the-roomz.php#comment-120844	February 13, 2007 2:39 PM
20201027230705	https://jayisgames.com/review/the-roomz.php	https://jayisgames.com/review/the-roomz.php#comment-120845	February 13, 2007 2:43 PM
20201027230705	https://jayisgames.com/review/the-roomz.php	https://jayisgames.com/review/the-roomz.php#comment-120846	February 13, 2007 2:43 PM
20201027230705	https://jayisgames.com/review/the-roomz.php	https://jayisgames.com/review/the-roomz.php#comment-120847	February 13, 2007 2:47 PM
20201027230705	https://jayisgames.com/review/the-roomz.php	https://jayisgames.com/review/the-roomz.php#comment-120850	February 13, 2007 3:09 PM
20201027230705	https://jayisgames.com/review/the-roomz.php	https://jayisgames.com/review/the-roomz.php#comment-120851	February 13, 2007 3:11 PM
20201027230705	https://jayisgames.com/review/the-roomz.php	https://jayisgames.com/review/the-roomz.php#comment-120852	February 13, 2007 3:11 PM
20201027230705	https://jayisgames.com/review/the-roomz.php	https://jayisgames.com/review/the-roomz.php#comment-120853	February 13, 2007 3:21 PM
20201027230705	https://jayisgames.com/review/the-roomz.php	https://jayisgames.com/review/the-roomz.php#comment-120854	February 13, 2007 3:23 PM
20201027230705	https://jayisgames.com/review/the-roomz.php	https://jayisgames.com/review/the-roomz.php#comment-120855	February 13, 2007 3:24 PM
20201027230705	https://jayisgames.com/review/the-roomz.php	https://jayisgames.com/review/the-roomz.php#comment-120857	February 13, 2007 3:30 PM
20201027230705	https://jayisgames.com/review/the-roomz.php	https://jayisgames.com/review/the-roomz.php#comment-120858	February 13, 2007 3:31 PM
20201027230705	https://jayisgames.com/review/the-roomz.php	https://jayisgames.com/review/the-roomz.php#comment-120859	February 13, 2007 3:31 PM
20201027230705	https://jayisgames.com/review/the-roomz.php	https://jayisgames.com/review/the-roomz.php#comment-120860	February 13, 2007 3:33 PM
20201027230705	https://jayisgames.com/review/the-roomz.php	https://jayisgames.com/review/the-roomz.php#comment-120861	February 13, 2007 3:40 PM
20201027230705	https://jayisgames.com/review/the-roomz.php	https://jayisgames.com/review/the-roomz.php#comment-120862	February 13, 2007 3:40 PM
20201027230705	https://jayisgames.com/review/the-roomz.php	https://jayisgames.com/review/the-roomz.php#comment-120864	February 13, 2007 3:45 PM
20201027230705	https://jayisgames.com/review/the-roomz.php	https://jayisgames.com/review/the-roomz.php#comment-120865	February 13, 2007 3:45 PM
20201027230705	https://jayisgames.com/review/the-roomz.php	https://jayisgames.com/review/the-roomz.php#comment-120866	February 13, 2007 3:51 PM
20201027230705	https://jayisgames.com/review/the-roomz.php	https://jayisgames.com/review/the-roomz.php#comment-120867	February 13, 2007 3:52 PM
20201027230705	https://jayisgames.com/review/the-roomz.php	https://jayisgames.com/review/the-roomz.php#comment-120868	February 13, 2007 4:10 PM
20201027230705	https://jayisgames.com/review/the-roomz.php	https://jayisgames.com/review/the-roomz.php#comment-120869	February 13, 2007 4:10 PM
20201027230705	https://jayisgames.com/review/the-roomz.php	https://jayisgames.com/review/the-roomz.php#comment-120870	February 13, 2007 4:11 PM
20201027230705	https://jayisgames.com/review/the-roomz.php	https://jayisgames.com/review/the-roomz.php#comment-120879	February 13, 2007 4:31 PM
20201027230705	https://jayisgames.com/review/the-roomz.php	https://jayisgames.com/review/the-roomz.php#comment-120882	February 13, 2007 4:38 PM
20201027230705	https://jayisgames.com/review/the-roomz.php	https://jayisgames.com/review/the-roomz.php#comment-120883	February 13, 2007 4:43 PM
20201027230705	https://jayisgames.com/review/the-roomz.php	https://jayisgames.com/review/the-roomz.php#comment-120884	February 13, 2007 4:46 PM
20201027230705	https://jayisgames.com/review/the-roomz.php	https://jayisgames.com/review/the-roomz.php#comment-120885	February 13, 2007 4:49 PM
20201027230705	https://jayisgames.com/review/the-roomz.php	https://jayisgames.com/review/the-roomz.php#comment-120886	February 13, 2007 4:50 PM
20201027230705	https://jayisgames.com/review/the-roomz.php	https://jayisgames.com/review/the-roomz.php#comment-120887	February 13, 2007 4:54 PM
20201027230705	https://jayisgames.com/review/the-roomz.php	https://jayisgames.com/review/the-roomz.php#comment-120888	February 13, 2007 4:58 PM
20201027230705	https://jayisgames.com/review/the-roomz.php	https://jayisgames.com/review/the-roomz.php#comment-120889	February 13, 2007 5:07 PM
20201027230705	https://jayisgames.com/review/the-roomz.php	https://jayisgames.com/review/the-roomz.php#comment-120890	February 13, 2007 5:13 PM
20201027230705	https://jayisgames.com/review/the-roomz.php	https://jayisgames.com/review/the-roomz.php#comment-120891	February 13, 2007 5:13 PM
20201027230705	https://jayisgames.com/review/the-roomz.php	https://jayisgames.com/review/the-roomz.php#comment-120893	February 13, 2007 5:21 PM
20201027230705	https://jayisgames.com/review/the-roomz.php	https://jayisgames.com/review/the-roomz.php#comment-120894	February 13, 2007 5:25 PM
20201027230705	https://jayisgames.com/review/the-roomz.php	https://jayisgames.com/review/the-roomz.php#comment-120897	February 13, 2007 5:27 PM
20201027230705	https://jayisgames.com/review/the-roomz.php	https://jayisgames.com/review/the-roomz.php#comment-120899	February 13, 2007 5:31 PM
20201027230705	https://jayisgames.com/review/the-roomz.php	https://jayisgames.com/review/the-roomz.php#comment-120900	February 13, 2007 5:31 PM
20201027230705	https://jayisgames.com/review/the-roomz.php	https://jayisgames.com/review/the-roomz.php#comment-120901	February 13, 2007 5:36 PM
20201027230705	https://jayisgames.com/review/the-roomz.php	https://jayisgames.com/review/the-roomz.php#comment-120902	February 13, 2007 5:40 PM
20201027230705	https://jayisgames.com/review/the-roomz.php	https://jayisgames.com/review/the-roomz.php#comment-120903	February 13, 2007 5:41 PM
20201027230705	https://jayisgames.com/review/the-roomz.php	https://jayisgames.com/review/the-roomz.php#comment-120904	February 13, 2007 5:48 PM
20201027230705	https://jayisgames.com/review/the-roomz.php	https://jayisgames.com/review/the-roomz.php#comment-120906	February 13, 2007 6:00 PM
20201027230705	https://jayisgames.com/review/the-roomz.php	https://jayisgames.com/review/the-roomz.php#comment-120907	February 13, 2007 6:02 PM
20201027230705	https://jayisgames.com/review/the-roomz.php	https://jayisgames.com/review/the-roomz.php#comment-120908	February 13, 2007 6:15 PM
20201027230705	https://jayisgames.com/review/the-roomz.php	https://jayisgames.com/review/the-roomz.php#comment-120909	February 13, 2007 6:23 PM
20201027230705	https://jayisgames.com/review/the-roomz.php	https://jayisgames.com/review/the-roomz.php#comment-120911	February 13, 2007 6:29 PM
20201027230705	https://jayisgames.com/review/the-roomz.php	https://jayisgames.com/review/the-roomz.php#comment-120912	February 13, 2007 6:33 PM
20201027230705	https://jayisgames.com/review/the-roomz.php	https://jayisgames.com/review/the-roomz.php#comment-120913	February 13, 2007 6:36 PM
20201027230705	https://jayisgames.com/review/the-roomz.php	https://jayisgames.com/review/the-roomz.php#comment-120914	February 13, 2007 6:36 PM
20201027230705	https://jayisgames.com/review/the-roomz.php	https://jayisgames.com/review/the-roomz.php#comment-120917	February 13, 2007 6:49 PM
20201027230705	https://jayisgames.com/review/the-roomz.php	https://jayisgames.com/review/the-roomz.php#comment-120918	February 13, 2007 6:57 PM
20201027230705	https://jayisgames.com/review/the-roomz.php	https://jayisgames.com/review/the-roomz.php#comment-120919	February 13, 2007 7:20 PM
20201027230705	https://jayisgames.com/review/the-roomz.php	https://jayisgames.com/review/the-roomz.php#comment-120920	February 13, 2007 7:25 PM
20201027230705	https://jayisgames.com/review/the-roomz.php	https://jayisgames.com/review/the-roomz.php#comment-120921	February 13, 2007 7:32 PM
20201027230705	https://jayisgames.com/review/the-roomz.php	https://jayisgames.com/review/the-roomz.php#comment-120922	February 13, 2007 7:36 PM
20201027230705	https://jayisgames.com/review/the-roomz.php	https://jayisgames.com/review/the-roomz.php#comment-120924	February 13, 2007 7:43 PM
20201027230705	https://jayisgames.com/review/the-roomz.php	https://jayisgames.com/review/the-roomz.php#comment-120926	February 13, 2007 7:51 PM
20201027230705	https://jayisgames.com/review/the-roomz.php	https://jayisgames.com/review/the-roomz.php#comment-120927	February 13, 2007 7:51 PM
20201027230705	https://jayisgames.com/review/the-roomz.php	https://jayisgames.com/review/the-roomz.php#comment-120928	February 13, 2007 8:04 PM
20201027230705	https://jayisgames.com/review/the-roomz.php	https://jayisgames.com/review/the-roomz.php#comment-120929	February 13, 2007 8:06 PM
20201027230705	https://jayisgames.com/review/the-roomz.php	https://jayisgames.com/review/the-roomz.php#comment-120931	February 13, 2007 8:08 PM
20201027230705	https://jayisgames.com/review/the-roomz.php	https://jayisgames.com/review/the-roomz.php#comment-120932	February 13, 2007 8:08 PM
20201027230705	https://jayisgames.com/review/the-roomz.php	https://jayisgames.com/review/the-roomz.php#comment-120934	February 13, 2007 8:10 PM
20201027230705	https://jayisgames.com/review/the-roomz.php	https://jayisgames.com/review/the-roomz.php#comment-120935	February 13, 2007 8:30 PM
20201027230705	https://jayisgames.com/review/the-roomz.php	https://jayisgames.com/review/the-roomz.php#comment-120937	February 13, 2007 9:02 PM
20201027230705	https://jayisgames.com/review/the-roomz.php	https://jayisgames.com/review/the-roomz.php#comment-120940	February 13, 2007 9:33 PM
20201027230705	https://jayisgames.com/review/the-roomz.php	https://jayisgames.com/review/the-roomz.php#comment-120941	February 13, 2007 9:35 PM
20201027230705	https://jayisgames.com/review/the-roomz.php	https://jayisgames.com/review/the-roomz.php#comment-120942	February 13, 2007 9:35 PM
20201027230705	https://jayisgames.com/review/the-roomz.php	https://jayisgames.com/review/the-roomz.php#comment-120945	February 13, 2007 9:57 PM
20201027230705	https://jayisgames.com/review/the-roomz.php	https://jayisgames.com/review/the-roomz.php#comment-120946	February 13, 2007 10:11 PM
20201027230705	https://jayisgames.com/review/the-roomz.php	https://jayisgames.com/review/the-roomz.php#comment-120947	February 13, 2007 10:25 PM
20201027230705	https://jayisgames.com/review/the-roomz.php	https://jayisgames.com/review/the-roomz.php#comment-120948	February 13, 2007 10:26 PM
20201027230705	https://jayisgames.com/review/the-roomz.php	https://jayisgames.com/review/the-roomz.php#comment-120950	February 13, 2007 10:33 PM
20201027230705	https://jayisgames.com/review/the-roomz.php	https://jayisgames.com/review/the-roomz.php#comment-120951	February 13, 2007 10:36 PM
20201027230705	https://jayisgames.com/review/the-roomz.php	https://jayisgames.com/review/the-roomz.php#comment-120952	February 13, 2007 10:38 PM
20201027230705	https://jayisgames.com/review/the-roomz.php	https://jayisgames.com/review/the-roomz.php#comment-120955	February 13, 2007 10:52 PM
20201027230705	https://jayisgames.com/review/the-roomz.php	https://jayisgames.com/review/the-roomz.php#comment-120956	February 13, 2007 11:11 PM
20201027230705	https://jayisgames.com/review/the-roomz.php	https://jayisgames.com/review/the-roomz.php#comment-120959	February 13, 2007 11:15 PM
20201027230705	https://jayisgames.com/review/the-roomz.php	https://jayisgames.com/review/the-roomz.php#comment-120962	February 13, 2007 11:27 PM
20201027230705	https://jayisgames.com/review/the-roomz.php	https://jayisgames.com/review/the-roomz.php#comment-120963	February 13, 2007 11:32 PM
20201027230705	https://jayisgames.com/review/the-roomz.php	https://jayisgames.com/review/the-roomz.php#comment-120964	February 13, 2007 11:35 PM
20201027230705	https://jayisgames.com/review/the-roomz.php	https://jayisgames.com/review/the-roomz.php#comment-120965	February 13, 2007 11:38 PM
20201027230705	https://jayisgames.com/review/the-roomz.php	https://jayisgames.com/review/the-roomz.php#comment-120967	February 13, 2007 11:47 PM
20201027230705	https://jayisgames.com/review/the-roomz.php	https://jayisgames.com/review/the-roomz.php#comment-120969	February 13, 2007 11:51 PM
20201027230705	https://jayisgames.com/review/the-roomz.php	https://jayisgames.com/review/the-roomz.php#comment-262797	April 28, 2008 1:46 PM
20201027230705	https://jayisgames.com/review/the-roomz.php	https://jayisgames.com/review/the-roomz.php#comment-262808	April 28, 2008 2:55 PM
20201027230705	https://jayisgames.com/review/the-roomz.php	https://jayisgames.com/review/the-roomz.php#comment-264645	May 13, 2008 7:03 PM
20201027230705	https://jayisgames.com/review/the-roomz.php	https://jayisgames.com/review/the-roomz.php#comment-265323	May 19, 2008 7:45 AM
20201027230705	https://jayisgames.com/review/the-roomz.php	https://jayisgames.com/review/the-roomz.php#comment-265865	May 24, 2008 12:06 PM
20201027230705	https://jayisgames.com/review/the-roomz.php	https://jayisgames.com/review/the-roomz.php#comment-266052	May 26, 2008 11:42 AM
20201027230705	https://jayisgames.com/review/the-roomz.php	https://jayisgames.com/review/the-roomz.php#comment-266256	May 28, 2008 6:44 AM
20201027230705	https://jayisgames.com/review/the-roomz.php	https://jayisgames.com/review/the-roomz.php#comment-266748	May 31, 2008 9:58 AM
20201027230705	https://jayisgames.com/review/the-roomz.php	https://jayisgames.com/review/the-roomz.php#comment-267508	June 5, 2008 5:00 AM
20201027230705	https://jayisgames.com/review/the-roomz.php	https://jayisgames.com/review/the-roomz.php#comment-273276	July 4, 2008 8:46 PM
20201027230705	https://jayisgames.com/review/the-roomz.php	https://jayisgames.com/review/the-roomz.php#comment-276495	July 25, 2008 10:16 AM
20201027230705	https://jayisgames.com/review/the-roomz.php	https://jayisgames.com/review/the-roomz.php#comment-277962	August 3, 2008 11:47 PM
20201027230705	https://jayisgames.com/review/the-roomz.php	https://jayisgames.com/review/the-roomz.php#comment-284880	September 28, 2008 10:45 AM
20201027230705	https://jayisgames.com/review/the-roomz.php	https://jayisgames.com/review/the-roomz.php#comment-345181	November 29, 2009 9:07 PM
20201027230705	https://jayisgames.com/review/the-roomz.php	https://jayisgames.com/review/the-roomz.php#comment-357403	March 16, 2010 4:51 PM
20201027230705	https://jayisgames.com/review/the-roomz.php	https://jayisgames.com/review/the-roomz.php#comment-380638	October 16, 2010 1:56 PM
20201027230705	https://jayisgames.com/review/the-roomz.php	https://jayisgames.com/review/the-roomz.php#comment-380680	October 17, 2010 10:52 AM
20201027230705	https://jayisgames.com/review/the-roomz.php	https://jayisgames.com/review/the-roomz.php#comment-380681	October 17, 2010 12:05 PM
20201028145059	https://jayisgames.com/review/the-roomz.php	https://jayisgames.com/review/the-roomz.php#walkthrough	Walkthrough
20201028145059	https://jayisgames.com/review/the-roomz.php	https://jayisgames.com/review/the-roomz.php#comments	Comments (818)
20201028145059	https://jayisgames.com/review/the-roomz.php	http://dreamwardgames.com/theroomz/	
20201028145059	https://jayisgames.com/review/the-roomz.php	http://dreamwardgames.com/theroomz/	The Roomz
20201028145059	https://jayisgames.com/review/the-roomz.php	http://dreamwardgames.com/theroomz/	Play The Roomz
20201028145059	https://jayisgames.com/review/the-roomz.php	https://jayisgames.com/review/the-roomz.php#walkthrough	The Roomz Walkthrough
20201028145059	https://jayisgames.com/review/the-roomz.php	https://jayisgames.com/review/the-roomz.php#walkthrough	Walkthrough Guide
20201028145059	https://jayisgames.com/review/the-roomz.php	http://www.theroomz.yoyo.pl/danger/map.htm/	http://www.theroomz.yoyo.pl/danger/map.htm/
20201028145059	https://jayisgames.com/review/the-roomz.php	https://jayisgames.com/review/the-roomz.php#comment-120824	February 13, 2007 1:20 PM
20201028145059	https://jayisgames.com/review/the-roomz.php	https://jayisgames.com/review/the-roomz.php#comment-120825	February 13, 2007 1:22 PM
20201028145059	https://jayisgames.com/review/the-roomz.php	https://jayisgames.com/review/the-roomz.php#comment-120826	February 13, 2007 1:35 PM
20201028145059	https://jayisgames.com/review/the-roomz.php	https://jayisgames.com/review/the-roomz.php#comment-120828	February 13, 2007 1:44 PM
20201028145059	https://jayisgames.com/review/the-roomz.php	https://jayisgames.com/review/the-roomz.php#comment-120829	February 13, 2007 1:56 PM
20201028145059	https://jayisgames.com/review/the-roomz.php	https://jayisgames.com/review/the-roomz.php#comment-120831	February 13, 2007 2:03 PM
20201028145059	https://jayisgames.com/review/the-roomz.php	https://jayisgames.com/review/the-roomz.php#comment-120832	February 13, 2007 2:09 PM
20201028145059	https://jayisgames.com/review/the-roomz.php	https://jayisgames.com/review/the-roomz.php#comment-120833	February 13, 2007 2:14 PM
20201028145059	https://jayisgames.com/review/the-roomz.php	https://jayisgames.com/review/the-roomz.php#comment-120836	February 13, 2007 2:16 PM
20201028145059	https://jayisgames.com/review/the-roomz.php	https://jayisgames.com/review/the-roomz.php#comment-120837	February 13, 2007 2:25 PM
20201028145059	https://jayisgames.com/review/the-roomz.php	https://jayisgames.com/review/the-roomz.php#comment-120838	February 13, 2007 2:28 PM
20201028145059	https://jayisgames.com/review/the-roomz.php	https://jayisgames.com/review/the-roomz.php#comment-120840	February 13, 2007 2:34 PM
20201028145059	https://jayisgames.com/review/the-roomz.php	https://jayisgames.com/review/the-roomz.php#comment-120842	February 13, 2007 2:36 PM
20201028145059	https://jayisgames.com/review/the-roomz.php	https://jayisgames.com/review/the-roomz.php#comment-120843	February 13, 2007 2:38 PM
20201028145059	https://jayisgames.com/review/the-roomz.php	https://jayisgames.com/review/the-roomz.php#comment-120844	February 13, 2007 2:39 PM
20201028145059	https://jayisgames.com/review/the-roomz.php	https://jayisgames.com/review/the-roomz.php#comment-120845	February 13, 2007 2:43 PM
20201028145059	https://jayisgames.com/review/the-roomz.php	https://jayisgames.com/review/the-roomz.php#comment-120846	February 13, 2007 2:43 PM
20201028145059	https://jayisgames.com/review/the-roomz.php	https://jayisgames.com/review/the-roomz.php#comment-120847	February 13, 2007 2:47 PM
20201028145059	https://jayisgames.com/review/the-roomz.php	https://jayisgames.com/review/the-roomz.php#comment-120850	February 13, 2007 3:09 PM
20201028145059	https://jayisgames.com/review/the-roomz.php	https://jayisgames.com/review/the-roomz.php#comment-120851	February 13, 2007 3:11 PM
20201028145059	https://jayisgames.com/review/the-roomz.php	https://jayisgames.com/review/the-roomz.php#comment-120852	February 13, 2007 3:11 PM
20201028145059	https://jayisgames.com/review/the-roomz.php	https://jayisgames.com/review/the-roomz.php#comment-120853	February 13, 2007 3:21 PM
20201028145059	https://jayisgames.com/review/the-roomz.php	https://jayisgames.com/review/the-roomz.php#comment-120854	February 13, 2007 3:23 PM
20201028145059	https://jayisgames.com/review/the-roomz.php	https://jayisgames.com/review/the-roomz.php#comment-120855	February 13, 2007 3:24 PM
20201028145059	https://jayisgames.com/review/the-roomz.php	https://jayisgames.com/review/the-roomz.php#comment-120857	February 13, 2007 3:30 PM
20201028145059	https://jayisgames.com/review/the-roomz.php	https://jayisgames.com/review/the-roomz.php#comment-120858	February 13, 2007 3:31 PM
20201028145059	https://jayisgames.com/review/the-roomz.php	https://jayisgames.com/review/the-roomz.php#comment-120859	February 13, 2007 3:31 PM
20201028145059	https://jayisgames.com/review/the-roomz.php	https://jayisgames.com/review/the-roomz.php#comment-120860	February 13, 2007 3:33 PM
20201028145059	https://jayisgames.com/review/the-roomz.php	https://jayisgames.com/review/the-roomz.php#comment-120861	February 13, 2007 3:40 PM
20201028145059	https://jayisgames.com/review/the-roomz.php	https://jayisgames.com/review/the-roomz.php#comment-120862	February 13, 2007 3:40 PM
20201028145059	https://jayisgames.com/review/the-roomz.php	https://jayisgames.com/review/the-roomz.php#comment-120864	February 13, 2007 3:45 PM
20201028145059	https://jayisgames.com/review/the-roomz.php	https://jayisgames.com/review/the-roomz.php#comment-120865	February 13, 2007 3:45 PM
20201028145059	https://jayisgames.com/review/the-roomz.php	https://jayisgames.com/review/the-roomz.php#comment-120866	February 13, 2007 3:51 PM
20201028145059	https://jayisgames.com/review/the-roomz.php	https://jayisgames.com/review/the-roomz.php#comment-120867	February 13, 2007 3:52 PM
20201028145059	https://jayisgames.com/review/the-roomz.php	https://jayisgames.com/review/the-roomz.php#comment-120868	February 13, 2007 4:10 PM
20201028145059	https://jayisgames.com/review/the-roomz.php	https://jayisgames.com/review/the-roomz.php#comment-120869	February 13, 2007 4:10 PM
20201028145059	https://jayisgames.com/review/the-roomz.php	https://jayisgames.com/review/the-roomz.php#comment-120870	February 13, 2007 4:11 PM
20201028145059	https://jayisgames.com/review/the-roomz.php	https://jayisgames.com/review/the-roomz.php#comment-120879	February 13, 2007 4:31 PM
20201028145059	https://jayisgames.com/review/the-roomz.php	https://jayisgames.com/review/the-roomz.php#comment-120882	February 13, 2007 4:38 PM
20201028145059	https://jayisgames.com/review/the-roomz.php	https://jayisgames.com/review/the-roomz.php#comment-120883	February 13, 2007 4:43 PM
20201028145059	https://jayisgames.com/review/the-roomz.php	https://jayisgames.com/review/the-roomz.php#comment-120884	February 13, 2007 4:46 PM
20201028145059	https://jayisgames.com/review/the-roomz.php	https://jayisgames.com/review/the-roomz.php#comment-120885	February 13, 2007 4:49 PM
20201028145059	https://jayisgames.com/review/the-roomz.php	https://jayisgames.com/review/the-roomz.php#comment-120886	February 13, 2007 4:50 PM
20201028145059	https://jayisgames.com/review/the-roomz.php	https://jayisgames.com/review/the-roomz.php#comment-120887	February 13, 2007 4:54 PM
20201028145059	https://jayisgames.com/review/the-roomz.php	https://jayisgames.com/review/the-roomz.php#comment-120888	February 13, 2007 4:58 PM
20201028145059	https://jayisgames.com/review/the-roomz.php	https://jayisgames.com/review/the-roomz.php#comment-120889	February 13, 2007 5:07 PM
20201028145059	https://jayisgames.com/review/the-roomz.php	https://jayisgames.com/review/the-roomz.php#comment-120890	February 13, 2007 5:13 PM
20201028145059	https://jayisgames.com/review/the-roomz.php	https://jayisgames.com/review/the-roomz.php#comment-120891	February 13, 2007 5:13 PM
20201028145059	https://jayisgames.com/review/the-roomz.php	https://jayisgames.com/review/the-roomz.php#comment-120893	February 13, 2007 5:21 PM
20201028145059	https://jayisgames.com/review/the-roomz.php	https://jayisgames.com/review/the-roomz.php#comment-120894	February 13, 2007 5:25 PM
20201028145059	https://jayisgames.com/review/the-roomz.php	https://jayisgames.com/review/the-roomz.php#comment-120897	February 13, 2007 5:27 PM
20201028145059	https://jayisgames.com/review/the-roomz.php	https://jayisgames.com/review/the-roomz.php#comment-120899	February 13, 2007 5:31 PM
20201028145059	https://jayisgames.com/review/the-roomz.php	https://jayisgames.com/review/the-roomz.php#comment-120900	February 13, 2007 5:31 PM
20201028145059	https://jayisgames.com/review/the-roomz.php	https://jayisgames.com/review/the-roomz.php#comment-120901	February 13, 2007 5:36 PM
20201028145059	https://jayisgames.com/review/the-roomz.php	https://jayisgames.com/review/the-roomz.php#comment-120902	February 13, 2007 5:40 PM
20201028145059	https://jayisgames.com/review/the-roomz.php	https://jayisgames.com/review/the-roomz.php#comment-120903	February 13, 2007 5:41 PM
20201028145059	https://jayisgames.com/review/the-roomz.php	https://jayisgames.com/review/the-roomz.php#comment-120904	February 13, 2007 5:48 PM
20201028145059	https://jayisgames.com/review/the-roomz.php	https://jayisgames.com/review/the-roomz.php#comment-120906	February 13, 2007 6:00 PM
20201028145059	https://jayisgames.com/review/the-roomz.php	https://jayisgames.com/review/the-roomz.php#comment-120907	February 13, 2007 6:02 PM
20201028145059	https://jayisgames.com/review/the-roomz.php	https://jayisgames.com/review/the-roomz.php#comment-120908	February 13, 2007 6:15 PM
20201028145059	https://jayisgames.com/review/the-roomz.php	https://jayisgames.com/review/the-roomz.php#comment-120909	February 13, 2007 6:23 PM
20201028145059	https://jayisgames.com/review/the-roomz.php	https://jayisgames.com/review/the-roomz.php#comment-120911	February 13, 2007 6:29 PM
20201028145059	https://jayisgames.com/review/the-roomz.php	https://jayisgames.com/review/the-roomz.php#comment-120912	February 13, 2007 6:33 PM
20201028145059	https://jayisgames.com/review/the-roomz.php	https://jayisgames.com/review/the-roomz.php#comment-120913	February 13, 2007 6:36 PM
20201028145059	https://jayisgames.com/review/the-roomz.php	https://jayisgames.com/review/the-roomz.php#comment-120914	February 13, 2007 6:36 PM
20201028145059	https://jayisgames.com/review/the-roomz.php	https://jayisgames.com/review/the-roomz.php#comment-120917	February 13, 2007 6:49 PM
20201028145059	https://jayisgames.com/review/the-roomz.php	https://jayisgames.com/review/the-roomz.php#comment-120918	February 13, 2007 6:57 PM
20201028145059	https://jayisgames.com/review/the-roomz.php	https://jayisgames.com/review/the-roomz.php#comment-120919	February 13, 2007 7:20 PM
20201028145059	https://jayisgames.com/review/the-roomz.php	https://jayisgames.com/review/the-roomz.php#comment-120920	February 13, 2007 7:25 PM
20201028145059	https://jayisgames.com/review/the-roomz.php	https://jayisgames.com/review/the-roomz.php#comment-120921	February 13, 2007 7:32 PM
20201028145059	https://jayisgames.com/review/the-roomz.php	https://jayisgames.com/review/the-roomz.php#comment-120922	February 13, 2007 7:36 PM
20201028145059	https://jayisgames.com/review/the-roomz.php	https://jayisgames.com/review/the-roomz.php#comment-120924	February 13, 2007 7:43 PM
20201028145059	https://jayisgames.com/review/the-roomz.php	https://jayisgames.com/review/the-roomz.php#comment-120926	February 13, 2007 7:51 PM
20201028145059	https://jayisgames.com/review/the-roomz.php	https://jayisgames.com/review/the-roomz.php#comment-120927	February 13, 2007 7:51 PM
20201028145059	https://jayisgames.com/review/the-roomz.php	https://jayisgames.com/review/the-roomz.php#comment-120928	February 13, 2007 8:04 PM
20201028145059	https://jayisgames.com/review/the-roomz.php	https://jayisgames.com/review/the-roomz.php#comment-120929	February 13, 2007 8:06 PM
20201028145059	https://jayisgames.com/review/the-roomz.php	https://jayisgames.com/review/the-roomz.php#comment-120931	February 13, 2007 8:08 PM
20201028145059	https://jayisgames.com/review/the-roomz.php	https://jayisgames.com/review/the-roomz.php#comment-120932	February 13, 2007 8:08 PM
20201028145059	https://jayisgames.com/review/the-roomz.php	https://jayisgames.com/review/the-roomz.php#comment-120934	February 13, 2007 8:10 PM
20201028145059	https://jayisgames.com/review/the-roomz.php	https://jayisgames.com/review/the-roomz.php#comment-120935	February 13, 2007 8:30 PM
20201028145059	https://jayisgames.com/review/the-roomz.php	https://jayisgames.com/review/the-roomz.php#comment-120937	February 13, 2007 9:02 PM
20201028145059	https://jayisgames.com/review/the-roomz.php	https://jayisgames.com/review/the-roomz.php#comment-120940	February 13, 2007 9:33 PM
20201028145059	https://jayisgames.com/review/the-roomz.php	https://jayisgames.com/review/the-roomz.php#comment-120941	February 13, 2007 9:35 PM
20201028145059	https://jayisgames.com/review/the-roomz.php	https://jayisgames.com/review/the-roomz.php#comment-120942	February 13, 2007 9:35 PM
20201028145059	https://jayisgames.com/review/the-roomz.php	https://jayisgames.com/review/the-roomz.php#comment-120945	February 13, 2007 9:57 PM
20201028145059	https://jayisgames.com/review/the-roomz.php	https://jayisgames.com/review/the-roomz.php#comment-120946	February 13, 2007 10:11 PM
20201028145059	https://jayisgames.com/review/the-roomz.php	https://jayisgames.com/review/the-roomz.php#comment-120947	February 13, 2007 10:25 PM
20201028145059	https://jayisgames.com/review/the-roomz.php	https://jayisgames.com/review/the-roomz.php#comment-120948	February 13, 2007 10:26 PM
20201028145059	https://jayisgames.com/review/the-roomz.php	https://jayisgames.com/review/the-roomz.php#comment-120950	February 13, 2007 10:33 PM
20201028145059	https://jayisgames.com/review/the-roomz.php	https://jayisgames.com/review/the-roomz.php#comment-120951	February 13, 2007 10:36 PM
20201028145059	https://jayisgames.com/review/the-roomz.php	https://jayisgames.com/review/the-roomz.php#comment-120952	February 13, 2007 10:38 PM
20201028145059	https://jayisgames.com/review/the-roomz.php	https://jayisgames.com/review/the-roomz.php#comment-120955	February 13, 2007 10:52 PM
20201028145059	https://jayisgames.com/review/the-roomz.php	https://jayisgames.com/review/the-roomz.php#comment-120956	February 13, 2007 11:11 PM
20201028145059	https://jayisgames.com/review/the-roomz.php	https://jayisgames.com/review/the-roomz.php#comment-120959	February 13, 2007 11:15 PM
20201028145059	https://jayisgames.com/review/the-roomz.php	https://jayisgames.com/review/the-roomz.php#comment-120962	February 13, 2007 11:27 PM
20201028145059	https://jayisgames.com/review/the-roomz.php	https://jayisgames.com/review/the-roomz.php#comment-120963	February 13, 2007 11:32 PM
20201028145059	https://jayisgames.com/review/the-roomz.php	https://jayisgames.com/review/the-roomz.php#comment-120964	February 13, 2007 11:35 PM
20201028145059	https://jayisgames.com/review/the-roomz.php	https://jayisgames.com/review/the-roomz.php#comment-120965	February 13, 2007 11:38 PM
20201028145059	https://jayisgames.com/review/the-roomz.php	https://jayisgames.com/review/the-roomz.php#comment-120967	February 13, 2007 11:47 PM
20201028145059	https://jayisgames.com/review/the-roomz.php	https://jayisgames.com/review/the-roomz.php#comment-120969	February 13, 2007 11:51 PM
20201028145059	https://jayisgames.com/review/the-roomz.php	https://jayisgames.com/review/the-roomz.php#comment-262797	April 28, 2008 1:46 PM
20201028145059	https://jayisgames.com/review/the-roomz.php	https://jayisgames.com/review/the-roomz.php#comment-262808	April 28, 2008 2:55 PM
20201028145059	https://jayisgames.com/review/the-roomz.php	https://jayisgames.com/review/the-roomz.php#comment-264645	May 13, 2008 7:03 PM
20201028145059	https://jayisgames.com/review/the-roomz.php	https://jayisgames.com/review/the-roomz.php#comment-265323	May 19, 2008 7:45 AM
20201028145059	https://jayisgames.com/review/the-roomz.php	https://jayisgames.com/review/the-roomz.php#comment-265865	May 24, 2008 12:06 PM
20201028145059	https://jayisgames.com/review/the-roomz.php	https://jayisgames.com/review/the-roomz.php#comment-266052	May 26, 2008 11:42 AM
20201028145059	https://jayisgames.com/review/the-roomz.php	https://jayisgames.com/review/the-roomz.php#comment-266256	May 28, 2008 6:44 AM
20201028145059	https://jayisgames.com/review/the-roomz.php	https://jayisgames.com/review/the-roomz.php#comment-266748	May 31, 2008 9:58 AM
20201028145059	https://jayisgames.com/review/the-roomz.php	https://jayisgames.com/review/the-roomz.php#comment-267508	June 5, 2008 5:00 AM
20201028145059	https://jayisgames.com/review/the-roomz.php	https://jayisgames.com/review/the-roomz.php#comment-273276	July 4, 2008 8:46 PM
20201028145059	https://jayisgames.com/review/the-roomz.php	https://jayisgames.com/review/the-roomz.php#comment-276495	July 25, 2008 10:16 AM
20201028145059	https://jayisgames.com/review/the-roomz.php	https://jayisgames.com/review/the-roomz.php#comment-277962	August 3, 2008 11:47 PM
20201028145059	https://jayisgames.com/review/the-roomz.php	https://jayisgames.com/review/the-roomz.php#comment-284880	September 28, 2008 10:45 AM
20201028145059	https://jayisgames.com/review/the-roomz.php	https://jayisgames.com/review/the-roomz.php#comment-345181	November 29, 2009 9:07 PM
20201028145059	https://jayisgames.com/review/the-roomz.php	https://jayisgames.com/review/the-roomz.php#comment-357403	March 16, 2010 4:51 PM
20201028145059	https://jayisgames.com/review/the-roomz.php	https://jayisgames.com/review/the-roomz.php#comment-380638	October 16, 2010 1:56 PM
20201028145059	https://jayisgames.com/review/the-roomz.php	https://jayisgames.com/review/the-roomz.php#comment-380680	October 17, 2010 10:52 AM
20201028145059	https://jayisgames.com/review/the-roomz.php	https://jayisgames.com/review/the-roomz.php#comment-380681	October 17, 2010 12:05 PM
20210321023508	https://jayisgames.com/review/the-roomz.php	https://jayisgames.com/review/the-roomz.php#walkthrough	Walkthrough
20210321023508	https://jayisgames.com/review/the-roomz.php	https://jayisgames.com/review/the-roomz.php#comments	Comments (818)
20210321023508	https://jayisgames.com/review/the-roomz.php	http://dreamwardgames.com/theroomz/	
20210321023508	https://jayisgames.com/review/the-roomz.php	http://dreamwardgames.com/theroomz/	The Roomz
20210321023508	https://jayisgames.com/review/the-roomz.php	http://dreamwardgames.com/theroomz/	Play The Roomz
20210321023508	https://jayisgames.com/review/the-roomz.php	https://jayisgames.com/review/the-roomz.php#walkthrough	The Roomz Walkthrough
20210321023508	https://jayisgames.com/review/the-roomz.php	https://jayisgames.com/review/the-roomz.php#walkthrough	Walkthrough Guide
20210321023508	https://jayisgames.com/review/the-roomz.php	http://www.theroomz.yoyo.pl/danger/map.htm/	http://www.theroomz.yoyo.pl/danger/map.htm/
20210321023508	https://jayisgames.com/review/the-roomz.php	https://jayisgames.com/review/the-roomz.php#comment-120824	February 13, 2007 1:20 PM
20210321023508	https://jayisgames.com/review/the-roomz.php	https://jayisgames.com/review/the-roomz.php#comment-120825	February 13, 2007 1:22 PM
20210321023508	https://jayisgames.com/review/the-roomz.php	https://jayisgames.com/review/the-roomz.php#comment-120826	February 13, 2007 1:35 PM
20210321023508	https://jayisgames.com/review/the-roomz.php	https://jayisgames.com/review/the-roomz.php#comment-120828	February 13, 2007 1:44 PM
20210321023508	https://jayisgames.com/review/the-roomz.php	https://jayisgames.com/review/the-roomz.php#comment-120829	February 13, 2007 1:56 PM
20210321023508	https://jayisgames.com/review/the-roomz.php	https://jayisgames.com/review/the-roomz.php#comment-120831	February 13, 2007 2:03 PM
20210321023508	https://jayisgames.com/review/the-roomz.php	https://jayisgames.com/review/the-roomz.php#comment-120832	February 13, 2007 2:09 PM
20210321023508	https://jayisgames.com/review/the-roomz.php	https://jayisgames.com/review/the-roomz.php#comment-120833	February 13, 2007 2:14 PM
20210321023508	https://jayisgames.com/review/the-roomz.php	https://jayisgames.com/review/the-roomz.php#comment-120836	February 13, 2007 2:16 PM
20210321023508	https://jayisgames.com/review/the-roomz.php	https://jayisgames.com/review/the-roomz.php#comment-120837	February 13, 2007 2:25 PM
20210321023508	https://jayisgames.com/review/the-roomz.php	https://jayisgames.com/review/the-roomz.php#comment-120838	February 13, 2007 2:28 PM
20210321023508	https://jayisgames.com/review/the-roomz.php	https://jayisgames.com/review/the-roomz.php#comment-120840	February 13, 2007 2:34 PM
20210321023508	https://jayisgames.com/review/the-roomz.php	https://jayisgames.com/review/the-roomz.php#comment-120842	February 13, 2007 2:36 PM
20210321023508	https://jayisgames.com/review/the-roomz.php	https://jayisgames.com/review/the-roomz.php#comment-120843	February 13, 2007 2:38 PM
20210321023508	https://jayisgames.com/review/the-roomz.php	https://jayisgames.com/review/the-roomz.php#comment-120844	February 13, 2007 2:39 PM
20210321023508	https://jayisgames.com/review/the-roomz.php	https://jayisgames.com/review/the-roomz.php#comment-120845	February 13, 2007 2:43 PM
20210321023508	https://jayisgames.com/review/the-roomz.php	https://jayisgames.com/review/the-roomz.php#comment-120846	February 13, 2007 2:43 PM
20210321023508	https://jayisgames.com/review/the-roomz.php	https://jayisgames.com/review/the-roomz.php#comment-120847	February 13, 2007 2:47 PM
20210321023508	https://jayisgames.com/review/the-roomz.php	https://jayisgames.com/review/the-roomz.php#comment-120850	February 13, 2007 3:09 PM
20210321023508	https://jayisgames.com/review/the-roomz.php	https://jayisgames.com/review/the-roomz.php#comment-120851	February 13, 2007 3:11 PM
20210321023508	https://jayisgames.com/review/the-roomz.php	https://jayisgames.com/review/the-roomz.php#comment-120852	February 13, 2007 3:11 PM
20210321023508	https://jayisgames.com/review/the-roomz.php	https://jayisgames.com/review/the-roomz.php#comment-120853	February 13, 2007 3:21 PM
20210321023508	https://jayisgames.com/review/the-roomz.php	https://jayisgames.com/review/the-roomz.php#comment-120854	February 13, 2007 3:23 PM
20210321023508	https://jayisgames.com/review/the-roomz.php	https://jayisgames.com/review/the-roomz.php#comment-120855	February 13, 2007 3:24 PM
20210321023508	https://jayisgames.com/review/the-roomz.php	https://jayisgames.com/review/the-roomz.php#comment-120857	February 13, 2007 3:30 PM
20210321023508	https://jayisgames.com/review/the-roomz.php	https://jayisgames.com/review/the-roomz.php#comment-120858	February 13, 2007 3:31 PM
20210321023508	https://jayisgames.com/review/the-roomz.php	https://jayisgames.com/review/the-roomz.php#comment-120859	February 13, 2007 3:31 PM
20210321023508	https://jayisgames.com/review/the-roomz.php	https://jayisgames.com/review/the-roomz.php#comment-120860	February 13, 2007 3:33 PM
20210321023508	https://jayisgames.com/review/the-roomz.php	https://jayisgames.com/review/the-roomz.php#comment-120861	February 13, 2007 3:40 PM
20210321023508	https://jayisgames.com/review/the-roomz.php	https://jayisgames.com/review/the-roomz.php#comment-120862	February 13, 2007 3:40 PM
20210321023508	https://jayisgames.com/review/the-roomz.php	https://jayisgames.com/review/the-roomz.php#comment-120864	February 13, 2007 3:45 PM
20210321023508	https://jayisgames.com/review/the-roomz.php	https://jayisgames.com/review/the-roomz.php#comment-120865	February 13, 2007 3:45 PM
20210321023508	https://jayisgames.com/review/the-roomz.php	https://jayisgames.com/review/the-roomz.php#comment-120866	February 13, 2007 3:51 PM
20210321023508	https://jayisgames.com/review/the-roomz.php	https://jayisgames.com/review/the-roomz.php#comment-120867	February 13, 2007 3:52 PM
20210321023508	https://jayisgames.com/review/the-roomz.php	https://jayisgames.com/review/the-roomz.php#comment-120868	February 13, 2007 4:10 PM
20210321023508	https://jayisgames.com/review/the-roomz.php	https://jayisgames.com/review/the-roomz.php#comment-120869	February 13, 2007 4:10 PM
20210321023508	https://jayisgames.com/review/the-roomz.php	https://jayisgames.com/review/the-roomz.php#comment-120870	February 13, 2007 4:11 PM
20210321023508	https://jayisgames.com/review/the-roomz.php	https://jayisgames.com/review/the-roomz.php#comment-120879	February 13, 2007 4:31 PM
20210321023508	https://jayisgames.com/review/the-roomz.php	https://jayisgames.com/review/the-roomz.php#comment-120882	February 13, 2007 4:38 PM
20210321023508	https://jayisgames.com/review/the-roomz.php	https://jayisgames.com/review/the-roomz.php#comment-120883	February 13, 2007 4:43 PM
20210321023508	https://jayisgames.com/review/the-roomz.php	https://jayisgames.com/review/the-roomz.php#comment-120884	February 13, 2007 4:46 PM
20210321023508	https://jayisgames.com/review/the-roomz.php	https://jayisgames.com/review/the-roomz.php#comment-120885	February 13, 2007 4:49 PM
20210321023508	https://jayisgames.com/review/the-roomz.php	https://jayisgames.com/review/the-roomz.php#comment-120886	February 13, 2007 4:50 PM
20210321023508	https://jayisgames.com/review/the-roomz.php	https://jayisgames.com/review/the-roomz.php#comment-120887	February 13, 2007 4:54 PM
20210321023508	https://jayisgames.com/review/the-roomz.php	https://jayisgames.com/review/the-roomz.php#comment-120888	February 13, 2007 4:58 PM
20210321023508	https://jayisgames.com/review/the-roomz.php	https://jayisgames.com/review/the-roomz.php#comment-120889	February 13, 2007 5:07 PM
20210321023508	https://jayisgames.com/review/the-roomz.php	https://jayisgames.com/review/the-roomz.php#comment-120890	February 13, 2007 5:13 PM
20210321023508	https://jayisgames.com/review/the-roomz.php	https://jayisgames.com/review/the-roomz.php#comment-120891	February 13, 2007 5:13 PM
20210321023508	https://jayisgames.com/review/the-roomz.php	https://jayisgames.com/review/the-roomz.php#comment-120893	February 13, 2007 5:21 PM
20210321023508	https://jayisgames.com/review/the-roomz.php	https://jayisgames.com/review/the-roomz.php#comment-120894	February 13, 2007 5:25 PM
20210321023508	https://jayisgames.com/review/the-roomz.php	https://jayisgames.com/review/the-roomz.php#comment-120897	February 13, 2007 5:27 PM
20210321023508	https://jayisgames.com/review/the-roomz.php	https://jayisgames.com/review/the-roomz.php#comment-120899	February 13, 2007 5:31 PM
20210321023508	https://jayisgames.com/review/the-roomz.php	https://jayisgames.com/review/the-roomz.php#comment-120900	February 13, 2007 5:31 PM
20210321023508	https://jayisgames.com/review/the-roomz.php	https://jayisgames.com/review/the-roomz.php#comment-120901	February 13, 2007 5:36 PM
20210321023508	https://jayisgames.com/review/the-roomz.php	https://jayisgames.com/review/the-roomz.php#comment-120902	February 13, 2007 5:40 PM
20210321023508	https://jayisgames.com/review/the-roomz.php	https://jayisgames.com/review/the-roomz.php#comment-120903	February 13, 2007 5:41 PM
20210321023508	https://jayisgames.com/review/the-roomz.php	https://jayisgames.com/review/the-roomz.php#comment-120904	February 13, 2007 5:48 PM
20210321023508	https://jayisgames.com/review/the-roomz.php	https://jayisgames.com/review/the-roomz.php#comment-120906	February 13, 2007 6:00 PM
20210321023508	https://jayisgames.com/review/the-roomz.php	https://jayisgames.com/review/the-roomz.php#comment-120907	February 13, 2007 6:02 PM
20210321023508	https://jayisgames.com/review/the-roomz.php	https://jayisgames.com/review/the-roomz.php#comment-120908	February 13, 2007 6:15 PM
20210321023508	https://jayisgames.com/review/the-roomz.php	https://jayisgames.com/review/the-roomz.php#comment-120909	February 13, 2007 6:23 PM
20210321023508	https://jayisgames.com/review/the-roomz.php	https://jayisgames.com/review/the-roomz.php#comment-120911	February 13, 2007 6:29 PM
20210321023508	https://jayisgames.com/review/the-roomz.php	https://jayisgames.com/review/the-roomz.php#comment-120912	February 13, 2007 6:33 PM
20210321023508	https://jayisgames.com/review/the-roomz.php	https://jayisgames.com/review/the-roomz.php#comment-120913	February 13, 2007 6:36 PM
20210321023508	https://jayisgames.com/review/the-roomz.php	https://jayisgames.com/review/the-roomz.php#comment-120914	February 13, 2007 6:36 PM
20210321023508	https://jayisgames.com/review/the-roomz.php	https://jayisgames.com/review/the-roomz.php#comment-120917	February 13, 2007 6:49 PM
20210321023508	https://jayisgames.com/review/the-roomz.php	https://jayisgames.com/review/the-roomz.php#comment-120918	February 13, 2007 6:57 PM
20210321023508	https://jayisgames.com/review/the-roomz.php	https://jayisgames.com/review/the-roomz.php#comment-120919	February 13, 2007 7:20 PM
20210321023508	https://jayisgames.com/review/the-roomz.php	https://jayisgames.com/review/the-roomz.php#comment-120920	February 13, 2007 7:25 PM
20210321023508	https://jayisgames.com/review/the-roomz.php	https://jayisgames.com/review/the-roomz.php#comment-120921	February 13, 2007 7:32 PM
20210321023508	https://jayisgames.com/review/the-roomz.php	https://jayisgames.com/review/the-roomz.php#comment-120922	February 13, 2007 7:36 PM
20210321023508	https://jayisgames.com/review/the-roomz.php	https://jayisgames.com/review/the-roomz.php#comment-120924	February 13, 2007 7:43 PM
20210321023508	https://jayisgames.com/review/the-roomz.php	https://jayisgames.com/review/the-roomz.php#comment-120926	February 13, 2007 7:51 PM
20210321023508	https://jayisgames.com/review/the-roomz.php	https://jayisgames.com/review/the-roomz.php#comment-120927	February 13, 2007 7:51 PM
20210321023508	https://jayisgames.com/review/the-roomz.php	https://jayisgames.com/review/the-roomz.php#comment-120928	February 13, 2007 8:04 PM
20210321023508	https://jayisgames.com/review/the-roomz.php	https://jayisgames.com/review/the-roomz.php#comment-120929	February 13, 2007 8:06 PM
20210321023508	https://jayisgames.com/review/the-roomz.php	https://jayisgames.com/review/the-roomz.php#comment-120931	February 13, 2007 8:08 PM
20210321023508	https://jayisgames.com/review/the-roomz.php	https://jayisgames.com/review/the-roomz.php#comment-120932	February 13, 2007 8:08 PM
20210321023508	https://jayisgames.com/review/the-roomz.php	https://jayisgames.com/review/the-roomz.php#comment-120934	February 13, 2007 8:10 PM
20210321023508	https://jayisgames.com/review/the-roomz.php	https://jayisgames.com/review/the-roomz.php#comment-120935	February 13, 2007 8:30 PM
20210321023508	https://jayisgames.com/review/the-roomz.php	https://jayisgames.com/review/the-roomz.php#comment-120937	February 13, 2007 9:02 PM
20210321023508	https://jayisgames.com/review/the-roomz.php	https://jayisgames.com/review/the-roomz.php#comment-120940	February 13, 2007 9:33 PM
20210321023508	https://jayisgames.com/review/the-roomz.php	https://jayisgames.com/review/the-roomz.php#comment-120941	February 13, 2007 9:35 PM
20210321023508	https://jayisgames.com/review/the-roomz.php	https://jayisgames.com/review/the-roomz.php#comment-120942	February 13, 2007 9:35 PM
20210321023508	https://jayisgames.com/review/the-roomz.php	https://jayisgames.com/review/the-roomz.php#comment-120945	February 13, 2007 9:57 PM
20210321023508	https://jayisgames.com/review/the-roomz.php	https://jayisgames.com/review/the-roomz.php#comment-120946	February 13, 2007 10:11 PM
20210321023508	https://jayisgames.com/review/the-roomz.php	https://jayisgames.com/review/the-roomz.php#comment-120947	February 13, 2007 10:25 PM
20210321023508	https://jayisgames.com/review/the-roomz.php	https://jayisgames.com/review/the-roomz.php#comment-120948	February 13, 2007 10:26 PM
20210321023508	https://jayisgames.com/review/the-roomz.php	https://jayisgames.com/review/the-roomz.php#comment-120950	February 13, 2007 10:33 PM
20210321023508	https://jayisgames.com/review/the-roomz.php	https://jayisgames.com/review/the-roomz.php#comment-120951	February 13, 2007 10:36 PM
20210321023508	https://jayisgames.com/review/the-roomz.php	https://jayisgames.com/review/the-roomz.php#comment-120952	February 13, 2007 10:38 PM
20210321023508	https://jayisgames.com/review/the-roomz.php	https://jayisgames.com/review/the-roomz.php#comment-120955	February 13, 2007 10:52 PM
20210321023508	https://jayisgames.com/review/the-roomz.php	https://jayisgames.com/review/the-roomz.php#comment-120956	February 13, 2007 11:11 PM
20210321023508	https://jayisgames.com/review/the-roomz.php	https://jayisgames.com/review/the-roomz.php#comment-120959	February 13, 2007 11:15 PM
20210321023508	https://jayisgames.com/review/the-roomz.php	https://jayisgames.com/review/the-roomz.php#comment-120962	February 13, 2007 11:27 PM
20210321023508	https://jayisgames.com/review/the-roomz.php	https://jayisgames.com/review/the-roomz.php#comment-120963	February 13, 2007 11:32 PM
20210321023508	https://jayisgames.com/review/the-roomz.php	https://jayisgames.com/review/the-roomz.php#comment-120964	February 13, 2007 11:35 PM
20210321023508	https://jayisgames.com/review/the-roomz.php	https://jayisgames.com/review/the-roomz.php#comment-120965	February 13, 2007 11:38 PM
20210321023508	https://jayisgames.com/review/the-roomz.php	https://jayisgames.com/review/the-roomz.php#comment-120967	February 13, 2007 11:47 PM
20210321023508	https://jayisgames.com/review/the-roomz.php	https://jayisgames.com/review/the-roomz.php#comment-120969	February 13, 2007 11:51 PM
20210321023508	https://jayisgames.com/review/the-roomz.php	https://jayisgames.com/review/the-roomz.php#comment-262797	April 28, 2008 1:46 PM
20210321023508	https://jayisgames.com/review/the-roomz.php	https://jayisgames.com/review/the-roomz.php#comment-262808	April 28, 2008 2:55 PM
20210321023508	https://jayisgames.com/review/the-roomz.php	https://jayisgames.com/review/the-roomz.php#comment-264645	May 13, 2008 7:03 PM
20210321023508	https://jayisgames.com/review/the-roomz.php	https://jayisgames.com/review/the-roomz.php#comment-265323	May 19, 2008 7:45 AM
20210321023508	https://jayisgames.com/review/the-roomz.php	https://jayisgames.com/review/the-roomz.php#comment-265865	May 24, 2008 12:06 PM
20210321023508	https://jayisgames.com/review/the-roomz.php	https://jayisgames.com/review/the-roomz.php#comment-266052	May 26, 2008 11:42 AM
20210321023508	https://jayisgames.com/review/the-roomz.php	https://jayisgames.com/review/the-roomz.php#comment-266256	May 28, 2008 6:44 AM
20210321023508	https://jayisgames.com/review/the-roomz.php	https://jayisgames.com/review/the-roomz.php#comment-266748	May 31, 2008 9:58 AM
20210321023508	https://jayisgames.com/review/the-roomz.php	https://jayisgames.com/review/the-roomz.php#comment-267508	June 5, 2008 5:00 AM
20210321023508	https://jayisgames.com/review/the-roomz.php	https://jayisgames.com/review/the-roomz.php#comment-273276	July 4, 2008 8:46 PM
20210321023508	https://jayisgames.com/review/the-roomz.php	https://jayisgames.com/review/the-roomz.php#comment-276495	July 25, 2008 10:16 AM
20210321023508	https://jayisgames.com/review/the-roomz.php	https://jayisgames.com/review/the-roomz.php#comment-277962	August 3, 2008 11:47 PM
20210321023508	https://jayisgames.com/review/the-roomz.php	https://jayisgames.com/review/the-roomz.php#comment-284880	September 28, 2008 10:45 AM
20210321023508	https://jayisgames.com/review/the-roomz.php	https://jayisgames.com/review/the-roomz.php#comment-345181	November 29, 2009 9:07 PM
20210321023508	https://jayisgames.com/review/the-roomz.php	https://jayisgames.com/review/the-roomz.php#comment-357403	March 16, 2010 4:51 PM
20210321023508	https://jayisgames.com/review/the-roomz.php	https://jayisgames.com/review/the-roomz.php#comment-380638	October 16, 2010 1:56 PM
20210321023508	https://jayisgames.com/review/the-roomz.php	https://jayisgames.com/review/the-roomz.php#comment-380680	October 17, 2010 10:52 AM
20210321023508	https://jayisgames.com/review/the-roomz.php	https://jayisgames.com/review/the-roomz.php#comment-380681	October 17, 2010 12:05 PM
20210321063427	https://jayisgames.com/review/the-roomz.php	https://jayisgames.com/review/the-roomz.php#walkthrough	Walkthrough
20210321063427	https://jayisgames.com/review/the-roomz.php	https://jayisgames.com/review/the-roomz.php#comments	Comments (818)
20210321063427	https://jayisgames.com/review/the-roomz.php	http://dreamwardgames.com/theroomz/	
20210321063427	https://jayisgames.com/review/the-roomz.php	http://dreamwardgames.com/theroomz/	The Roomz
20210321063427	https://jayisgames.com/review/the-roomz.php	http://dreamwardgames.com/theroomz/	Play The Roomz
20210321063427	https://jayisgames.com/review/the-roomz.php	https://jayisgames.com/review/the-roomz.php#walkthrough	The Roomz Walkthrough
20210321063427	https://jayisgames.com/review/the-roomz.php	https://jayisgames.com/review/the-roomz.php#walkthrough	Walkthrough Guide
20210321063427	https://jayisgames.com/review/the-roomz.php	http://www.theroomz.yoyo.pl/danger/map.htm/	http://www.theroomz.yoyo.pl/danger/map.htm/
20210321063427	https://jayisgames.com/review/the-roomz.php	https://jayisgames.com/review/the-roomz.php#comment-120824	February 13, 2007 1:20 PM
20210321063427	https://jayisgames.com/review/the-roomz.php	https://jayisgames.com/review/the-roomz.php#comment-120825	February 13, 2007 1:22 PM
20210321063427	https://jayisgames.com/review/the-roomz.php	https://jayisgames.com/review/the-roomz.php#comment-120826	February 13, 2007 1:35 PM
20210321063427	https://jayisgames.com/review/the-roomz.php	https://jayisgames.com/review/the-roomz.php#comment-120828	February 13, 2007 1:44 PM
20210321063427	https://jayisgames.com/review/the-roomz.php	https://jayisgames.com/review/the-roomz.php#comment-120829	February 13, 2007 1:56 PM
20210321063427	https://jayisgames.com/review/the-roomz.php	https://jayisgames.com/review/the-roomz.php#comment-120831	February 13, 2007 2:03 PM
20210321063427	https://jayisgames.com/review/the-roomz.php	https://jayisgames.com/review/the-roomz.php#comment-120832	February 13, 2007 2:09 PM
20210321063427	https://jayisgames.com/review/the-roomz.php	https://jayisgames.com/review/the-roomz.php#comment-120833	February 13, 2007 2:14 PM
20210321063427	https://jayisgames.com/review/the-roomz.php	https://jayisgames.com/review/the-roomz.php#comment-120836	February 13, 2007 2:16 PM
20210321063427	https://jayisgames.com/review/the-roomz.php	https://jayisgames.com/review/the-roomz.php#comment-120837	February 13, 2007 2:25 PM
20210321063427	https://jayisgames.com/review/the-roomz.php	https://jayisgames.com/review/the-roomz.php#comment-120838	February 13, 2007 2:28 PM
20210321063427	https://jayisgames.com/review/the-roomz.php	https://jayisgames.com/review/the-roomz.php#comment-120840	February 13, 2007 2:34 PM
20210321063427	https://jayisgames.com/review/the-roomz.php	https://jayisgames.com/review/the-roomz.php#comment-120842	February 13, 2007 2:36 PM
20210321063427	https://jayisgames.com/review/the-roomz.php	https://jayisgames.com/review/the-roomz.php#comment-120843	February 13, 2007 2:38 PM
20210321063427	https://jayisgames.com/review/the-roomz.php	https://jayisgames.com/review/the-roomz.php#comment-120844	February 13, 2007 2:39 PM
20210321063427	https://jayisgames.com/review/the-roomz.php	https://jayisgames.com/review/the-roomz.php#comment-120845	February 13, 2007 2:43 PM
20210321063427	https://jayisgames.com/review/the-roomz.php	https://jayisgames.com/review/the-roomz.php#comment-120846	February 13, 2007 2:43 PM
20210321063427	https://jayisgames.com/review/the-roomz.php	https://jayisgames.com/review/the-roomz.php#comment-120847	February 13, 2007 2:47 PM
20210321063427	https://jayisgames.com/review/the-roomz.php	https://jayisgames.com/review/the-roomz.php#comment-120850	February 13, 2007 3:09 PM
20210321063427	https://jayisgames.com/review/the-roomz.php	https://jayisgames.com/review/the-roomz.php#comment-120851	February 13, 2007 3:11 PM
20210321063427	https://jayisgames.com/review/the-roomz.php	https://jayisgames.com/review/the-roomz.php#comment-120852	February 13, 2007 3:11 PM
20210321063427	https://jayisgames.com/review/the-roomz.php	https://jayisgames.com/review/the-roomz.php#comment-120853	February 13, 2007 3:21 PM
20210321063427	https://jayisgames.com/review/the-roomz.php	https://jayisgames.com/review/the-roomz.php#comment-120854	February 13, 2007 3:23 PM
20210321063427	https://jayisgames.com/review/the-roomz.php	https://jayisgames.com/review/the-roomz.php#comment-120855	February 13, 2007 3:24 PM
20210321063427	https://jayisgames.com/review/the-roomz.php	https://jayisgames.com/review/the-roomz.php#comment-120857	February 13, 2007 3:30 PM
20210321063427	https://jayisgames.com/review/the-roomz.php	https://jayisgames.com/review/the-roomz.php#comment-120858	February 13, 2007 3:31 PM
20210321063427	https://jayisgames.com/review/the-roomz.php	https://jayisgames.com/review/the-roomz.php#comment-120859	February 13, 2007 3:31 PM
20210321063427	https://jayisgames.com/review/the-roomz.php	https://jayisgames.com/review/the-roomz.php#comment-120860	February 13, 2007 3:33 PM
20210321063427	https://jayisgames.com/review/the-roomz.php	https://jayisgames.com/review/the-roomz.php#comment-120861	February 13, 2007 3:40 PM
20210321063427	https://jayisgames.com/review/the-roomz.php	https://jayisgames.com/review/the-roomz.php#comment-120862	February 13, 2007 3:40 PM
20210321063427	https://jayisgames.com/review/the-roomz.php	https://jayisgames.com/review/the-roomz.php#comment-120864	February 13, 2007 3:45 PM
20210321063427	https://jayisgames.com/review/the-roomz.php	https://jayisgames.com/review/the-roomz.php#comment-120865	February 13, 2007 3:45 PM
20210321063427	https://jayisgames.com/review/the-roomz.php	https://jayisgames.com/review/the-roomz.php#comment-120866	February 13, 2007 3:51 PM
20210321063427	https://jayisgames.com/review/the-roomz.php	https://jayisgames.com/review/the-roomz.php#comment-120867	February 13, 2007 3:52 PM
20210321063427	https://jayisgames.com/review/the-roomz.php	https://jayisgames.com/review/the-roomz.php#comment-120868	February 13, 2007 4:10 PM
20210321063427	https://jayisgames.com/review/the-roomz.php	https://jayisgames.com/review/the-roomz.php#comment-120869	February 13, 2007 4:10 PM
20210321063427	https://jayisgames.com/review/the-roomz.php	https://jayisgames.com/review/the-roomz.php#comment-120870	February 13, 2007 4:11 PM
20210321063427	https://jayisgames.com/review/the-roomz.php	https://jayisgames.com/review/the-roomz.php#comment-120879	February 13, 2007 4:31 PM
20210321063427	https://jayisgames.com/review/the-roomz.php	https://jayisgames.com/review/the-roomz.php#comment-120882	February 13, 2007 4:38 PM
20210321063427	https://jayisgames.com/review/the-roomz.php	https://jayisgames.com/review/the-roomz.php#comment-120883	February 13, 2007 4:43 PM
20210321063427	https://jayisgames.com/review/the-roomz.php	https://jayisgames.com/review/the-roomz.php#comment-120884	February 13, 2007 4:46 PM
20210321063427	https://jayisgames.com/review/the-roomz.php	https://jayisgames.com/review/the-roomz.php#comment-120885	February 13, 2007 4:49 PM
20210321063427	https://jayisgames.com/review/the-roomz.php	https://jayisgames.com/review/the-roomz.php#comment-120886	February 13, 2007 4:50 PM
20210321063427	https://jayisgames.com/review/the-roomz.php	https://jayisgames.com/review/the-roomz.php#comment-120887	February 13, 2007 4:54 PM
20210321063427	https://jayisgames.com/review/the-roomz.php	https://jayisgames.com/review/the-roomz.php#comment-120888	February 13, 2007 4:58 PM
20210321063427	https://jayisgames.com/review/the-roomz.php	https://jayisgames.com/review/the-roomz.php#comment-120889	February 13, 2007 5:07 PM
20210321063427	https://jayisgames.com/review/the-roomz.php	https://jayisgames.com/review/the-roomz.php#comment-120890	February 13, 2007 5:13 PM
20210321063427	https://jayisgames.com/review/the-roomz.php	https://jayisgames.com/review/the-roomz.php#comment-120891	February 13, 2007 5:13 PM
20210321063427	https://jayisgames.com/review/the-roomz.php	https://jayisgames.com/review/the-roomz.php#comment-120893	February 13, 2007 5:21 PM
20210321063427	https://jayisgames.com/review/the-roomz.php	https://jayisgames.com/review/the-roomz.php#comment-120894	February 13, 2007 5:25 PM
20210321063427	https://jayisgames.com/review/the-roomz.php	https://jayisgames.com/review/the-roomz.php#comment-120897	February 13, 2007 5:27 PM
20210321063427	https://jayisgames.com/review/the-roomz.php	https://jayisgames.com/review/the-roomz.php#comment-120899	February 13, 2007 5:31 PM
20210321063427	https://jayisgames.com/review/the-roomz.php	https://jayisgames.com/review/the-roomz.php#comment-120900	February 13, 2007 5:31 PM
20210321063427	https://jayisgames.com/review/the-roomz.php	https://jayisgames.com/review/the-roomz.php#comment-120901	February 13, 2007 5:36 PM
20210321063427	https://jayisgames.com/review/the-roomz.php	https://jayisgames.com/review/the-roomz.php#comment-120902	February 13, 2007 5:40 PM
20210321063427	https://jayisgames.com/review/the-roomz.php	https://jayisgames.com/review/the-roomz.php#comment-120903	February 13, 2007 5:41 PM
20210321063427	https://jayisgames.com/review/the-roomz.php	https://jayisgames.com/review/the-roomz.php#comment-120904	February 13, 2007 5:48 PM
20210321063427	https://jayisgames.com/review/the-roomz.php	https://jayisgames.com/review/the-roomz.php#comment-120906	February 13, 2007 6:00 PM
20210321063427	https://jayisgames.com/review/the-roomz.php	https://jayisgames.com/review/the-roomz.php#comment-120907	February 13, 2007 6:02 PM
20210321063427	https://jayisgames.com/review/the-roomz.php	https://jayisgames.com/review/the-roomz.php#comment-120908	February 13, 2007 6:15 PM
20210321063427	https://jayisgames.com/review/the-roomz.php	https://jayisgames.com/review/the-roomz.php#comment-120909	February 13, 2007 6:23 PM
20210321063427	https://jayisgames.com/review/the-roomz.php	https://jayisgames.com/review/the-roomz.php#comment-120911	February 13, 2007 6:29 PM
20210321063427	https://jayisgames.com/review/the-roomz.php	https://jayisgames.com/review/the-roomz.php#comment-120912	February 13, 2007 6:33 PM
20210321063427	https://jayisgames.com/review/the-roomz.php	https://jayisgames.com/review/the-roomz.php#comment-120913	February 13, 2007 6:36 PM
20210321063427	https://jayisgames.com/review/the-roomz.php	https://jayisgames.com/review/the-roomz.php#comment-120914	February 13, 2007 6:36 PM
20210321063427	https://jayisgames.com/review/the-roomz.php	https://jayisgames.com/review/the-roomz.php#comment-120917	February 13, 2007 6:49 PM
20210321063427	https://jayisgames.com/review/the-roomz.php	https://jayisgames.com/review/the-roomz.php#comment-120918	February 13, 2007 6:57 PM
20210321063427	https://jayisgames.com/review/the-roomz.php	https://jayisgames.com/review/the-roomz.php#comment-120919	February 13, 2007 7:20 PM
20210321063427	https://jayisgames.com/review/the-roomz.php	https://jayisgames.com/review/the-roomz.php#comment-120920	February 13, 2007 7:25 PM
20210321063427	https://jayisgames.com/review/the-roomz.php	https://jayisgames.com/review/the-roomz.php#comment-120921	February 13, 2007 7:32 PM
20210321063427	https://jayisgames.com/review/the-roomz.php	https://jayisgames.com/review/the-roomz.php#comment-120922	February 13, 2007 7:36 PM
20210321063427	https://jayisgames.com/review/the-roomz.php	https://jayisgames.com/review/the-roomz.php#comment-120924	February 13, 2007 7:43 PM
20210321063427	https://jayisgames.com/review/the-roomz.php	https://jayisgames.com/review/the-roomz.php#comment-120926	February 13, 2007 7:51 PM
20210321063427	https://jayisgames.com/review/the-roomz.php	https://jayisgames.com/review/the-roomz.php#comment-120927	February 13, 2007 7:51 PM
20210321063427	https://jayisgames.com/review/the-roomz.php	https://jayisgames.com/review/the-roomz.php#comment-120928	February 13, 2007 8:04 PM
20210321063427	https://jayisgames.com/review/the-roomz.php	https://jayisgames.com/review/the-roomz.php#comment-120929	February 13, 2007 8:06 PM
20210321063427	https://jayisgames.com/review/the-roomz.php	https://jayisgames.com/review/the-roomz.php#comment-120931	February 13, 2007 8:08 PM
20210321063427	https://jayisgames.com/review/the-roomz.php	https://jayisgames.com/review/the-roomz.php#comment-120932	February 13, 2007 8:08 PM
20210321063427	https://jayisgames.com/review/the-roomz.php	https://jayisgames.com/review/the-roomz.php#comment-120934	February 13, 2007 8:10 PM
20210321063427	https://jayisgames.com/review/the-roomz.php	https://jayisgames.com/review/the-roomz.php#comment-120935	February 13, 2007 8:30 PM
20210321063427	https://jayisgames.com/review/the-roomz.php	https://jayisgames.com/review/the-roomz.php#comment-120937	February 13, 2007 9:02 PM
20210321063427	https://jayisgames.com/review/the-roomz.php	https://jayisgames.com/review/the-roomz.php#comment-120940	February 13, 2007 9:33 PM
20210321063427	https://jayisgames.com/review/the-roomz.php	https://jayisgames.com/review/the-roomz.php#comment-120941	February 13, 2007 9:35 PM
20210321063427	https://jayisgames.com/review/the-roomz.php	https://jayisgames.com/review/the-roomz.php#comment-120942	February 13, 2007 9:35 PM
20210321063427	https://jayisgames.com/review/the-roomz.php	https://jayisgames.com/review/the-roomz.php#comment-120945	February 13, 2007 9:57 PM
20210321063427	https://jayisgames.com/review/the-roomz.php	https://jayisgames.com/review/the-roomz.php#comment-120946	February 13, 2007 10:11 PM
20210321063427	https://jayisgames.com/review/the-roomz.php	https://jayisgames.com/review/the-roomz.php#comment-120947	February 13, 2007 10:25 PM
20210321063427	https://jayisgames.com/review/the-roomz.php	https://jayisgames.com/review/the-roomz.php#comment-120948	February 13, 2007 10:26 PM
20210321063427	https://jayisgames.com/review/the-roomz.php	https://jayisgames.com/review/the-roomz.php#comment-120950	February 13, 2007 10:33 PM
20210321063427	https://jayisgames.com/review/the-roomz.php	https://jayisgames.com/review/the-roomz.php#comment-120951	February 13, 2007 10:36 PM
20210321063427	https://jayisgames.com/review/the-roomz.php	https://jayisgames.com/review/the-roomz.php#comment-120952	February 13, 2007 10:38 PM
20210321063427	https://jayisgames.com/review/the-roomz.php	https://jayisgames.com/review/the-roomz.php#comment-120955	February 13, 2007 10:52 PM
20210321063427	https://jayisgames.com/review/the-roomz.php	https://jayisgames.com/review/the-roomz.php#comment-120956	February 13, 2007 11:11 PM
20210321063427	https://jayisgames.com/review/the-roomz.php	https://jayisgames.com/review/the-roomz.php#comment-120959	February 13, 2007 11:15 PM
20210321063427	https://jayisgames.com/review/the-roomz.php	https://jayisgames.com/review/the-roomz.php#comment-120962	February 13, 2007 11:27 PM
20210321063427	https://jayisgames.com/review/the-roomz.php	https://jayisgames.com/review/the-roomz.php#comment-120963	February 13, 2007 11:32 PM
20210321063427	https://jayisgames.com/review/the-roomz.php	https://jayisgames.com/review/the-roomz.php#comment-120964	February 13, 2007 11:35 PM
20210321063427	https://jayisgames.com/review/the-roomz.php	https://jayisgames.com/review/the-roomz.php#comment-120965	February 13, 2007 11:38 PM
20210321063427	https://jayisgames.com/review/the-roomz.php	https://jayisgames.com/review/the-roomz.php#comment-120967	February 13, 2007 11:47 PM
20210321063427	https://jayisgames.com/review/the-roomz.php	https://jayisgames.com/review/the-roomz.php#comment-120969	February 13, 2007 11:51 PM
20210321063427	https://jayisgames.com/review/the-roomz.php	https://jayisgames.com/review/the-roomz.php#comment-262797	April 28, 2008 1:46 PM
20210321063427	https://jayisgames.com/review/the-roomz.php	https://jayisgames.com/review/the-roomz.php#comment-262808	April 28, 2008 2:55 PM
20210321063427	https://jayisgames.com/review/the-roomz.php	https://jayisgames.com/review/the-roomz.php#comment-264645	May 13, 2008 7:03 PM
20210321063427	https://jayisgames.com/review/the-roomz.php	https://jayisgames.com/review/the-roomz.php#comment-265323	May 19, 2008 7:45 AM
20210321063427	https://jayisgames.com/review/the-roomz.php	https://jayisgames.com/review/the-roomz.php#comment-265865	May 24, 2008 12:06 PM
20210321063427	https://jayisgames.com/review/the-roomz.php	https://jayisgames.com/review/the-roomz.php#comment-266052	May 26, 2008 11:42 AM
20210321063427	https://jayisgames.com/review/the-roomz.php	https://jayisgames.com/review/the-roomz.php#comment-266256	May 28, 2008 6:44 AM
20210321063427	https://jayisgames.com/review/the-roomz.php	https://jayisgames.com/review/the-roomz.php#comment-266748	May 31, 2008 9:58 AM
20210321063427	https://jayisgames.com/review/the-roomz.php	https://jayisgames.com/review/the-roomz.php#comment-267508	June 5, 2008 5:00 AM
20210321063427	https://jayisgames.com/review/the-roomz.php	https://jayisgames.com/review/the-roomz.php#comment-273276	July 4, 2008 8:46 PM
20210321063427	https://jayisgames.com/review/the-roomz.php	https://jayisgames.com/review/the-roomz.php#comment-276495	July 25, 2008 10:16 AM
20210321063427	https://jayisgames.com/review/the-roomz.php	https://jayisgames.com/review/the-roomz.php#comment-277962	August 3, 2008 11:47 PM
20210321063427	https://jayisgames.com/review/the-roomz.php	https://jayisgames.com/review/the-roomz.php#comment-284880	September 28, 2008 10:45 AM
20210321063427	https://jayisgames.com/review/the-roomz.php	https://jayisgames.com/review/the-roomz.php#comment-345181	November 29, 2009 9:07 PM
20210321063427	https://jayisgames.com/review/the-roomz.php	https://jayisgames.com/review/the-roomz.php#comment-357403	March 16, 2010 4:51 PM
20210321063427	https://jayisgames.com/review/the-roomz.php	https://jayisgames.com/review/the-roomz.php#comment-380638	October 16, 2010 1:56 PM
20210321063427	https://jayisgames.com/review/the-roomz.php	https://jayisgames.com/review/the-roomz.php#comment-380680	October 17, 2010 10:52 AM
20210321063427	https://jayisgames.com/review/the-roomz.php	https://jayisgames.com/review/the-roomz.php#comment-380681	October 17, 2010 12:05 PM
20210622052539	https://jayisgames.com/review/the-roomz.php	https://jayisgames.com/review/the-roomz.php#walkthrough	Walkthrough
20210622052539	https://jayisgames.com/review/the-roomz.php	https://jayisgames.com/review/the-roomz.php#comments	Comments (818)
20210622052539	https://jayisgames.com/review/the-roomz.php	http://dreamwardgames.com/theroomz/	
20210622052539	https://jayisgames.com/review/the-roomz.php	http://dreamwardgames.com/theroomz/	The Roomz
20210622052539	https://jayisgames.com/review/the-roomz.php	http://dreamwardgames.com/theroomz/	Play The Roomz
20210622052539	https://jayisgames.com/review/the-roomz.php	https://jayisgames.com/review/the-roomz.php#walkthrough	The Roomz Walkthrough
20210622052539	https://jayisgames.com/review/the-roomz.php	https://jayisgames.com/review/the-roomz.php#walkthrough	Walkthrough Guide
20210622052539	https://jayisgames.com/review/the-roomz.php	http://www.theroomz.yoyo.pl/danger/map.htm/	http://www.theroomz.yoyo.pl/danger/map.htm/
20210622052539	https://jayisgames.com/review/the-roomz.php	https://jayisgames.com/review/the-roomz.php#comment-120824	February 13, 2007 1:20 PM
20210622052539	https://jayisgames.com/review/the-roomz.php	https://jayisgames.com/review/the-roomz.php#comment-120825	February 13, 2007 1:22 PM
20210622052539	https://jayisgames.com/review/the-roomz.php	https://jayisgames.com/review/the-roomz.php#comment-120826	February 13, 2007 1:35 PM
20210622052539	https://jayisgames.com/review/the-roomz.php	https://jayisgames.com/review/the-roomz.php#comment-120828	February 13, 2007 1:44 PM
20210622052539	https://jayisgames.com/review/the-roomz.php	https://jayisgames.com/review/the-roomz.php#comment-120829	February 13, 2007 1:56 PM
20210622052539	https://jayisgames.com/review/the-roomz.php	https://jayisgames.com/review/the-roomz.php#comment-120831	February 13, 2007 2:03 PM
20210622052539	https://jayisgames.com/review/the-roomz.php	https://jayisgames.com/review/the-roomz.php#comment-120832	February 13, 2007 2:09 PM
20210622052539	https://jayisgames.com/review/the-roomz.php	https://jayisgames.com/review/the-roomz.php#comment-120833	February 13, 2007 2:14 PM
20210622052539	https://jayisgames.com/review/the-roomz.php	https://jayisgames.com/review/the-roomz.php#comment-120836	February 13, 2007 2:16 PM
20210622052539	https://jayisgames.com/review/the-roomz.php	https://jayisgames.com/review/the-roomz.php#comment-120837	February 13, 2007 2:25 PM
20210622052539	https://jayisgames.com/review/the-roomz.php	https://jayisgames.com/review/the-roomz.php#comment-120838	February 13, 2007 2:28 PM
20210622052539	https://jayisgames.com/review/the-roomz.php	https://jayisgames.com/review/the-roomz.php#comment-120840	February 13, 2007 2:34 PM
20210622052539	https://jayisgames.com/review/the-roomz.php	https://jayisgames.com/review/the-roomz.php#comment-120842	February 13, 2007 2:36 PM
20210622052539	https://jayisgames.com/review/the-roomz.php	https://jayisgames.com/review/the-roomz.php#comment-120843	February 13, 2007 2:38 PM
20210622052539	https://jayisgames.com/review/the-roomz.php	https://jayisgames.com/review/the-roomz.php#comment-120844	February 13, 2007 2:39 PM
20210622052539	https://jayisgames.com/review/the-roomz.php	https://jayisgames.com/review/the-roomz.php#comment-120845	February 13, 2007 2:43 PM
20210622052539	https://jayisgames.com/review/the-roomz.php	https://jayisgames.com/review/the-roomz.php#comment-120846	February 13, 2007 2:43 PM
20210622052539	https://jayisgames.com/review/the-roomz.php	https://jayisgames.com/review/the-roomz.php#comment-120847	February 13, 2007 2:47 PM
20210622052539	https://jayisgames.com/review/the-roomz.php	https://jayisgames.com/review/the-roomz.php#comment-120850	February 13, 2007 3:09 PM
20210622052539	https://jayisgames.com/review/the-roomz.php	https://jayisgames.com/review/the-roomz.php#comment-120851	February 13, 2007 3:11 PM
20210622052539	https://jayisgames.com/review/the-roomz.php	https://jayisgames.com/review/the-roomz.php#comment-120852	February 13, 2007 3:11 PM
20210622052539	https://jayisgames.com/review/the-roomz.php	https://jayisgames.com/review/the-roomz.php#comment-120853	February 13, 2007 3:21 PM
20210622052539	https://jayisgames.com/review/the-roomz.php	https://jayisgames.com/review/the-roomz.php#comment-120854	February 13, 2007 3:23 PM
20210622052539	https://jayisgames.com/review/the-roomz.php	https://jayisgames.com/review/the-roomz.php#comment-120855	February 13, 2007 3:24 PM
20210622052539	https://jayisgames.com/review/the-roomz.php	https://jayisgames.com/review/the-roomz.php#comment-120857	February 13, 2007 3:30 PM
20210622052539	https://jayisgames.com/review/the-roomz.php	https://jayisgames.com/review/the-roomz.php#comment-120858	February 13, 2007 3:31 PM
20210622052539	https://jayisgames.com/review/the-roomz.php	https://jayisgames.com/review/the-roomz.php#comment-120859	February 13, 2007 3:31 PM
20210622052539	https://jayisgames.com/review/the-roomz.php	https://jayisgames.com/review/the-roomz.php#comment-120860	February 13, 2007 3:33 PM
20210622052539	https://jayisgames.com/review/the-roomz.php	https://jayisgames.com/review/the-roomz.php#comment-120861	February 13, 2007 3:40 PM
20210622052539	https://jayisgames.com/review/the-roomz.php	https://jayisgames.com/review/the-roomz.php#comment-120862	February 13, 2007 3:40 PM
20210622052539	https://jayisgames.com/review/the-roomz.php	https://jayisgames.com/review/the-roomz.php#comment-120864	February 13, 2007 3:45 PM
20210622052539	https://jayisgames.com/review/the-roomz.php	https://jayisgames.com/review/the-roomz.php#comment-120865	February 13, 2007 3:45 PM
20210622052539	https://jayisgames.com/review/the-roomz.php	https://jayisgames.com/review/the-roomz.php#comment-120866	February 13, 2007 3:51 PM
20210622052539	https://jayisgames.com/review/the-roomz.php	https://jayisgames.com/review/the-roomz.php#comment-120867	February 13, 2007 3:52 PM
20210622052539	https://jayisgames.com/review/the-roomz.php	https://jayisgames.com/review/the-roomz.php#comment-120868	February 13, 2007 4:10 PM
20210622052539	https://jayisgames.com/review/the-roomz.php	https://jayisgames.com/review/the-roomz.php#comment-120869	February 13, 2007 4:10 PM
20210622052539	https://jayisgames.com/review/the-roomz.php	https://jayisgames.com/review/the-roomz.php#comment-120870	February 13, 2007 4:11 PM
20210622052539	https://jayisgames.com/review/the-roomz.php	https://jayisgames.com/review/the-roomz.php#comment-120879	February 13, 2007 4:31 PM
20210622052539	https://jayisgames.com/review/the-roomz.php	https://jayisgames.com/review/the-roomz.php#comment-120882	February 13, 2007 4:38 PM
20210622052539	https://jayisgames.com/review/the-roomz.php	https://jayisgames.com/review/the-roomz.php#comment-120883	February 13, 2007 4:43 PM
20210622052539	https://jayisgames.com/review/the-roomz.php	https://jayisgames.com/review/the-roomz.php#comment-120884	February 13, 2007 4:46 PM
20210622052539	https://jayisgames.com/review/the-roomz.php	https://jayisgames.com/review/the-roomz.php#comment-120885	February 13, 2007 4:49 PM
20210622052539	https://jayisgames.com/review/the-roomz.php	https://jayisgames.com/review/the-roomz.php#comment-120886	February 13, 2007 4:50 PM
20210622052539	https://jayisgames.com/review/the-roomz.php	https://jayisgames.com/review/the-roomz.php#comment-120887	February 13, 2007 4:54 PM
20210622052539	https://jayisgames.com/review/the-roomz.php	https://jayisgames.com/review/the-roomz.php#comment-120888	February 13, 2007 4:58 PM
20210622052539	https://jayisgames.com/review/the-roomz.php	https://jayisgames.com/review/the-roomz.php#comment-120889	February 13, 2007 5:07 PM
20210622052539	https://jayisgames.com/review/the-roomz.php	https://jayisgames.com/review/the-roomz.php#comment-120890	February 13, 2007 5:13 PM
20210622052539	https://jayisgames.com/review/the-roomz.php	https://jayisgames.com/review/the-roomz.php#comment-120891	February 13, 2007 5:13 PM
20210622052539	https://jayisgames.com/review/the-roomz.php	https://jayisgames.com/review/the-roomz.php#comment-120893	February 13, 2007 5:21 PM
20210622052539	https://jayisgames.com/review/the-roomz.php	https://jayisgames.com/review/the-roomz.php#comment-120894	February 13, 2007 5:25 PM
20210622052539	https://jayisgames.com/review/the-roomz.php	https://jayisgames.com/review/the-roomz.php#comment-120897	February 13, 2007 5:27 PM
20210622052539	https://jayisgames.com/review/the-roomz.php	https://jayisgames.com/review/the-roomz.php#comment-120899	February 13, 2007 5:31 PM
20210622052539	https://jayisgames.com/review/the-roomz.php	https://jayisgames.com/review/the-roomz.php#comment-120900	February 13, 2007 5:31 PM
20210622052539	https://jayisgames.com/review/the-roomz.php	https://jayisgames.com/review/the-roomz.php#comment-120901	February 13, 2007 5:36 PM
20210622052539	https://jayisgames.com/review/the-roomz.php	https://jayisgames.com/review/the-roomz.php#comment-120902	February 13, 2007 5:40 PM
20210622052539	https://jayisgames.com/review/the-roomz.php	https://jayisgames.com/review/the-roomz.php#comment-120903	February 13, 2007 5:41 PM
20210622052539	https://jayisgames.com/review/the-roomz.php	https://jayisgames.com/review/the-roomz.php#comment-120904	February 13, 2007 5:48 PM
20210622052539	https://jayisgames.com/review/the-roomz.php	https://jayisgames.com/review/the-roomz.php#comment-120906	February 13, 2007 6:00 PM
20210622052539	https://jayisgames.com/review/the-roomz.php	https://jayisgames.com/review/the-roomz.php#comment-120907	February 13, 2007 6:02 PM
20210622052539	https://jayisgames.com/review/the-roomz.php	https://jayisgames.com/review/the-roomz.php#comment-120908	February 13, 2007 6:15 PM
20210622052539	https://jayisgames.com/review/the-roomz.php	https://jayisgames.com/review/the-roomz.php#comment-120909	February 13, 2007 6:23 PM
20210622052539	https://jayisgames.com/review/the-roomz.php	https://jayisgames.com/review/the-roomz.php#comment-120911	February 13, 2007 6:29 PM
20210622052539	https://jayisgames.com/review/the-roomz.php	https://jayisgames.com/review/the-roomz.php#comment-120912	February 13, 2007 6:33 PM
20210622052539	https://jayisgames.com/review/the-roomz.php	https://jayisgames.com/review/the-roomz.php#comment-120913	February 13, 2007 6:36 PM
20210622052539	https://jayisgames.com/review/the-roomz.php	https://jayisgames.com/review/the-roomz.php#comment-120914	February 13, 2007 6:36 PM
20210622052539	https://jayisgames.com/review/the-roomz.php	https://jayisgames.com/review/the-roomz.php#comment-120917	February 13, 2007 6:49 PM
20210622052539	https://jayisgames.com/review/the-roomz.php	https://jayisgames.com/review/the-roomz.php#comment-120918	February 13, 2007 6:57 PM
20210622052539	https://jayisgames.com/review/the-roomz.php	https://jayisgames.com/review/the-roomz.php#comment-120919	February 13, 2007 7:20 PM
20210622052539	https://jayisgames.com/review/the-roomz.php	https://jayisgames.com/review/the-roomz.php#comment-120920	February 13, 2007 7:25 PM
20210622052539	https://jayisgames.com/review/the-roomz.php	https://jayisgames.com/review/the-roomz.php#comment-120921	February 13, 2007 7:32 PM
20210622052539	https://jayisgames.com/review/the-roomz.php	https://jayisgames.com/review/the-roomz.php#comment-120922	February 13, 2007 7:36 PM
20210622052539	https://jayisgames.com/review/the-roomz.php	https://jayisgames.com/review/the-roomz.php#comment-120924	February 13, 2007 7:43 PM
20210622052539	https://jayisgames.com/review/the-roomz.php	https://jayisgames.com/review/the-roomz.php#comment-120926	February 13, 2007 7:51 PM
20210622052539	https://jayisgames.com/review/the-roomz.php	https://jayisgames.com/review/the-roomz.php#comment-120927	February 13, 2007 7:51 PM
20210622052539	https://jayisgames.com/review/the-roomz.php	https://jayisgames.com/review/the-roomz.php#comment-120928	February 13, 2007 8:04 PM
20210622052539	https://jayisgames.com/review/the-roomz.php	https://jayisgames.com/review/the-roomz.php#comment-120929	February 13, 2007 8:06 PM
20210622052539	https://jayisgames.com/review/the-roomz.php	https://jayisgames.com/review/the-roomz.php#comment-120931	February 13, 2007 8:08 PM
20210622052539	https://jayisgames.com/review/the-roomz.php	https://jayisgames.com/review/the-roomz.php#comment-120932	February 13, 2007 8:08 PM
20210622052539	https://jayisgames.com/review/the-roomz.php	https://jayisgames.com/review/the-roomz.php#comment-120934	February 13, 2007 8:10 PM
20210622052539	https://jayisgames.com/review/the-roomz.php	https://jayisgames.com/review/the-roomz.php#comment-120935	February 13, 2007 8:30 PM
20210622052539	https://jayisgames.com/review/the-roomz.php	https://jayisgames.com/review/the-roomz.php#comment-120937	February 13, 2007 9:02 PM
20210622052539	https://jayisgames.com/review/the-roomz.php	https://jayisgames.com/review/the-roomz.php#comment-120940	February 13, 2007 9:33 PM
20210622052539	https://jayisgames.com/review/the-roomz.php	https://jayisgames.com/review/the-roomz.php#comment-120941	February 13, 2007 9:35 PM
20210622052539	https://jayisgames.com/review/the-roomz.php	https://jayisgames.com/review/the-roomz.php#comment-120942	February 13, 2007 9:35 PM
20210622052539	https://jayisgames.com/review/the-roomz.php	https://jayisgames.com/review/the-roomz.php#comment-120945	February 13, 2007 9:57 PM
20210622052539	https://jayisgames.com/review/the-roomz.php	https://jayisgames.com/review/the-roomz.php#comment-120946	February 13, 2007 10:11 PM
20210622052539	https://jayisgames.com/review/the-roomz.php	https://jayisgames.com/review/the-roomz.php#comment-120947	February 13, 2007 10:25 PM
20210622052539	https://jayisgames.com/review/the-roomz.php	https://jayisgames.com/review/the-roomz.php#comment-120948	February 13, 2007 10:26 PM
20210622052539	https://jayisgames.com/review/the-roomz.php	https://jayisgames.com/review/the-roomz.php#comment-120950	February 13, 2007 10:33 PM
20210622052539	https://jayisgames.com/review/the-roomz.php	https://jayisgames.com/review/the-roomz.php#comment-120951	February 13, 2007 10:36 PM
20210622052539	https://jayisgames.com/review/the-roomz.php	https://jayisgames.com/review/the-roomz.php#comment-120952	February 13, 2007 10:38 PM
20210622052539	https://jayisgames.com/review/the-roomz.php	https://jayisgames.com/review/the-roomz.php#comment-120955	February 13, 2007 10:52 PM
20210622052539	https://jayisgames.com/review/the-roomz.php	https://jayisgames.com/review/the-roomz.php#comment-120956	February 13, 2007 11:11 PM
20210622052539	https://jayisgames.com/review/the-roomz.php	https://jayisgames.com/review/the-roomz.php#comment-120959	February 13, 2007 11:15 PM
20210622052539	https://jayisgames.com/review/the-roomz.php	https://jayisgames.com/review/the-roomz.php#comment-120962	February 13, 2007 11:27 PM
20210622052539	https://jayisgames.com/review/the-roomz.php	https://jayisgames.com/review/the-roomz.php#comment-120963	February 13, 2007 11:32 PM
20210622052539	https://jayisgames.com/review/the-roomz.php	https://jayisgames.com/review/the-roomz.php#comment-120964	February 13, 2007 11:35 PM
20210622052539	https://jayisgames.com/review/the-roomz.php	https://jayisgames.com/review/the-roomz.php#comment-120965	February 13, 2007 11:38 PM
20210622052539	https://jayisgames.com/review/the-roomz.php	https://jayisgames.com/review/the-roomz.php#comment-120967	February 13, 2007 11:47 PM
20210622052539	https://jayisgames.com/review/the-roomz.php	https://jayisgames.com/review/the-roomz.php#comment-120969	February 13, 2007 11:51 PM
20210622052539	https://jayisgames.com/review/the-roomz.php	https://jayisgames.com/review/the-roomz.php#comment-262797	April 28, 2008 1:46 PM
20210622052539	https://jayisgames.com/review/the-roomz.php	https://jayisgames.com/review/the-roomz.php#comment-262808	April 28, 2008 2:55 PM
20210622052539	https://jayisgames.com/review/the-roomz.php	https://jayisgames.com/review/the-roomz.php#comment-264645	May 13, 2008 7:03 PM
20210622052539	https://jayisgames.com/review/the-roomz.php	https://jayisgames.com/review/the-roomz.php#comment-265323	May 19, 2008 7:45 AM
20210622052539	https://jayisgames.com/review/the-roomz.php	https://jayisgames.com/review/the-roomz.php#comment-265865	May 24, 2008 12:06 PM
20210622052539	https://jayisgames.com/review/the-roomz.php	https://jayisgames.com/review/the-roomz.php#comment-266052	May 26, 2008 11:42 AM
20210622052539	https://jayisgames.com/review/the-roomz.php	https://jayisgames.com/review/the-roomz.php#comment-266256	May 28, 2008 6:44 AM
20210622052539	https://jayisgames.com/review/the-roomz.php	https://jayisgames.com/review/the-roomz.php#comment-266748	May 31, 2008 9:58 AM
20210622052539	https://jayisgames.com/review/the-roomz.php	https://jayisgames.com/review/the-roomz.php#comment-267508	June 5, 2008 5:00 AM
20210622052539	https://jayisgames.com/review/the-roomz.php	https://jayisgames.com/review/the-roomz.php#comment-273276	July 4, 2008 8:46 PM
20210622052539	https://jayisgames.com/review/the-roomz.php	https://jayisgames.com/review/the-roomz.php#comment-276495	July 25, 2008 10:16 AM
20210622052539	https://jayisgames.com/review/the-roomz.php	https://jayisgames.com/review/the-roomz.php#comment-277962	August 3, 2008 11:47 PM
20210622052539	https://jayisgames.com/review/the-roomz.php	https://jayisgames.com/review/the-roomz.php#comment-284880	September 28, 2008 10:45 AM
20210622052539	https://jayisgames.com/review/the-roomz.php	https://jayisgames.com/review/the-roomz.php#comment-345181	November 29, 2009 9:07 PM
20210622052539	https://jayisgames.com/review/the-roomz.php	https://jayisgames.com/review/the-roomz.php#comment-357403	March 16, 2010 4:51 PM
20210622052539	https://jayisgames.com/review/the-roomz.php	https://jayisgames.com/review/the-roomz.php#comment-380638	October 16, 2010 1:56 PM
20210622052539	https://jayisgames.com/review/the-roomz.php	https://jayisgames.com/review/the-roomz.php#comment-380680	October 17, 2010 10:52 AM
20210622052539	https://jayisgames.com/review/the-roomz.php	https://jayisgames.com/review/the-roomz.php#comment-380681	October 17, 2010 12:05 PM
20211019000945	https://www.jayisgames.com/review/the-roomz.php	https://jayisgames.com/review/the-roomz.php#walkthrough	Walkthrough
20211019000945	https://www.jayisgames.com/review/the-roomz.php	https://jayisgames.com/review/the-roomz.php#comments	Comments (818)
20211019000945	https://www.jayisgames.com/review/the-roomz.php	http://dreamwardgames.com/theroomz/	
20211019000945	https://www.jayisgames.com/review/the-roomz.php	http://dreamwardgames.com/theroomz/	The Roomz
20211019000945	https://www.jayisgames.com/review/the-roomz.php	http://dreamwardgames.com/theroomz/	Play The Roomz
20211019000945	https://www.jayisgames.com/review/the-roomz.php	https://jayisgames.com/review/the-roomz.php#walkthrough	The Roomz Walkthrough
20211019000945	https://www.jayisgames.com/review/the-roomz.php	https://jayisgames.com/review/the-roomz.php#walkthrough	Walkthrough Guide
20211019000945	https://www.jayisgames.com/review/the-roomz.php	http://www.theroomz.yoyo.pl/danger/map.htm/	http://www.theroomz.yoyo.pl/danger/map.htm/
20211019000945	https://www.jayisgames.com/review/the-roomz.php	https://jayisgames.com/review/the-roomz.php#comment-120824	February 13, 2007 1:20 PM
20211019000945	https://www.jayisgames.com/review/the-roomz.php	https://jayisgames.com/review/the-roomz.php#comment-120825	February 13, 2007 1:22 PM
20211019000945	https://www.jayisgames.com/review/the-roomz.php	https://jayisgames.com/review/the-roomz.php#comment-120826	February 13, 2007 1:35 PM
20211019000945	https://www.jayisgames.com/review/the-roomz.php	https://jayisgames.com/review/the-roomz.php#comment-120828	February 13, 2007 1:44 PM
20211019000945	https://www.jayisgames.com/review/the-roomz.php	https://jayisgames.com/review/the-roomz.php#comment-120829	February 13, 2007 1:56 PM
20211019000945	https://www.jayisgames.com/review/the-roomz.php	https://jayisgames.com/review/the-roomz.php#comment-120831	February 13, 2007 2:03 PM
20211019000945	https://www.jayisgames.com/review/the-roomz.php	https://jayisgames.com/review/the-roomz.php#comment-120832	February 13, 2007 2:09 PM
20211019000945	https://www.jayisgames.com/review/the-roomz.php	https://jayisgames.com/review/the-roomz.php#comment-120833	February 13, 2007 2:14 PM
20211019000945	https://www.jayisgames.com/review/the-roomz.php	https://jayisgames.com/review/the-roomz.php#comment-120836	February 13, 2007 2:16 PM
20211019000945	https://www.jayisgames.com/review/the-roomz.php	https://jayisgames.com/review/the-roomz.php#comment-120837	February 13, 2007 2:25 PM
20211019000945	https://www.jayisgames.com/review/the-roomz.php	https://jayisgames.com/review/the-roomz.php#comment-120838	February 13, 2007 2:28 PM
20211019000945	https://www.jayisgames.com/review/the-roomz.php	https://jayisgames.com/review/the-roomz.php#comment-120840	February 13, 2007 2:34 PM
20211019000945	https://www.jayisgames.com/review/the-roomz.php	https://jayisgames.com/review/the-roomz.php#comment-120842	February 13, 2007 2:36 PM
20211019000945	https://www.jayisgames.com/review/the-roomz.php	https://jayisgames.com/review/the-roomz.php#comment-120843	February 13, 2007 2:38 PM
20211019000945	https://www.jayisgames.com/review/the-roomz.php	https://jayisgames.com/review/the-roomz.php#comment-120844	February 13, 2007 2:39 PM
20211019000945	https://www.jayisgames.com/review/the-roomz.php	https://jayisgames.com/review/the-roomz.php#comment-120845	February 13, 2007 2:43 PM
20211019000945	https://www.jayisgames.com/review/the-roomz.php	https://jayisgames.com/review/the-roomz.php#comment-120846	February 13, 2007 2:43 PM
20211019000945	https://www.jayisgames.com/review/the-roomz.php	https://jayisgames.com/review/the-roomz.php#comment-120847	February 13, 2007 2:47 PM
20211019000945	https://www.jayisgames.com/review/the-roomz.php	https://jayisgames.com/review/the-roomz.php#comment-120850	February 13, 2007 3:09 PM
20211019000945	https://www.jayisgames.com/review/the-roomz.php	https://jayisgames.com/review/the-roomz.php#comment-120851	February 13, 2007 3:11 PM
20211019000945	https://www.jayisgames.com/review/the-roomz.php	https://jayisgames.com/review/the-roomz.php#comment-120852	February 13, 2007 3:11 PM
20211019000945	https://www.jayisgames.com/review/the-roomz.php	https://jayisgames.com/review/the-roomz.php#comment-120853	February 13, 2007 3:21 PM
20211019000945	https://www.jayisgames.com/review/the-roomz.php	https://jayisgames.com/review/the-roomz.php#comment-120854	February 13, 2007 3:23 PM
20211019000945	https://www.jayisgames.com/review/the-roomz.php	https://jayisgames.com/review/the-roomz.php#comment-120855	February 13, 2007 3:24 PM
20211019000945	https://www.jayisgames.com/review/the-roomz.php	https://jayisgames.com/review/the-roomz.php#comment-120857	February 13, 2007 3:30 PM
20211019000945	https://www.jayisgames.com/review/the-roomz.php	https://jayisgames.com/review/the-roomz.php#comment-120858	February 13, 2007 3:31 PM
20211019000945	https://www.jayisgames.com/review/the-roomz.php	https://jayisgames.com/review/the-roomz.php#comment-120859	February 13, 2007 3:31 PM
20211019000945	https://www.jayisgames.com/review/the-roomz.php	https://jayisgames.com/review/the-roomz.php#comment-120860	February 13, 2007 3:33 PM
20211019000945	https://www.jayisgames.com/review/the-roomz.php	https://jayisgames.com/review/the-roomz.php#comment-120861	February 13, 2007 3:40 PM
20211019000945	https://www.jayisgames.com/review/the-roomz.php	https://jayisgames.com/review/the-roomz.php#comment-120862	February 13, 2007 3:40 PM
20211019000945	https://www.jayisgames.com/review/the-roomz.php	https://jayisgames.com/review/the-roomz.php#comment-120864	February 13, 2007 3:45 PM
20211019000945	https://www.jayisgames.com/review/the-roomz.php	https://jayisgames.com/review/the-roomz.php#comment-120865	February 13, 2007 3:45 PM
20211019000945	https://www.jayisgames.com/review/the-roomz.php	https://jayisgames.com/review/the-roomz.php#comment-120866	February 13, 2007 3:51 PM
20211019000945	https://www.jayisgames.com/review/the-roomz.php	https://jayisgames.com/review/the-roomz.php#comment-120867	February 13, 2007 3:52 PM
20211019000945	https://www.jayisgames.com/review/the-roomz.php	https://jayisgames.com/review/the-roomz.php#comment-120868	February 13, 2007 4:10 PM
20211019000945	https://www.jayisgames.com/review/the-roomz.php	https://jayisgames.com/review/the-roomz.php#comment-120869	February 13, 2007 4:10 PM
20211019000945	https://www.jayisgames.com/review/the-roomz.php	https://jayisgames.com/review/the-roomz.php#comment-120870	February 13, 2007 4:11 PM
20211019000945	https://www.jayisgames.com/review/the-roomz.php	https://jayisgames.com/review/the-roomz.php#comment-120879	February 13, 2007 4:31 PM
20211019000945	https://www.jayisgames.com/review/the-roomz.php	https://jayisgames.com/review/the-roomz.php#comment-120882	February 13, 2007 4:38 PM
20211019000945	https://www.jayisgames.com/review/the-roomz.php	https://jayisgames.com/review/the-roomz.php#comment-120883	February 13, 2007 4:43 PM
20211019000945	https://www.jayisgames.com/review/the-roomz.php	https://jayisgames.com/review/the-roomz.php#comment-120884	February 13, 2007 4:46 PM
20211019000945	https://www.jayisgames.com/review/the-roomz.php	https://jayisgames.com/review/the-roomz.php#comment-120885	February 13, 2007 4:49 PM
20211019000945	https://www.jayisgames.com/review/the-roomz.php	https://jayisgames.com/review/the-roomz.php#comment-120886	February 13, 2007 4:50 PM
20211019000945	https://www.jayisgames.com/review/the-roomz.php	https://jayisgames.com/review/the-roomz.php#comment-120887	February 13, 2007 4:54 PM
20211019000945	https://www.jayisgames.com/review/the-roomz.php	https://jayisgames.com/review/the-roomz.php#comment-120888	February 13, 2007 4:58 PM
20211019000945	https://www.jayisgames.com/review/the-roomz.php	https://jayisgames.com/review/the-roomz.php#comment-120889	February 13, 2007 5:07 PM
20211019000945	https://www.jayisgames.com/review/the-roomz.php	https://jayisgames.com/review/the-roomz.php#comment-120890	February 13, 2007 5:13 PM
20211019000945	https://www.jayisgames.com/review/the-roomz.php	https://jayisgames.com/review/the-roomz.php#comment-120891	February 13, 2007 5:13 PM
20211019000945	https://www.jayisgames.com/review/the-roomz.php	https://jayisgames.com/review/the-roomz.php#comment-120893	February 13, 2007 5:21 PM
20211019000945	https://www.jayisgames.com/review/the-roomz.php	https://jayisgames.com/review/the-roomz.php#comment-120894	February 13, 2007 5:25 PM
20211019000945	https://www.jayisgames.com/review/the-roomz.php	https://jayisgames.com/review/the-roomz.php#comment-120897	February 13, 2007 5:27 PM
20211019000945	https://www.jayisgames.com/review/the-roomz.php	https://jayisgames.com/review/the-roomz.php#comment-120899	February 13, 2007 5:31 PM
20211019000945	https://www.jayisgames.com/review/the-roomz.php	https://jayisgames.com/review/the-roomz.php#comment-120900	February 13, 2007 5:31 PM
20211019000945	https://www.jayisgames.com/review/the-roomz.php	https://jayisgames.com/review/the-roomz.php#comment-120901	February 13, 2007 5:36 PM
20211019000945	https://www.jayisgames.com/review/the-roomz.php	https://jayisgames.com/review/the-roomz.php#comment-120902	February 13, 2007 5:40 PM
20211019000945	https://www.jayisgames.com/review/the-roomz.php	https://jayisgames.com/review/the-roomz.php#comment-120903	February 13, 2007 5:41 PM
20211019000945	https://www.jayisgames.com/review/the-roomz.php	https://jayisgames.com/review/the-roomz.php#comment-120904	February 13, 2007 5:48 PM
20211019000945	https://www.jayisgames.com/review/the-roomz.php	https://jayisgames.com/review/the-roomz.php#comment-120906	February 13, 2007 6:00 PM
20211019000945	https://www.jayisgames.com/review/the-roomz.php	https://jayisgames.com/review/the-roomz.php#comment-120907	February 13, 2007 6:02 PM
20211019000945	https://www.jayisgames.com/review/the-roomz.php	https://jayisgames.com/review/the-roomz.php#comment-120908	February 13, 2007 6:15 PM
20211019000945	https://www.jayisgames.com/review/the-roomz.php	https://jayisgames.com/review/the-roomz.php#comment-120909	February 13, 2007 6:23 PM
20211019000945	https://www.jayisgames.com/review/the-roomz.php	https://jayisgames.com/review/the-roomz.php#comment-120911	February 13, 2007 6:29 PM
20211019000945	https://www.jayisgames.com/review/the-roomz.php	https://jayisgames.com/review/the-roomz.php#comment-120912	February 13, 2007 6:33 PM
20211019000945	https://www.jayisgames.com/review/the-roomz.php	https://jayisgames.com/review/the-roomz.php#comment-120913	February 13, 2007 6:36 PM
20211019000945	https://www.jayisgames.com/review/the-roomz.php	https://jayisgames.com/review/the-roomz.php#comment-120914	February 13, 2007 6:36 PM
20211019000945	https://www.jayisgames.com/review/the-roomz.php	https://jayisgames.com/review/the-roomz.php#comment-120917	February 13, 2007 6:49 PM
20211019000945	https://www.jayisgames.com/review/the-roomz.php	https://jayisgames.com/review/the-roomz.php#comment-120918	February 13, 2007 6:57 PM
20211019000945	https://www.jayisgames.com/review/the-roomz.php	https://jayisgames.com/review/the-roomz.php#comment-120919	February 13, 2007 7:20 PM
20211019000945	https://www.jayisgames.com/review/the-roomz.php	https://jayisgames.com/review/the-roomz.php#comment-120920	February 13, 2007 7:25 PM
20211019000945	https://www.jayisgames.com/review/the-roomz.php	https://jayisgames.com/review/the-roomz.php#comment-120921	February 13, 2007 7:32 PM
20211019000945	https://www.jayisgames.com/review/the-roomz.php	https://jayisgames.com/review/the-roomz.php#comment-120922	February 13, 2007 7:36 PM
20211019000945	https://www.jayisgames.com/review/the-roomz.php	https://jayisgames.com/review/the-roomz.php#comment-120924	February 13, 2007 7:43 PM
20211019000945	https://www.jayisgames.com/review/the-roomz.php	https://jayisgames.com/review/the-roomz.php#comment-120926	February 13, 2007 7:51 PM
20211019000945	https://www.jayisgames.com/review/the-roomz.php	https://jayisgames.com/review/the-roomz.php#comment-120927	February 13, 2007 7:51 PM
20211019000945	https://www.jayisgames.com/review/the-roomz.php	https://jayisgames.com/review/the-roomz.php#comment-120928	February 13, 2007 8:04 PM
20211019000945	https://www.jayisgames.com/review/the-roomz.php	https://jayisgames.com/review/the-roomz.php#comment-120929	February 13, 2007 8:06 PM
20211019000945	https://www.jayisgames.com/review/the-roomz.php	https://jayisgames.com/review/the-roomz.php#comment-120931	February 13, 2007 8:08 PM
20211019000945	https://www.jayisgames.com/review/the-roomz.php	https://jayisgames.com/review/the-roomz.php#comment-120932	February 13, 2007 8:08 PM
20211019000945	https://www.jayisgames.com/review/the-roomz.php	https://jayisgames.com/review/the-roomz.php#comment-120934	February 13, 2007 8:10 PM
20211019000945	https://www.jayisgames.com/review/the-roomz.php	https://jayisgames.com/review/the-roomz.php#comment-120935	February 13, 2007 8:30 PM
20211019000945	https://www.jayisgames.com/review/the-roomz.php	https://jayisgames.com/review/the-roomz.php#comment-120937	February 13, 2007 9:02 PM
20211019000945	https://www.jayisgames.com/review/the-roomz.php	https://jayisgames.com/review/the-roomz.php#comment-120940	February 13, 2007 9:33 PM
20211019000945	https://www.jayisgames.com/review/the-roomz.php	https://jayisgames.com/review/the-roomz.php#comment-120941	February 13, 2007 9:35 PM
20211019000945	https://www.jayisgames.com/review/the-roomz.php	https://jayisgames.com/review/the-roomz.php#comment-120942	February 13, 2007 9:35 PM
20211019000945	https://www.jayisgames.com/review/the-roomz.php	https://jayisgames.com/review/the-roomz.php#comment-120945	February 13, 2007 9:57 PM
20211019000945	https://www.jayisgames.com/review/the-roomz.php	https://jayisgames.com/review/the-roomz.php#comment-120946	February 13, 2007 10:11 PM
20211019000945	https://www.jayisgames.com/review/the-roomz.php	https://jayisgames.com/review/the-roomz.php#comment-120947	February 13, 2007 10:25 PM
20211019000945	https://www.jayisgames.com/review/the-roomz.php	https://jayisgames.com/review/the-roomz.php#comment-120948	February 13, 2007 10:26 PM
20211019000945	https://www.jayisgames.com/review/the-roomz.php	https://jayisgames.com/review/the-roomz.php#comment-120950	February 13, 2007 10:33 PM
20211019000945	https://www.jayisgames.com/review/the-roomz.php	https://jayisgames.com/review/the-roomz.php#comment-120951	February 13, 2007 10:36 PM
20211019000945	https://www.jayisgames.com/review/the-roomz.php	https://jayisgames.com/review/the-roomz.php#comment-120952	February 13, 2007 10:38 PM
20211019000945	https://www.jayisgames.com/review/the-roomz.php	https://jayisgames.com/review/the-roomz.php#comment-120955	February 13, 2007 10:52 PM
20211019000945	https://www.jayisgames.com/review/the-roomz.php	https://jayisgames.com/review/the-roomz.php#comment-120956	February 13, 2007 11:11 PM
20211019000945	https://www.jayisgames.com/review/the-roomz.php	https://jayisgames.com/review/the-roomz.php#comment-120959	February 13, 2007 11:15 PM
20211019000945	https://www.jayisgames.com/review/the-roomz.php	https://jayisgames.com/review/the-roomz.php#comment-120962	February 13, 2007 11:27 PM
20211019000945	https://www.jayisgames.com/review/the-roomz.php	https://jayisgames.com/review/the-roomz.php#comment-120963	February 13, 2007 11:32 PM
20211019000945	https://www.jayisgames.com/review/the-roomz.php	https://jayisgames.com/review/the-roomz.php#comment-120964	February 13, 2007 11:35 PM
20211019000945	https://www.jayisgames.com/review/the-roomz.php	https://jayisgames.com/review/the-roomz.php#comment-120965	February 13, 2007 11:38 PM
20211019000945	https://www.jayisgames.com/review/the-roomz.php	https://jayisgames.com/review/the-roomz.php#comment-120967	February 13, 2007 11:47 PM
20211019000945	https://www.jayisgames.com/review/the-roomz.php	https://jayisgames.com/review/the-roomz.php#comment-120969	February 13, 2007 11:51 PM
20211019000945	https://www.jayisgames.com/review/the-roomz.php	https://jayisgames.com/review/the-roomz.php#comment-262797	April 28, 2008 1:46 PM
20211019000945	https://www.jayisgames.com/review/the-roomz.php	https://jayisgames.com/review/the-roomz.php#comment-262808	April 28, 2008 2:55 PM
20211019000945	https://www.jayisgames.com/review/the-roomz.php	https://jayisgames.com/review/the-roomz.php#comment-264645	May 13, 2008 7:03 PM
20211019000945	https://www.jayisgames.com/review/the-roomz.php	https://jayisgames.com/review/the-roomz.php#comment-265323	May 19, 2008 7:45 AM
20211019000945	https://www.jayisgames.com/review/the-roomz.php	https://jayisgames.com/review/the-roomz.php#comment-265865	May 24, 2008 12:06 PM
20211019000945	https://www.jayisgames.com/review/the-roomz.php	https://jayisgames.com/review/the-roomz.php#comment-266052	May 26, 2008 11:42 AM
20211019000945	https://www.jayisgames.com/review/the-roomz.php	https://jayisgames.com/review/the-roomz.php#comment-266256	May 28, 2008 6:44 AM
20211019000945	https://www.jayisgames.com/review/the-roomz.php	https://jayisgames.com/review/the-roomz.php#comment-266748	May 31, 2008 9:58 AM
20211019000945	https://www.jayisgames.com/review/the-roomz.php	https://jayisgames.com/review/the-roomz.php#comment-267508	June 5, 2008 5:00 AM
20211019000945	https://www.jayisgames.com/review/the-roomz.php	https://jayisgames.com/review/the-roomz.php#comment-273276	July 4, 2008 8:46 PM
20211019000945	https://www.jayisgames.com/review/the-roomz.php	https://jayisgames.com/review/the-roomz.php#comment-276495	July 25, 2008 10:16 AM
20211019000945	https://www.jayisgames.com/review/the-roomz.php	https://jayisgames.com/review/the-roomz.php#comment-277962	August 3, 2008 11:47 PM
20211019000945	https://www.jayisgames.com/review/the-roomz.php	https://jayisgames.com/review/the-roomz.php#comment-284880	September 28, 2008 10:45 AM
20211019000945	https://www.jayisgames.com/review/the-roomz.php	https://jayisgames.com/review/the-roomz.php#comment-345181	November 29, 2009 9:07 PM
20211019000945	https://www.jayisgames.com/review/the-roomz.php	https://jayisgames.com/review/the-roomz.php#comment-357403	March 16, 2010 4:51 PM
20211019000945	https://www.jayisgames.com/review/the-roomz.php	https://jayisgames.com/review/the-roomz.php#comment-380638	October 16, 2010 1:56 PM
20211019000945	https://www.jayisgames.com/review/the-roomz.php	https://jayisgames.com/review/the-roomz.php#comment-380680	October 17, 2010 10:52 AM
20211019000945	https://www.jayisgames.com/review/the-roomz.php	https://jayisgames.com/review/the-roomz.php#comment-380681	October 17, 2010 12:05 PM
20211020030919	https://jayisgames.com/review/the-roomz.php	https://jayisgames.com/review/the-roomz.php#walkthrough	Walkthrough
20211020030919	https://jayisgames.com/review/the-roomz.php	https://jayisgames.com/review/the-roomz.php#comments	Comments (818)
20211020030919	https://jayisgames.com/review/the-roomz.php	http://dreamwardgames.com/theroomz/	
20211020030919	https://jayisgames.com/review/the-roomz.php	http://dreamwardgames.com/theroomz/	The Roomz
20211020030919	https://jayisgames.com/review/the-roomz.php	http://dreamwardgames.com/theroomz/	Play The Roomz
20211020030919	https://jayisgames.com/review/the-roomz.php	https://jayisgames.com/review/the-roomz.php#walkthrough	The Roomz Walkthrough
20211020030919	https://jayisgames.com/review/the-roomz.php	https://jayisgames.com/review/the-roomz.php#walkthrough	Walkthrough Guide
20211020030919	https://jayisgames.com/review/the-roomz.php	http://www.theroomz.yoyo.pl/danger/map.htm/	http://www.theroomz.yoyo.pl/danger/map.htm/
20211020030919	https://jayisgames.com/review/the-roomz.php	https://jayisgames.com/review/the-roomz.php#comment-120824	February 13, 2007 1:20 PM
20211020030919	https://jayisgames.com/review/the-roomz.php	https://jayisgames.com/review/the-roomz.php#comment-120825	February 13, 2007 1:22 PM
20211020030919	https://jayisgames.com/review/the-roomz.php	https://jayisgames.com/review/the-roomz.php#comment-120826	February 13, 2007 1:35 PM
20211020030919	https://jayisgames.com/review/the-roomz.php	https://jayisgames.com/review/the-roomz.php#comment-120828	February 13, 2007 1:44 PM
20211020030919	https://jayisgames.com/review/the-roomz.php	https://jayisgames.com/review/the-roomz.php#comment-120829	February 13, 2007 1:56 PM
20211020030919	https://jayisgames.com/review/the-roomz.php	https://jayisgames.com/review/the-roomz.php#comment-120831	February 13, 2007 2:03 PM
20211020030919	https://jayisgames.com/review/the-roomz.php	https://jayisgames.com/review/the-roomz.php#comment-120832	February 13, 2007 2:09 PM
20211020030919	https://jayisgames.com/review/the-roomz.php	https://jayisgames.com/review/the-roomz.php#comment-120833	February 13, 2007 2:14 PM
20211020030919	https://jayisgames.com/review/the-roomz.php	https://jayisgames.com/review/the-roomz.php#comment-120836	February 13, 2007 2:16 PM
20211020030919	https://jayisgames.com/review/the-roomz.php	https://jayisgames.com/review/the-roomz.php#comment-120837	February 13, 2007 2:25 PM
20211020030919	https://jayisgames.com/review/the-roomz.php	https://jayisgames.com/review/the-roomz.php#comment-120838	February 13, 2007 2:28 PM
20211020030919	https://jayisgames.com/review/the-roomz.php	https://jayisgames.com/review/the-roomz.php#comment-120840	February 13, 2007 2:34 PM
20211020030919	https://jayisgames.com/review/the-roomz.php	https://jayisgames.com/review/the-roomz.php#comment-120842	February 13, 2007 2:36 PM
20211020030919	https://jayisgames.com/review/the-roomz.php	https://jayisgames.com/review/the-roomz.php#comment-120843	February 13, 2007 2:38 PM
20211020030919	https://jayisgames.com/review/the-roomz.php	https://jayisgames.com/review/the-roomz.php#comment-120844	February 13, 2007 2:39 PM
20211020030919	https://jayisgames.com/review/the-roomz.php	https://jayisgames.com/review/the-roomz.php#comment-120845	February 13, 2007 2:43 PM
20211020030919	https://jayisgames.com/review/the-roomz.php	https://jayisgames.com/review/the-roomz.php#comment-120846	February 13, 2007 2:43 PM
20211020030919	https://jayisgames.com/review/the-roomz.php	https://jayisgames.com/review/the-roomz.php#comment-120847	February 13, 2007 2:47 PM
20211020030919	https://jayisgames.com/review/the-roomz.php	https://jayisgames.com/review/the-roomz.php#comment-120850	February 13, 2007 3:09 PM
20211020030919	https://jayisgames.com/review/the-roomz.php	https://jayisgames.com/review/the-roomz.php#comment-120851	February 13, 2007 3:11 PM
20211020030919	https://jayisgames.com/review/the-roomz.php	https://jayisgames.com/review/the-roomz.php#comment-120852	February 13, 2007 3:11 PM
20211020030919	https://jayisgames.com/review/the-roomz.php	https://jayisgames.com/review/the-roomz.php#comment-120853	February 13, 2007 3:21 PM
20211020030919	https://jayisgames.com/review/the-roomz.php	https://jayisgames.com/review/the-roomz.php#comment-120854	February 13, 2007 3:23 PM
20211020030919	https://jayisgames.com/review/the-roomz.php	https://jayisgames.com/review/the-roomz.php#comment-120855	February 13, 2007 3:24 PM
20211020030919	https://jayisgames.com/review/the-roomz.php	https://jayisgames.com/review/the-roomz.php#comment-120857	February 13, 2007 3:30 PM
20211020030919	https://jayisgames.com/review/the-roomz.php	https://jayisgames.com/review/the-roomz.php#comment-120858	February 13, 2007 3:31 PM
20211020030919	https://jayisgames.com/review/the-roomz.php	https://jayisgames.com/review/the-roomz.php#comment-120859	February 13, 2007 3:31 PM
20211020030919	https://jayisgames.com/review/the-roomz.php	https://jayisgames.com/review/the-roomz.php#comment-120860	February 13, 2007 3:33 PM
20211020030919	https://jayisgames.com/review/the-roomz.php	https://jayisgames.com/review/the-roomz.php#comment-120861	February 13, 2007 3:40 PM
20211020030919	https://jayisgames.com/review/the-roomz.php	https://jayisgames.com/review/the-roomz.php#comment-120862	February 13, 2007 3:40 PM
20211020030919	https://jayisgames.com/review/the-roomz.php	https://jayisgames.com/review/the-roomz.php#comment-120864	February 13, 2007 3:45 PM
20211020030919	https://jayisgames.com/review/the-roomz.php	https://jayisgames.com/review/the-roomz.php#comment-120865	February 13, 2007 3:45 PM
20211020030919	https://jayisgames.com/review/the-roomz.php	https://jayisgames.com/review/the-roomz.php#comment-120866	February 13, 2007 3:51 PM
20211020030919	https://jayisgames.com/review/the-roomz.php	https://jayisgames.com/review/the-roomz.php#comment-120867	February 13, 2007 3:52 PM
20211020030919	https://jayisgames.com/review/the-roomz.php	https://jayisgames.com/review/the-roomz.php#comment-120868	February 13, 2007 4:10 PM
20211020030919	https://jayisgames.com/review/the-roomz.php	https://jayisgames.com/review/the-roomz.php#comment-120869	February 13, 2007 4:10 PM
20211020030919	https://jayisgames.com/review/the-roomz.php	https://jayisgames.com/review/the-roomz.php#comment-120870	February 13, 2007 4:11 PM
20211020030919	https://jayisgames.com/review/the-roomz.php	https://jayisgames.com/review/the-roomz.php#comment-120879	February 13, 2007 4:31 PM
20211020030919	https://jayisgames.com/review/the-roomz.php	https://jayisgames.com/review/the-roomz.php#comment-120882	February 13, 2007 4:38 PM
20211020030919	https://jayisgames.com/review/the-roomz.php	https://jayisgames.com/review/the-roomz.php#comment-120883	February 13, 2007 4:43 PM
20211020030919	https://jayisgames.com/review/the-roomz.php	https://jayisgames.com/review/the-roomz.php#comment-120884	February 13, 2007 4:46 PM
20211020030919	https://jayisgames.com/review/the-roomz.php	https://jayisgames.com/review/the-roomz.php#comment-120885	February 13, 2007 4:49 PM
20211020030919	https://jayisgames.com/review/the-roomz.php	https://jayisgames.com/review/the-roomz.php#comment-120886	February 13, 2007 4:50 PM
20211020030919	https://jayisgames.com/review/the-roomz.php	https://jayisgames.com/review/the-roomz.php#comment-120887	February 13, 2007 4:54 PM
20211020030919	https://jayisgames.com/review/the-roomz.php	https://jayisgames.com/review/the-roomz.php#comment-120888	February 13, 2007 4:58 PM
20211020030919	https://jayisgames.com/review/the-roomz.php	https://jayisgames.com/review/the-roomz.php#comment-120889	February 13, 2007 5:07 PM
20211020030919	https://jayisgames.com/review/the-roomz.php	https://jayisgames.com/review/the-roomz.php#comment-120890	February 13, 2007 5:13 PM
20211020030919	https://jayisgames.com/review/the-roomz.php	https://jayisgames.com/review/the-roomz.php#comment-120891	February 13, 2007 5:13 PM
20211020030919	https://jayisgames.com/review/the-roomz.php	https://jayisgames.com/review/the-roomz.php#comment-120893	February 13, 2007 5:21 PM
20211020030919	https://jayisgames.com/review/the-roomz.php	https://jayisgames.com/review/the-roomz.php#comment-120894	February 13, 2007 5:25 PM
20211020030919	https://jayisgames.com/review/the-roomz.php	https://jayisgames.com/review/the-roomz.php#comment-120897	February 13, 2007 5:27 PM
20211020030919	https://jayisgames.com/review/the-roomz.php	https://jayisgames.com/review/the-roomz.php#comment-120899	February 13, 2007 5:31 PM
20211020030919	https://jayisgames.com/review/the-roomz.php	https://jayisgames.com/review/the-roomz.php#comment-120900	February 13, 2007 5:31 PM
20211020030919	https://jayisgames.com/review/the-roomz.php	https://jayisgames.com/review/the-roomz.php#comment-120901	February 13, 2007 5:36 PM
20211020030919	https://jayisgames.com/review/the-roomz.php	https://jayisgames.com/review/the-roomz.php#comment-120902	February 13, 2007 5:40 PM
20211020030919	https://jayisgames.com/review/the-roomz.php	https://jayisgames.com/review/the-roomz.php#comment-120903	February 13, 2007 5:41 PM
20211020030919	https://jayisgames.com/review/the-roomz.php	https://jayisgames.com/review/the-roomz.php#comment-120904	February 13, 2007 5:48 PM
20211020030919	https://jayisgames.com/review/the-roomz.php	https://jayisgames.com/review/the-roomz.php#comment-120906	February 13, 2007 6:00 PM
20211020030919	https://jayisgames.com/review/the-roomz.php	https://jayisgames.com/review/the-roomz.php#comment-120907	February 13, 2007 6:02 PM
20211020030919	https://jayisgames.com/review/the-roomz.php	https://jayisgames.com/review/the-roomz.php#comment-120908	February 13, 2007 6:15 PM
20211020030919	https://jayisgames.com/review/the-roomz.php	https://jayisgames.com/review/the-roomz.php#comment-120909	February 13, 2007 6:23 PM
20211020030919	https://jayisgames.com/review/the-roomz.php	https://jayisgames.com/review/the-roomz.php#comment-120911	February 13, 2007 6:29 PM
20211020030919	https://jayisgames.com/review/the-roomz.php	https://jayisgames.com/review/the-roomz.php#comment-120912	February 13, 2007 6:33 PM
20211020030919	https://jayisgames.com/review/the-roomz.php	https://jayisgames.com/review/the-roomz.php#comment-120913	February 13, 2007 6:36 PM
20211020030919	https://jayisgames.com/review/the-roomz.php	https://jayisgames.com/review/the-roomz.php#comment-120914	February 13, 2007 6:36 PM
20211020030919	https://jayisgames.com/review/the-roomz.php	https://jayisgames.com/review/the-roomz.php#comment-120917	February 13, 2007 6:49 PM
20211020030919	https://jayisgames.com/review/the-roomz.php	https://jayisgames.com/review/the-roomz.php#comment-120918	February 13, 2007 6:57 PM
20211020030919	https://jayisgames.com/review/the-roomz.php	https://jayisgames.com/review/the-roomz.php#comment-120919	February 13, 2007 7:20 PM
20211020030919	https://jayisgames.com/review/the-roomz.php	https://jayisgames.com/review/the-roomz.php#comment-120920	February 13, 2007 7:25 PM
20211020030919	https://jayisgames.com/review/the-roomz.php	https://jayisgames.com/review/the-roomz.php#comment-120921	February 13, 2007 7:32 PM
20211020030919	https://jayisgames.com/review/the-roomz.php	https://jayisgames.com/review/the-roomz.php#comment-120922	February 13, 2007 7:36 PM
20211020030919	https://jayisgames.com/review/the-roomz.php	https://jayisgames.com/review/the-roomz.php#comment-120924	February 13, 2007 7:43 PM
20211020030919	https://jayisgames.com/review/the-roomz.php	https://jayisgames.com/review/the-roomz.php#comment-120926	February 13, 2007 7:51 PM
20211020030919	https://jayisgames.com/review/the-roomz.php	https://jayisgames.com/review/the-roomz.php#comment-120927	February 13, 2007 7:51 PM
20211020030919	https://jayisgames.com/review/the-roomz.php	https://jayisgames.com/review/the-roomz.php#comment-120928	February 13, 2007 8:04 PM
20211020030919	https://jayisgames.com/review/the-roomz.php	https://jayisgames.com/review/the-roomz.php#comment-120929	February 13, 2007 8:06 PM
20211020030919	https://jayisgames.com/review/the-roomz.php	https://jayisgames.com/review/the-roomz.php#comment-120931	February 13, 2007 8:08 PM
20211020030919	https://jayisgames.com/review/the-roomz.php	https://jayisgames.com/review/the-roomz.php#comment-120932	February 13, 2007 8:08 PM
20211020030919	https://jayisgames.com/review/the-roomz.php	https://jayisgames.com/review/the-roomz.php#comment-120934	February 13, 2007 8:10 PM
20211020030919	https://jayisgames.com/review/the-roomz.php	https://jayisgames.com/review/the-roomz.php#comment-120935	February 13, 2007 8:30 PM
20211020030919	https://jayisgames.com/review/the-roomz.php	https://jayisgames.com/review/the-roomz.php#comment-120937	February 13, 2007 9:02 PM
20211020030919	https://jayisgames.com/review/the-roomz.php	https://jayisgames.com/review/the-roomz.php#comment-120940	February 13, 2007 9:33 PM
20211020030919	https://jayisgames.com/review/the-roomz.php	https://jayisgames.com/review/the-roomz.php#comment-120941	February 13, 2007 9:35 PM
20211020030919	https://jayisgames.com/review/the-roomz.php	https://jayisgames.com/review/the-roomz.php#comment-120942	February 13, 2007 9:35 PM
20211020030919	https://jayisgames.com/review/the-roomz.php	https://jayisgames.com/review/the-roomz.php#comment-120945	February 13, 2007 9:57 PM
20211020030919	https://jayisgames.com/review/the-roomz.php	https://jayisgames.com/review/the-roomz.php#comment-120946	February 13, 2007 10:11 PM
20211020030919	https://jayisgames.com/review/the-roomz.php	https://jayisgames.com/review/the-roomz.php#comment-120947	February 13, 2007 10:25 PM
20211020030919	https://jayisgames.com/review/the-roomz.php	https://jayisgames.com/review/the-roomz.php#comment-120948	February 13, 2007 10:26 PM
20211020030919	https://jayisgames.com/review/the-roomz.php	https://jayisgames.com/review/the-roomz.php#comment-120950	February 13, 2007 10:33 PM
20211020030919	https://jayisgames.com/review/the-roomz.php	https://jayisgames.com/review/the-roomz.php#comment-120951	February 13, 2007 10:36 PM
20211020030919	https://jayisgames.com/review/the-roomz.php	https://jayisgames.com/review/the-roomz.php#comment-120952	February 13, 2007 10:38 PM
20211020030919	https://jayisgames.com/review/the-roomz.php	https://jayisgames.com/review/the-roomz.php#comment-120955	February 13, 2007 10:52 PM
20211020030919	https://jayisgames.com/review/the-roomz.php	https://jayisgames.com/review/the-roomz.php#comment-120956	February 13, 2007 11:11 PM
20211020030919	https://jayisgames.com/review/the-roomz.php	https://jayisgames.com/review/the-roomz.php#comment-120959	February 13, 2007 11:15 PM
20211020030919	https://jayisgames.com/review/the-roomz.php	https://jayisgames.com/review/the-roomz.php#comment-120962	February 13, 2007 11:27 PM
20211020030919	https://jayisgames.com/review/the-roomz.php	https://jayisgames.com/review/the-roomz.php#comment-120963	February 13, 2007 11:32 PM
20211020030919	https://jayisgames.com/review/the-roomz.php	https://jayisgames.com/review/the-roomz.php#comment-120964	February 13, 2007 11:35 PM
20211020030919	https://jayisgames.com/review/the-roomz.php	https://jayisgames.com/review/the-roomz.php#comment-120965	February 13, 2007 11:38 PM
20211020030919	https://jayisgames.com/review/the-roomz.php	https://jayisgames.com/review/the-roomz.php#comment-120967	February 13, 2007 11:47 PM
20211020030919	https://jayisgames.com/review/the-roomz.php	https://jayisgames.com/review/the-roomz.php#comment-120969	February 13, 2007 11:51 PM
20211020030919	https://jayisgames.com/review/the-roomz.php	https://jayisgames.com/review/the-roomz.php#comment-262797	April 28, 2008 1:46 PM
20211020030919	https://jayisgames.com/review/the-roomz.php	https://jayisgames.com/review/the-roomz.php#comment-262808	April 28, 2008 2:55 PM
20211020030919	https://jayisgames.com/review/the-roomz.php	https://jayisgames.com/review/the-roomz.php#comment-264645	May 13, 2008 7:03 PM
20211020030919	https://jayisgames.com/review/the-roomz.php	https://jayisgames.com/review/the-roomz.php#comment-265323	May 19, 2008 7:45 AM
20211020030919	https://jayisgames.com/review/the-roomz.php	https://jayisgames.com/review/the-roomz.php#comment-265865	May 24, 2008 12:06 PM
20211020030919	https://jayisgames.com/review/the-roomz.php	https://jayisgames.com/review/the-roomz.php#comment-266052	May 26, 2008 11:42 AM
20211020030919	https://jayisgames.com/review/the-roomz.php	https://jayisgames.com/review/the-roomz.php#comment-266256	May 28, 2008 6:44 AM
20211020030919	https://jayisgames.com/review/the-roomz.php	https://jayisgames.com/review/the-roomz.php#comment-266748	May 31, 2008 9:58 AM
20211020030919	https://jayisgames.com/review/the-roomz.php	https://jayisgames.com/review/the-roomz.php#comment-267508	June 5, 2008 5:00 AM
20211020030919	https://jayisgames.com/review/the-roomz.php	https://jayisgames.com/review/the-roomz.php#comment-273276	July 4, 2008 8:46 PM
20211020030919	https://jayisgames.com/review/the-roomz.php	https://jayisgames.com/review/the-roomz.php#comment-276495	July 25, 2008 10:16 AM
20211020030919	https://jayisgames.com/review/the-roomz.php	https://jayisgames.com/review/the-roomz.php#comment-277962	August 3, 2008 11:47 PM
20211020030919	https://jayisgames.com/review/the-roomz.php	https://jayisgames.com/review/the-roomz.php#comment-284880	September 28, 2008 10:45 AM
20211020030919	https://jayisgames.com/review/the-roomz.php	https://jayisgames.com/review/the-roomz.php#comment-345181	November 29, 2009 9:07 PM
20211020030919	https://jayisgames.com/review/the-roomz.php	https://jayisgames.com/review/the-roomz.php#comment-357403	March 16, 2010 4:51 PM
20211020030919	https://jayisgames.com/review/the-roomz.php	https://jayisgames.com/review/the-roomz.php#comment-380638	October 16, 2010 1:56 PM
20211020030919	https://jayisgames.com/review/the-roomz.php	https://jayisgames.com/review/the-roomz.php#comment-380680	October 17, 2010 10:52 AM
20211020030919	https://jayisgames.com/review/the-roomz.php	https://jayisgames.com/review/the-roomz.php#comment-380681	October 17, 2010 12:05 PM
20211023152026	https://jayisgames.com/review/the-roomz.php	https://jayisgames.com/review/the-roomz.php#walkthrough	Walkthrough
20211023152026	https://jayisgames.com/review/the-roomz.php	https://jayisgames.com/review/the-roomz.php#comments	Comments (818)
20211023152026	https://jayisgames.com/review/the-roomz.php	http://dreamwardgames.com/theroomz/	
20211023152026	https://jayisgames.com/review/the-roomz.php	http://dreamwardgames.com/theroomz/	The Roomz
20211023152026	https://jayisgames.com/review/the-roomz.php	http://dreamwardgames.com/theroomz/	Play The Roomz
20211023152026	https://jayisgames.com/review/the-roomz.php	https://jayisgames.com/review/the-roomz.php#walkthrough	The Roomz Walkthrough
20211023152026	https://jayisgames.com/review/the-roomz.php	https://jayisgames.com/review/the-roomz.php#walkthrough	Walkthrough Guide
20211023152026	https://jayisgames.com/review/the-roomz.php	http://www.theroomz.yoyo.pl/danger/map.htm/	http://www.theroomz.yoyo.pl/danger/map.htm/
20211023152026	https://jayisgames.com/review/the-roomz.php	https://jayisgames.com/review/the-roomz.php#comment-120824	February 13, 2007 1:20 PM
20211023152026	https://jayisgames.com/review/the-roomz.php	https://jayisgames.com/review/the-roomz.php#comment-120825	February 13, 2007 1:22 PM
20211023152026	https://jayisgames.com/review/the-roomz.php	https://jayisgames.com/review/the-roomz.php#comment-120826	February 13, 2007 1:35 PM
20211023152026	https://jayisgames.com/review/the-roomz.php	https://jayisgames.com/review/the-roomz.php#comment-120828	February 13, 2007 1:44 PM
20211023152026	https://jayisgames.com/review/the-roomz.php	https://jayisgames.com/review/the-roomz.php#comment-120829	February 13, 2007 1:56 PM
20211023152026	https://jayisgames.com/review/the-roomz.php	https://jayisgames.com/review/the-roomz.php#comment-120831	February 13, 2007 2:03 PM
20211023152026	https://jayisgames.com/review/the-roomz.php	https://jayisgames.com/review/the-roomz.php#comment-120832	February 13, 2007 2:09 PM
20211023152026	https://jayisgames.com/review/the-roomz.php	https://jayisgames.com/review/the-roomz.php#comment-120833	February 13, 2007 2:14 PM
20211023152026	https://jayisgames.com/review/the-roomz.php	https://jayisgames.com/review/the-roomz.php#comment-120836	February 13, 2007 2:16 PM
20211023152026	https://jayisgames.com/review/the-roomz.php	https://jayisgames.com/review/the-roomz.php#comment-120837	February 13, 2007 2:25 PM
20211023152026	https://jayisgames.com/review/the-roomz.php	https://jayisgames.com/review/the-roomz.php#comment-120838	February 13, 2007 2:28 PM
20211023152026	https://jayisgames.com/review/the-roomz.php	https://jayisgames.com/review/the-roomz.php#comment-120840	February 13, 2007 2:34 PM
20211023152026	https://jayisgames.com/review/the-roomz.php	https://jayisgames.com/review/the-roomz.php#comment-120842	February 13, 2007 2:36 PM
20211023152026	https://jayisgames.com/review/the-roomz.php	https://jayisgames.com/review/the-roomz.php#comment-120843	February 13, 2007 2:38 PM
20211023152026	https://jayisgames.com/review/the-roomz.php	https://jayisgames.com/review/the-roomz.php#comment-120844	February 13, 2007 2:39 PM
20211023152026	https://jayisgames.com/review/the-roomz.php	https://jayisgames.com/review/the-roomz.php#comment-120845	February 13, 2007 2:43 PM
20211023152026	https://jayisgames.com/review/the-roomz.php	https://jayisgames.com/review/the-roomz.php#comment-120846	February 13, 2007 2:43 PM
20211023152026	https://jayisgames.com/review/the-roomz.php	https://jayisgames.com/review/the-roomz.php#comment-120847	February 13, 2007 2:47 PM
20211023152026	https://jayisgames.com/review/the-roomz.php	https://jayisgames.com/review/the-roomz.php#comment-120850	February 13, 2007 3:09 PM
20211023152026	https://jayisgames.com/review/the-roomz.php	https://jayisgames.com/review/the-roomz.php#comment-120851	February 13, 2007 3:11 PM
20211023152026	https://jayisgames.com/review/the-roomz.php	https://jayisgames.com/review/the-roomz.php#comment-120852	February 13, 2007 3:11 PM
20211023152026	https://jayisgames.com/review/the-roomz.php	https://jayisgames.com/review/the-roomz.php#comment-120853	February 13, 2007 3:21 PM
20211023152026	https://jayisgames.com/review/the-roomz.php	https://jayisgames.com/review/the-roomz.php#comment-120854	February 13, 2007 3:23 PM
20211023152026	https://jayisgames.com/review/the-roomz.php	https://jayisgames.com/review/the-roomz.php#comment-120855	February 13, 2007 3:24 PM
20211023152026	https://jayisgames.com/review/the-roomz.php	https://jayisgames.com/review/the-roomz.php#comment-120857	February 13, 2007 3:30 PM
20211023152026	https://jayisgames.com/review/the-roomz.php	https://jayisgames.com/review/the-roomz.php#comment-120858	February 13, 2007 3:31 PM
20211023152026	https://jayisgames.com/review/the-roomz.php	https://jayisgames.com/review/the-roomz.php#comment-120859	February 13, 2007 3:31 PM
20211023152026	https://jayisgames.com/review/the-roomz.php	https://jayisgames.com/review/the-roomz.php#comment-120860	February 13, 2007 3:33 PM
20211023152026	https://jayisgames.com/review/the-roomz.php	https://jayisgames.com/review/the-roomz.php#comment-120861	February 13, 2007 3:40 PM
20211023152026	https://jayisgames.com/review/the-roomz.php	https://jayisgames.com/review/the-roomz.php#comment-120862	February 13, 2007 3:40 PM
20211023152026	https://jayisgames.com/review/the-roomz.php	https://jayisgames.com/review/the-roomz.php#comment-120864	February 13, 2007 3:45 PM
20211023152026	https://jayisgames.com/review/the-roomz.php	https://jayisgames.com/review/the-roomz.php#comment-120865	February 13, 2007 3:45 PM
20211023152026	https://jayisgames.com/review/the-roomz.php	https://jayisgames.com/review/the-roomz.php#comment-120866	February 13, 2007 3:51 PM
20211023152026	https://jayisgames.com/review/the-roomz.php	https://jayisgames.com/review/the-roomz.php#comment-120867	February 13, 2007 3:52 PM
20211023152026	https://jayisgames.com/review/the-roomz.php	https://jayisgames.com/review/the-roomz.php#comment-120868	February 13, 2007 4:10 PM
20211023152026	https://jayisgames.com/review/the-roomz.php	https://jayisgames.com/review/the-roomz.php#comment-120869	February 13, 2007 4:10 PM
20211023152026	https://jayisgames.com/review/the-roomz.php	https://jayisgames.com/review/the-roomz.php#comment-120870	February 13, 2007 4:11 PM
20211023152026	https://jayisgames.com/review/the-roomz.php	https://jayisgames.com/review/the-roomz.php#comment-120879	February 13, 2007 4:31 PM
20211023152026	https://jayisgames.com/review/the-roomz.php	https://jayisgames.com/review/the-roomz.php#comment-120882	February 13, 2007 4:38 PM
20211023152026	https://jayisgames.com/review/the-roomz.php	https://jayisgames.com/review/the-roomz.php#comment-120883	February 13, 2007 4:43 PM
20211023152026	https://jayisgames.com/review/the-roomz.php	https://jayisgames.com/review/the-roomz.php#comment-120884	February 13, 2007 4:46 PM
20211023152026	https://jayisgames.com/review/the-roomz.php	https://jayisgames.com/review/the-roomz.php#comment-120885	February 13, 2007 4:49 PM
20211023152026	https://jayisgames.com/review/the-roomz.php	https://jayisgames.com/review/the-roomz.php#comment-120886	February 13, 2007 4:50 PM
20211023152026	https://jayisgames.com/review/the-roomz.php	https://jayisgames.com/review/the-roomz.php#comment-120887	February 13, 2007 4:54 PM
20211023152026	https://jayisgames.com/review/the-roomz.php	https://jayisgames.com/review/the-roomz.php#comment-120888	February 13, 2007 4:58 PM
20211023152026	https://jayisgames.com/review/the-roomz.php	https://jayisgames.com/review/the-roomz.php#comment-120889	February 13, 2007 5:07 PM
20211023152026	https://jayisgames.com/review/the-roomz.php	https://jayisgames.com/review/the-roomz.php#comment-120890	February 13, 2007 5:13 PM
20211023152026	https://jayisgames.com/review/the-roomz.php	https://jayisgames.com/review/the-roomz.php#comment-120891	February 13, 2007 5:13 PM
20211023152026	https://jayisgames.com/review/the-roomz.php	https://jayisgames.com/review/the-roomz.php#comment-120893	February 13, 2007 5:21 PM
20211023152026	https://jayisgames.com/review/the-roomz.php	https://jayisgames.com/review/the-roomz.php#comment-120894	February 13, 2007 5:25 PM
20211023152026	https://jayisgames.com/review/the-roomz.php	https://jayisgames.com/review/the-roomz.php#comment-120897	February 13, 2007 5:27 PM
20211023152026	https://jayisgames.com/review/the-roomz.php	https://jayisgames.com/review/the-roomz.php#comment-120899	February 13, 2007 5:31 PM
20211023152026	https://jayisgames.com/review/the-roomz.php	https://jayisgames.com/review/the-roomz.php#comment-120900	February 13, 2007 5:31 PM
20211023152026	https://jayisgames.com/review/the-roomz.php	https://jayisgames.com/review/the-roomz.php#comment-120901	February 13, 2007 5:36 PM
20211023152026	https://jayisgames.com/review/the-roomz.php	https://jayisgames.com/review/the-roomz.php#comment-120902	February 13, 2007 5:40 PM
20211023152026	https://jayisgames.com/review/the-roomz.php	https://jayisgames.com/review/the-roomz.php#comment-120903	February 13, 2007 5:41 PM
20211023152026	https://jayisgames.com/review/the-roomz.php	https://jayisgames.com/review/the-roomz.php#comment-120904	February 13, 2007 5:48 PM
20211023152026	https://jayisgames.com/review/the-roomz.php	https://jayisgames.com/review/the-roomz.php#comment-120906	February 13, 2007 6:00 PM
20211023152026	https://jayisgames.com/review/the-roomz.php	https://jayisgames.com/review/the-roomz.php#comment-120907	February 13, 2007 6:02 PM
20211023152026	https://jayisgames.com/review/the-roomz.php	https://jayisgames.com/review/the-roomz.php#comment-120908	February 13, 2007 6:15 PM
20211023152026	https://jayisgames.com/review/the-roomz.php	https://jayisgames.com/review/the-roomz.php#comment-120909	February 13, 2007 6:23 PM
20211023152026	https://jayisgames.com/review/the-roomz.php	https://jayisgames.com/review/the-roomz.php#comment-120911	February 13, 2007 6:29 PM
20211023152026	https://jayisgames.com/review/the-roomz.php	https://jayisgames.com/review/the-roomz.php#comment-120912	February 13, 2007 6:33 PM
20211023152026	https://jayisgames.com/review/the-roomz.php	https://jayisgames.com/review/the-roomz.php#comment-120913	February 13, 2007 6:36 PM
20211023152026	https://jayisgames.com/review/the-roomz.php	https://jayisgames.com/review/the-roomz.php#comment-120914	February 13, 2007 6:36 PM
20211023152026	https://jayisgames.com/review/the-roomz.php	https://jayisgames.com/review/the-roomz.php#comment-120917	February 13, 2007 6:49 PM
20211023152026	https://jayisgames.com/review/the-roomz.php	https://jayisgames.com/review/the-roomz.php#comment-120918	February 13, 2007 6:57 PM
20211023152026	https://jayisgames.com/review/the-roomz.php	https://jayisgames.com/review/the-roomz.php#comment-120919	February 13, 2007 7:20 PM
20211023152026	https://jayisgames.com/review/the-roomz.php	https://jayisgames.com/review/the-roomz.php#comment-120920	February 13, 2007 7:25 PM
20211023152026	https://jayisgames.com/review/the-roomz.php	https://jayisgames.com/review/the-roomz.php#comment-120921	February 13, 2007 7:32 PM
20211023152026	https://jayisgames.com/review/the-roomz.php	https://jayisgames.com/review/the-roomz.php#comment-120922	February 13, 2007 7:36 PM
20211023152026	https://jayisgames.com/review/the-roomz.php	https://jayisgames.com/review/the-roomz.php#comment-120924	February 13, 2007 7:43 PM
20211023152026	https://jayisgames.com/review/the-roomz.php	https://jayisgames.com/review/the-roomz.php#comment-120926	February 13, 2007 7:51 PM
20211023152026	https://jayisgames.com/review/the-roomz.php	https://jayisgames.com/review/the-roomz.php#comment-120927	February 13, 2007 7:51 PM
20211023152026	https://jayisgames.com/review/the-roomz.php	https://jayisgames.com/review/the-roomz.php#comment-120928	February 13, 2007 8:04 PM
20211023152026	https://jayisgames.com/review/the-roomz.php	https://jayisgames.com/review/the-roomz.php#comment-120929	February 13, 2007 8:06 PM
20211023152026	https://jayisgames.com/review/the-roomz.php	https://jayisgames.com/review/the-roomz.php#comment-120931	February 13, 2007 8:08 PM
20211023152026	https://jayisgames.com/review/the-roomz.php	https://jayisgames.com/review/the-roomz.php#comment-120932	February 13, 2007 8:08 PM
20211023152026	https://jayisgames.com/review/the-roomz.php	https://jayisgames.com/review/the-roomz.php#comment-120934	February 13, 2007 8:10 PM
20211023152026	https://jayisgames.com/review/the-roomz.php	https://jayisgames.com/review/the-roomz.php#comment-120935	February 13, 2007 8:30 PM
20211023152026	https://jayisgames.com/review/the-roomz.php	https://jayisgames.com/review/the-roomz.php#comment-120937	February 13, 2007 9:02 PM
20211023152026	https://jayisgames.com/review/the-roomz.php	https://jayisgames.com/review/the-roomz.php#comment-120940	February 13, 2007 9:33 PM
20211023152026	https://jayisgames.com/review/the-roomz.php	https://jayisgames.com/review/the-roomz.php#comment-120941	February 13, 2007 9:35 PM
20211023152026	https://jayisgames.com/review/the-roomz.php	https://jayisgames.com/review/the-roomz.php#comment-120942	February 13, 2007 9:35 PM
20211023152026	https://jayisgames.com/review/the-roomz.php	https://jayisgames.com/review/the-roomz.php#comment-120945	February 13, 2007 9:57 PM
20211023152026	https://jayisgames.com/review/the-roomz.php	https://jayisgames.com/review/the-roomz.php#comment-120946	February 13, 2007 10:11 PM
20211023152026	https://jayisgames.com/review/the-roomz.php	https://jayisgames.com/review/the-roomz.php#comment-120947	February 13, 2007 10:25 PM
20211023152026	https://jayisgames.com/review/the-roomz.php	https://jayisgames.com/review/the-roomz.php#comment-120948	February 13, 2007 10:26 PM
20211023152026	https://jayisgames.com/review/the-roomz.php	https://jayisgames.com/review/the-roomz.php#comment-120950	February 13, 2007 10:33 PM
20211023152026	https://jayisgames.com/review/the-roomz.php	https://jayisgames.com/review/the-roomz.php#comment-120951	February 13, 2007 10:36 PM
20211023152026	https://jayisgames.com/review/the-roomz.php	https://jayisgames.com/review/the-roomz.php#comment-120952	February 13, 2007 10:38 PM
20211023152026	https://jayisgames.com/review/the-roomz.php	https://jayisgames.com/review/the-roomz.php#comment-120955	February 13, 2007 10:52 PM
20211023152026	https://jayisgames.com/review/the-roomz.php	https://jayisgames.com/review/the-roomz.php#comment-120956	February 13, 2007 11:11 PM
20211023152026	https://jayisgames.com/review/the-roomz.php	https://jayisgames.com/review/the-roomz.php#comment-120959	February 13, 2007 11:15 PM
20211023152026	https://jayisgames.com/review/the-roomz.php	https://jayisgames.com/review/the-roomz.php#comment-120962	February 13, 2007 11:27 PM
20211023152026	https://jayisgames.com/review/the-roomz.php	https://jayisgames.com/review/the-roomz.php#comment-120963	February 13, 2007 11:32 PM
20211023152026	https://jayisgames.com/review/the-roomz.php	https://jayisgames.com/review/the-roomz.php#comment-120964	February 13, 2007 11:35 PM
20211023152026	https://jayisgames.com/review/the-roomz.php	https://jayisgames.com/review/the-roomz.php#comment-120965	February 13, 2007 11:38 PM
20211023152026	https://jayisgames.com/review/the-roomz.php	https://jayisgames.com/review/the-roomz.php#comment-120967	February 13, 2007 11:47 PM
20211023152026	https://jayisgames.com/review/the-roomz.php	https://jayisgames.com/review/the-roomz.php#comment-120969	February 13, 2007 11:51 PM
20211023152026	https://jayisgames.com/review/the-roomz.php	https://jayisgames.com/review/the-roomz.php#comment-262797	April 28, 2008 1:46 PM
20211023152026	https://jayisgames.com/review/the-roomz.php	https://jayisgames.com/review/the-roomz.php#comment-262808	April 28, 2008 2:55 PM
20211023152026	https://jayisgames.com/review/the-roomz.php	https://jayisgames.com/review/the-roomz.php#comment-264645	May 13, 2008 7:03 PM
20211023152026	https://jayisgames.com/review/the-roomz.php	https://jayisgames.com/review/the-roomz.php#comment-265323	May 19, 2008 7:45 AM
20211023152026	https://jayisgames.com/review/the-roomz.php	https://jayisgames.com/review/the-roomz.php#comment-265865	May 24, 2008 12:06 PM
20211023152026	https://jayisgames.com/review/the-roomz.php	https://jayisgames.com/review/the-roomz.php#comment-266052	May 26, 2008 11:42 AM
20211023152026	https://jayisgames.com/review/the-roomz.php	https://jayisgames.com/review/the-roomz.php#comment-266256	May 28, 2008 6:44 AM
20211023152026	https://jayisgames.com/review/the-roomz.php	https://jayisgames.com/review/the-roomz.php#comment-266748	May 31, 2008 9:58 AM
20211023152026	https://jayisgames.com/review/the-roomz.php	https://jayisgames.com/review/the-roomz.php#comment-267508	June 5, 2008 5:00 AM
20211023152026	https://jayisgames.com/review/the-roomz.php	https://jayisgames.com/review/the-roomz.php#comment-273276	July 4, 2008 8:46 PM
20211023152026	https://jayisgames.com/review/the-roomz.php	https://jayisgames.com/review/the-roomz.php#comment-276495	July 25, 2008 10:16 AM
20211023152026	https://jayisgames.com/review/the-roomz.php	https://jayisgames.com/review/the-roomz.php#comment-277962	August 3, 2008 11:47 PM
20211023152026	https://jayisgames.com/review/the-roomz.php	https://jayisgames.com/review/the-roomz.php#comment-284880	September 28, 2008 10:45 AM
20211023152026	https://jayisgames.com/review/the-roomz.php	https://jayisgames.com/review/the-roomz.php#comment-345181	November 29, 2009 9:07 PM
20211023152026	https://jayisgames.com/review/the-roomz.php	https://jayisgames.com/review/the-roomz.php#comment-357403	March 16, 2010 4:51 PM
20211023152026	https://jayisgames.com/review/the-roomz.php	https://jayisgames.com/review/the-roomz.php#comment-380638	October 16, 2010 1:56 PM
20211023152026	https://jayisgames.com/review/the-roomz.php	https://jayisgames.com/review/the-roomz.php#comment-380680	October 17, 2010 10:52 AM
20211023152026	https://jayisgames.com/review/the-roomz.php	https://jayisgames.com/review/the-roomz.php#comment-380681	October 17, 2010 12:05 PM
20211118055244	https://jayisgames.com/review/the-roomz.php	https://jayisgames.com/review/the-roomz.php#walkthrough	Walkthrough
20211118055244	https://jayisgames.com/review/the-roomz.php	https://jayisgames.com/review/the-roomz.php#comments	Comments (818)
20211118055244	https://jayisgames.com/review/the-roomz.php	http://dreamwardgames.com/theroomz/	
20211118055244	https://jayisgames.com/review/the-roomz.php	http://dreamwardgames.com/theroomz/	The Roomz
20211118055244	https://jayisgames.com/review/the-roomz.php	http://dreamwardgames.com/theroomz/	Play The Roomz
20211118055244	https://jayisgames.com/review/the-roomz.php	https://jayisgames.com/review/the-roomz.php#walkthrough	The Roomz Walkthrough
20211118055244	https://jayisgames.com/review/the-roomz.php	https://jayisgames.com/review/the-roomz.php#walkthrough	Walkthrough Guide
20211118055244	https://jayisgames.com/review/the-roomz.php	http://www.theroomz.yoyo.pl/danger/map.htm/	http://www.theroomz.yoyo.pl/danger/map.htm/
20211118055244	https://jayisgames.com/review/the-roomz.php	https://jayisgames.com/review/the-roomz.php#comment-120824	February 13, 2007 1:20 PM
20211118055244	https://jayisgames.com/review/the-roomz.php	https://jayisgames.com/review/the-roomz.php#comment-120825	February 13, 2007 1:22 PM
20211118055244	https://jayisgames.com/review/the-roomz.php	https://jayisgames.com/review/the-roomz.php#comment-120826	February 13, 2007 1:35 PM
20211118055244	https://jayisgames.com/review/the-roomz.php	https://jayisgames.com/review/the-roomz.php#comment-120828	February 13, 2007 1:44 PM
20211118055244	https://jayisgames.com/review/the-roomz.php	https://jayisgames.com/review/the-roomz.php#comment-120829	February 13, 2007 1:56 PM
20211118055244	https://jayisgames.com/review/the-roomz.php	https://jayisgames.com/review/the-roomz.php#comment-120831	February 13, 2007 2:03 PM
20211118055244	https://jayisgames.com/review/the-roomz.php	https://jayisgames.com/review/the-roomz.php#comment-120832	February 13, 2007 2:09 PM
20211118055244	https://jayisgames.com/review/the-roomz.php	https://jayisgames.com/review/the-roomz.php#comment-120833	February 13, 2007 2:14 PM
20211118055244	https://jayisgames.com/review/the-roomz.php	https://jayisgames.com/review/the-roomz.php#comment-120836	February 13, 2007 2:16 PM
20211118055244	https://jayisgames.com/review/the-roomz.php	https://jayisgames.com/review/the-roomz.php#comment-120837	February 13, 2007 2:25 PM
20211118055244	https://jayisgames.com/review/the-roomz.php	https://jayisgames.com/review/the-roomz.php#comment-120838	February 13, 2007 2:28 PM
20211118055244	https://jayisgames.com/review/the-roomz.php	https://jayisgames.com/review/the-roomz.php#comment-120840	February 13, 2007 2:34 PM
20211118055244	https://jayisgames.com/review/the-roomz.php	https://jayisgames.com/review/the-roomz.php#comment-120842	February 13, 2007 2:36 PM
20211118055244	https://jayisgames.com/review/the-roomz.php	https://jayisgames.com/review/the-roomz.php#comment-120843	February 13, 2007 2:38 PM
20211118055244	https://jayisgames.com/review/the-roomz.php	https://jayisgames.com/review/the-roomz.php#comment-120844	February 13, 2007 2:39 PM
20211118055244	https://jayisgames.com/review/the-roomz.php	https://jayisgames.com/review/the-roomz.php#comment-120845	February 13, 2007 2:43 PM
20211118055244	https://jayisgames.com/review/the-roomz.php	https://jayisgames.com/review/the-roomz.php#comment-120846	February 13, 2007 2:43 PM
20211118055244	https://jayisgames.com/review/the-roomz.php	https://jayisgames.com/review/the-roomz.php#comment-120847	February 13, 2007 2:47 PM
20211118055244	https://jayisgames.com/review/the-roomz.php	https://jayisgames.com/review/the-roomz.php#comment-120850	February 13, 2007 3:09 PM
20211118055244	https://jayisgames.com/review/the-roomz.php	https://jayisgames.com/review/the-roomz.php#comment-120851	February 13, 2007 3:11 PM
20211118055244	https://jayisgames.com/review/the-roomz.php	https://jayisgames.com/review/the-roomz.php#comment-120852	February 13, 2007 3:11 PM
20211118055244	https://jayisgames.com/review/the-roomz.php	https://jayisgames.com/review/the-roomz.php#comment-120853	February 13, 2007 3:21 PM
20211118055244	https://jayisgames.com/review/the-roomz.php	https://jayisgames.com/review/the-roomz.php#comment-120854	February 13, 2007 3:23 PM
20211118055244	https://jayisgames.com/review/the-roomz.php	https://jayisgames.com/review/the-roomz.php#comment-120855	February 13, 2007 3:24 PM
20211118055244	https://jayisgames.com/review/the-roomz.php	https://jayisgames.com/review/the-roomz.php#comment-120857	February 13, 2007 3:30 PM
20211118055244	https://jayisgames.com/review/the-roomz.php	https://jayisgames.com/review/the-roomz.php#comment-120858	February 13, 2007 3:31 PM
20211118055244	https://jayisgames.com/review/the-roomz.php	https://jayisgames.com/review/the-roomz.php#comment-120859	February 13, 2007 3:31 PM
20211118055244	https://jayisgames.com/review/the-roomz.php	https://jayisgames.com/review/the-roomz.php#comment-120860	February 13, 2007 3:33 PM
20211118055244	https://jayisgames.com/review/the-roomz.php	https://jayisgames.com/review/the-roomz.php#comment-120861	February 13, 2007 3:40 PM
20211118055244	https://jayisgames.com/review/the-roomz.php	https://jayisgames.com/review/the-roomz.php#comment-120862	February 13, 2007 3:40 PM
20211118055244	https://jayisgames.com/review/the-roomz.php	https://jayisgames.com/review/the-roomz.php#comment-120864	February 13, 2007 3:45 PM
20211118055244	https://jayisgames.com/review/the-roomz.php	https://jayisgames.com/review/the-roomz.php#comment-120865	February 13, 2007 3:45 PM
20211118055244	https://jayisgames.com/review/the-roomz.php	https://jayisgames.com/review/the-roomz.php#comment-120866	February 13, 2007 3:51 PM
20211118055244	https://jayisgames.com/review/the-roomz.php	https://jayisgames.com/review/the-roomz.php#comment-120867	February 13, 2007 3:52 PM
20211118055244	https://jayisgames.com/review/the-roomz.php	https://jayisgames.com/review/the-roomz.php#comment-120868	February 13, 2007 4:10 PM
20211118055244	https://jayisgames.com/review/the-roomz.php	https://jayisgames.com/review/the-roomz.php#comment-120869	February 13, 2007 4:10 PM
20211118055244	https://jayisgames.com/review/the-roomz.php	https://jayisgames.com/review/the-roomz.php#comment-120870	February 13, 2007 4:11 PM
20211118055244	https://jayisgames.com/review/the-roomz.php	https://jayisgames.com/review/the-roomz.php#comment-120879	February 13, 2007 4:31 PM
20211118055244	https://jayisgames.com/review/the-roomz.php	https://jayisgames.com/review/the-roomz.php#comment-120882	February 13, 2007 4:38 PM
20211118055244	https://jayisgames.com/review/the-roomz.php	https://jayisgames.com/review/the-roomz.php#comment-120883	February 13, 2007 4:43 PM
20211118055244	https://jayisgames.com/review/the-roomz.php	https://jayisgames.com/review/the-roomz.php#comment-120884	February 13, 2007 4:46 PM
20211118055244	https://jayisgames.com/review/the-roomz.php	https://jayisgames.com/review/the-roomz.php#comment-120885	February 13, 2007 4:49 PM
20211118055244	https://jayisgames.com/review/the-roomz.php	https://jayisgames.com/review/the-roomz.php#comment-120886	February 13, 2007 4:50 PM
20211118055244	https://jayisgames.com/review/the-roomz.php	https://jayisgames.com/review/the-roomz.php#comment-120887	February 13, 2007 4:54 PM
20211118055244	https://jayisgames.com/review/the-roomz.php	https://jayisgames.com/review/the-roomz.php#comment-120888	February 13, 2007 4:58 PM
20211118055244	https://jayisgames.com/review/the-roomz.php	https://jayisgames.com/review/the-roomz.php#comment-120889	February 13, 2007 5:07 PM
20211118055244	https://jayisgames.com/review/the-roomz.php	https://jayisgames.com/review/the-roomz.php#comment-120890	February 13, 2007 5:13 PM
20211118055244	https://jayisgames.com/review/the-roomz.php	https://jayisgames.com/review/the-roomz.php#comment-120891	February 13, 2007 5:13 PM
20211118055244	https://jayisgames.com/review/the-roomz.php	https://jayisgames.com/review/the-roomz.php#comment-120893	February 13, 2007 5:21 PM
20211118055244	https://jayisgames.com/review/the-roomz.php	https://jayisgames.com/review/the-roomz.php#comment-120894	February 13, 2007 5:25 PM
20211118055244	https://jayisgames.com/review/the-roomz.php	https://jayisgames.com/review/the-roomz.php#comment-120897	February 13, 2007 5:27 PM
20211118055244	https://jayisgames.com/review/the-roomz.php	https://jayisgames.com/review/the-roomz.php#comment-120899	February 13, 2007 5:31 PM
20211118055244	https://jayisgames.com/review/the-roomz.php	https://jayisgames.com/review/the-roomz.php#comment-120900	February 13, 2007 5:31 PM
20211118055244	https://jayisgames.com/review/the-roomz.php	https://jayisgames.com/review/the-roomz.php#comment-120901	February 13, 2007 5:36 PM
20211118055244	https://jayisgames.com/review/the-roomz.php	https://jayisgames.com/review/the-roomz.php#comment-120902	February 13, 2007 5:40 PM
20211118055244	https://jayisgames.com/review/the-roomz.php	https://jayisgames.com/review/the-roomz.php#comment-120903	February 13, 2007 5:41 PM
20211118055244	https://jayisgames.com/review/the-roomz.php	https://jayisgames.com/review/the-roomz.php#comment-120904	February 13, 2007 5:48 PM
20211118055244	https://jayisgames.com/review/the-roomz.php	https://jayisgames.com/review/the-roomz.php#comment-120906	February 13, 2007 6:00 PM
20211118055244	https://jayisgames.com/review/the-roomz.php	https://jayisgames.com/review/the-roomz.php#comment-120907	February 13, 2007 6:02 PM
20211118055244	https://jayisgames.com/review/the-roomz.php	https://jayisgames.com/review/the-roomz.php#comment-120908	February 13, 2007 6:15 PM
20211118055244	https://jayisgames.com/review/the-roomz.php	https://jayisgames.com/review/the-roomz.php#comment-120909	February 13, 2007 6:23 PM
20211118055244	https://jayisgames.com/review/the-roomz.php	https://jayisgames.com/review/the-roomz.php#comment-120911	February 13, 2007 6:29 PM
20211118055244	https://jayisgames.com/review/the-roomz.php	https://jayisgames.com/review/the-roomz.php#comment-120912	February 13, 2007 6:33 PM
20211118055244	https://jayisgames.com/review/the-roomz.php	https://jayisgames.com/review/the-roomz.php#comment-120913	February 13, 2007 6:36 PM
20211118055244	https://jayisgames.com/review/the-roomz.php	https://jayisgames.com/review/the-roomz.php#comment-120914	February 13, 2007 6:36 PM
20211118055244	https://jayisgames.com/review/the-roomz.php	https://jayisgames.com/review/the-roomz.php#comment-120917	February 13, 2007 6:49 PM
20211118055244	https://jayisgames.com/review/the-roomz.php	https://jayisgames.com/review/the-roomz.php#comment-120918	February 13, 2007 6:57 PM
20211118055244	https://jayisgames.com/review/the-roomz.php	https://jayisgames.com/review/the-roomz.php#comment-120919	February 13, 2007 7:20 PM
20211118055244	https://jayisgames.com/review/the-roomz.php	https://jayisgames.com/review/the-roomz.php#comment-120920	February 13, 2007 7:25 PM
20211118055244	https://jayisgames.com/review/the-roomz.php	https://jayisgames.com/review/the-roomz.php#comment-120921	February 13, 2007 7:32 PM
20211118055244	https://jayisgames.com/review/the-roomz.php	https://jayisgames.com/review/the-roomz.php#comment-120922	February 13, 2007 7:36 PM
20211118055244	https://jayisgames.com/review/the-roomz.php	https://jayisgames.com/review/the-roomz.php#comment-120924	February 13, 2007 7:43 PM
20211118055244	https://jayisgames.com/review/the-roomz.php	https://jayisgames.com/review/the-roomz.php#comment-120926	February 13, 2007 7:51 PM
20211118055244	https://jayisgames.com/review/the-roomz.php	https://jayisgames.com/review/the-roomz.php#comment-120927	February 13, 2007 7:51 PM
20211118055244	https://jayisgames.com/review/the-roomz.php	https://jayisgames.com/review/the-roomz.php#comment-120928	February 13, 2007 8:04 PM
20211118055244	https://jayisgames.com/review/the-roomz.php	https://jayisgames.com/review/the-roomz.php#comment-120929	February 13, 2007 8:06 PM
20211118055244	https://jayisgames.com/review/the-roomz.php	https://jayisgames.com/review/the-roomz.php#comment-120931	February 13, 2007 8:08 PM
20211118055244	https://jayisgames.com/review/the-roomz.php	https://jayisgames.com/review/the-roomz.php#comment-120932	February 13, 2007 8:08 PM
20211118055244	https://jayisgames.com/review/the-roomz.php	https://jayisgames.com/review/the-roomz.php#comment-120934	February 13, 2007 8:10 PM
20211118055244	https://jayisgames.com/review/the-roomz.php	https://jayisgames.com/review/the-roomz.php#comment-120935	February 13, 2007 8:30 PM
20211118055244	https://jayisgames.com/review/the-roomz.php	https://jayisgames.com/review/the-roomz.php#comment-120937	February 13, 2007 9:02 PM
20211118055244	https://jayisgames.com/review/the-roomz.php	https://jayisgames.com/review/the-roomz.php#comment-120940	February 13, 2007 9:33 PM
20211118055244	https://jayisgames.com/review/the-roomz.php	https://jayisgames.com/review/the-roomz.php#comment-120941	February 13, 2007 9:35 PM
20211118055244	https://jayisgames.com/review/the-roomz.php	https://jayisgames.com/review/the-roomz.php#comment-120942	February 13, 2007 9:35 PM
20211118055244	https://jayisgames.com/review/the-roomz.php	https://jayisgames.com/review/the-roomz.php#comment-120945	February 13, 2007 9:57 PM
20211118055244	https://jayisgames.com/review/the-roomz.php	https://jayisgames.com/review/the-roomz.php#comment-120946	February 13, 2007 10:11 PM
20211118055244	https://jayisgames.com/review/the-roomz.php	https://jayisgames.com/review/the-roomz.php#comment-120947	February 13, 2007 10:25 PM
20211118055244	https://jayisgames.com/review/the-roomz.php	https://jayisgames.com/review/the-roomz.php#comment-120948	February 13, 2007 10:26 PM
20211118055244	https://jayisgames.com/review/the-roomz.php	https://jayisgames.com/review/the-roomz.php#comment-120950	February 13, 2007 10:33 PM
20211118055244	https://jayisgames.com/review/the-roomz.php	https://jayisgames.com/review/the-roomz.php#comment-120951	February 13, 2007 10:36 PM
20211118055244	https://jayisgames.com/review/the-roomz.php	https://jayisgames.com/review/the-roomz.php#comment-120952	February 13, 2007 10:38 PM
20211118055244	https://jayisgames.com/review/the-roomz.php	https://jayisgames.com/review/the-roomz.php#comment-120955	February 13, 2007 10:52 PM
20211118055244	https://jayisgames.com/review/the-roomz.php	https://jayisgames.com/review/the-roomz.php#comment-120956	February 13, 2007 11:11 PM
20211118055244	https://jayisgames.com/review/the-roomz.php	https://jayisgames.com/review/the-roomz.php#comment-120959	February 13, 2007 11:15 PM
20211118055244	https://jayisgames.com/review/the-roomz.php	https://jayisgames.com/review/the-roomz.php#comment-120962	February 13, 2007 11:27 PM
20211118055244	https://jayisgames.com/review/the-roomz.php	https://jayisgames.com/review/the-roomz.php#comment-120963	February 13, 2007 11:32 PM
20211118055244	https://jayisgames.com/review/the-roomz.php	https://jayisgames.com/review/the-roomz.php#comment-120964	February 13, 2007 11:35 PM
20211118055244	https://jayisgames.com/review/the-roomz.php	https://jayisgames.com/review/the-roomz.php#comment-120965	February 13, 2007 11:38 PM
20211118055244	https://jayisgames.com/review/the-roomz.php	https://jayisgames.com/review/the-roomz.php#comment-120967	February 13, 2007 11:47 PM
20211118055244	https://jayisgames.com/review/the-roomz.php	https://jayisgames.com/review/the-roomz.php#comment-120969	February 13, 2007 11:51 PM
20211118055244	https://jayisgames.com/review/the-roomz.php	https://jayisgames.com/review/the-roomz.php#comment-262797	April 28, 2008 1:46 PM
20211118055244	https://jayisgames.com/review/the-roomz.php	https://jayisgames.com/review/the-roomz.php#comment-262808	April 28, 2008 2:55 PM
20211118055244	https://jayisgames.com/review/the-roomz.php	https://jayisgames.com/review/the-roomz.php#comment-264645	May 13, 2008 7:03 PM
20211118055244	https://jayisgames.com/review/the-roomz.php	https://jayisgames.com/review/the-roomz.php#comment-265323	May 19, 2008 7:45 AM
20211118055244	https://jayisgames.com/review/the-roomz.php	https://jayisgames.com/review/the-roomz.php#comment-265865	May 24, 2008 12:06 PM
20211118055244	https://jayisgames.com/review/the-roomz.php	https://jayisgames.com/review/the-roomz.php#comment-266052	May 26, 2008 11:42 AM
20211118055244	https://jayisgames.com/review/the-roomz.php	https://jayisgames.com/review/the-roomz.php#comment-266256	May 28, 2008 6:44 AM
20211118055244	https://jayisgames.com/review/the-roomz.php	https://jayisgames.com/review/the-roomz.php#comment-266748	May 31, 2008 9:58 AM
20211118055244	https://jayisgames.com/review/the-roomz.php	https://jayisgames.com/review/the-roomz.php#comment-267508	June 5, 2008 5:00 AM
20211118055244	https://jayisgames.com/review/the-roomz.php	https://jayisgames.com/review/the-roomz.php#comment-273276	July 4, 2008 8:46 PM
20211118055244	https://jayisgames.com/review/the-roomz.php	https://jayisgames.com/review/the-roomz.php#comment-276495	July 25, 2008 10:16 AM
20211118055244	https://jayisgames.com/review/the-roomz.php	https://jayisgames.com/review/the-roomz.php#comment-277962	August 3, 2008 11:47 PM
20211118055244	https://jayisgames.com/review/the-roomz.php	https://jayisgames.com/review/the-roomz.php#comment-284880	September 28, 2008 10:45 AM
20211118055244	https://jayisgames.com/review/the-roomz.php	https://jayisgames.com/review/the-roomz.php#comment-345181	November 29, 2009 9:07 PM
20211118055244	https://jayisgames.com/review/the-roomz.php	https://jayisgames.com/review/the-roomz.php#comment-357403	March 16, 2010 4:51 PM
20211118055244	https://jayisgames.com/review/the-roomz.php	https://jayisgames.com/review/the-roomz.php#comment-380638	October 16, 2010 1:56 PM
20211118055244	https://jayisgames.com/review/the-roomz.php	https://jayisgames.com/review/the-roomz.php#comment-380680	October 17, 2010 10:52 AM
20211118055244	https://jayisgames.com/review/the-roomz.php	https://jayisgames.com/review/the-roomz.php#comment-380681	October 17, 2010 12:05 PM
20220129044649	https://www.jayisgames.com/review/the-roomz.php	https://jayisgames.com/review/the-roomz.php#walkthrough	Walkthrough
20220129044649	https://www.jayisgames.com/review/the-roomz.php	https://jayisgames.com/review/the-roomz.php#comments	Comments (818)
20220129044649	https://www.jayisgames.com/review/the-roomz.php	http://dreamwardgames.com/theroomz/	
20220129044649	https://www.jayisgames.com/review/the-roomz.php	http://dreamwardgames.com/theroomz/	The Roomz
20220129044649	https://www.jayisgames.com/review/the-roomz.php	http://dreamwardgames.com/theroomz/	Play The Roomz
20220129044649	https://www.jayisgames.com/review/the-roomz.php	https://jayisgames.com/review/the-roomz.php#walkthrough	The Roomz Walkthrough
20220129044649	https://www.jayisgames.com/review/the-roomz.php	https://jayisgames.com/review/the-roomz.php#walkthrough	Walkthrough Guide
20220129044649	https://www.jayisgames.com/review/the-roomz.php	http://www.theroomz.yoyo.pl/danger/map.htm/	http://www.theroomz.yoyo.pl/danger/map.htm/
20220129044649	https://www.jayisgames.com/review/the-roomz.php	https://jayisgames.com/review/the-roomz.php#comment-120824	February 13, 2007 1:20 PM
20220129044649	https://www.jayisgames.com/review/the-roomz.php	https://jayisgames.com/review/the-roomz.php#comment-120825	February 13, 2007 1:22 PM
20220129044649	https://www.jayisgames.com/review/the-roomz.php	https://jayisgames.com/review/the-roomz.php#comment-120826	February 13, 2007 1:35 PM
20220129044649	https://www.jayisgames.com/review/the-roomz.php	https://jayisgames.com/review/the-roomz.php#comment-120828	February 13, 2007 1:44 PM
20220129044649	https://www.jayisgames.com/review/the-roomz.php	https://jayisgames.com/review/the-roomz.php#comment-120829	February 13, 2007 1:56 PM
20220129044649	https://www.jayisgames.com/review/the-roomz.php	https://jayisgames.com/review/the-roomz.php#comment-120831	February 13, 2007 2:03 PM
20220129044649	https://www.jayisgames.com/review/the-roomz.php	https://jayisgames.com/review/the-roomz.php#comment-120832	February 13, 2007 2:09 PM
20220129044649	https://www.jayisgames.com/review/the-roomz.php	https://jayisgames.com/review/the-roomz.php#comment-120833	February 13, 2007 2:14 PM
20220129044649	https://www.jayisgames.com/review/the-roomz.php	https://jayisgames.com/review/the-roomz.php#comment-120836	February 13, 2007 2:16 PM
20220129044649	https://www.jayisgames.com/review/the-roomz.php	https://jayisgames.com/review/the-roomz.php#comment-120837	February 13, 2007 2:25 PM
20220129044649	https://www.jayisgames.com/review/the-roomz.php	https://jayisgames.com/review/the-roomz.php#comment-120838	February 13, 2007 2:28 PM
20220129044649	https://www.jayisgames.com/review/the-roomz.php	https://jayisgames.com/review/the-roomz.php#comment-120840	February 13, 2007 2:34 PM
20220129044649	https://www.jayisgames.com/review/the-roomz.php	https://jayisgames.com/review/the-roomz.php#comment-120842	February 13, 2007 2:36 PM
20220129044649	https://www.jayisgames.com/review/the-roomz.php	https://jayisgames.com/review/the-roomz.php#comment-120843	February 13, 2007 2:38 PM
20220129044649	https://www.jayisgames.com/review/the-roomz.php	https://jayisgames.com/review/the-roomz.php#comment-120844	February 13, 2007 2:39 PM
20220129044649	https://www.jayisgames.com/review/the-roomz.php	https://jayisgames.com/review/the-roomz.php#comment-120845	February 13, 2007 2:43 PM
20220129044649	https://www.jayisgames.com/review/the-roomz.php	https://jayisgames.com/review/the-roomz.php#comment-120846	February 13, 2007 2:43 PM
20220129044649	https://www.jayisgames.com/review/the-roomz.php	https://jayisgames.com/review/the-roomz.php#comment-120847	February 13, 2007 2:47 PM
20220129044649	https://www.jayisgames.com/review/the-roomz.php	https://jayisgames.com/review/the-roomz.php#comment-120850	February 13, 2007 3:09 PM
20220129044649	https://www.jayisgames.com/review/the-roomz.php	https://jayisgames.com/review/the-roomz.php#comment-120851	February 13, 2007 3:11 PM
20220129044649	https://www.jayisgames.com/review/the-roomz.php	https://jayisgames.com/review/the-roomz.php#comment-120852	February 13, 2007 3:11 PM
20220129044649	https://www.jayisgames.com/review/the-roomz.php	https://jayisgames.com/review/the-roomz.php#comment-120853	February 13, 2007 3:21 PM
20220129044649	https://www.jayisgames.com/review/the-roomz.php	https://jayisgames.com/review/the-roomz.php#comment-120854	February 13, 2007 3:23 PM
20220129044649	https://www.jayisgames.com/review/the-roomz.php	https://jayisgames.com/review/the-roomz.php#comment-120855	February 13, 2007 3:24 PM
20220129044649	https://www.jayisgames.com/review/the-roomz.php	https://jayisgames.com/review/the-roomz.php#comment-120857	February 13, 2007 3:30 PM
20220129044649	https://www.jayisgames.com/review/the-roomz.php	https://jayisgames.com/review/the-roomz.php#comment-120858	February 13, 2007 3:31 PM
20220129044649	https://www.jayisgames.com/review/the-roomz.php	https://jayisgames.com/review/the-roomz.php#comment-120859	February 13, 2007 3:31 PM
20220129044649	https://www.jayisgames.com/review/the-roomz.php	https://jayisgames.com/review/the-roomz.php#comment-120860	February 13, 2007 3:33 PM
20220129044649	https://www.jayisgames.com/review/the-roomz.php	https://jayisgames.com/review/the-roomz.php#comment-120861	February 13, 2007 3:40 PM
20220129044649	https://www.jayisgames.com/review/the-roomz.php	https://jayisgames.com/review/the-roomz.php#comment-120862	February 13, 2007 3:40 PM
20220129044649	https://www.jayisgames.com/review/the-roomz.php	https://jayisgames.com/review/the-roomz.php#comment-120864	February 13, 2007 3:45 PM
20220129044649	https://www.jayisgames.com/review/the-roomz.php	https://jayisgames.com/review/the-roomz.php#comment-120865	February 13, 2007 3:45 PM
20220129044649	https://www.jayisgames.com/review/the-roomz.php	https://jayisgames.com/review/the-roomz.php#comment-120866	February 13, 2007 3:51 PM
20220129044649	https://www.jayisgames.com/review/the-roomz.php	https://jayisgames.com/review/the-roomz.php#comment-120867	February 13, 2007 3:52 PM
20220129044649	https://www.jayisgames.com/review/the-roomz.php	https://jayisgames.com/review/the-roomz.php#comment-120868	February 13, 2007 4:10 PM
20220129044649	https://www.jayisgames.com/review/the-roomz.php	https://jayisgames.com/review/the-roomz.php#comment-120869	February 13, 2007 4:10 PM
20220129044649	https://www.jayisgames.com/review/the-roomz.php	https://jayisgames.com/review/the-roomz.php#comment-120870	February 13, 2007 4:11 PM
20220129044649	https://www.jayisgames.com/review/the-roomz.php	https://jayisgames.com/review/the-roomz.php#comment-120879	February 13, 2007 4:31 PM
20220129044649	https://www.jayisgames.com/review/the-roomz.php	https://jayisgames.com/review/the-roomz.php#comment-120882	February 13, 2007 4:38 PM
20220129044649	https://www.jayisgames.com/review/the-roomz.php	https://jayisgames.com/review/the-roomz.php#comment-120883	February 13, 2007 4:43 PM
20220129044649	https://www.jayisgames.com/review/the-roomz.php	https://jayisgames.com/review/the-roomz.php#comment-120884	February 13, 2007 4:46 PM
20220129044649	https://www.jayisgames.com/review/the-roomz.php	https://jayisgames.com/review/the-roomz.php#comment-120885	February 13, 2007 4:49 PM
20220129044649	https://www.jayisgames.com/review/the-roomz.php	https://jayisgames.com/review/the-roomz.php#comment-120886	February 13, 2007 4:50 PM
20220129044649	https://www.jayisgames.com/review/the-roomz.php	https://jayisgames.com/review/the-roomz.php#comment-120887	February 13, 2007 4:54 PM
20220129044649	https://www.jayisgames.com/review/the-roomz.php	https://jayisgames.com/review/the-roomz.php#comment-120888	February 13, 2007 4:58 PM
20220129044649	https://www.jayisgames.com/review/the-roomz.php	https://jayisgames.com/review/the-roomz.php#comment-120889	February 13, 2007 5:07 PM
20220129044649	https://www.jayisgames.com/review/the-roomz.php	https://jayisgames.com/review/the-roomz.php#comment-120890	February 13, 2007 5:13 PM
20220129044649	https://www.jayisgames.com/review/the-roomz.php	https://jayisgames.com/review/the-roomz.php#comment-120891	February 13, 2007 5:13 PM
20220129044649	https://www.jayisgames.com/review/the-roomz.php	https://jayisgames.com/review/the-roomz.php#comment-120893	February 13, 2007 5:21 PM
20220129044649	https://www.jayisgames.com/review/the-roomz.php	https://jayisgames.com/review/the-roomz.php#comment-120894	February 13, 2007 5:25 PM
20220129044649	https://www.jayisgames.com/review/the-roomz.php	https://jayisgames.com/review/the-roomz.php#comment-120897	February 13, 2007 5:27 PM
20220129044649	https://www.jayisgames.com/review/the-roomz.php	https://jayisgames.com/review/the-roomz.php#comment-120899	February 13, 2007 5:31 PM
20220129044649	https://www.jayisgames.com/review/the-roomz.php	https://jayisgames.com/review/the-roomz.php#comment-120900	February 13, 2007 5:31 PM
20220129044649	https://www.jayisgames.com/review/the-roomz.php	https://jayisgames.com/review/the-roomz.php#comment-120901	February 13, 2007 5:36 PM
20220129044649	https://www.jayisgames.com/review/the-roomz.php	https://jayisgames.com/review/the-roomz.php#comment-120902	February 13, 2007 5:40 PM
20220129044649	https://www.jayisgames.com/review/the-roomz.php	https://jayisgames.com/review/the-roomz.php#comment-120903	February 13, 2007 5:41 PM
20220129044649	https://www.jayisgames.com/review/the-roomz.php	https://jayisgames.com/review/the-roomz.php#comment-120904	February 13, 2007 5:48 PM
20220129044649	https://www.jayisgames.com/review/the-roomz.php	https://jayisgames.com/review/the-roomz.php#comment-120906	February 13, 2007 6:00 PM
20220129044649	https://www.jayisgames.com/review/the-roomz.php	https://jayisgames.com/review/the-roomz.php#comment-120907	February 13, 2007 6:02 PM
20220129044649	https://www.jayisgames.com/review/the-roomz.php	https://jayisgames.com/review/the-roomz.php#comment-120908	February 13, 2007 6:15 PM
20220129044649	https://www.jayisgames.com/review/the-roomz.php	https://jayisgames.com/review/the-roomz.php#comment-120909	February 13, 2007 6:23 PM
20220129044649	https://www.jayisgames.com/review/the-roomz.php	https://jayisgames.com/review/the-roomz.php#comment-120911	February 13, 2007 6:29 PM
20220129044649	https://www.jayisgames.com/review/the-roomz.php	https://jayisgames.com/review/the-roomz.php#comment-120912	February 13, 2007 6:33 PM
20220129044649	https://www.jayisgames.com/review/the-roomz.php	https://jayisgames.com/review/the-roomz.php#comment-120913	February 13, 2007 6:36 PM
20220129044649	https://www.jayisgames.com/review/the-roomz.php	https://jayisgames.com/review/the-roomz.php#comment-120914	February 13, 2007 6:36 PM
20220129044649	https://www.jayisgames.com/review/the-roomz.php	https://jayisgames.com/review/the-roomz.php#comment-120917	February 13, 2007 6:49 PM
20220129044649	https://www.jayisgames.com/review/the-roomz.php	https://jayisgames.com/review/the-roomz.php#comment-120918	February 13, 2007 6:57 PM
20220129044649	https://www.jayisgames.com/review/the-roomz.php	https://jayisgames.com/review/the-roomz.php#comment-120919	February 13, 2007 7:20 PM
20220129044649	https://www.jayisgames.com/review/the-roomz.php	https://jayisgames.com/review/the-roomz.php#comment-120920	February 13, 2007 7:25 PM
20220129044649	https://www.jayisgames.com/review/the-roomz.php	https://jayisgames.com/review/the-roomz.php#comment-120921	February 13, 2007 7:32 PM
20220129044649	https://www.jayisgames.com/review/the-roomz.php	https://jayisgames.com/review/the-roomz.php#comment-120922	February 13, 2007 7:36 PM
20220129044649	https://www.jayisgames.com/review/the-roomz.php	https://jayisgames.com/review/the-roomz.php#comment-120924	February 13, 2007 7:43 PM
20220129044649	https://www.jayisgames.com/review/the-roomz.php	https://jayisgames.com/review/the-roomz.php#comment-120926	February 13, 2007 7:51 PM
20220129044649	https://www.jayisgames.com/review/the-roomz.php	https://jayisgames.com/review/the-roomz.php#comment-120927	February 13, 2007 7:51 PM
20220129044649	https://www.jayisgames.com/review/the-roomz.php	https://jayisgames.com/review/the-roomz.php#comment-120928	February 13, 2007 8:04 PM
20220129044649	https://www.jayisgames.com/review/the-roomz.php	https://jayisgames.com/review/the-roomz.php#comment-120929	February 13, 2007 8:06 PM
20220129044649	https://www.jayisgames.com/review/the-roomz.php	https://jayisgames.com/review/the-roomz.php#comment-120931	February 13, 2007 8:08 PM
20220129044649	https://www.jayisgames.com/review/the-roomz.php	https://jayisgames.com/review/the-roomz.php#comment-120932	February 13, 2007 8:08 PM
20220129044649	https://www.jayisgames.com/review/the-roomz.php	https://jayisgames.com/review/the-roomz.php#comment-120934	February 13, 2007 8:10 PM
20220129044649	https://www.jayisgames.com/review/the-roomz.php	https://jayisgames.com/review/the-roomz.php#comment-120935	February 13, 2007 8:30 PM
20220129044649	https://www.jayisgames.com/review/the-roomz.php	https://jayisgames.com/review/the-roomz.php#comment-120937	February 13, 2007 9:02 PM
20220129044649	https://www.jayisgames.com/review/the-roomz.php	https://jayisgames.com/review/the-roomz.php#comment-120940	February 13, 2007 9:33 PM
20220129044649	https://www.jayisgames.com/review/the-roomz.php	https://jayisgames.com/review/the-roomz.php#comment-120941	February 13, 2007 9:35 PM
20220129044649	https://www.jayisgames.com/review/the-roomz.php	https://jayisgames.com/review/the-roomz.php#comment-120942	February 13, 2007 9:35 PM
20220129044649	https://www.jayisgames.com/review/the-roomz.php	https://jayisgames.com/review/the-roomz.php#comment-120945	February 13, 2007 9:57 PM
20220129044649	https://www.jayisgames.com/review/the-roomz.php	https://jayisgames.com/review/the-roomz.php#comment-120946	February 13, 2007 10:11 PM
20220129044649	https://www.jayisgames.com/review/the-roomz.php	https://jayisgames.com/review/the-roomz.php#comment-120947	February 13, 2007 10:25 PM
20220129044649	https://www.jayisgames.com/review/the-roomz.php	https://jayisgames.com/review/the-roomz.php#comment-120948	February 13, 2007 10:26 PM
20220129044649	https://www.jayisgames.com/review/the-roomz.php	https://jayisgames.com/review/the-roomz.php#comment-120950	February 13, 2007 10:33 PM
20220129044649	https://www.jayisgames.com/review/the-roomz.php	https://jayisgames.com/review/the-roomz.php#comment-120951	February 13, 2007 10:36 PM
20220129044649	https://www.jayisgames.com/review/the-roomz.php	https://jayisgames.com/review/the-roomz.php#comment-120952	February 13, 2007 10:38 PM
20220129044649	https://www.jayisgames.com/review/the-roomz.php	https://jayisgames.com/review/the-roomz.php#comment-120955	February 13, 2007 10:52 PM
20220129044649	https://www.jayisgames.com/review/the-roomz.php	https://jayisgames.com/review/the-roomz.php#comment-120956	February 13, 2007 11:11 PM
20220129044649	https://www.jayisgames.com/review/the-roomz.php	https://jayisgames.com/review/the-roomz.php#comment-120959	February 13, 2007 11:15 PM
20220129044649	https://www.jayisgames.com/review/the-roomz.php	https://jayisgames.com/review/the-roomz.php#comment-120962	February 13, 2007 11:27 PM
20220129044649	https://www.jayisgames.com/review/the-roomz.php	https://jayisgames.com/review/the-roomz.php#comment-120963	February 13, 2007 11:32 PM
20220129044649	https://www.jayisgames.com/review/the-roomz.php	https://jayisgames.com/review/the-roomz.php#comment-120964	February 13, 2007 11:35 PM
20220129044649	https://www.jayisgames.com/review/the-roomz.php	https://jayisgames.com/review/the-roomz.php#comment-120965	February 13, 2007 11:38 PM
20220129044649	https://www.jayisgames.com/review/the-roomz.php	https://jayisgames.com/review/the-roomz.php#comment-120967	February 13, 2007 11:47 PM
20220129044649	https://www.jayisgames.com/review/the-roomz.php	https://jayisgames.com/review/the-roomz.php#comment-120969	February 13, 2007 11:51 PM
20220129044649	https://www.jayisgames.com/review/the-roomz.php	https://jayisgames.com/review/the-roomz.php#comment-262797	April 28, 2008 1:46 PM
20220129044649	https://www.jayisgames.com/review/the-roomz.php	https://jayisgames.com/review/the-roomz.php#comment-262808	April 28, 2008 2:55 PM
20220129044649	https://www.jayisgames.com/review/the-roomz.php	https://jayisgames.com/review/the-roomz.php#comment-264645	May 13, 2008 7:03 PM
20220129044649	https://www.jayisgames.com/review/the-roomz.php	https://jayisgames.com/review/the-roomz.php#comment-265323	May 19, 2008 7:45 AM
20220129044649	https://www.jayisgames.com/review/the-roomz.php	https://jayisgames.com/review/the-roomz.php#comment-265865	May 24, 2008 12:06 PM
20220129044649	https://www.jayisgames.com/review/the-roomz.php	https://jayisgames.com/review/the-roomz.php#comment-266052	May 26, 2008 11:42 AM
20220129044649	https://www.jayisgames.com/review/the-roomz.php	https://jayisgames.com/review/the-roomz.php#comment-266256	May 28, 2008 6:44 AM
20220129044649	https://www.jayisgames.com/review/the-roomz.php	https://jayisgames.com/review/the-roomz.php#comment-266748	May 31, 2008 9:58 AM
20220129044649	https://www.jayisgames.com/review/the-roomz.php	https://jayisgames.com/review/the-roomz.php#comment-267508	June 5, 2008 5:00 AM
20220129044649	https://www.jayisgames.com/review/the-roomz.php	https://jayisgames.com/review/the-roomz.php#comment-273276	July 4, 2008 8:46 PM
20220129044649	https://www.jayisgames.com/review/the-roomz.php	https://jayisgames.com/review/the-roomz.php#comment-276495	July 25, 2008 10:16 AM
20220129044649	https://www.jayisgames.com/review/the-roomz.php	https://jayisgames.com/review/the-roomz.php#comment-277962	August 3, 2008 11:47 PM
20220129044649	https://www.jayisgames.com/review/the-roomz.php	https://jayisgames.com/review/the-roomz.php#comment-284880	September 28, 2008 10:45 AM
20220129044649	https://www.jayisgames.com/review/the-roomz.php	https://jayisgames.com/review/the-roomz.php#comment-345181	November 29, 2009 9:07 PM
20220129044649	https://www.jayisgames.com/review/the-roomz.php	https://jayisgames.com/review/the-roomz.php#comment-357403	March 16, 2010 4:51 PM
20220129044649	https://www.jayisgames.com/review/the-roomz.php	https://jayisgames.com/review/the-roomz.php#comment-380638	October 16, 2010 1:56 PM
20220129044649	https://www.jayisgames.com/review/the-roomz.php	https://jayisgames.com/review/the-roomz.php#comment-380680	October 17, 2010 10:52 AM
20220129044649	https://www.jayisgames.com/review/the-roomz.php	https://jayisgames.com/review/the-roomz.php#comment-380681	October 17, 2010 12:05 PM
20220516143004	https://www.jayisgames.com/review/the-roomz.php	https://jayisgames.com/review/the-roomz.php#walkthrough	Walkthrough
20220516143004	https://www.jayisgames.com/review/the-roomz.php	https://jayisgames.com/review/the-roomz.php#comments	Comments (818)
20220516143004	https://www.jayisgames.com/review/the-roomz.php	http://dreamwardgames.com/theroomz/	
20220516143004	https://www.jayisgames.com/review/the-roomz.php	http://dreamwardgames.com/theroomz/	The Roomz
20220516143004	https://www.jayisgames.com/review/the-roomz.php	http://dreamwardgames.com/theroomz/	Play The Roomz
20220516143004	https://www.jayisgames.com/review/the-roomz.php	https://jayisgames.com/review/the-roomz.php#walkthrough	The Roomz Walkthrough
20220516143004	https://www.jayisgames.com/review/the-roomz.php	https://jayisgames.com/review/the-roomz.php#walkthrough	Walkthrough Guide
20220516143004	https://www.jayisgames.com/review/the-roomz.php	http://www.theroomz.yoyo.pl/danger/map.htm/	http://www.theroomz.yoyo.pl/danger/map.htm/
20220516143004	https://www.jayisgames.com/review/the-roomz.php	https://jayisgames.com/review/the-roomz.php#comment-120824	February 13, 2007 1:20 PM
20220516143004	https://www.jayisgames.com/review/the-roomz.php	https://jayisgames.com/review/the-roomz.php#comment-120825	February 13, 2007 1:22 PM
20220516143004	https://www.jayisgames.com/review/the-roomz.php	https://jayisgames.com/review/the-roomz.php#comment-120826	February 13, 2007 1:35 PM
20220516143004	https://www.jayisgames.com/review/the-roomz.php	https://jayisgames.com/review/the-roomz.php#comment-120828	February 13, 2007 1:44 PM
20220516143004	https://www.jayisgames.com/review/the-roomz.php	https://jayisgames.com/review/the-roomz.php#comment-120829	February 13, 2007 1:56 PM
20220516143004	https://www.jayisgames.com/review/the-roomz.php	https://jayisgames.com/review/the-roomz.php#comment-120831	February 13, 2007 2:03 PM
20220516143004	https://www.jayisgames.com/review/the-roomz.php	https://jayisgames.com/review/the-roomz.php#comment-120832	February 13, 2007 2:09 PM
20220516143004	https://www.jayisgames.com/review/the-roomz.php	https://jayisgames.com/review/the-roomz.php#comment-120833	February 13, 2007 2:14 PM
20220516143004	https://www.jayisgames.com/review/the-roomz.php	https://jayisgames.com/review/the-roomz.php#comment-120836	February 13, 2007 2:16 PM
20220516143004	https://www.jayisgames.com/review/the-roomz.php	https://jayisgames.com/review/the-roomz.php#comment-120837	February 13, 2007 2:25 PM
20220516143004	https://www.jayisgames.com/review/the-roomz.php	https://jayisgames.com/review/the-roomz.php#comment-120838	February 13, 2007 2:28 PM
20220516143004	https://www.jayisgames.com/review/the-roomz.php	https://jayisgames.com/review/the-roomz.php#comment-120840	February 13, 2007 2:34 PM
20220516143004	https://www.jayisgames.com/review/the-roomz.php	https://jayisgames.com/review/the-roomz.php#comment-120842	February 13, 2007 2:36 PM
20220516143004	https://www.jayisgames.com/review/the-roomz.php	https://jayisgames.com/review/the-roomz.php#comment-120843	February 13, 2007 2:38 PM
20220516143004	https://www.jayisgames.com/review/the-roomz.php	https://jayisgames.com/review/the-roomz.php#comment-120844	February 13, 2007 2:39 PM
20220516143004	https://www.jayisgames.com/review/the-roomz.php	https://jayisgames.com/review/the-roomz.php#comment-120845	February 13, 2007 2:43 PM
20220516143004	https://www.jayisgames.com/review/the-roomz.php	https://jayisgames.com/review/the-roomz.php#comment-120846	February 13, 2007 2:43 PM
20220516143004	https://www.jayisgames.com/review/the-roomz.php	https://jayisgames.com/review/the-roomz.php#comment-120847	February 13, 2007 2:47 PM
20220516143004	https://www.jayisgames.com/review/the-roomz.php	https://jayisgames.com/review/the-roomz.php#comment-120850	February 13, 2007 3:09 PM
20220516143004	https://www.jayisgames.com/review/the-roomz.php	https://jayisgames.com/review/the-roomz.php#comment-120851	February 13, 2007 3:11 PM
20220516143004	https://www.jayisgames.com/review/the-roomz.php	https://jayisgames.com/review/the-roomz.php#comment-120852	February 13, 2007 3:11 PM
20220516143004	https://www.jayisgames.com/review/the-roomz.php	https://jayisgames.com/review/the-roomz.php#comment-120853	February 13, 2007 3:21 PM
20220516143004	https://www.jayisgames.com/review/the-roomz.php	https://jayisgames.com/review/the-roomz.php#comment-120854	February 13, 2007 3:23 PM
20220516143004	https://www.jayisgames.com/review/the-roomz.php	https://jayisgames.com/review/the-roomz.php#comment-120855	February 13, 2007 3:24 PM
20220516143004	https://www.jayisgames.com/review/the-roomz.php	https://jayisgames.com/review/the-roomz.php#comment-120857	February 13, 2007 3:30 PM
20220516143004	https://www.jayisgames.com/review/the-roomz.php	https://jayisgames.com/review/the-roomz.php#comment-120858	February 13, 2007 3:31 PM
20220516143004	https://www.jayisgames.com/review/the-roomz.php	https://jayisgames.com/review/the-roomz.php#comment-120859	February 13, 2007 3:31 PM
20220516143004	https://www.jayisgames.com/review/the-roomz.php	https://jayisgames.com/review/the-roomz.php#comment-120860	February 13, 2007 3:33 PM
20220516143004	https://www.jayisgames.com/review/the-roomz.php	https://jayisgames.com/review/the-roomz.php#comment-120861	February 13, 2007 3:40 PM
20220516143004	https://www.jayisgames.com/review/the-roomz.php	https://jayisgames.com/review/the-roomz.php#comment-120862	February 13, 2007 3:40 PM
20220516143004	https://www.jayisgames.com/review/the-roomz.php	https://jayisgames.com/review/the-roomz.php#comment-120864	February 13, 2007 3:45 PM
20220516143004	https://www.jayisgames.com/review/the-roomz.php	https://jayisgames.com/review/the-roomz.php#comment-120865	February 13, 2007 3:45 PM
20220516143004	https://www.jayisgames.com/review/the-roomz.php	https://jayisgames.com/review/the-roomz.php#comment-120866	February 13, 2007 3:51 PM
20220516143004	https://www.jayisgames.com/review/the-roomz.php	https://jayisgames.com/review/the-roomz.php#comment-120867	February 13, 2007 3:52 PM
20220516143004	https://www.jayisgames.com/review/the-roomz.php	https://jayisgames.com/review/the-roomz.php#comment-120868	February 13, 2007 4:10 PM
20220516143004	https://www.jayisgames.com/review/the-roomz.php	https://jayisgames.com/review/the-roomz.php#comment-120869	February 13, 2007 4:10 PM
20220516143004	https://www.jayisgames.com/review/the-roomz.php	https://jayisgames.com/review/the-roomz.php#comment-120870	February 13, 2007 4:11 PM
20220516143004	https://www.jayisgames.com/review/the-roomz.php	https://jayisgames.com/review/the-roomz.php#comment-120879	February 13, 2007 4:31 PM
20220516143004	https://www.jayisgames.com/review/the-roomz.php	https://jayisgames.com/review/the-roomz.php#comment-120882	February 13, 2007 4:38 PM
20220516143004	https://www.jayisgames.com/review/the-roomz.php	https://jayisgames.com/review/the-roomz.php#comment-120883	February 13, 2007 4:43 PM
20220516143004	https://www.jayisgames.com/review/the-roomz.php	https://jayisgames.com/review/the-roomz.php#comment-120884	February 13, 2007 4:46 PM
20220516143004	https://www.jayisgames.com/review/the-roomz.php	https://jayisgames.com/review/the-roomz.php#comment-120885	February 13, 2007 4:49 PM
20220516143004	https://www.jayisgames.com/review/the-roomz.php	https://jayisgames.com/review/the-roomz.php#comment-120886	February 13, 2007 4:50 PM
20220516143004	https://www.jayisgames.com/review/the-roomz.php	https://jayisgames.com/review/the-roomz.php#comment-120887	February 13, 2007 4:54 PM
20220516143004	https://www.jayisgames.com/review/the-roomz.php	https://jayisgames.com/review/the-roomz.php#comment-120888	February 13, 2007 4:58 PM
20220516143004	https://www.jayisgames.com/review/the-roomz.php	https://jayisgames.com/review/the-roomz.php#comment-120889	February 13, 2007 5:07 PM
20220516143004	https://www.jayisgames.com/review/the-roomz.php	https://jayisgames.com/review/the-roomz.php#comment-120890	February 13, 2007 5:13 PM
20220516143004	https://www.jayisgames.com/review/the-roomz.php	https://jayisgames.com/review/the-roomz.php#comment-120891	February 13, 2007 5:13 PM
20220516143004	https://www.jayisgames.com/review/the-roomz.php	https://jayisgames.com/review/the-roomz.php#comment-120893	February 13, 2007 5:21 PM
20220516143004	https://www.jayisgames.com/review/the-roomz.php	https://jayisgames.com/review/the-roomz.php#comment-120894	February 13, 2007 5:25 PM
20220516143004	https://www.jayisgames.com/review/the-roomz.php	https://jayisgames.com/review/the-roomz.php#comment-120897	February 13, 2007 5:27 PM
20220516143004	https://www.jayisgames.com/review/the-roomz.php	https://jayisgames.com/review/the-roomz.php#comment-120899	February 13, 2007 5:31 PM
20220516143004	https://www.jayisgames.com/review/the-roomz.php	https://jayisgames.com/review/the-roomz.php#comment-120900	February 13, 2007 5:31 PM
20220516143004	https://www.jayisgames.com/review/the-roomz.php	https://jayisgames.com/review/the-roomz.php#comment-120901	February 13, 2007 5:36 PM
20220516143004	https://www.jayisgames.com/review/the-roomz.php	https://jayisgames.com/review/the-roomz.php#comment-120902	February 13, 2007 5:40 PM
20220516143004	https://www.jayisgames.com/review/the-roomz.php	https://jayisgames.com/review/the-roomz.php#comment-120903	February 13, 2007 5:41 PM
20220516143004	https://www.jayisgames.com/review/the-roomz.php	https://jayisgames.com/review/the-roomz.php#comment-120904	February 13, 2007 5:48 PM
20220516143004	https://www.jayisgames.com/review/the-roomz.php	https://jayisgames.com/review/the-roomz.php#comment-120906	February 13, 2007 6:00 PM
20220516143004	https://www.jayisgames.com/review/the-roomz.php	https://jayisgames.com/review/the-roomz.php#comment-120907	February 13, 2007 6:02 PM
20220516143004	https://www.jayisgames.com/review/the-roomz.php	https://jayisgames.com/review/the-roomz.php#comment-120908	February 13, 2007 6:15 PM
20220516143004	https://www.jayisgames.com/review/the-roomz.php	https://jayisgames.com/review/the-roomz.php#comment-120909	February 13, 2007 6:23 PM
20220516143004	https://www.jayisgames.com/review/the-roomz.php	https://jayisgames.com/review/the-roomz.php#comment-120911	February 13, 2007 6:29 PM
20220516143004	https://www.jayisgames.com/review/the-roomz.php	https://jayisgames.com/review/the-roomz.php#comment-120912	February 13, 2007 6:33 PM
20220516143004	https://www.jayisgames.com/review/the-roomz.php	https://jayisgames.com/review/the-roomz.php#comment-120913	February 13, 2007 6:36 PM
20220516143004	https://www.jayisgames.com/review/the-roomz.php	https://jayisgames.com/review/the-roomz.php#comment-120914	February 13, 2007 6:36 PM
20220516143004	https://www.jayisgames.com/review/the-roomz.php	https://jayisgames.com/review/the-roomz.php#comment-120917	February 13, 2007 6:49 PM
20220516143004	https://www.jayisgames.com/review/the-roomz.php	https://jayisgames.com/review/the-roomz.php#comment-120918	February 13, 2007 6:57 PM
20220516143004	https://www.jayisgames.com/review/the-roomz.php	https://jayisgames.com/review/the-roomz.php#comment-120919	February 13, 2007 7:20 PM
20220516143004	https://www.jayisgames.com/review/the-roomz.php	https://jayisgames.com/review/the-roomz.php#comment-120920	February 13, 2007 7:25 PM
20220516143004	https://www.jayisgames.com/review/the-roomz.php	https://jayisgames.com/review/the-roomz.php#comment-120921	February 13, 2007 7:32 PM
20220516143004	https://www.jayisgames.com/review/the-roomz.php	https://jayisgames.com/review/the-roomz.php#comment-120922	February 13, 2007 7:36 PM
20220516143004	https://www.jayisgames.com/review/the-roomz.php	https://jayisgames.com/review/the-roomz.php#comment-120924	February 13, 2007 7:43 PM
20220516143004	https://www.jayisgames.com/review/the-roomz.php	https://jayisgames.com/review/the-roomz.php#comment-120926	February 13, 2007 7:51 PM
20220516143004	https://www.jayisgames.com/review/the-roomz.php	https://jayisgames.com/review/the-roomz.php#comment-120927	February 13, 2007 7:51 PM
20220516143004	https://www.jayisgames.com/review/the-roomz.php	https://jayisgames.com/review/the-roomz.php#comment-120928	February 13, 2007 8:04 PM
20220516143004	https://www.jayisgames.com/review/the-roomz.php	https://jayisgames.com/review/the-roomz.php#comment-120929	February 13, 2007 8:06 PM
20220516143004	https://www.jayisgames.com/review/the-roomz.php	https://jayisgames.com/review/the-roomz.php#comment-120931	February 13, 2007 8:08 PM
20220516143004	https://www.jayisgames.com/review/the-roomz.php	https://jayisgames.com/review/the-roomz.php#comment-120932	February 13, 2007 8:08 PM
20220516143004	https://www.jayisgames.com/review/the-roomz.php	https://jayisgames.com/review/the-roomz.php#comment-120934	February 13, 2007 8:10 PM
20220516143004	https://www.jayisgames.com/review/the-roomz.php	https://jayisgames.com/review/the-roomz.php#comment-120935	February 13, 2007 8:30 PM
20220516143004	https://www.jayisgames.com/review/the-roomz.php	https://jayisgames.com/review/the-roomz.php#comment-120937	February 13, 2007 9:02 PM
20220516143004	https://www.jayisgames.com/review/the-roomz.php	https://jayisgames.com/review/the-roomz.php#comment-120940	February 13, 2007 9:33 PM
20220516143004	https://www.jayisgames.com/review/the-roomz.php	https://jayisgames.com/review/the-roomz.php#comment-120941	February 13, 2007 9:35 PM
20220516143004	https://www.jayisgames.com/review/the-roomz.php	https://jayisgames.com/review/the-roomz.php#comment-120942	February 13, 2007 9:35 PM
20220516143004	https://www.jayisgames.com/review/the-roomz.php	https://jayisgames.com/review/the-roomz.php#comment-120945	February 13, 2007 9:57 PM
20220516143004	https://www.jayisgames.com/review/the-roomz.php	https://jayisgames.com/review/the-roomz.php#comment-120946	February 13, 2007 10:11 PM
20220516143004	https://www.jayisgames.com/review/the-roomz.php	https://jayisgames.com/review/the-roomz.php#comment-120947	February 13, 2007 10:25 PM
20220516143004	https://www.jayisgames.com/review/the-roomz.php	https://jayisgames.com/review/the-roomz.php#comment-120948	February 13, 2007 10:26 PM
20220516143004	https://www.jayisgames.com/review/the-roomz.php	https://jayisgames.com/review/the-roomz.php#comment-120950	February 13, 2007 10:33 PM
20220516143004	https://www.jayisgames.com/review/the-roomz.php	https://jayisgames.com/review/the-roomz.php#comment-120951	February 13, 2007 10:36 PM
20220516143004	https://www.jayisgames.com/review/the-roomz.php	https://jayisgames.com/review/the-roomz.php#comment-120952	February 13, 2007 10:38 PM
20220516143004	https://www.jayisgames.com/review/the-roomz.php	https://jayisgames.com/review/the-roomz.php#comment-120955	February 13, 2007 10:52 PM
20220516143004	https://www.jayisgames.com/review/the-roomz.php	https://jayisgames.com/review/the-roomz.php#comment-120956	February 13, 2007 11:11 PM
20220516143004	https://www.jayisgames.com/review/the-roomz.php	https://jayisgames.com/review/the-roomz.php#comment-120959	February 13, 2007 11:15 PM
20220516143004	https://www.jayisgames.com/review/the-roomz.php	https://jayisgames.com/review/the-roomz.php#comment-120962	February 13, 2007 11:27 PM
20220516143004	https://www.jayisgames.com/review/the-roomz.php	https://jayisgames.com/review/the-roomz.php#comment-120963	February 13, 2007 11:32 PM
20220516143004	https://www.jayisgames.com/review/the-roomz.php	https://jayisgames.com/review/the-roomz.php#comment-120964	February 13, 2007 11:35 PM
20220516143004	https://www.jayisgames.com/review/the-roomz.php	https://jayisgames.com/review/the-roomz.php#comment-120965	February 13, 2007 11:38 PM
20220516143004	https://www.jayisgames.com/review/the-roomz.php	https://jayisgames.com/review/the-roomz.php#comment-120967	February 13, 2007 11:47 PM
20220516143004	https://www.jayisgames.com/review/the-roomz.php	https://jayisgames.com/review/the-roomz.php#comment-120969	February 13, 2007 11:51 PM
20220516143004	https://www.jayisgames.com/review/the-roomz.php	https://jayisgames.com/review/the-roomz.php#comment-262797	April 28, 2008 1:46 PM
20220516143004	https://www.jayisgames.com/review/the-roomz.php	https://jayisgames.com/review/the-roomz.php#comment-262808	April 28, 2008 2:55 PM
20220516143004	https://www.jayisgames.com/review/the-roomz.php	https://jayisgames.com/review/the-roomz.php#comment-264645	May 13, 2008 7:03 PM
20220516143004	https://www.jayisgames.com/review/the-roomz.php	https://jayisgames.com/review/the-roomz.php#comment-265323	May 19, 2008 7:45 AM
20220516143004	https://www.jayisgames.com/review/the-roomz.php	https://jayisgames.com/review/the-roomz.php#comment-265865	May 24, 2008 12:06 PM
20220516143004	https://www.jayisgames.com/review/the-roomz.php	https://jayisgames.com/review/the-roomz.php#comment-266052	May 26, 2008 11:42 AM
20220516143004	https://www.jayisgames.com/review/the-roomz.php	https://jayisgames.com/review/the-roomz.php#comment-266256	May 28, 2008 6:44 AM
20220516143004	https://www.jayisgames.com/review/the-roomz.php	https://jayisgames.com/review/the-roomz.php#comment-266748	May 31, 2008 9:58 AM
20220516143004	https://www.jayisgames.com/review/the-roomz.php	https://jayisgames.com/review/the-roomz.php#comment-267508	June 5, 2008 5:00 AM
20220516143004	https://www.jayisgames.com/review/the-roomz.php	https://jayisgames.com/review/the-roomz.php#comment-273276	July 4, 2008 8:46 PM
20220516143004	https://www.jayisgames.com/review/the-roomz.php	https://jayisgames.com/review/the-roomz.php#comment-276495	July 25, 2008 10:16 AM
20220516143004	https://www.jayisgames.com/review/the-roomz.php	https://jayisgames.com/review/the-roomz.php#comment-277962	August 3, 2008 11:47 PM
20220516143004	https://www.jayisgames.com/review/the-roomz.php	https://jayisgames.com/review/the-roomz.php#comment-284880	September 28, 2008 10:45 AM
20220516143004	https://www.jayisgames.com/review/the-roomz.php	https://jayisgames.com/review/the-roomz.php#comment-345181	November 29, 2009 9:07 PM
20220516143004	https://www.jayisgames.com/review/the-roomz.php	https://jayisgames.com/review/the-roomz.php#comment-357403	March 16, 2010 4:51 PM
20220516143004	https://www.jayisgames.com/review/the-roomz.php	https://jayisgames.com/review/the-roomz.php#comment-380638	October 16, 2010 1:56 PM
20220516143004	https://www.jayisgames.com/review/the-roomz.php	https://jayisgames.com/review/the-roomz.php#comment-380680	October 17, 2010 10:52 AM
20220516143004	https://www.jayisgames.com/review/the-roomz.php	https://jayisgames.com/review/the-roomz.php#comment-380681	October 17, 2010 12:05 PM
20220524192002	https://jayisgames.com/review/the-roomz.php	https://jayisgames.com/review/the-roomz.php#walkthrough	Walkthrough
20220524192002	https://jayisgames.com/review/the-roomz.php	https://jayisgames.com/review/the-roomz.php#comments	Comments (818)
20220524192002	https://jayisgames.com/review/the-roomz.php	http://dreamwardgames.com/theroomz/	
20220524192002	https://jayisgames.com/review/the-roomz.php	http://dreamwardgames.com/theroomz/	The Roomz
20220524192002	https://jayisgames.com/review/the-roomz.php	http://dreamwardgames.com/theroomz/	Play The Roomz
20220524192002	https://jayisgames.com/review/the-roomz.php	https://jayisgames.com/review/the-roomz.php#walkthrough	The Roomz Walkthrough
20220524192002	https://jayisgames.com/review/the-roomz.php	https://jayisgames.com/review/the-roomz.php#walkthrough	Walkthrough Guide
20220524192002	https://jayisgames.com/review/the-roomz.php	http://www.theroomz.yoyo.pl/danger/map.htm/	http://www.theroomz.yoyo.pl/danger/map.htm/
20220524192002	https://jayisgames.com/review/the-roomz.php	https://jayisgames.com/review/the-roomz.php#comment-120824	February 13, 2007 1:20 PM
20220524192002	https://jayisgames.com/review/the-roomz.php	https://jayisgames.com/review/the-roomz.php#comment-120825	February 13, 2007 1:22 PM
20220524192002	https://jayisgames.com/review/the-roomz.php	https://jayisgames.com/review/the-roomz.php#comment-120826	February 13, 2007 1:35 PM
20220524192002	https://jayisgames.com/review/the-roomz.php	https://jayisgames.com/review/the-roomz.php#comment-120828	February 13, 2007 1:44 PM
20220524192002	https://jayisgames.com/review/the-roomz.php	https://jayisgames.com/review/the-roomz.php#comment-120829	February 13, 2007 1:56 PM
20220524192002	https://jayisgames.com/review/the-roomz.php	https://jayisgames.com/review/the-roomz.php#comment-120831	February 13, 2007 2:03 PM
20220524192002	https://jayisgames.com/review/the-roomz.php	https://jayisgames.com/review/the-roomz.php#comment-120832	February 13, 2007 2:09 PM
20220524192002	https://jayisgames.com/review/the-roomz.php	https://jayisgames.com/review/the-roomz.php#comment-120833	February 13, 2007 2:14 PM
20220524192002	https://jayisgames.com/review/the-roomz.php	https://jayisgames.com/review/the-roomz.php#comment-120836	February 13, 2007 2:16 PM
20220524192002	https://jayisgames.com/review/the-roomz.php	https://jayisgames.com/review/the-roomz.php#comment-120837	February 13, 2007 2:25 PM
20220524192002	https://jayisgames.com/review/the-roomz.php	https://jayisgames.com/review/the-roomz.php#comment-120838	February 13, 2007 2:28 PM
20220524192002	https://jayisgames.com/review/the-roomz.php	https://jayisgames.com/review/the-roomz.php#comment-120840	February 13, 2007 2:34 PM
20220524192002	https://jayisgames.com/review/the-roomz.php	https://jayisgames.com/review/the-roomz.php#comment-120842	February 13, 2007 2:36 PM
20220524192002	https://jayisgames.com/review/the-roomz.php	https://jayisgames.com/review/the-roomz.php#comment-120843	February 13, 2007 2:38 PM
20220524192002	https://jayisgames.com/review/the-roomz.php	https://jayisgames.com/review/the-roomz.php#comment-120844	February 13, 2007 2:39 PM
20220524192002	https://jayisgames.com/review/the-roomz.php	https://jayisgames.com/review/the-roomz.php#comment-120845	February 13, 2007 2:43 PM
20220524192002	https://jayisgames.com/review/the-roomz.php	https://jayisgames.com/review/the-roomz.php#comment-120846	February 13, 2007 2:43 PM
20220524192002	https://jayisgames.com/review/the-roomz.php	https://jayisgames.com/review/the-roomz.php#comment-120847	February 13, 2007 2:47 PM
20220524192002	https://jayisgames.com/review/the-roomz.php	https://jayisgames.com/review/the-roomz.php#comment-120850	February 13, 2007 3:09 PM
20220524192002	https://jayisgames.com/review/the-roomz.php	https://jayisgames.com/review/the-roomz.php#comment-120851	February 13, 2007 3:11 PM
20220524192002	https://jayisgames.com/review/the-roomz.php	https://jayisgames.com/review/the-roomz.php#comment-120852	February 13, 2007 3:11 PM
20220524192002	https://jayisgames.com/review/the-roomz.php	https://jayisgames.com/review/the-roomz.php#comment-120853	February 13, 2007 3:21 PM
20220524192002	https://jayisgames.com/review/the-roomz.php	https://jayisgames.com/review/the-roomz.php#comment-120854	February 13, 2007 3:23 PM
20220524192002	https://jayisgames.com/review/the-roomz.php	https://jayisgames.com/review/the-roomz.php#comment-120855	February 13, 2007 3:24 PM
20220524192002	https://jayisgames.com/review/the-roomz.php	https://jayisgames.com/review/the-roomz.php#comment-120857	February 13, 2007 3:30 PM
20220524192002	https://jayisgames.com/review/the-roomz.php	https://jayisgames.com/review/the-roomz.php#comment-120858	February 13, 2007 3:31 PM
20220524192002	https://jayisgames.com/review/the-roomz.php	https://jayisgames.com/review/the-roomz.php#comment-120859	February 13, 2007 3:31 PM
20220524192002	https://jayisgames.com/review/the-roomz.php	https://jayisgames.com/review/the-roomz.php#comment-120860	February 13, 2007 3:33 PM
20220524192002	https://jayisgames.com/review/the-roomz.php	https://jayisgames.com/review/the-roomz.php#comment-120861	February 13, 2007 3:40 PM
20220524192002	https://jayisgames.com/review/the-roomz.php	https://jayisgames.com/review/the-roomz.php#comment-120862	February 13, 2007 3:40 PM
20220524192002	https://jayisgames.com/review/the-roomz.php	https://jayisgames.com/review/the-roomz.php#comment-120864	February 13, 2007 3:45 PM
20220524192002	https://jayisgames.com/review/the-roomz.php	https://jayisgames.com/review/the-roomz.php#comment-120865	February 13, 2007 3:45 PM
20220524192002	https://jayisgames.com/review/the-roomz.php	https://jayisgames.com/review/the-roomz.php#comment-120866	February 13, 2007 3:51 PM
20220524192002	https://jayisgames.com/review/the-roomz.php	https://jayisgames.com/review/the-roomz.php#comment-120867	February 13, 2007 3:52 PM
20220524192002	https://jayisgames.com/review/the-roomz.php	https://jayisgames.com/review/the-roomz.php#comment-120868	February 13, 2007 4:10 PM
20220524192002	https://jayisgames.com/review/the-roomz.php	https://jayisgames.com/review/the-roomz.php#comment-120869	February 13, 2007 4:10 PM
20220524192002	https://jayisgames.com/review/the-roomz.php	https://jayisgames.com/review/the-roomz.php#comment-120870	February 13, 2007 4:11 PM
20220524192002	https://jayisgames.com/review/the-roomz.php	https://jayisgames.com/review/the-roomz.php#comment-120879	February 13, 2007 4:31 PM
20220524192002	https://jayisgames.com/review/the-roomz.php	https://jayisgames.com/review/the-roomz.php#comment-120882	February 13, 2007 4:38 PM
20220524192002	https://jayisgames.com/review/the-roomz.php	https://jayisgames.com/review/the-roomz.php#comment-120883	February 13, 2007 4:43 PM
20220524192002	https://jayisgames.com/review/the-roomz.php	https://jayisgames.com/review/the-roomz.php#comment-120884	February 13, 2007 4:46 PM
20220524192002	https://jayisgames.com/review/the-roomz.php	https://jayisgames.com/review/the-roomz.php#comment-120885	February 13, 2007 4:49 PM
20220524192002	https://jayisgames.com/review/the-roomz.php	https://jayisgames.com/review/the-roomz.php#comment-120886	February 13, 2007 4:50 PM
20220524192002	https://jayisgames.com/review/the-roomz.php	https://jayisgames.com/review/the-roomz.php#comment-120887	February 13, 2007 4:54 PM
20220524192002	https://jayisgames.com/review/the-roomz.php	https://jayisgames.com/review/the-roomz.php#comment-120888	February 13, 2007 4:58 PM
20220524192002	https://jayisgames.com/review/the-roomz.php	https://jayisgames.com/review/the-roomz.php#comment-120889	February 13, 2007 5:07 PM
20220524192002	https://jayisgames.com/review/the-roomz.php	https://jayisgames.com/review/the-roomz.php#comment-120890	February 13, 2007 5:13 PM
20220524192002	https://jayisgames.com/review/the-roomz.php	https://jayisgames.com/review/the-roomz.php#comment-120891	February 13, 2007 5:13 PM
20220524192002	https://jayisgames.com/review/the-roomz.php	https://jayisgames.com/review/the-roomz.php#comment-120893	February 13, 2007 5:21 PM
20220524192002	https://jayisgames.com/review/the-roomz.php	https://jayisgames.com/review/the-roomz.php#comment-120894	February 13, 2007 5:25 PM
20220524192002	https://jayisgames.com/review/the-roomz.php	https://jayisgames.com/review/the-roomz.php#comment-120897	February 13, 2007 5:27 PM
20220524192002	https://jayisgames.com/review/the-roomz.php	https://jayisgames.com/review/the-roomz.php#comment-120899	February 13, 2007 5:31 PM
20220524192002	https://jayisgames.com/review/the-roomz.php	https://jayisgames.com/review/the-roomz.php#comment-120900	February 13, 2007 5:31 PM
20220524192002	https://jayisgames.com/review/the-roomz.php	https://jayisgames.com/review/the-roomz.php#comment-120901	February 13, 2007 5:36 PM
20220524192002	https://jayisgames.com/review/the-roomz.php	https://jayisgames.com/review/the-roomz.php#comment-120902	February 13, 2007 5:40 PM
20220524192002	https://jayisgames.com/review/the-roomz.php	https://jayisgames.com/review/the-roomz.php#comment-120903	February 13, 2007 5:41 PM
20220524192002	https://jayisgames.com/review/the-roomz.php	https://jayisgames.com/review/the-roomz.php#comment-120904	February 13, 2007 5:48 PM
20220524192002	https://jayisgames.com/review/the-roomz.php	https://jayisgames.com/review/the-roomz.php#comment-120906	February 13, 2007 6:00 PM
20220524192002	https://jayisgames.com/review/the-roomz.php	https://jayisgames.com/review/the-roomz.php#comment-120907	February 13, 2007 6:02 PM
20220524192002	https://jayisgames.com/review/the-roomz.php	https://jayisgames.com/review/the-roomz.php#comment-120908	February 13, 2007 6:15 PM
20220524192002	https://jayisgames.com/review/the-roomz.php	https://jayisgames.com/review/the-roomz.php#comment-120909	February 13, 2007 6:23 PM
20220524192002	https://jayisgames.com/review/the-roomz.php	https://jayisgames.com/review/the-roomz.php#comment-120911	February 13, 2007 6:29 PM
20220524192002	https://jayisgames.com/review/the-roomz.php	https://jayisgames.com/review/the-roomz.php#comment-120912	February 13, 2007 6:33 PM
20220524192002	https://jayisgames.com/review/the-roomz.php	https://jayisgames.com/review/the-roomz.php#comment-120913	February 13, 2007 6:36 PM
20220524192002	https://jayisgames.com/review/the-roomz.php	https://jayisgames.com/review/the-roomz.php#comment-120914	February 13, 2007 6:36 PM
20220524192002	https://jayisgames.com/review/the-roomz.php	https://jayisgames.com/review/the-roomz.php#comment-120917	February 13, 2007 6:49 PM
20220524192002	https://jayisgames.com/review/the-roomz.php	https://jayisgames.com/review/the-roomz.php#comment-120918	February 13, 2007 6:57 PM
20220524192002	https://jayisgames.com/review/the-roomz.php	https://jayisgames.com/review/the-roomz.php#comment-120919	February 13, 2007 7:20 PM
20220524192002	https://jayisgames.com/review/the-roomz.php	https://jayisgames.com/review/the-roomz.php#comment-120920	February 13, 2007 7:25 PM
20220524192002	https://jayisgames.com/review/the-roomz.php	https://jayisgames.com/review/the-roomz.php#comment-120921	February 13, 2007 7:32 PM
20220524192002	https://jayisgames.com/review/the-roomz.php	https://jayisgames.com/review/the-roomz.php#comment-120922	February 13, 2007 7:36 PM
20220524192002	https://jayisgames.com/review/the-roomz.php	https://jayisgames.com/review/the-roomz.php#comment-120924	February 13, 2007 7:43 PM
20220524192002	https://jayisgames.com/review/the-roomz.php	https://jayisgames.com/review/the-roomz.php#comment-120926	February 13, 2007 7:51 PM
20220524192002	https://jayisgames.com/review/the-roomz.php	https://jayisgames.com/review/the-roomz.php#comment-120927	February 13, 2007 7:51 PM
20220524192002	https://jayisgames.com/review/the-roomz.php	https://jayisgames.com/review/the-roomz.php#comment-120928	February 13, 2007 8:04 PM
20220524192002	https://jayisgames.com/review/the-roomz.php	https://jayisgames.com/review/the-roomz.php#comment-120929	February 13, 2007 8:06 PM
20220524192002	https://jayisgames.com/review/the-roomz.php	https://jayisgames.com/review/the-roomz.php#comment-120931	February 13, 2007 8:08 PM
20220524192002	https://jayisgames.com/review/the-roomz.php	https://jayisgames.com/review/the-roomz.php#comment-120932	February 13, 2007 8:08 PM
20220524192002	https://jayisgames.com/review/the-roomz.php	https://jayisgames.com/review/the-roomz.php#comment-120934	February 13, 2007 8:10 PM
20220524192002	https://jayisgames.com/review/the-roomz.php	https://jayisgames.com/review/the-roomz.php#comment-120935	February 13, 2007 8:30 PM
20220524192002	https://jayisgames.com/review/the-roomz.php	https://jayisgames.com/review/the-roomz.php#comment-120937	February 13, 2007 9:02 PM
20220524192002	https://jayisgames.com/review/the-roomz.php	https://jayisgames.com/review/the-roomz.php#comment-120940	February 13, 2007 9:33 PM
20220524192002	https://jayisgames.com/review/the-roomz.php	https://jayisgames.com/review/the-roomz.php#comment-120941	February 13, 2007 9:35 PM
20220524192002	https://jayisgames.com/review/the-roomz.php	https://jayisgames.com/review/the-roomz.php#comment-120942	February 13, 2007 9:35 PM
20220524192002	https://jayisgames.com/review/the-roomz.php	https://jayisgames.com/review/the-roomz.php#comment-120945	February 13, 2007 9:57 PM
20220524192002	https://jayisgames.com/review/the-roomz.php	https://jayisgames.com/review/the-roomz.php#comment-120946	February 13, 2007 10:11 PM
20220524192002	https://jayisgames.com/review/the-roomz.php	https://jayisgames.com/review/the-roomz.php#comment-120947	February 13, 2007 10:25 PM
20220524192002	https://jayisgames.com/review/the-roomz.php	https://jayisgames.com/review/the-roomz.php#comment-120948	February 13, 2007 10:26 PM
20220524192002	https://jayisgames.com/review/the-roomz.php	https://jayisgames.com/review/the-roomz.php#comment-120950	February 13, 2007 10:33 PM
20220524192002	https://jayisgames.com/review/the-roomz.php	https://jayisgames.com/review/the-roomz.php#comment-120951	February 13, 2007 10:36 PM
20220524192002	https://jayisgames.com/review/the-roomz.php	https://jayisgames.com/review/the-roomz.php#comment-120952	February 13, 2007 10:38 PM
20220524192002	https://jayisgames.com/review/the-roomz.php	https://jayisgames.com/review/the-roomz.php#comment-120955	February 13, 2007 10:52 PM
20220524192002	https://jayisgames.com/review/the-roomz.php	https://jayisgames.com/review/the-roomz.php#comment-120956	February 13, 2007 11:11 PM
20220524192002	https://jayisgames.com/review/the-roomz.php	https://jayisgames.com/review/the-roomz.php#comment-120959	February 13, 2007 11:15 PM
20220524192002	https://jayisgames.com/review/the-roomz.php	https://jayisgames.com/review/the-roomz.php#comment-120962	February 13, 2007 11:27 PM
20220524192002	https://jayisgames.com/review/the-roomz.php	https://jayisgames.com/review/the-roomz.php#comment-120963	February 13, 2007 11:32 PM
20220524192002	https://jayisgames.com/review/the-roomz.php	https://jayisgames.com/review/the-roomz.php#comment-120964	February 13, 2007 11:35 PM
20220524192002	https://jayisgames.com/review/the-roomz.php	https://jayisgames.com/review/the-roomz.php#comment-120965	February 13, 2007 11:38 PM
20220524192002	https://jayisgames.com/review/the-roomz.php	https://jayisgames.com/review/the-roomz.php#comment-120967	February 13, 2007 11:47 PM
20220524192002	https://jayisgames.com/review/the-roomz.php	https://jayisgames.com/review/the-roomz.php#comment-120969	February 13, 2007 11:51 PM
20220524192002	https://jayisgames.com/review/the-roomz.php	https://jayisgames.com/review/the-roomz.php#comment-262797	April 28, 2008 1:46 PM
20220524192002	https://jayisgames.com/review/the-roomz.php	https://jayisgames.com/review/the-roomz.php#comment-262808	April 28, 2008 2:55 PM
20220524192002	https://jayisgames.com/review/the-roomz.php	https://jayisgames.com/review/the-roomz.php#comment-264645	May 13, 2008 7:03 PM
20220524192002	https://jayisgames.com/review/the-roomz.php	https://jayisgames.com/review/the-roomz.php#comment-265323	May 19, 2008 7:45 AM
20220524192002	https://jayisgames.com/review/the-roomz.php	https://jayisgames.com/review/the-roomz.php#comment-265865	May 24, 2008 12:06 PM
20220524192002	https://jayisgames.com/review/the-roomz.php	https://jayisgames.com/review/the-roomz.php#comment-266052	May 26, 2008 11:42 AM
20220524192002	https://jayisgames.com/review/the-roomz.php	https://jayisgames.com/review/the-roomz.php#comment-266256	May 28, 2008 6:44 AM
20220524192002	https://jayisgames.com/review/the-roomz.php	https://jayisgames.com/review/the-roomz.php#comment-266748	May 31, 2008 9:58 AM
20220524192002	https://jayisgames.com/review/the-roomz.php	https://jayisgames.com/review/the-roomz.php#comment-267508	June 5, 2008 5:00 AM
20220524192002	https://jayisgames.com/review/the-roomz.php	https://jayisgames.com/review/the-roomz.php#comment-273276	July 4, 2008 8:46 PM
20220524192002	https://jayisgames.com/review/the-roomz.php	https://jayisgames.com/review/the-roomz.php#comment-276495	July 25, 2008 10:16 AM
20220524192002	https://jayisgames.com/review/the-roomz.php	https://jayisgames.com/review/the-roomz.php#comment-277962	August 3, 2008 11:47 PM
20220524192002	https://jayisgames.com/review/the-roomz.php	https://jayisgames.com/review/the-roomz.php#comment-284880	September 28, 2008 10:45 AM
20220524192002	https://jayisgames.com/review/the-roomz.php	https://jayisgames.com/review/the-roomz.php#comment-345181	November 29, 2009 9:07 PM
20220524192002	https://jayisgames.com/review/the-roomz.php	https://jayisgames.com/review/the-roomz.php#comment-357403	March 16, 2010 4:51 PM
20220524192002	https://jayisgames.com/review/the-roomz.php	https://jayisgames.com/review/the-roomz.php#comment-380638	October 16, 2010 1:56 PM
20220524192002	https://jayisgames.com/review/the-roomz.php	https://jayisgames.com/review/the-roomz.php#comment-380680	October 17, 2010 10:52 AM
20220524192002	https://jayisgames.com/review/the-roomz.php	https://jayisgames.com/review/the-roomz.php#comment-380681	October 17, 2010 12:05 PM
20220809131214	https://jayisgames.com/review/the-roomz.php	https://jayisgames.com/review/the-roomz.php#walkthrough	Walkthrough
20220809131214	https://jayisgames.com/review/the-roomz.php	https://jayisgames.com/review/the-roomz.php#comments	Comments (818)
20220809131214	https://jayisgames.com/review/the-roomz.php	http://dreamwardgames.com/theroomz/	
20220809131214	https://jayisgames.com/review/the-roomz.php	http://dreamwardgames.com/theroomz/	The Roomz
20220809131214	https://jayisgames.com/review/the-roomz.php	http://dreamwardgames.com/theroomz/	Play The Roomz
20220809131214	https://jayisgames.com/review/the-roomz.php	https://jayisgames.com/review/the-roomz.php#walkthrough	The Roomz Walkthrough
20220809131214	https://jayisgames.com/review/the-roomz.php	https://jayisgames.com/review/the-roomz.php#walkthrough	Walkthrough Guide
20220809131214	https://jayisgames.com/review/the-roomz.php	http://www.theroomz.yoyo.pl/danger/map.htm/	http://www.theroomz.yoyo.pl/danger/map.htm/
20220809131214	https://jayisgames.com/review/the-roomz.php	https://jayisgames.com/review/the-roomz.php#comment-120824	February 13, 2007 1:20 PM
20220809131214	https://jayisgames.com/review/the-roomz.php	https://jayisgames.com/review/the-roomz.php#comment-120825	February 13, 2007 1:22 PM
20220809131214	https://jayisgames.com/review/the-roomz.php	https://jayisgames.com/review/the-roomz.php#comment-120826	February 13, 2007 1:35 PM
20220809131214	https://jayisgames.com/review/the-roomz.php	https://jayisgames.com/review/the-roomz.php#comment-120828	February 13, 2007 1:44 PM
20220809131214	https://jayisgames.com/review/the-roomz.php	https://jayisgames.com/review/the-roomz.php#comment-120829	February 13, 2007 1:56 PM
20220809131214	https://jayisgames.com/review/the-roomz.php	https://jayisgames.com/review/the-roomz.php#comment-120831	February 13, 2007 2:03 PM
20220809131214	https://jayisgames.com/review/the-roomz.php	https://jayisgames.com/review/the-roomz.php#comment-120832	February 13, 2007 2:09 PM
20220809131214	https://jayisgames.com/review/the-roomz.php	https://jayisgames.com/review/the-roomz.php#comment-120833	February 13, 2007 2:14 PM
20220809131214	https://jayisgames.com/review/the-roomz.php	https://jayisgames.com/review/the-roomz.php#comment-120836	February 13, 2007 2:16 PM
20220809131214	https://jayisgames.com/review/the-roomz.php	https://jayisgames.com/review/the-roomz.php#comment-120837	February 13, 2007 2:25 PM
20220809131214	https://jayisgames.com/review/the-roomz.php	https://jayisgames.com/review/the-roomz.php#comment-120838	February 13, 2007 2:28 PM
20220809131214	https://jayisgames.com/review/the-roomz.php	https://jayisgames.com/review/the-roomz.php#comment-120840	February 13, 2007 2:34 PM
20220809131214	https://jayisgames.com/review/the-roomz.php	https://jayisgames.com/review/the-roomz.php#comment-120842	February 13, 2007 2:36 PM
20220809131214	https://jayisgames.com/review/the-roomz.php	https://jayisgames.com/review/the-roomz.php#comment-120843	February 13, 2007 2:38 PM
20220809131214	https://jayisgames.com/review/the-roomz.php	https://jayisgames.com/review/the-roomz.php#comment-120844	February 13, 2007 2:39 PM
20220809131214	https://jayisgames.com/review/the-roomz.php	https://jayisgames.com/review/the-roomz.php#comment-120845	February 13, 2007 2:43 PM
20220809131214	https://jayisgames.com/review/the-roomz.php	https://jayisgames.com/review/the-roomz.php#comment-120846	February 13, 2007 2:43 PM
20220809131214	https://jayisgames.com/review/the-roomz.php	https://jayisgames.com/review/the-roomz.php#comment-120847	February 13, 2007 2:47 PM
20220809131214	https://jayisgames.com/review/the-roomz.php	https://jayisgames.com/review/the-roomz.php#comment-120850	February 13, 2007 3:09 PM
20220809131214	https://jayisgames.com/review/the-roomz.php	https://jayisgames.com/review/the-roomz.php#comment-120851	February 13, 2007 3:11 PM
20220809131214	https://jayisgames.com/review/the-roomz.php	https://jayisgames.com/review/the-roomz.php#comment-120852	February 13, 2007 3:11 PM
20220809131214	https://jayisgames.com/review/the-roomz.php	https://jayisgames.com/review/the-roomz.php#comment-120853	February 13, 2007 3:21 PM
20220809131214	https://jayisgames.com/review/the-roomz.php	https://jayisgames.com/review/the-roomz.php#comment-120854	February 13, 2007 3:23 PM
20220809131214	https://jayisgames.com/review/the-roomz.php	https://jayisgames.com/review/the-roomz.php#comment-120855	February 13, 2007 3:24 PM
20220809131214	https://jayisgames.com/review/the-roomz.php	https://jayisgames.com/review/the-roomz.php#comment-120857	February 13, 2007 3:30 PM
20220809131214	https://jayisgames.com/review/the-roomz.php	https://jayisgames.com/review/the-roomz.php#comment-120858	February 13, 2007 3:31 PM
20220809131214	https://jayisgames.com/review/the-roomz.php	https://jayisgames.com/review/the-roomz.php#comment-120859	February 13, 2007 3:31 PM
20220809131214	https://jayisgames.com/review/the-roomz.php	https://jayisgames.com/review/the-roomz.php#comment-120860	February 13, 2007 3:33 PM
20220809131214	https://jayisgames.com/review/the-roomz.php	https://jayisgames.com/review/the-roomz.php#comment-120861	February 13, 2007 3:40 PM
20220809131214	https://jayisgames.com/review/the-roomz.php	https://jayisgames.com/review/the-roomz.php#comment-120862	February 13, 2007 3:40 PM
20220809131214	https://jayisgames.com/review/the-roomz.php	https://jayisgames.com/review/the-roomz.php#comment-120864	February 13, 2007 3:45 PM
20220809131214	https://jayisgames.com/review/the-roomz.php	https://jayisgames.com/review/the-roomz.php#comment-120865	February 13, 2007 3:45 PM
20220809131214	https://jayisgames.com/review/the-roomz.php	https://jayisgames.com/review/the-roomz.php#comment-120866	February 13, 2007 3:51 PM
20220809131214	https://jayisgames.com/review/the-roomz.php	https://jayisgames.com/review/the-roomz.php#comment-120867	February 13, 2007 3:52 PM
20220809131214	https://jayisgames.com/review/the-roomz.php	https://jayisgames.com/review/the-roomz.php#comment-120868	February 13, 2007 4:10 PM
20220809131214	https://jayisgames.com/review/the-roomz.php	https://jayisgames.com/review/the-roomz.php#comment-120869	February 13, 2007 4:10 PM
20220809131214	https://jayisgames.com/review/the-roomz.php	https://jayisgames.com/review/the-roomz.php#comment-120870	February 13, 2007 4:11 PM
20220809131214	https://jayisgames.com/review/the-roomz.php	https://jayisgames.com/review/the-roomz.php#comment-120879	February 13, 2007 4:31 PM
20220809131214	https://jayisgames.com/review/the-roomz.php	https://jayisgames.com/review/the-roomz.php#comment-120882	February 13, 2007 4:38 PM
20220809131214	https://jayisgames.com/review/the-roomz.php	https://jayisgames.com/review/the-roomz.php#comment-120883	February 13, 2007 4:43 PM
20220809131214	https://jayisgames.com/review/the-roomz.php	https://jayisgames.com/review/the-roomz.php#comment-120884	February 13, 2007 4:46 PM
20220809131214	https://jayisgames.com/review/the-roomz.php	https://jayisgames.com/review/the-roomz.php#comment-120885	February 13, 2007 4:49 PM
20220809131214	https://jayisgames.com/review/the-roomz.php	https://jayisgames.com/review/the-roomz.php#comment-120886	February 13, 2007 4:50 PM
20220809131214	https://jayisgames.com/review/the-roomz.php	https://jayisgames.com/review/the-roomz.php#comment-120887	February 13, 2007 4:54 PM
20220809131214	https://jayisgames.com/review/the-roomz.php	https://jayisgames.com/review/the-roomz.php#comment-120888	February 13, 2007 4:58 PM
20220809131214	https://jayisgames.com/review/the-roomz.php	https://jayisgames.com/review/the-roomz.php#comment-120889	February 13, 2007 5:07 PM
20220809131214	https://jayisgames.com/review/the-roomz.php	https://jayisgames.com/review/the-roomz.php#comment-120890	February 13, 2007 5:13 PM
20220809131214	https://jayisgames.com/review/the-roomz.php	https://jayisgames.com/review/the-roomz.php#comment-120891	February 13, 2007 5:13 PM
20220809131214	https://jayisgames.com/review/the-roomz.php	https://jayisgames.com/review/the-roomz.php#comment-120893	February 13, 2007 5:21 PM
20220809131214	https://jayisgames.com/review/the-roomz.php	https://jayisgames.com/review/the-roomz.php#comment-120894	February 13, 2007 5:25 PM
20220809131214	https://jayisgames.com/review/the-roomz.php	https://jayisgames.com/review/the-roomz.php#comment-120897	February 13, 2007 5:27 PM
20220809131214	https://jayisgames.com/review/the-roomz.php	https://jayisgames.com/review/the-roomz.php#comment-120899	February 13, 2007 5:31 PM
20220809131214	https://jayisgames.com/review/the-roomz.php	https://jayisgames.com/review/the-roomz.php#comment-120900	February 13, 2007 5:31 PM
20220809131214	https://jayisgames.com/review/the-roomz.php	https://jayisgames.com/review/the-roomz.php#comment-120901	February 13, 2007 5:36 PM
20220809131214	https://jayisgames.com/review/the-roomz.php	https://jayisgames.com/review/the-roomz.php#comment-120902	February 13, 2007 5:40 PM
20220809131214	https://jayisgames.com/review/the-roomz.php	https://jayisgames.com/review/the-roomz.php#comment-120903	February 13, 2007 5:41 PM
20220809131214	https://jayisgames.com/review/the-roomz.php	https://jayisgames.com/review/the-roomz.php#comment-120904	February 13, 2007 5:48 PM
20220809131214	https://jayisgames.com/review/the-roomz.php	https://jayisgames.com/review/the-roomz.php#comment-120906	February 13, 2007 6:00 PM
20220809131214	https://jayisgames.com/review/the-roomz.php	https://jayisgames.com/review/the-roomz.php#comment-120907	February 13, 2007 6:02 PM
20220809131214	https://jayisgames.com/review/the-roomz.php	https://jayisgames.com/review/the-roomz.php#comment-120908	February 13, 2007 6:15 PM
20220809131214	https://jayisgames.com/review/the-roomz.php	https://jayisgames.com/review/the-roomz.php#comment-120909	February 13, 2007 6:23 PM
20220809131214	https://jayisgames.com/review/the-roomz.php	https://jayisgames.com/review/the-roomz.php#comment-120911	February 13, 2007 6:29 PM
20220809131214	https://jayisgames.com/review/the-roomz.php	https://jayisgames.com/review/the-roomz.php#comment-120912	February 13, 2007 6:33 PM
20220809131214	https://jayisgames.com/review/the-roomz.php	https://jayisgames.com/review/the-roomz.php#comment-120913	February 13, 2007 6:36 PM
20220809131214	https://jayisgames.com/review/the-roomz.php	https://jayisgames.com/review/the-roomz.php#comment-120914	February 13, 2007 6:36 PM
20220809131214	https://jayisgames.com/review/the-roomz.php	https://jayisgames.com/review/the-roomz.php#comment-120917	February 13, 2007 6:49 PM
20220809131214	https://jayisgames.com/review/the-roomz.php	https://jayisgames.com/review/the-roomz.php#comment-120918	February 13, 2007 6:57 PM
20220809131214	https://jayisgames.com/review/the-roomz.php	https://jayisgames.com/review/the-roomz.php#comment-120919	February 13, 2007 7:20 PM
20220809131214	https://jayisgames.com/review/the-roomz.php	https://jayisgames.com/review/the-roomz.php#comment-120920	February 13, 2007 7:25 PM
20220809131214	https://jayisgames.com/review/the-roomz.php	https://jayisgames.com/review/the-roomz.php#comment-120921	February 13, 2007 7:32 PM
20220809131214	https://jayisgames.com/review/the-roomz.php	https://jayisgames.com/review/the-roomz.php#comment-120922	February 13, 2007 7:36 PM
20220809131214	https://jayisgames.com/review/the-roomz.php	https://jayisgames.com/review/the-roomz.php#comment-120924	February 13, 2007 7:43 PM
20220809131214	https://jayisgames.com/review/the-roomz.php	https://jayisgames.com/review/the-roomz.php#comment-120926	February 13, 2007 7:51 PM
20220809131214	https://jayisgames.com/review/the-roomz.php	https://jayisgames.com/review/the-roomz.php#comment-120927	February 13, 2007 7:51 PM
20220809131214	https://jayisgames.com/review/the-roomz.php	https://jayisgames.com/review/the-roomz.php#comment-120928	February 13, 2007 8:04 PM
20220809131214	https://jayisgames.com/review/the-roomz.php	https://jayisgames.com/review/the-roomz.php#comment-120929	February 13, 2007 8:06 PM
20220809131214	https://jayisgames.com/review/the-roomz.php	https://jayisgames.com/review/the-roomz.php#comment-120931	February 13, 2007 8:08 PM
20220809131214	https://jayisgames.com/review/the-roomz.php	https://jayisgames.com/review/the-roomz.php#comment-120932	February 13, 2007 8:08 PM
20220809131214	https://jayisgames.com/review/the-roomz.php	https://jayisgames.com/review/the-roomz.php#comment-120934	February 13, 2007 8:10 PM
20220809131214	https://jayisgames.com/review/the-roomz.php	https://jayisgames.com/review/the-roomz.php#comment-120935	February 13, 2007 8:30 PM
20220809131214	https://jayisgames.com/review/the-roomz.php	https://jayisgames.com/review/the-roomz.php#comment-120937	February 13, 2007 9:02 PM
20220809131214	https://jayisgames.com/review/the-roomz.php	https://jayisgames.com/review/the-roomz.php#comment-120940	February 13, 2007 9:33 PM
20220809131214	https://jayisgames.com/review/the-roomz.php	https://jayisgames.com/review/the-roomz.php#comment-120941	February 13, 2007 9:35 PM
20220809131214	https://jayisgames.com/review/the-roomz.php	https://jayisgames.com/review/the-roomz.php#comment-120942	February 13, 2007 9:35 PM
20220809131214	https://jayisgames.com/review/the-roomz.php	https://jayisgames.com/review/the-roomz.php#comment-120945	February 13, 2007 9:57 PM
20220809131214	https://jayisgames.com/review/the-roomz.php	https://jayisgames.com/review/the-roomz.php#comment-120946	February 13, 2007 10:11 PM
20220809131214	https://jayisgames.com/review/the-roomz.php	https://jayisgames.com/review/the-roomz.php#comment-120947	February 13, 2007 10:25 PM
20220809131214	https://jayisgames.com/review/the-roomz.php	https://jayisgames.com/review/the-roomz.php#comment-120948	February 13, 2007 10:26 PM
20220809131214	https://jayisgames.com/review/the-roomz.php	https://jayisgames.com/review/the-roomz.php#comment-120950	February 13, 2007 10:33 PM
20220809131214	https://jayisgames.com/review/the-roomz.php	https://jayisgames.com/review/the-roomz.php#comment-120951	February 13, 2007 10:36 PM
20220809131214	https://jayisgames.com/review/the-roomz.php	https://jayisgames.com/review/the-roomz.php#comment-120952	February 13, 2007 10:38 PM
20220809131214	https://jayisgames.com/review/the-roomz.php	https://jayisgames.com/review/the-roomz.php#comment-120955	February 13, 2007 10:52 PM
20220809131214	https://jayisgames.com/review/the-roomz.php	https://jayisgames.com/review/the-roomz.php#comment-120956	February 13, 2007 11:11 PM
20220809131214	https://jayisgames.com/review/the-roomz.php	https://jayisgames.com/review/the-roomz.php#comment-120959	February 13, 2007 11:15 PM
20220809131214	https://jayisgames.com/review/the-roomz.php	https://jayisgames.com/review/the-roomz.php#comment-120962	February 13, 2007 11:27 PM
20220809131214	https://jayisgames.com/review/the-roomz.php	https://jayisgames.com/review/the-roomz.php#comment-120963	February 13, 2007 11:32 PM
20220809131214	https://jayisgames.com/review/the-roomz.php	https://jayisgames.com/review/the-roomz.php#comment-120964	February 13, 2007 11:35 PM
20220809131214	https://jayisgames.com/review/the-roomz.php	https://jayisgames.com/review/the-roomz.php#comment-120965	February 13, 2007 11:38 PM
20220809131214	https://jayisgames.com/review/the-roomz.php	https://jayisgames.com/review/the-roomz.php#comment-120967	February 13, 2007 11:47 PM
20220809131214	https://jayisgames.com/review/the-roomz.php	https://jayisgames.com/review/the-roomz.php#comment-120969	February 13, 2007 11:51 PM
20220809131214	https://jayisgames.com/review/the-roomz.php	https://jayisgames.com/review/the-roomz.php#comment-262797	April 28, 2008 1:46 PM
20220809131214	https://jayisgames.com/review/the-roomz.php	https://jayisgames.com/review/the-roomz.php#comment-262808	April 28, 2008 2:55 PM
20220809131214	https://jayisgames.com/review/the-roomz.php	https://jayisgames.com/review/the-roomz.php#comment-264645	May 13, 2008 7:03 PM
20220809131214	https://jayisgames.com/review/the-roomz.php	https://jayisgames.com/review/the-roomz.php#comment-265323	May 19, 2008 7:45 AM
20220809131214	https://jayisgames.com/review/the-roomz.php	https://jayisgames.com/review/the-roomz.php#comment-265865	May 24, 2008 12:06 PM
20220809131214	https://jayisgames.com/review/the-roomz.php	https://jayisgames.com/review/the-roomz.php#comment-266052	May 26, 2008 11:42 AM
20220809131214	https://jayisgames.com/review/the-roomz.php	https://jayisgames.com/review/the-roomz.php#comment-266256	May 28, 2008 6:44 AM
20220809131214	https://jayisgames.com/review/the-roomz.php	https://jayisgames.com/review/the-roomz.php#comment-266748	May 31, 2008 9:58 AM
20220809131214	https://jayisgames.com/review/the-roomz.php	https://jayisgames.com/review/the-roomz.php#comment-267508	June 5, 2008 5:00 AM
20220809131214	https://jayisgames.com/review/the-roomz.php	https://jayisgames.com/review/the-roomz.php#comment-273276	July 4, 2008 8:46 PM
20220809131214	https://jayisgames.com/review/the-roomz.php	https://jayisgames.com/review/the-roomz.php#comment-276495	July 25, 2008 10:16 AM
20220809131214	https://jayisgames.com/review/the-roomz.php	https://jayisgames.com/review/the-roomz.php#comment-277962	August 3, 2008 11:47 PM
20220809131214	https://jayisgames.com/review/the-roomz.php	https://jayisgames.com/review/the-roomz.php#comment-284880	September 28, 2008 10:45 AM
20220809131214	https://jayisgames.com/review/the-roomz.php	https://jayisgames.com/review/the-roomz.php#comment-345181	November 29, 2009 9:07 PM
20220809131214	https://jayisgames.com/review/the-roomz.php	https://jayisgames.com/review/the-roomz.php#comment-357403	March 16, 2010 4:51 PM
20220809131214	https://jayisgames.com/review/the-roomz.php	https://jayisgames.com/review/the-roomz.php#comment-380638	October 16, 2010 1:56 PM
20220809131214	https://jayisgames.com/review/the-roomz.php	https://jayisgames.com/review/the-roomz.php#comment-380680	October 17, 2010 10:52 AM
20220809131214	https://jayisgames.com/review/the-roomz.php	https://jayisgames.com/review/the-roomz.php#comment-380681	October 17, 2010 12:05 PM
20230322193700	https://www.jayisgames.com/review/the-roomz.php	https://jayisgames.com/review/the-roomz.php#walkthrough	Walkthrough
20230322193700	https://www.jayisgames.com/review/the-roomz.php	https://jayisgames.com/review/the-roomz.php#comments	Comments (818)
20230322193700	https://www.jayisgames.com/review/the-roomz.php	http://dreamwardgames.com/theroomz/	
20230322193700	https://www.jayisgames.com/review/the-roomz.php	http://dreamwardgames.com/theroomz/	The Roomz
20230322193700	https://www.jayisgames.com/review/the-roomz.php	http://dreamwardgames.com/theroomz/	Play The Roomz
20230322193700	https://www.jayisgames.com/review/the-roomz.php	https://jayisgames.com/review/the-roomz.php#walkthrough	The Roomz Walkthrough
20230322193700	https://www.jayisgames.com/review/the-roomz.php	https://jayisgames.com/review/the-roomz.php#walkthrough	Walkthrough Guide
20230322193700	https://www.jayisgames.com/review/the-roomz.php	http://www.theroomz.yoyo.pl/danger/map.htm/	http://www.theroomz.yoyo.pl/danger/map.htm/
20230322193700	https://www.jayisgames.com/review/the-roomz.php	https://jayisgames.com/review/the-roomz.php#comment-120824	February 13, 2007 1:20 PM
20230322193700	https://www.jayisgames.com/review/the-roomz.php	https://jayisgames.com/review/the-roomz.php#comment-120825	February 13, 2007 1:22 PM
20230322193700	https://www.jayisgames.com/review/the-roomz.php	https://jayisgames.com/review/the-roomz.php#comment-120826	February 13, 2007 1:35 PM
20230322193700	https://www.jayisgames.com/review/the-roomz.php	https://jayisgames.com/review/the-roomz.php#comment-120828	February 13, 2007 1:44 PM
20230322193700	https://www.jayisgames.com/review/the-roomz.php	https://jayisgames.com/review/the-roomz.php#comment-120829	February 13, 2007 1:56 PM
20230322193700	https://www.jayisgames.com/review/the-roomz.php	https://jayisgames.com/review/the-roomz.php#comment-120831	February 13, 2007 2:03 PM
20230322193700	https://www.jayisgames.com/review/the-roomz.php	https://jayisgames.com/review/the-roomz.php#comment-120832	February 13, 2007 2:09 PM
20230322193700	https://www.jayisgames.com/review/the-roomz.php	https://jayisgames.com/review/the-roomz.php#comment-120833	February 13, 2007 2:14 PM
20230322193700	https://www.jayisgames.com/review/the-roomz.php	https://jayisgames.com/review/the-roomz.php#comment-120836	February 13, 2007 2:16 PM
20230322193700	https://www.jayisgames.com/review/the-roomz.php	https://jayisgames.com/review/the-roomz.php#comment-120837	February 13, 2007 2:25 PM
20230322193700	https://www.jayisgames.com/review/the-roomz.php	https://jayisgames.com/review/the-roomz.php#comment-120838	February 13, 2007 2:28 PM
20230322193700	https://www.jayisgames.com/review/the-roomz.php	https://jayisgames.com/review/the-roomz.php#comment-120840	February 13, 2007 2:34 PM
20230322193700	https://www.jayisgames.com/review/the-roomz.php	https://jayisgames.com/review/the-roomz.php#comment-120842	February 13, 2007 2:36 PM
20230322193700	https://www.jayisgames.com/review/the-roomz.php	https://jayisgames.com/review/the-roomz.php#comment-120843	February 13, 2007 2:38 PM
20230322193700	https://www.jayisgames.com/review/the-roomz.php	https://jayisgames.com/review/the-roomz.php#comment-120844	February 13, 2007 2:39 PM
20230322193700	https://www.jayisgames.com/review/the-roomz.php	https://jayisgames.com/review/the-roomz.php#comment-120845	February 13, 2007 2:43 PM
20230322193700	https://www.jayisgames.com/review/the-roomz.php	https://jayisgames.com/review/the-roomz.php#comment-120846	February 13, 2007 2:43 PM
20230322193700	https://www.jayisgames.com/review/the-roomz.php	https://jayisgames.com/review/the-roomz.php#comment-120847	February 13, 2007 2:47 PM
20230322193700	https://www.jayisgames.com/review/the-roomz.php	https://jayisgames.com/review/the-roomz.php#comment-120850	February 13, 2007 3:09 PM
20230322193700	https://www.jayisgames.com/review/the-roomz.php	https://jayisgames.com/review/the-roomz.php#comment-120851	February 13, 2007 3:11 PM
20230322193700	https://www.jayisgames.com/review/the-roomz.php	https://jayisgames.com/review/the-roomz.php#comment-120852	February 13, 2007 3:11 PM
20230322193700	https://www.jayisgames.com/review/the-roomz.php	https://jayisgames.com/review/the-roomz.php#comment-120853	February 13, 2007 3:21 PM
20230322193700	https://www.jayisgames.com/review/the-roomz.php	https://jayisgames.com/review/the-roomz.php#comment-120854	February 13, 2007 3:23 PM
20230322193700	https://www.jayisgames.com/review/the-roomz.php	https://jayisgames.com/review/the-roomz.php#comment-120855	February 13, 2007 3:24 PM
20230322193700	https://www.jayisgames.com/review/the-roomz.php	https://jayisgames.com/review/the-roomz.php#comment-120857	February 13, 2007 3:30 PM
20230322193700	https://www.jayisgames.com/review/the-roomz.php	https://jayisgames.com/review/the-roomz.php#comment-120858	February 13, 2007 3:31 PM
20230322193700	https://www.jayisgames.com/review/the-roomz.php	https://jayisgames.com/review/the-roomz.php#comment-120859	February 13, 2007 3:31 PM
20230322193700	https://www.jayisgames.com/review/the-roomz.php	https://jayisgames.com/review/the-roomz.php#comment-120860	February 13, 2007 3:33 PM
20230322193700	https://www.jayisgames.com/review/the-roomz.php	https://jayisgames.com/review/the-roomz.php#comment-120861	February 13, 2007 3:40 PM
20230322193700	https://www.jayisgames.com/review/the-roomz.php	https://jayisgames.com/review/the-roomz.php#comment-120862	February 13, 2007 3:40 PM
20230322193700	https://www.jayisgames.com/review/the-roomz.php	https://jayisgames.com/review/the-roomz.php#comment-120864	February 13, 2007 3:45 PM
20230322193700	https://www.jayisgames.com/review/the-roomz.php	https://jayisgames.com/review/the-roomz.php#comment-120865	February 13, 2007 3:45 PM
20230322193700	https://www.jayisgames.com/review/the-roomz.php	https://jayisgames.com/review/the-roomz.php#comment-120866	February 13, 2007 3:51 PM
20230322193700	https://www.jayisgames.com/review/the-roomz.php	https://jayisgames.com/review/the-roomz.php#comment-120867	February 13, 2007 3:52 PM
20230322193700	https://www.jayisgames.com/review/the-roomz.php	https://jayisgames.com/review/the-roomz.php#comment-120868	February 13, 2007 4:10 PM
20230322193700	https://www.jayisgames.com/review/the-roomz.php	https://jayisgames.com/review/the-roomz.php#comment-120869	February 13, 2007 4:10 PM
20230322193700	https://www.jayisgames.com/review/the-roomz.php	https://jayisgames.com/review/the-roomz.php#comment-120870	February 13, 2007 4:11 PM
20230322193700	https://www.jayisgames.com/review/the-roomz.php	https://jayisgames.com/review/the-roomz.php#comment-120879	February 13, 2007 4:31 PM
20230322193700	https://www.jayisgames.com/review/the-roomz.php	https://jayisgames.com/review/the-roomz.php#comment-120882	February 13, 2007 4:38 PM
20230322193700	https://www.jayisgames.com/review/the-roomz.php	https://jayisgames.com/review/the-roomz.php#comment-120883	February 13, 2007 4:43 PM
20230322193700	https://www.jayisgames.com/review/the-roomz.php	https://jayisgames.com/review/the-roomz.php#comment-120884	February 13, 2007 4:46 PM
20230322193700	https://www.jayisgames.com/review/the-roomz.php	https://jayisgames.com/review/the-roomz.php#comment-120885	February 13, 2007 4:49 PM
20230322193700	https://www.jayisgames.com/review/the-roomz.php	https://jayisgames.com/review/the-roomz.php#comment-120886	February 13, 2007 4:50 PM
20230322193700	https://www.jayisgames.com/review/the-roomz.php	https://jayisgames.com/review/the-roomz.php#comment-120887	February 13, 2007 4:54 PM
20230322193700	https://www.jayisgames.com/review/the-roomz.php	https://jayisgames.com/review/the-roomz.php#comment-120888	February 13, 2007 4:58 PM
20230322193700	https://www.jayisgames.com/review/the-roomz.php	https://jayisgames.com/review/the-roomz.php#comment-120889	February 13, 2007 5:07 PM
20230322193700	https://www.jayisgames.com/review/the-roomz.php	https://jayisgames.com/review/the-roomz.php#comment-120890	February 13, 2007 5:13 PM
20230322193700	https://www.jayisgames.com/review/the-roomz.php	https://jayisgames.com/review/the-roomz.php#comment-120891	February 13, 2007 5:13 PM
20230322193700	https://www.jayisgames.com/review/the-roomz.php	https://jayisgames.com/review/the-roomz.php#comment-120893	February 13, 2007 5:21 PM
20230322193700	https://www.jayisgames.com/review/the-roomz.php	https://jayisgames.com/review/the-roomz.php#comment-120894	February 13, 2007 5:25 PM
20230322193700	https://www.jayisgames.com/review/the-roomz.php	https://jayisgames.com/review/the-roomz.php#comment-120897	February 13, 2007 5:27 PM
20230322193700	https://www.jayisgames.com/review/the-roomz.php	https://jayisgames.com/review/the-roomz.php#comment-120899	February 13, 2007 5:31 PM
20230322193700	https://www.jayisgames.com/review/the-roomz.php	https://jayisgames.com/review/the-roomz.php#comment-120900	February 13, 2007 5:31 PM
20230322193700	https://www.jayisgames.com/review/the-roomz.php	https://jayisgames.com/review/the-roomz.php#comment-120901	February 13, 2007 5:36 PM
20230322193700	https://www.jayisgames.com/review/the-roomz.php	https://jayisgames.com/review/the-roomz.php#comment-120902	February 13, 2007 5:40 PM
20230322193700	https://www.jayisgames.com/review/the-roomz.php	https://jayisgames.com/review/the-roomz.php#comment-120903	February 13, 2007 5:41 PM
20230322193700	https://www.jayisgames.com/review/the-roomz.php	https://jayisgames.com/review/the-roomz.php#comment-120904	February 13, 2007 5:48 PM
20230322193700	https://www.jayisgames.com/review/the-roomz.php	https://jayisgames.com/review/the-roomz.php#comment-120906	February 13, 2007 6:00 PM
20230322193700	https://www.jayisgames.com/review/the-roomz.php	https://jayisgames.com/review/the-roomz.php#comment-120907	February 13, 2007 6:02 PM
20230322193700	https://www.jayisgames.com/review/the-roomz.php	https://jayisgames.com/review/the-roomz.php#comment-120908	February 13, 2007 6:15 PM
20230322193700	https://www.jayisgames.com/review/the-roomz.php	https://jayisgames.com/review/the-roomz.php#comment-120909	February 13, 2007 6:23 PM
20230322193700	https://www.jayisgames.com/review/the-roomz.php	https://jayisgames.com/review/the-roomz.php#comment-120911	February 13, 2007 6:29 PM
20230322193700	https://www.jayisgames.com/review/the-roomz.php	https://jayisgames.com/review/the-roomz.php#comment-120912	February 13, 2007 6:33 PM
20230322193700	https://www.jayisgames.com/review/the-roomz.php	https://jayisgames.com/review/the-roomz.php#comment-120913	February 13, 2007 6:36 PM
20230322193700	https://www.jayisgames.com/review/the-roomz.php	https://jayisgames.com/review/the-roomz.php#comment-120914	February 13, 2007 6:36 PM
20230322193700	https://www.jayisgames.com/review/the-roomz.php	https://jayisgames.com/review/the-roomz.php#comment-120917	February 13, 2007 6:49 PM
20230322193700	https://www.jayisgames.com/review/the-roomz.php	https://jayisgames.com/review/the-roomz.php#comment-120918	February 13, 2007 6:57 PM
20230322193700	https://www.jayisgames.com/review/the-roomz.php	https://jayisgames.com/review/the-roomz.php#comment-120919	February 13, 2007 7:20 PM
20230322193700	https://www.jayisgames.com/review/the-roomz.php	https://jayisgames.com/review/the-roomz.php#comment-120920	February 13, 2007 7:25 PM
20230322193700	https://www.jayisgames.com/review/the-roomz.php	https://jayisgames.com/review/the-roomz.php#comment-120921	February 13, 2007 7:32 PM
20230322193700	https://www.jayisgames.com/review/the-roomz.php	https://jayisgames.com/review/the-roomz.php#comment-120922	February 13, 2007 7:36 PM
20230322193700	https://www.jayisgames.com/review/the-roomz.php	https://jayisgames.com/review/the-roomz.php#comment-120924	February 13, 2007 7:43 PM
20230322193700	https://www.jayisgames.com/review/the-roomz.php	https://jayisgames.com/review/the-roomz.php#comment-120926	February 13, 2007 7:51 PM
20230322193700	https://www.jayisgames.com/review/the-roomz.php	https://jayisgames.com/review/the-roomz.php#comment-120927	February 13, 2007 7:51 PM
20230322193700	https://www.jayisgames.com/review/the-roomz.php	https://jayisgames.com/review/the-roomz.php#comment-120928	February 13, 2007 8:04 PM
20230322193700	https://www.jayisgames.com/review/the-roomz.php	https://jayisgames.com/review/the-roomz.php#comment-120929	February 13, 2007 8:06 PM
20230322193700	https://www.jayisgames.com/review/the-roomz.php	https://jayisgames.com/review/the-roomz.php#comment-120931	February 13, 2007 8:08 PM
20230322193700	https://www.jayisgames.com/review/the-roomz.php	https://jayisgames.com/review/the-roomz.php#comment-120932	February 13, 2007 8:08 PM
20230322193700	https://www.jayisgames.com/review/the-roomz.php	https://jayisgames.com/review/the-roomz.php#comment-120934	February 13, 2007 8:10 PM
20230322193700	https://www.jayisgames.com/review/the-roomz.php	https://jayisgames.com/review/the-roomz.php#comment-120935	February 13, 2007 8:30 PM
20230322193700	https://www.jayisgames.com/review/the-roomz.php	https://jayisgames.com/review/the-roomz.php#comment-120937	February 13, 2007 9:02 PM
20230322193700	https://www.jayisgames.com/review/the-roomz.php	https://jayisgames.com/review/the-roomz.php#comment-120940	February 13, 2007 9:33 PM
20230322193700	https://www.jayisgames.com/review/the-roomz.php	https://jayisgames.com/review/the-roomz.php#comment-120941	February 13, 2007 9:35 PM
20230322193700	https://www.jayisgames.com/review/the-roomz.php	https://jayisgames.com/review/the-roomz.php#comment-120942	February 13, 2007 9:35 PM
20230322193700	https://www.jayisgames.com/review/the-roomz.php	https://jayisgames.com/review/the-roomz.php#comment-120945	February 13, 2007 9:57 PM
20230322193700	https://www.jayisgames.com/review/the-roomz.php	https://jayisgames.com/review/the-roomz.php#comment-120946	February 13, 2007 10:11 PM
20230322193700	https://www.jayisgames.com/review/the-roomz.php	https://jayisgames.com/review/the-roomz.php#comment-120947	February 13, 2007 10:25 PM
20230322193700	https://www.jayisgames.com/review/the-roomz.php	https://jayisgames.com/review/the-roomz.php#comment-120948	February 13, 2007 10:26 PM
20230322193700	https://www.jayisgames.com/review/the-roomz.php	https://jayisgames.com/review/the-roomz.php#comment-120950	February 13, 2007 10:33 PM
20230322193700	https://www.jayisgames.com/review/the-roomz.php	https://jayisgames.com/review/the-roomz.php#comment-120951	February 13, 2007 10:36 PM
20230322193700	https://www.jayisgames.com/review/the-roomz.php	https://jayisgames.com/review/the-roomz.php#comment-120952	February 13, 2007 10:38 PM
20230322193700	https://www.jayisgames.com/review/the-roomz.php	https://jayisgames.com/review/the-roomz.php#comment-120955	February 13, 2007 10:52 PM
20230322193700	https://www.jayisgames.com/review/the-roomz.php	https://jayisgames.com/review/the-roomz.php#comment-120956	February 13, 2007 11:11 PM
20230322193700	https://www.jayisgames.com/review/the-roomz.php	https://jayisgames.com/review/the-roomz.php#comment-120959	February 13, 2007 11:15 PM
20230322193700	https://www.jayisgames.com/review/the-roomz.php	https://jayisgames.com/review/the-roomz.php#comment-120962	February 13, 2007 11:27 PM
20230322193700	https://www.jayisgames.com/review/the-roomz.php	https://jayisgames.com/review/the-roomz.php#comment-120963	February 13, 2007 11:32 PM
20230322193700	https://www.jayisgames.com/review/the-roomz.php	https://jayisgames.com/review/the-roomz.php#comment-120964	February 13, 2007 11:35 PM
20230322193700	https://www.jayisgames.com/review/the-roomz.php	https://jayisgames.com/review/the-roomz.php#comment-120965	February 13, 2007 11:38 PM
20230322193700	https://www.jayisgames.com/review/the-roomz.php	https://jayisgames.com/review/the-roomz.php#comment-120967	February 13, 2007 11:47 PM
20230322193700	https://www.jayisgames.com/review/the-roomz.php	https://jayisgames.com/review/the-roomz.php#comment-120969	February 13, 2007 11:51 PM
20230322193700	https://www.jayisgames.com/review/the-roomz.php	https://jayisgames.com/review/the-roomz.php#comment-262797	April 28, 2008 1:46 PM
20230322193700	https://www.jayisgames.com/review/the-roomz.php	https://jayisgames.com/review/the-roomz.php#comment-262808	April 28, 2008 2:55 PM
20230322193700	https://www.jayisgames.com/review/the-roomz.php	https://jayisgames.com/review/the-roomz.php#comment-264645	May 13, 2008 7:03 PM
20230322193700	https://www.jayisgames.com/review/the-roomz.php	https://jayisgames.com/review/the-roomz.php#comment-265323	May 19, 2008 7:45 AM
20230322193700	https://www.jayisgames.com/review/the-roomz.php	https://jayisgames.com/review/the-roomz.php#comment-265865	May 24, 2008 12:06 PM
20230322193700	https://www.jayisgames.com/review/the-roomz.php	https://jayisgames.com/review/the-roomz.php#comment-266052	May 26, 2008 11:42 AM
20230322193700	https://www.jayisgames.com/review/the-roomz.php	https://jayisgames.com/review/the-roomz.php#comment-266256	May 28, 2008 6:44 AM
20230322193700	https://www.jayisgames.com/review/the-roomz.php	https://jayisgames.com/review/the-roomz.php#comment-266748	May 31, 2008 9:58 AM
20230322193700	https://www.jayisgames.com/review/the-roomz.php	https://jayisgames.com/review/the-roomz.php#comment-267508	June 5, 2008 5:00 AM
20230322193700	https://www.jayisgames.com/review/the-roomz.php	https://jayisgames.com/review/the-roomz.php#comment-273276	July 4, 2008 8:46 PM
20230322193700	https://www.jayisgames.com/review/the-roomz.php	https://jayisgames.com/review/the-roomz.php#comment-276495	July 25, 2008 10:16 AM
20230322193700	https://www.jayisgames.com/review/the-roomz.php	https://jayisgames.com/review/the-roomz.php#comment-277962	August 3, 2008 11:47 PM
20230322193700	https://www.jayisgames.com/review/the-roomz.php	https://jayisgames.com/review/the-roomz.php#comment-284880	September 28, 2008 10:45 AM
20230322193700	https://www.jayisgames.com/review/the-roomz.php	https://jayisgames.com/review/the-roomz.php#comment-345181	November 29, 2009 9:07 PM
20230322193700	https://www.jayisgames.com/review/the-roomz.php	https://jayisgames.com/review/the-roomz.php#comment-357403	March 16, 2010 4:51 PM
20230322193700	https://www.jayisgames.com/review/the-roomz.php	https://jayisgames.com/review/the-roomz.php#comment-380638	October 16, 2010 1:56 PM
20230322193700	https://www.jayisgames.com/review/the-roomz.php	https://jayisgames.com/review/the-roomz.php#comment-380680	October 17, 2010 10:52 AM
20230322193700	https://www.jayisgames.com/review/the-roomz.php	https://jayisgames.com/review/the-roomz.php#comment-380681	October 17, 2010 12:05 PM
20231201202011	https://jayisgames.com/review/the-roomz.php	https://jayisgames.com/review/the-roomz.php#walkthrough	Walkthrough
20231201202011	https://jayisgames.com/review/the-roomz.php	https://jayisgames.com/review/the-roomz.php#comments	Comments (818)
20231201202011	https://jayisgames.com/review/the-roomz.php	http://dreamwardgames.com/theroomz/	
20231201202011	https://jayisgames.com/review/the-roomz.php	http://dreamwardgames.com/theroomz/	The Roomz
20231201202011	https://jayisgames.com/review/the-roomz.php	http://dreamwardgames.com/theroomz/	Play The Roomz
20231201202011	https://jayisgames.com/review/the-roomz.php	https://jayisgames.com/review/the-roomz.php#walkthrough	The Roomz Walkthrough
20231201202011	https://jayisgames.com/review/the-roomz.php	https://jayisgames.com/review/the-roomz.php#walkthrough	Walkthrough Guide
20231201202011	https://jayisgames.com/review/the-roomz.php	http://www.theroomz.yoyo.pl/danger/map.htm/	http://www.theroomz.yoyo.pl/danger/map.htm/
20231201202011	https://jayisgames.com/review/the-roomz.php	https://jayisgames.com/review/the-roomz.php#comment-120824	February 13, 2007 1:20 PM
20231201202011	https://jayisgames.com/review/the-roomz.php	https://jayisgames.com/review/the-roomz.php#comment-120825	February 13, 2007 1:22 PM
20231201202011	https://jayisgames.com/review/the-roomz.php	https://jayisgames.com/review/the-roomz.php#comment-120826	February 13, 2007 1:35 PM
20231201202011	https://jayisgames.com/review/the-roomz.php	https://jayisgames.com/review/the-roomz.php#comment-120828	February 13, 2007 1:44 PM
20231201202011	https://jayisgames.com/review/the-roomz.php	https://jayisgames.com/review/the-roomz.php#comment-120829	February 13, 2007 1:56 PM
20231201202011	https://jayisgames.com/review/the-roomz.php	https://jayisgames.com/review/the-roomz.php#comment-120831	February 13, 2007 2:03 PM
20231201202011	https://jayisgames.com/review/the-roomz.php	https://jayisgames.com/review/the-roomz.php#comment-120832	February 13, 2007 2:09 PM
20231201202011	https://jayisgames.com/review/the-roomz.php	https://jayisgames.com/review/the-roomz.php#comment-120833	February 13, 2007 2:14 PM
20231201202011	https://jayisgames.com/review/the-roomz.php	https://jayisgames.com/review/the-roomz.php#comment-120836	February 13, 2007 2:16 PM
20231201202011	https://jayisgames.com/review/the-roomz.php	https://jayisgames.com/review/the-roomz.php#comment-120837	February 13, 2007 2:25 PM
20231201202011	https://jayisgames.com/review/the-roomz.php	https://jayisgames.com/review/the-roomz.php#comment-120838	February 13, 2007 2:28 PM
20231201202011	https://jayisgames.com/review/the-roomz.php	https://jayisgames.com/review/the-roomz.php#comment-120840	February 13, 2007 2:34 PM
20231201202011	https://jayisgames.com/review/the-roomz.php	https://jayisgames.com/review/the-roomz.php#comment-120842	February 13, 2007 2:36 PM
20231201202011	https://jayisgames.com/review/the-roomz.php	https://jayisgames.com/review/the-roomz.php#comment-120843	February 13, 2007 2:38 PM
20231201202011	https://jayisgames.com/review/the-roomz.php	https://jayisgames.com/review/the-roomz.php#comment-120844	February 13, 2007 2:39 PM
20231201202011	https://jayisgames.com/review/the-roomz.php	https://jayisgames.com/review/the-roomz.php#comment-120845	February 13, 2007 2:43 PM
20231201202011	https://jayisgames.com/review/the-roomz.php	https://jayisgames.com/review/the-roomz.php#comment-120846	February 13, 2007 2:43 PM
20231201202011	https://jayisgames.com/review/the-roomz.php	https://jayisgames.com/review/the-roomz.php#comment-120847	February 13, 2007 2:47 PM
20231201202011	https://jayisgames.com/review/the-roomz.php	https://jayisgames.com/review/the-roomz.php#comment-120850	February 13, 2007 3:09 PM
20231201202011	https://jayisgames.com/review/the-roomz.php	https://jayisgames.com/review/the-roomz.php#comment-120851	February 13, 2007 3:11 PM
20231201202011	https://jayisgames.com/review/the-roomz.php	https://jayisgames.com/review/the-roomz.php#comment-120852	February 13, 2007 3:11 PM
20231201202011	https://jayisgames.com/review/the-roomz.php	https://jayisgames.com/review/the-roomz.php#comment-120853	February 13, 2007 3:21 PM
20231201202011	https://jayisgames.com/review/the-roomz.php	https://jayisgames.com/review/the-roomz.php#comment-120854	February 13, 2007 3:23 PM
20231201202011	https://jayisgames.com/review/the-roomz.php	https://jayisgames.com/review/the-roomz.php#comment-120855	February 13, 2007 3:24 PM
20231201202011	https://jayisgames.com/review/the-roomz.php	https://jayisgames.com/review/the-roomz.php#comment-120857	February 13, 2007 3:30 PM
20231201202011	https://jayisgames.com/review/the-roomz.php	https://jayisgames.com/review/the-roomz.php#comment-120858	February 13, 2007 3:31 PM
20231201202011	https://jayisgames.com/review/the-roomz.php	https://jayisgames.com/review/the-roomz.php#comment-120859	February 13, 2007 3:31 PM
20231201202011	https://jayisgames.com/review/the-roomz.php	https://jayisgames.com/review/the-roomz.php#comment-120860	February 13, 2007 3:33 PM
20231201202011	https://jayisgames.com/review/the-roomz.php	https://jayisgames.com/review/the-roomz.php#comment-120861	February 13, 2007 3:40 PM
20231201202011	https://jayisgames.com/review/the-roomz.php	https://jayisgames.com/review/the-roomz.php#comment-120862	February 13, 2007 3:40 PM
20231201202011	https://jayisgames.com/review/the-roomz.php	https://jayisgames.com/review/the-roomz.php#comment-120864	February 13, 2007 3:45 PM
20231201202011	https://jayisgames.com/review/the-roomz.php	https://jayisgames.com/review/the-roomz.php#comment-120865	February 13, 2007 3:45 PM
20231201202011	https://jayisgames.com/review/the-roomz.php	https://jayisgames.com/review/the-roomz.php#comment-120866	February 13, 2007 3:51 PM
20231201202011	https://jayisgames.com/review/the-roomz.php	https://jayisgames.com/review/the-roomz.php#comment-120867	February 13, 2007 3:52 PM
20231201202011	https://jayisgames.com/review/the-roomz.php	https://jayisgames.com/review/the-roomz.php#comment-120868	February 13, 2007 4:10 PM
20231201202011	https://jayisgames.com/review/the-roomz.php	https://jayisgames.com/review/the-roomz.php#comment-120869	February 13, 2007 4:10 PM
20231201202011	https://jayisgames.com/review/the-roomz.php	https://jayisgames.com/review/the-roomz.php#comment-120870	February 13, 2007 4:11 PM
20231201202011	https://jayisgames.com/review/the-roomz.php	https://jayisgames.com/review/the-roomz.php#comment-120879	February 13, 2007 4:31 PM
20231201202011	https://jayisgames.com/review/the-roomz.php	https://jayisgames.com/review/the-roomz.php#comment-120882	February 13, 2007 4:38 PM
20231201202011	https://jayisgames.com/review/the-roomz.php	https://jayisgames.com/review/the-roomz.php#comment-120883	February 13, 2007 4:43 PM
20231201202011	https://jayisgames.com/review/the-roomz.php	https://jayisgames.com/review/the-roomz.php#comment-120884	February 13, 2007 4:46 PM
20231201202011	https://jayisgames.com/review/the-roomz.php	https://jayisgames.com/review/the-roomz.php#comment-120885	February 13, 2007 4:49 PM
20231201202011	https://jayisgames.com/review/the-roomz.php	https://jayisgames.com/review/the-roomz.php#comment-120886	February 13, 2007 4:50 PM
20231201202011	https://jayisgames.com/review/the-roomz.php	https://jayisgames.com/review/the-roomz.php#comment-120887	February 13, 2007 4:54 PM
20231201202011	https://jayisgames.com/review/the-roomz.php	https://jayisgames.com/review/the-roomz.php#comment-120888	February 13, 2007 4:58 PM
20231201202011	https://jayisgames.com/review/the-roomz.php	https://jayisgames.com/review/the-roomz.php#comment-120889	February 13, 2007 5:07 PM
20231201202011	https://jayisgames.com/review/the-roomz.php	https://jayisgames.com/review/the-roomz.php#comment-120890	February 13, 2007 5:13 PM
20231201202011	https://jayisgames.com/review/the-roomz.php	https://jayisgames.com/review/the-roomz.php#comment-120891	February 13, 2007 5:13 PM
20231201202011	https://jayisgames.com/review/the-roomz.php	https://jayisgames.com/review/the-roomz.php#comment-120893	February 13, 2007 5:21 PM
20231201202011	https://jayisgames.com/review/the-roomz.php	https://jayisgames.com/review/the-roomz.php#comment-120894	February 13, 2007 5:25 PM
20231201202011	https://jayisgames.com/review/the-roomz.php	https://jayisgames.com/review/the-roomz.php#comment-120897	February 13, 2007 5:27 PM
20231201202011	https://jayisgames.com/review/the-roomz.php	https://jayisgames.com/review/the-roomz.php#comment-120899	February 13, 2007 5:31 PM
20231201202011	https://jayisgames.com/review/the-roomz.php	https://jayisgames.com/review/the-roomz.php#comment-120900	February 13, 2007 5:31 PM
20231201202011	https://jayisgames.com/review/the-roomz.php	https://jayisgames.com/review/the-roomz.php#comment-120901	February 13, 2007 5:36 PM
20231201202011	https://jayisgames.com/review/the-roomz.php	https://jayisgames.com/review/the-roomz.php#comment-120902	February 13, 2007 5:40 PM
20231201202011	https://jayisgames.com/review/the-roomz.php	https://jayisgames.com/review/the-roomz.php#comment-120903	February 13, 2007 5:41 PM
20231201202011	https://jayisgames.com/review/the-roomz.php	https://jayisgames.com/review/the-roomz.php#comment-120904	February 13, 2007 5:48 PM
20231201202011	https://jayisgames.com/review/the-roomz.php	https://jayisgames.com/review/the-roomz.php#comment-120906	February 13, 2007 6:00 PM
20231201202011	https://jayisgames.com/review/the-roomz.php	https://jayisgames.com/review/the-roomz.php#comment-120907	February 13, 2007 6:02 PM
20231201202011	https://jayisgames.com/review/the-roomz.php	https://jayisgames.com/review/the-roomz.php#comment-120908	February 13, 2007 6:15 PM
20231201202011	https://jayisgames.com/review/the-roomz.php	https://jayisgames.com/review/the-roomz.php#comment-120909	February 13, 2007 6:23 PM
20231201202011	https://jayisgames.com/review/the-roomz.php	https://jayisgames.com/review/the-roomz.php#comment-120911	February 13, 2007 6:29 PM
20231201202011	https://jayisgames.com/review/the-roomz.php	https://jayisgames.com/review/the-roomz.php#comment-120912	February 13, 2007 6:33 PM
20231201202011	https://jayisgames.com/review/the-roomz.php	https://jayisgames.com/review/the-roomz.php#comment-120913	February 13, 2007 6:36 PM
20231201202011	https://jayisgames.com/review/the-roomz.php	https://jayisgames.com/review/the-roomz.php#comment-120914	February 13, 2007 6:36 PM
20231201202011	https://jayisgames.com/review/the-roomz.php	https://jayisgames.com/review/the-roomz.php#comment-120917	February 13, 2007 6:49 PM
20231201202011	https://jayisgames.com/review/the-roomz.php	https://jayisgames.com/review/the-roomz.php#comment-120918	February 13, 2007 6:57 PM
20231201202011	https://jayisgames.com/review/the-roomz.php	https://jayisgames.com/review/the-roomz.php#comment-120919	February 13, 2007 7:20 PM
20231201202011	https://jayisgames.com/review/the-roomz.php	https://jayisgames.com/review/the-roomz.php#comment-120920	February 13, 2007 7:25 PM
20231201202011	https://jayisgames.com/review/the-roomz.php	https://jayisgames.com/review/the-roomz.php#comment-120921	February 13, 2007 7:32 PM
20231201202011	https://jayisgames.com/review/the-roomz.php	https://jayisgames.com/review/the-roomz.php#comment-120922	February 13, 2007 7:36 PM
20231201202011	https://jayisgames.com/review/the-roomz.php	https://jayisgames.com/review/the-roomz.php#comment-120924	February 13, 2007 7:43 PM
20231201202011	https://jayisgames.com/review/the-roomz.php	https://jayisgames.com/review/the-roomz.php#comment-120926	February 13, 2007 7:51 PM
20231201202011	https://jayisgames.com/review/the-roomz.php	https://jayisgames.com/review/the-roomz.php#comment-120927	February 13, 2007 7:51 PM
20231201202011	https://jayisgames.com/review/the-roomz.php	https://jayisgames.com/review/the-roomz.php#comment-120928	February 13, 2007 8:04 PM
20231201202011	https://jayisgames.com/review/the-roomz.php	https://jayisgames.com/review/the-roomz.php#comment-120929	February 13, 2007 8:06 PM
20231201202011	https://jayisgames.com/review/the-roomz.php	https://jayisgames.com/review/the-roomz.php#comment-120931	February 13, 2007 8:08 PM
20231201202011	https://jayisgames.com/review/the-roomz.php	https://jayisgames.com/review/the-roomz.php#comment-120932	February 13, 2007 8:08 PM
20231201202011	https://jayisgames.com/review/the-roomz.php	https://jayisgames.com/review/the-roomz.php#comment-120934	February 13, 2007 8:10 PM
20231201202011	https://jayisgames.com/review/the-roomz.php	https://jayisgames.com/review/the-roomz.php#comment-120935	February 13, 2007 8:30 PM
20231201202011	https://jayisgames.com/review/the-roomz.php	https://jayisgames.com/review/the-roomz.php#comment-120937	February 13, 2007 9:02 PM
20231201202011	https://jayisgames.com/review/the-roomz.php	https://jayisgames.com/review/the-roomz.php#comment-120940	February 13, 2007 9:33 PM
20231201202011	https://jayisgames.com/review/the-roomz.php	https://jayisgames.com/review/the-roomz.php#comment-120941	February 13, 2007 9:35 PM
20231201202011	https://jayisgames.com/review/the-roomz.php	https://jayisgames.com/review/the-roomz.php#comment-120942	February 13, 2007 9:35 PM
20231201202011	https://jayisgames.com/review/the-roomz.php	https://jayisgames.com/review/the-roomz.php#comment-120945	February 13, 2007 9:57 PM
20231201202011	https://jayisgames.com/review/the-roomz.php	https://jayisgames.com/review/the-roomz.php#comment-120946	February 13, 2007 10:11 PM
20231201202011	https://jayisgames.com/review/the-roomz.php	https://jayisgames.com/review/the-roomz.php#comment-120947	February 13, 2007 10:25 PM
20231201202011	https://jayisgames.com/review/the-roomz.php	https://jayisgames.com/review/the-roomz.php#comment-120948	February 13, 2007 10:26 PM
20231201202011	https://jayisgames.com/review/the-roomz.php	https://jayisgames.com/review/the-roomz.php#comment-120950	February 13, 2007 10:33 PM
20231201202011	https://jayisgames.com/review/the-roomz.php	https://jayisgames.com/review/the-roomz.php#comment-120951	February 13, 2007 10:36 PM
20231201202011	https://jayisgames.com/review/the-roomz.php	https://jayisgames.com/review/the-roomz.php#comment-120952	February 13, 2007 10:38 PM
20231201202011	https://jayisgames.com/review/the-roomz.php	https://jayisgames.com/review/the-roomz.php#comment-120955	February 13, 2007 10:52 PM
20231201202011	https://jayisgames.com/review/the-roomz.php	https://jayisgames.com/review/the-roomz.php#comment-120956	February 13, 2007 11:11 PM
20231201202011	https://jayisgames.com/review/the-roomz.php	https://jayisgames.com/review/the-roomz.php#comment-120959	February 13, 2007 11:15 PM
20231201202011	https://jayisgames.com/review/the-roomz.php	https://jayisgames.com/review/the-roomz.php#comment-120962	February 13, 2007 11:27 PM
20231201202011	https://jayisgames.com/review/the-roomz.php	https://jayisgames.com/review/the-roomz.php#comment-120963	February 13, 2007 11:32 PM
20231201202011	https://jayisgames.com/review/the-roomz.php	https://jayisgames.com/review/the-roomz.php#comment-120964	February 13, 2007 11:35 PM
20231201202011	https://jayisgames.com/review/the-roomz.php	https://jayisgames.com/review/the-roomz.php#comment-120965	February 13, 2007 11:38 PM
20231201202011	https://jayisgames.com/review/the-roomz.php	https://jayisgames.com/review/the-roomz.php#comment-120967	February 13, 2007 11:47 PM
20231201202011	https://jayisgames.com/review/the-roomz.php	https://jayisgames.com/review/the-roomz.php#comment-120969	February 13, 2007 11:51 PM
20231201202011	https://jayisgames.com/review/the-roomz.php	https://jayisgames.com/review/the-roomz.php#comment-262797	April 28, 2008 1:46 PM
20231201202011	https://jayisgames.com/review/the-roomz.php	https://jayisgames.com/review/the-roomz.php#comment-262808	April 28, 2008 2:55 PM
20231201202011	https://jayisgames.com/review/the-roomz.php	https://jayisgames.com/review/the-roomz.php#comment-264645	May 13, 2008 7:03 PM
20231201202011	https://jayisgames.com/review/the-roomz.php	https://jayisgames.com/review/the-roomz.php#comment-265323	May 19, 2008 7:45 AM
20231201202011	https://jayisgames.com/review/the-roomz.php	https://jayisgames.com/review/the-roomz.php#comment-265865	May 24, 2008 12:06 PM
20231201202011	https://jayisgames.com/review/the-roomz.php	https://jayisgames.com/review/the-roomz.php#comment-266052	May 26, 2008 11:42 AM
20231201202011	https://jayisgames.com/review/the-roomz.php	https://jayisgames.com/review/the-roomz.php#comment-266256	May 28, 2008 6:44 AM
20231201202011	https://jayisgames.com/review/the-roomz.php	https://jayisgames.com/review/the-roomz.php#comment-266748	May 31, 2008 9:58 AM
20231201202011	https://jayisgames.com/review/the-roomz.php	https://jayisgames.com/review/the-roomz.php#comment-267508	June 5, 2008 5:00 AM
20231201202011	https://jayisgames.com/review/the-roomz.php	https://jayisgames.com/review/the-roomz.php#comment-273276	July 4, 2008 8:46 PM
20231201202011	https://jayisgames.com/review/the-roomz.php	https://jayisgames.com/review/the-roomz.php#comment-276495	July 25, 2008 10:16 AM
20231201202011	https://jayisgames.com/review/the-roomz.php	https://jayisgames.com/review/the-roomz.php#comment-277962	August 3, 2008 11:47 PM
20231201202011	https://jayisgames.com/review/the-roomz.php	https://jayisgames.com/review/the-roomz.php#comment-284880	September 28, 2008 10:45 AM
20231201202011	https://jayisgames.com/review/the-roomz.php	https://jayisgames.com/review/the-roomz.php#comment-345181	November 29, 2009 9:07 PM
20231201202011	https://jayisgames.com/review/the-roomz.php	https://jayisgames.com/review/the-roomz.php#comment-357403	March 16, 2010 4:51 PM
20231201202011	https://jayisgames.com/review/the-roomz.php	https://jayisgames.com/review/the-roomz.php#comment-380638	October 16, 2010 1:56 PM
20231201202011	https://jayisgames.com/review/the-roomz.php	https://jayisgames.com/review/the-roomz.php#comment-380680	October 17, 2010 10:52 AM
20231201202011	https://jayisgames.com/review/the-roomz.php	https://jayisgames.com/review/the-roomz.php#comment-380681	October 17, 2010 12:05 PM
20241014210606	https://www.jayisgames.com/review/the-roomz.php	https://jayisgames.com/review/the-roomz.php#walkthrough	Walkthrough
20241014210606	https://www.jayisgames.com/review/the-roomz.php	https://jayisgames.com/review/the-roomz.php#comments	Comments (818)
20241014210606	https://www.jayisgames.com/review/the-roomz.php	http://dreamwardgames.com/theroomz/	
20241014210606	https://www.jayisgames.com/review/the-roomz.php	http://dreamwardgames.com/theroomz/	The Roomz
20241014210606	https://www.jayisgames.com/review/the-roomz.php	http://dreamwardgames.com/theroomz/	Play The Roomz
20241014210606	https://www.jayisgames.com/review/the-roomz.php	https://jayisgames.com/review/the-roomz.php#walkthrough	The Roomz Walkthrough
20241014210606	https://www.jayisgames.com/review/the-roomz.php	https://jayisgames.com/review/the-roomz.php#walkthrough	Walkthrough Guide
20241014210606	https://www.jayisgames.com/review/the-roomz.php	http://www.theroomz.yoyo.pl/danger/map.htm/	http://www.theroomz.yoyo.pl/danger/map.htm/
20241014210606	https://www.jayisgames.com/review/the-roomz.php	https://jayisgames.com/review/the-roomz.php#comment-120824	February 13, 2007 1:20 PM
20241014210606	https://www.jayisgames.com/review/the-roomz.php	https://jayisgames.com/review/the-roomz.php#comment-120825	February 13, 2007 1:22 PM
20241014210606	https://www.jayisgames.com/review/the-roomz.php	https://jayisgames.com/review/the-roomz.php#comment-120826	February 13, 2007 1:35 PM
20241014210606	https://www.jayisgames.com/review/the-roomz.php	https://jayisgames.com/review/the-roomz.php#comment-120828	February 13, 2007 1:44 PM
20241014210606	https://www.jayisgames.com/review/the-roomz.php	https://jayisgames.com/review/the-roomz.php#comment-120829	February 13, 2007 1:56 PM
20241014210606	https://www.jayisgames.com/review/the-roomz.php	https://jayisgames.com/review/the-roomz.php#comment-120831	February 13, 2007 2:03 PM
20241014210606	https://www.jayisgames.com/review/the-roomz.php	https://jayisgames.com/review/the-roomz.php#comment-120832	February 13, 2007 2:09 PM
20241014210606	https://www.jayisgames.com/review/the-roomz.php	https://jayisgames.com/review/the-roomz.php#comment-120833	February 13, 2007 2:14 PM
20241014210606	https://www.jayisgames.com/review/the-roomz.php	https://jayisgames.com/review/the-roomz.php#comment-120836	February 13, 2007 2:16 PM
20241014210606	https://www.jayisgames.com/review/the-roomz.php	https://jayisgames.com/review/the-roomz.php#comment-120837	February 13, 2007 2:25 PM
20241014210606	https://www.jayisgames.com/review/the-roomz.php	https://jayisgames.com/review/the-roomz.php#comment-120838	February 13, 2007 2:28 PM
20241014210606	https://www.jayisgames.com/review/the-roomz.php	https://jayisgames.com/review/the-roomz.php#comment-120840	February 13, 2007 2:34 PM
20241014210606	https://www.jayisgames.com/review/the-roomz.php	https://jayisgames.com/review/the-roomz.php#comment-120842	February 13, 2007 2:36 PM
20241014210606	https://www.jayisgames.com/review/the-roomz.php	https://jayisgames.com/review/the-roomz.php#comment-120843	February 13, 2007 2:38 PM
20241014210606	https://www.jayisgames.com/review/the-roomz.php	https://jayisgames.com/review/the-roomz.php#comment-120844	February 13, 2007 2:39 PM
20241014210606	https://www.jayisgames.com/review/the-roomz.php	https://jayisgames.com/review/the-roomz.php#comment-120845	February 13, 2007 2:43 PM
20241014210606	https://www.jayisgames.com/review/the-roomz.php	https://jayisgames.com/review/the-roomz.php#comment-120846	February 13, 2007 2:43 PM
20241014210606	https://www.jayisgames.com/review/the-roomz.php	https://jayisgames.com/review/the-roomz.php#comment-120847	February 13, 2007 2:47 PM
20241014210606	https://www.jayisgames.com/review/the-roomz.php	https://jayisgames.com/review/the-roomz.php#comment-120850	February 13, 2007 3:09 PM
20241014210606	https://www.jayisgames.com/review/the-roomz.php	https://jayisgames.com/review/the-roomz.php#comment-120851	February 13, 2007 3:11 PM
20241014210606	https://www.jayisgames.com/review/the-roomz.php	https://jayisgames.com/review/the-roomz.php#comment-120852	February 13, 2007 3:11 PM
20241014210606	https://www.jayisgames.com/review/the-roomz.php	https://jayisgames.com/review/the-roomz.php#comment-120853	February 13, 2007 3:21 PM
20241014210606	https://www.jayisgames.com/review/the-roomz.php	https://jayisgames.com/review/the-roomz.php#comment-120854	February 13, 2007 3:23 PM
20241014210606	https://www.jayisgames.com/review/the-roomz.php	https://jayisgames.com/review/the-roomz.php#comment-120855	February 13, 2007 3:24 PM
20241014210606	https://www.jayisgames.com/review/the-roomz.php	https://jayisgames.com/review/the-roomz.php#comment-120857	February 13, 2007 3:30 PM
20241014210606	https://www.jayisgames.com/review/the-roomz.php	https://jayisgames.com/review/the-roomz.php#comment-120858	February 13, 2007 3:31 PM
20241014210606	https://www.jayisgames.com/review/the-roomz.php	https://jayisgames.com/review/the-roomz.php#comment-120859	February 13, 2007 3:31 PM
20241014210606	https://www.jayisgames.com/review/the-roomz.php	https://jayisgames.com/review/the-roomz.php#comment-120860	February 13, 2007 3:33 PM
20241014210606	https://www.jayisgames.com/review/the-roomz.php	https://jayisgames.com/review/the-roomz.php#comment-120861	February 13, 2007 3:40 PM
20241014210606	https://www.jayisgames.com/review/the-roomz.php	https://jayisgames.com/review/the-roomz.php#comment-120862	February 13, 2007 3:40 PM
20241014210606	https://www.jayisgames.com/review/the-roomz.php	https://jayisgames.com/review/the-roomz.php#comment-120864	February 13, 2007 3:45 PM
20241014210606	https://www.jayisgames.com/review/the-roomz.php	https://jayisgames.com/review/the-roomz.php#comment-120865	February 13, 2007 3:45 PM
20241014210606	https://www.jayisgames.com/review/the-roomz.php	https://jayisgames.com/review/the-roomz.php#comment-120866	February 13, 2007 3:51 PM
20241014210606	https://www.jayisgames.com/review/the-roomz.php	https://jayisgames.com/review/the-roomz.php#comment-120867	February 13, 2007 3:52 PM
20241014210606	https://www.jayisgames.com/review/the-roomz.php	https://jayisgames.com/review/the-roomz.php#comment-120868	February 13, 2007 4:10 PM
20241014210606	https://www.jayisgames.com/review/the-roomz.php	https://jayisgames.com/review/the-roomz.php#comment-120869	February 13, 2007 4:10 PM
20241014210606	https://www.jayisgames.com/review/the-roomz.php	https://jayisgames.com/review/the-roomz.php#comment-120870	February 13, 2007 4:11 PM
20241014210606	https://www.jayisgames.com/review/the-roomz.php	https://jayisgames.com/review/the-roomz.php#comment-120879	February 13, 2007 4:31 PM
20241014210606	https://www.jayisgames.com/review/the-roomz.php	https://jayisgames.com/review/the-roomz.php#comment-120882	February 13, 2007 4:38 PM
20241014210606	https://www.jayisgames.com/review/the-roomz.php	https://jayisgames.com/review/the-roomz.php#comment-120883	February 13, 2007 4:43 PM
20241014210606	https://www.jayisgames.com/review/the-roomz.php	https://jayisgames.com/review/the-roomz.php#comment-120884	February 13, 2007 4:46 PM
20241014210606	https://www.jayisgames.com/review/the-roomz.php	https://jayisgames.com/review/the-roomz.php#comment-120885	February 13, 2007 4:49 PM
20241014210606	https://www.jayisgames.com/review/the-roomz.php	https://jayisgames.com/review/the-roomz.php#comment-120886	February 13, 2007 4:50 PM
20241014210606	https://www.jayisgames.com/review/the-roomz.php	https://jayisgames.com/review/the-roomz.php#comment-120887	February 13, 2007 4:54 PM
20241014210606	https://www.jayisgames.com/review/the-roomz.php	https://jayisgames.com/review/the-roomz.php#comment-120888	February 13, 2007 4:58 PM
20241014210606	https://www.jayisgames.com/review/the-roomz.php	https://jayisgames.com/review/the-roomz.php#comment-120889	February 13, 2007 5:07 PM
20241014210606	https://www.jayisgames.com/review/the-roomz.php	https://jayisgames.com/review/the-roomz.php#comment-120890	February 13, 2007 5:13 PM
20241014210606	https://www.jayisgames.com/review/the-roomz.php	https://jayisgames.com/review/the-roomz.php#comment-120891	February 13, 2007 5:13 PM
20241014210606	https://www.jayisgames.com/review/the-roomz.php	https://jayisgames.com/review/the-roomz.php#comment-120893	February 13, 2007 5:21 PM
20241014210606	https://www.jayisgames.com/review/the-roomz.php	https://jayisgames.com/review/the-roomz.php#comment-120894	February 13, 2007 5:25 PM
20241014210606	https://www.jayisgames.com/review/the-roomz.php	https://jayisgames.com/review/the-roomz.php#comment-120897	February 13, 2007 5:27 PM
20241014210606	https://www.jayisgames.com/review/the-roomz.php	https://jayisgames.com/review/the-roomz.php#comment-120899	February 13, 2007 5:31 PM
20241014210606	https://www.jayisgames.com/review/the-roomz.php	https://jayisgames.com/review/the-roomz.php#comment-120900	February 13, 2007 5:31 PM
20241014210606	https://www.jayisgames.com/review/the-roomz.php	https://jayisgames.com/review/the-roomz.php#comment-120901	February 13, 2007 5:36 PM
20241014210606	https://www.jayisgames.com/review/the-roomz.php	https://jayisgames.com/review/the-roomz.php#comment-120902	February 13, 2007 5:40 PM
20241014210606	https://www.jayisgames.com/review/the-roomz.php	https://jayisgames.com/review/the-roomz.php#comment-120903	February 13, 2007 5:41 PM
20241014210606	https://www.jayisgames.com/review/the-roomz.php	https://jayisgames.com/review/the-roomz.php#comment-120904	February 13, 2007 5:48 PM
20241014210606	https://www.jayisgames.com/review/the-roomz.php	https://jayisgames.com/review/the-roomz.php#comment-120906	February 13, 2007 6:00 PM
20241014210606	https://www.jayisgames.com/review/the-roomz.php	https://jayisgames.com/review/the-roomz.php#comment-120907	February 13, 2007 6:02 PM
20241014210606	https://www.jayisgames.com/review/the-roomz.php	https://jayisgames.com/review/the-roomz.php#comment-120908	February 13, 2007 6:15 PM
20241014210606	https://www.jayisgames.com/review/the-roomz.php	https://jayisgames.com/review/the-roomz.php#comment-120909	February 13, 2007 6:23 PM
20241014210606	https://www.jayisgames.com/review/the-roomz.php	https://jayisgames.com/review/the-roomz.php#comment-120911	February 13, 2007 6:29 PM
20241014210606	https://www.jayisgames.com/review/the-roomz.php	https://jayisgames.com/review/the-roomz.php#comment-120912	February 13, 2007 6:33 PM
20241014210606	https://www.jayisgames.com/review/the-roomz.php	https://jayisgames.com/review/the-roomz.php#comment-120913	February 13, 2007 6:36 PM
20241014210606	https://www.jayisgames.com/review/the-roomz.php	https://jayisgames.com/review/the-roomz.php#comment-120914	February 13, 2007 6:36 PM
20241014210606	https://www.jayisgames.com/review/the-roomz.php	https://jayisgames.com/review/the-roomz.php#comment-120917	February 13, 2007 6:49 PM
20241014210606	https://www.jayisgames.com/review/the-roomz.php	https://jayisgames.com/review/the-roomz.php#comment-120918	February 13, 2007 6:57 PM
20241014210606	https://www.jayisgames.com/review/the-roomz.php	https://jayisgames.com/review/the-roomz.php#comment-120919	February 13, 2007 7:20 PM
20241014210606	https://www.jayisgames.com/review/the-roomz.php	https://jayisgames.com/review/the-roomz.php#comment-120920	February 13, 2007 7:25 PM
20241014210606	https://www.jayisgames.com/review/the-roomz.php	https://jayisgames.com/review/the-roomz.php#comment-120921	February 13, 2007 7:32 PM
20241014210606	https://www.jayisgames.com/review/the-roomz.php	https://jayisgames.com/review/the-roomz.php#comment-120922	February 13, 2007 7:36 PM
20241014210606	https://www.jayisgames.com/review/the-roomz.php	https://jayisgames.com/review/the-roomz.php#comment-120924	February 13, 2007 7:43 PM
20241014210606	https://www.jayisgames.com/review/the-roomz.php	https://jayisgames.com/review/the-roomz.php#comment-120926	February 13, 2007 7:51 PM
20241014210606	https://www.jayisgames.com/review/the-roomz.php	https://jayisgames.com/review/the-roomz.php#comment-120927	February 13, 2007 7:51 PM
20241014210606	https://www.jayisgames.com/review/the-roomz.php	https://jayisgames.com/review/the-roomz.php#comment-120928	February 13, 2007 8:04 PM
20241014210606	https://www.jayisgames.com/review/the-roomz.php	https://jayisgames.com/review/the-roomz.php#comment-120929	February 13, 2007 8:06 PM
20241014210606	https://www.jayisgames.com/review/the-roomz.php	https://jayisgames.com/review/the-roomz.php#comment-120931	February 13, 2007 8:08 PM
20241014210606	https://www.jayisgames.com/review/the-roomz.php	https://jayisgames.com/review/the-roomz.php#comment-120932	February 13, 2007 8:08 PM
20241014210606	https://www.jayisgames.com/review/the-roomz.php	https://jayisgames.com/review/the-roomz.php#comment-120934	February 13, 2007 8:10 PM
20241014210606	https://www.jayisgames.com/review/the-roomz.php	https://jayisgames.com/review/the-roomz.php#comment-120935	February 13, 2007 8:30 PM
20241014210606	https://www.jayisgames.com/review/the-roomz.php	https://jayisgames.com/review/the-roomz.php#comment-120937	February 13, 2007 9:02 PM
20241014210606	https://www.jayisgames.com/review/the-roomz.php	https://jayisgames.com/review/the-roomz.php#comment-120940	February 13, 2007 9:33 PM
20241014210606	https://www.jayisgames.com/review/the-roomz.php	https://jayisgames.com/review/the-roomz.php#comment-120941	February 13, 2007 9:35 PM
20241014210606	https://www.jayisgames.com/review/the-roomz.php	https://jayisgames.com/review/the-roomz.php#comment-120942	February 13, 2007 9:35 PM
20241014210606	https://www.jayisgames.com/review/the-roomz.php	https://jayisgames.com/review/the-roomz.php#comment-120945	February 13, 2007 9:57 PM
20241014210606	https://www.jayisgames.com/review/the-roomz.php	https://jayisgames.com/review/the-roomz.php#comment-120946	February 13, 2007 10:11 PM
20241014210606	https://www.jayisgames.com/review/the-roomz.php	https://jayisgames.com/review/the-roomz.php#comment-120947	February 13, 2007 10:25 PM
20241014210606	https://www.jayisgames.com/review/the-roomz.php	https://jayisgames.com/review/the-roomz.php#comment-120948	February 13, 2007 10:26 PM
20241014210606	https://www.jayisgames.com/review/the-roomz.php	https://jayisgames.com/review/the-roomz.php#comment-120950	February 13, 2007 10:33 PM
20241014210606	https://www.jayisgames.com/review/the-roomz.php	https://jayisgames.com/review/the-roomz.php#comment-120951	February 13, 2007 10:36 PM
20241014210606	https://www.jayisgames.com/review/the-roomz.php	https://jayisgames.com/review/the-roomz.php#comment-120952	February 13, 2007 10:38 PM
20241014210606	https://www.jayisgames.com/review/the-roomz.php	https://jayisgames.com/review/the-roomz.php#comment-120955	February 13, 2007 10:52 PM
20241014210606	https://www.jayisgames.com/review/the-roomz.php	https://jayisgames.com/review/the-roomz.php#comment-120956	February 13, 2007 11:11 PM
20241014210606	https://www.jayisgames.com/review/the-roomz.php	https://jayisgames.com/review/the-roomz.php#comment-120959	February 13, 2007 11:15 PM
20241014210606	https://www.jayisgames.com/review/the-roomz.php	https://jayisgames.com/review/the-roomz.php#comment-120962	February 13, 2007 11:27 PM
20241014210606	https://www.jayisgames.com/review/the-roomz.php	https://jayisgames.com/review/the-roomz.php#comment-120963	February 13, 2007 11:32 PM
20241014210606	https://www.jayisgames.com/review/the-roomz.php	https://jayisgames.com/review/the-roomz.php#comment-120964	February 13, 2007 11:35 PM
20241014210606	https://www.jayisgames.com/review/the-roomz.php	https://jayisgames.com/review/the-roomz.php#comment-120965	February 13, 2007 11:38 PM
20241014210606	https://www.jayisgames.com/review/the-roomz.php	https://jayisgames.com/review/the-roomz.php#comment-120967	February 13, 2007 11:47 PM
20241014210606	https://www.jayisgames.com/review/the-roomz.php	https://jayisgames.com/review/the-roomz.php#comment-120969	February 13, 2007 11:51 PM
20241014210606	https://www.jayisgames.com/review/the-roomz.php	https://jayisgames.com/review/the-roomz.php#comment-262797	April 28, 2008 1:46 PM
20241014210606	https://www.jayisgames.com/review/the-roomz.php	https://jayisgames.com/review/the-roomz.php#comment-262808	April 28, 2008 2:55 PM
20241014210606	https://www.jayisgames.com/review/the-roomz.php	https://jayisgames.com/review/the-roomz.php#comment-264645	May 13, 2008 7:03 PM
20241014210606	https://www.jayisgames.com/review/the-roomz.php	https://jayisgames.com/review/the-roomz.php#comment-265323	May 19, 2008 7:45 AM
20241014210606	https://www.jayisgames.com/review/the-roomz.php	https://jayisgames.com/review/the-roomz.php#comment-265865	May 24, 2008 12:06 PM
20241014210606	https://www.jayisgames.com/review/the-roomz.php	https://jayisgames.com/review/the-roomz.php#comment-266052	May 26, 2008 11:42 AM
20241014210606	https://www.jayisgames.com/review/the-roomz.php	https://jayisgames.com/review/the-roomz.php#comment-266256	May 28, 2008 6:44 AM
20241014210606	https://www.jayisgames.com/review/the-roomz.php	https://jayisgames.com/review/the-roomz.php#comment-266748	May 31, 2008 9:58 AM
20241014210606	https://www.jayisgames.com/review/the-roomz.php	https://jayisgames.com/review/the-roomz.php#comment-267508	June 5, 2008 5:00 AM
20241014210606	https://www.jayisgames.com/review/the-roomz.php	https://jayisgames.com/review/the-roomz.php#comment-273276	July 4, 2008 8:46 PM
20241014210606	https://www.jayisgames.com/review/the-roomz.php	https://jayisgames.com/review/the-roomz.php#comment-276495	July 25, 2008 10:16 AM
20241014210606	https://www.jayisgames.com/review/the-roomz.php	https://jayisgames.com/review/the-roomz.php#comment-277962	August 3, 2008 11:47 PM
20241014210606	https://www.jayisgames.com/review/the-roomz.php	https://jayisgames.com/review/the-roomz.php#comment-284880	September 28, 2008 10:45 AM
20241014210606	https://www.jayisgames.com/review/the-roomz.php	https://jayisgames.com/review/the-roomz.php#comment-345181	November 29, 2009 9:07 PM
20241014210606	https://www.jayisgames.com/review/the-roomz.php	https://jayisgames.com/review/the-roomz.php#comment-357403	March 16, 2010 4:51 PM
20241014210606	https://www.jayisgames.com/review/the-roomz.php	https://jayisgames.com/review/the-roomz.php#comment-380638	October 16, 2010 1:56 PM
20241014210606	https://www.jayisgames.com/review/the-roomz.php	https://jayisgames.com/review/the-roomz.php#comment-380680	October 17, 2010 10:52 AM
20241014210606	https://www.jayisgames.com/review/the-roomz.php	https://jayisgames.com/review/the-roomz.php#comment-380681	October 17, 2010 12:05 PM
20250114135355	https://jayisgames.com/review/the-roomz.php	https://jayisgames.com/review/the-roomz.php#walkthrough	Walkthrough
20250114135355	https://jayisgames.com/review/the-roomz.php	https://jayisgames.com/review/the-roomz.php#comments	Comments (818)
20250114135355	https://jayisgames.com/review/the-roomz.php	http://dreamwardgames.com/theroomz/	
20250114135355	https://jayisgames.com/review/the-roomz.php	http://dreamwardgames.com/theroomz/	The Roomz
20250114135355	https://jayisgames.com/review/the-roomz.php	http://dreamwardgames.com/theroomz/	Play The Roomz
20250114135355	https://jayisgames.com/review/the-roomz.php	https://jayisgames.com/review/the-roomz.php#walkthrough	The Roomz Walkthrough
20250114135355	https://jayisgames.com/review/the-roomz.php	https://jayisgames.com/review/the-roomz.php#walkthrough	Walkthrough Guide
20250114135355	https://jayisgames.com/review/the-roomz.php	http://www.theroomz.yoyo.pl/danger/map.htm/	http://www.theroomz.yoyo.pl/danger/map.htm/
20250114135355	https://jayisgames.com/review/the-roomz.php	https://jayisgames.com/review/the-roomz.php#comment-120824	February 13, 2007 1:20 PM
20250114135355	https://jayisgames.com/review/the-roomz.php	https://jayisgames.com/review/the-roomz.php#comment-120825	February 13, 2007 1:22 PM
20250114135355	https://jayisgames.com/review/the-roomz.php	https://jayisgames.com/review/the-roomz.php#comment-120826	February 13, 2007 1:35 PM
20250114135355	https://jayisgames.com/review/the-roomz.php	https://jayisgames.com/review/the-roomz.php#comment-120828	February 13, 2007 1:44 PM
20250114135355	https://jayisgames.com/review/the-roomz.php	https://jayisgames.com/review/the-roomz.php#comment-120829	February 13, 2007 1:56 PM
20250114135355	https://jayisgames.com/review/the-roomz.php	https://jayisgames.com/review/the-roomz.php#comment-120831	February 13, 2007 2:03 PM
20250114135355	https://jayisgames.com/review/the-roomz.php	https://jayisgames.com/review/the-roomz.php#comment-120832	February 13, 2007 2:09 PM
20250114135355	https://jayisgames.com/review/the-roomz.php	https://jayisgames.com/review/the-roomz.php#comment-120833	February 13, 2007 2:14 PM
20250114135355	https://jayisgames.com/review/the-roomz.php	https://jayisgames.com/review/the-roomz.php#comment-120836	February 13, 2007 2:16 PM
20250114135355	https://jayisgames.com/review/the-roomz.php	https://jayisgames.com/review/the-roomz.php#comment-120837	February 13, 2007 2:25 PM
20250114135355	https://jayisgames.com/review/the-roomz.php	https://jayisgames.com/review/the-roomz.php#comment-120838	February 13, 2007 2:28 PM
20250114135355	https://jayisgames.com/review/the-roomz.php	https://jayisgames.com/review/the-roomz.php#comment-120840	February 13, 2007 2:34 PM
20250114135355	https://jayisgames.com/review/the-roomz.php	https://jayisgames.com/review/the-roomz.php#comment-120842	February 13, 2007 2:36 PM
20250114135355	https://jayisgames.com/review/the-roomz.php	https://jayisgames.com/review/the-roomz.php#comment-120843	February 13, 2007 2:38 PM
20250114135355	https://jayisgames.com/review/the-roomz.php	https://jayisgames.com/review/the-roomz.php#comment-120844	February 13, 2007 2:39 PM
20250114135355	https://jayisgames.com/review/the-roomz.php	https://jayisgames.com/review/the-roomz.php#comment-120845	February 13, 2007 2:43 PM
20250114135355	https://jayisgames.com/review/the-roomz.php	https://jayisgames.com/review/the-roomz.php#comment-120846	February 13, 2007 2:43 PM
20250114135355	https://jayisgames.com/review/the-roomz.php	https://jayisgames.com/review/the-roomz.php#comment-120847	February 13, 2007 2:47 PM
20250114135355	https://jayisgames.com/review/the-roomz.php	https://jayisgames.com/review/the-roomz.php#comment-120850	February 13, 2007 3:09 PM
20250114135355	https://jayisgames.com/review/the-roomz.php	https://jayisgames.com/review/the-roomz.php#comment-120851	February 13, 2007 3:11 PM
20250114135355	https://jayisgames.com/review/the-roomz.php	https://jayisgames.com/review/the-roomz.php#comment-120852	February 13, 2007 3:11 PM
20250114135355	https://jayisgames.com/review/the-roomz.php	https://jayisgames.com/review/the-roomz.php#comment-120853	February 13, 2007 3:21 PM
20250114135355	https://jayisgames.com/review/the-roomz.php	https://jayisgames.com/review/the-roomz.php#comment-120854	February 13, 2007 3:23 PM
20250114135355	https://jayisgames.com/review/the-roomz.php	https://jayisgames.com/review/the-roomz.php#comment-120855	February 13, 2007 3:24 PM
20250114135355	https://jayisgames.com/review/the-roomz.php	https://jayisgames.com/review/the-roomz.php#comment-120857	February 13, 2007 3:30 PM
20250114135355	https://jayisgames.com/review/the-roomz.php	https://jayisgames.com/review/the-roomz.php#comment-120858	February 13, 2007 3:31 PM
20250114135355	https://jayisgames.com/review/the-roomz.php	https://jayisgames.com/review/the-roomz.php#comment-120859	February 13, 2007 3:31 PM
20250114135355	https://jayisgames.com/review/the-roomz.php	https://jayisgames.com/review/the-roomz.php#comment-120860	February 13, 2007 3:33 PM
20250114135355	https://jayisgames.com/review/the-roomz.php	https://jayisgames.com/review/the-roomz.php#comment-120861	February 13, 2007 3:40 PM
20250114135355	https://jayisgames.com/review/the-roomz.php	https://jayisgames.com/review/the-roomz.php#comment-120862	February 13, 2007 3:40 PM
20250114135355	https://jayisgames.com/review/the-roomz.php	https://jayisgames.com/review/the-roomz.php#comment-120864	February 13, 2007 3:45 PM
20250114135355	https://jayisgames.com/review/the-roomz.php	https://jayisgames.com/review/the-roomz.php#comment-120865	February 13, 2007 3:45 PM
20250114135355	https://jayisgames.com/review/the-roomz.php	https://jayisgames.com/review/the-roomz.php#comment-120866	February 13, 2007 3:51 PM
20250114135355	https://jayisgames.com/review/the-roomz.php	https://jayisgames.com/review/the-roomz.php#comment-120867	February 13, 2007 3:52 PM
20250114135355	https://jayisgames.com/review/the-roomz.php	https://jayisgames.com/review/the-roomz.php#comment-120868	February 13, 2007 4:10 PM
20250114135355	https://jayisgames.com/review/the-roomz.php	https://jayisgames.com/review/the-roomz.php#comment-120869	February 13, 2007 4:10 PM
20250114135355	https://jayisgames.com/review/the-roomz.php	https://jayisgames.com/review/the-roomz.php#comment-120870	February 13, 2007 4:11 PM
20250114135355	https://jayisgames.com/review/the-roomz.php	https://jayisgames.com/review/the-roomz.php#comment-120879	February 13, 2007 4:31 PM
20250114135355	https://jayisgames.com/review/the-roomz.php	https://jayisgames.com/review/the-roomz.php#comment-120882	February 13, 2007 4:38 PM
20250114135355	https://jayisgames.com/review/the-roomz.php	https://jayisgames.com/review/the-roomz.php#comment-120883	February 13, 2007 4:43 PM
20250114135355	https://jayisgames.com/review/the-roomz.php	https://jayisgames.com/review/the-roomz.php#comment-120884	February 13, 2007 4:46 PM
20250114135355	https://jayisgames.com/review/the-roomz.php	https://jayisgames.com/review/the-roomz.php#comment-120885	February 13, 2007 4:49 PM
20250114135355	https://jayisgames.com/review/the-roomz.php	https://jayisgames.com/review/the-roomz.php#comment-120886	February 13, 2007 4:50 PM
20250114135355	https://jayisgames.com/review/the-roomz.php	https://jayisgames.com/review/the-roomz.php#comment-120887	February 13, 2007 4:54 PM
20250114135355	https://jayisgames.com/review/the-roomz.php	https://jayisgames.com/review/the-roomz.php#comment-120888	February 13, 2007 4:58 PM
20250114135355	https://jayisgames.com/review/the-roomz.php	https://jayisgames.com/review/the-roomz.php#comment-120889	February 13, 2007 5:07 PM
20250114135355	https://jayisgames.com/review/the-roomz.php	https://jayisgames.com/review/the-roomz.php#comment-120890	February 13, 2007 5:13 PM
20250114135355	https://jayisgames.com/review/the-roomz.php	https://jayisgames.com/review/the-roomz.php#comment-120891	February 13, 2007 5:13 PM
20250114135355	https://jayisgames.com/review/the-roomz.php	https://jayisgames.com/review/the-roomz.php#comment-120893	February 13, 2007 5:21 PM
20250114135355	https://jayisgames.com/review/the-roomz.php	https://jayisgames.com/review/the-roomz.php#comment-120894	February 13, 2007 5:25 PM
20250114135355	https://jayisgames.com/review/the-roomz.php	https://jayisgames.com/review/the-roomz.php#comment-120897	February 13, 2007 5:27 PM
20250114135355	https://jayisgames.com/review/the-roomz.php	https://jayisgames.com/review/the-roomz.php#comment-120899	February 13, 2007 5:31 PM
20250114135355	https://jayisgames.com/review/the-roomz.php	https://jayisgames.com/review/the-roomz.php#comment-120900	February 13, 2007 5:31 PM
20250114135355	https://jayisgames.com/review/the-roomz.php	https://jayisgames.com/review/the-roomz.php#comment-120901	February 13, 2007 5:36 PM
20250114135355	https://jayisgames.com/review/the-roomz.php	https://jayisgames.com/review/the-roomz.php#comment-120902	February 13, 2007 5:40 PM
20250114135355	https://jayisgames.com/review/the-roomz.php	https://jayisgames.com/review/the-roomz.php#comment-120903	February 13, 2007 5:41 PM
20250114135355	https://jayisgames.com/review/the-roomz.php	https://jayisgames.com/review/the-roomz.php#comment-120904	February 13, 2007 5:48 PM
20250114135355	https://jayisgames.com/review/the-roomz.php	https://jayisgames.com/review/the-roomz.php#comment-120906	February 13, 2007 6:00 PM
20250114135355	https://jayisgames.com/review/the-roomz.php	https://jayisgames.com/review/the-roomz.php#comment-120907	February 13, 2007 6:02 PM
20250114135355	https://jayisgames.com/review/the-roomz.php	https://jayisgames.com/review/the-roomz.php#comment-120908	February 13, 2007 6:15 PM
20250114135355	https://jayisgames.com/review/the-roomz.php	https://jayisgames.com/review/the-roomz.php#comment-120909	February 13, 2007 6:23 PM
20250114135355	https://jayisgames.com/review/the-roomz.php	https://jayisgames.com/review/the-roomz.php#comment-120911	February 13, 2007 6:29 PM
20250114135355	https://jayisgames.com/review/the-roomz.php	https://jayisgames.com/review/the-roomz.php#comment-120912	February 13, 2007 6:33 PM
20250114135355	https://jayisgames.com/review/the-roomz.php	https://jayisgames.com/review/the-roomz.php#comment-120913	February 13, 2007 6:36 PM
20250114135355	https://jayisgames.com/review/the-roomz.php	https://jayisgames.com/review/the-roomz.php#comment-120914	February 13, 2007 6:36 PM
20250114135355	https://jayisgames.com/review/the-roomz.php	https://jayisgames.com/review/the-roomz.php#comment-120917	February 13, 2007 6:49 PM
20250114135355	https://jayisgames.com/review/the-roomz.php	https://jayisgames.com/review/the-roomz.php#comment-120918	February 13, 2007 6:57 PM
20250114135355	https://jayisgames.com/review/the-roomz.php	https://jayisgames.com/review/the-roomz.php#comment-120919	February 13, 2007 7:20 PM
20250114135355	https://jayisgames.com/review/the-roomz.php	https://jayisgames.com/review/the-roomz.php#comment-120920	February 13, 2007 7:25 PM
20250114135355	https://jayisgames.com/review/the-roomz.php	https://jayisgames.com/review/the-roomz.php#comment-120921	February 13, 2007 7:32 PM
20250114135355	https://jayisgames.com/review/the-roomz.php	https://jayisgames.com/review/the-roomz.php#comment-120922	February 13, 2007 7:36 PM
20250114135355	https://jayisgames.com/review/the-roomz.php	https://jayisgames.com/review/the-roomz.php#comment-120924	February 13, 2007 7:43 PM
20250114135355	https://jayisgames.com/review/the-roomz.php	https://jayisgames.com/review/the-roomz.php#comment-120926	February 13, 2007 7:51 PM
20250114135355	https://jayisgames.com/review/the-roomz.php	https://jayisgames.com/review/the-roomz.php#comment-120927	February 13, 2007 7:51 PM
20250114135355	https://jayisgames.com/review/the-roomz.php	https://jayisgames.com/review/the-roomz.php#comment-120928	February 13, 2007 8:04 PM
20250114135355	https://jayisgames.com/review/the-roomz.php	https://jayisgames.com/review/the-roomz.php#comment-120929	February 13, 2007 8:06 PM
20250114135355	https://jayisgames.com/review/the-roomz.php	https://jayisgames.com/review/the-roomz.php#comment-120931	February 13, 2007 8:08 PM
20250114135355	https://jayisgames.com/review/the-roomz.php	https://jayisgames.com/review/the-roomz.php#comment-120932	February 13, 2007 8:08 PM
20250114135355	https://jayisgames.com/review/the-roomz.php	https://jayisgames.com/review/the-roomz.php#comment-120934	February 13, 2007 8:10 PM
20250114135355	https://jayisgames.com/review/the-roomz.php	https://jayisgames.com/review/the-roomz.php#comment-120935	February 13, 2007 8:30 PM
20250114135355	https://jayisgames.com/review/the-roomz.php	https://jayisgames.com/review/the-roomz.php#comment-120937	February 13, 2007 9:02 PM
20250114135355	https://jayisgames.com/review/the-roomz.php	https://jayisgames.com/review/the-roomz.php#comment-120940	February 13, 2007 9:33 PM
20250114135355	https://jayisgames.com/review/the-roomz.php	https://jayisgames.com/review/the-roomz.php#comment-120941	February 13, 2007 9:35 PM
20250114135355	https://jayisgames.com/review/the-roomz.php	https://jayisgames.com/review/the-roomz.php#comment-120942	February 13, 2007 9:35 PM
20250114135355	https://jayisgames.com/review/the-roomz.php	https://jayisgames.com/review/the-roomz.php#comment-120945	February 13, 2007 9:57 PM
20250114135355	https://jayisgames.com/review/the-roomz.php	https://jayisgames.com/review/the-roomz.php#comment-120946	February 13, 2007 10:11 PM
20250114135355	https://jayisgames.com/review/the-roomz.php	https://jayisgames.com/review/the-roomz.php#comment-120947	February 13, 2007 10:25 PM
20250114135355	https://jayisgames.com/review/the-roomz.php	https://jayisgames.com/review/the-roomz.php#comment-120948	February 13, 2007 10:26 PM
20250114135355	https://jayisgames.com/review/the-roomz.php	https://jayisgames.com/review/the-roomz.php#comment-120950	February 13, 2007 10:33 PM
20250114135355	https://jayisgames.com/review/the-roomz.php	https://jayisgames.com/review/the-roomz.php#comment-120951	February 13, 2007 10:36 PM
20250114135355	https://jayisgames.com/review/the-roomz.php	https://jayisgames.com/review/the-roomz.php#comment-120952	February 13, 2007 10:38 PM
20250114135355	https://jayisgames.com/review/the-roomz.php	https://jayisgames.com/review/the-roomz.php#comment-120955	February 13, 2007 10:52 PM
20250114135355	https://jayisgames.com/review/the-roomz.php	https://jayisgames.com/review/the-roomz.php#comment-120956	February 13, 2007 11:11 PM
20250114135355	https://jayisgames.com/review/the-roomz.php	https://jayisgames.com/review/the-roomz.php#comment-120959	February 13, 2007 11:15 PM
20250114135355	https://jayisgames.com/review/the-roomz.php	https://jayisgames.com/review/the-roomz.php#comment-120962	February 13, 2007 11:27 PM
20250114135355	https://jayisgames.com/review/the-roomz.php	https://jayisgames.com/review/the-roomz.php#comment-120963	February 13, 2007 11:32 PM
20250114135355	https://jayisgames.com/review/the-roomz.php	https://jayisgames.com/review/the-roomz.php#comment-120964	February 13, 2007 11:35 PM
20250114135355	https://jayisgames.com/review/the-roomz.php	https://jayisgames.com/review/the-roomz.php#comment-120965	February 13, 2007 11:38 PM
20250114135355	https://jayisgames.com/review/the-roomz.php	https://jayisgames.com/review/the-roomz.php#comment-120967	February 13, 2007 11:47 PM
20250114135355	https://jayisgames.com/review/the-roomz.php	https://jayisgames.com/review/the-roomz.php#comment-120969	February 13, 2007 11:51 PM
20250114135355	https://jayisgames.com/review/the-roomz.php	https://jayisgames.com/review/the-roomz.php#comment-262797	April 28, 2008 1:46 PM
20250114135355	https://jayisgames.com/review/the-roomz.php	https://jayisgames.com/review/the-roomz.php#comment-262808	April 28, 2008 2:55 PM
20250114135355	https://jayisgames.com/review/the-roomz.php	https://jayisgames.com/review/the-roomz.php#comment-264645	May 13, 2008 7:03 PM
20250114135355	https://jayisgames.com/review/the-roomz.php	https://jayisgames.com/review/the-roomz.php#comment-265323	May 19, 2008 7:45 AM
20250114135355	https://jayisgames.com/review/the-roomz.php	https://jayisgames.com/review/the-roomz.php#comment-265865	May 24, 2008 12:06 PM
20250114135355	https://jayisgames.com/review/the-roomz.php	https://jayisgames.com/review/the-roomz.php#comment-266052	May 26, 2008 11:42 AM
20250114135355	https://jayisgames.com/review/the-roomz.php	https://jayisgames.com/review/the-roomz.php#comment-266256	May 28, 2008 6:44 AM
20250114135355	https://jayisgames.com/review/the-roomz.php	https://jayisgames.com/review/the-roomz.php#comment-266748	May 31, 2008 9:58 AM
20250114135355	https://jayisgames.com/review/the-roomz.php	https://jayisgames.com/review/the-roomz.php#comment-267508	June 5, 2008 5:00 AM
20250114135355	https://jayisgames.com/review/the-roomz.php	https://jayisgames.com/review/the-roomz.php#comment-273276	July 4, 2008 8:46 PM
20250114135355	https://jayisgames.com/review/the-roomz.php	https://jayisgames.com/review/the-roomz.php#comment-276495	July 25, 2008 10:16 AM
20250114135355	https://jayisgames.com/review/the-roomz.php	https://jayisgames.com/review/the-roomz.php#comment-277962	August 3, 2008 11:47 PM
20250114135355	https://jayisgames.com/review/the-roomz.php	https://jayisgames.com/review/the-roomz.php#comment-284880	September 28, 2008 10:45 AM
20250114135355	https://jayisgames.com/review/the-roomz.php	https://jayisgames.com/review/the-roomz.php#comment-345181	November 29, 2009 9:07 PM
20250114135355	https://jayisgames.com/review/the-roomz.php	https://jayisgames.com/review/the-roomz.php#comment-357403	March 16, 2010 4:51 PM
20250114135355	https://jayisgames.com/review/the-roomz.php	https://jayisgames.com/review/the-roomz.php#comment-380638	October 16, 2010 1:56 PM
20250114135355	https://jayisgames.com/review/the-roomz.php	https://jayisgames.com/review/the-roomz.php#comment-380680	October 17, 2010 10:52 AM
20250114135355	https://jayisgames.com/review/the-roomz.php	https://jayisgames.com/review/the-roomz.php#comment-380681	October 17, 2010 12:05 PM
20250418103246	https://www.jayisgames.com/review/the-roomz.php	https://jayisgames.com/review/the-roomz.php#walkthrough	Walkthrough
20250418103246	https://www.jayisgames.com/review/the-roomz.php	https://jayisgames.com/review/the-roomz.php#comments	Comments (818)
20250418103246	https://www.jayisgames.com/review/the-roomz.php	http://dreamwardgames.com/theroomz/	
20250418103246	https://www.jayisgames.com/review/the-roomz.php	http://dreamwardgames.com/theroomz/	The Roomz
20250418103246	https://www.jayisgames.com/review/the-roomz.php	http://dreamwardgames.com/theroomz/	Play The Roomz
20250418103246	https://www.jayisgames.com/review/the-roomz.php	https://jayisgames.com/review/the-roomz.php#walkthrough	The Roomz Walkthrough
20250418103246	https://www.jayisgames.com/review/the-roomz.php	https://jayisgames.com/review/the-roomz.php#walkthrough	Walkthrough Guide
20250418103246	https://www.jayisgames.com/review/the-roomz.php	http://www.theroomz.yoyo.pl/danger/map.htm/	http://www.theroomz.yoyo.pl/danger/map.htm/
20250418103246	https://www.jayisgames.com/review/the-roomz.php	https://jayisgames.com/review/the-roomz.php#comment-120824	February 13, 2007 1:20 PM
20250418103246	https://www.jayisgames.com/review/the-roomz.php	https://jayisgames.com/review/the-roomz.php#comment-120825	February 13, 2007 1:22 PM
20250418103246	https://www.jayisgames.com/review/the-roomz.php	https://jayisgames.com/review/the-roomz.php#comment-120826	February 13, 2007 1:35 PM
20250418103246	https://www.jayisgames.com/review/the-roomz.php	https://jayisgames.com/review/the-roomz.php#comment-120828	February 13, 2007 1:44 PM
20250418103246	https://www.jayisgames.com/review/the-roomz.php	https://jayisgames.com/review/the-roomz.php#comment-120829	February 13, 2007 1:56 PM
20250418103246	https://www.jayisgames.com/review/the-roomz.php	https://jayisgames.com/review/the-roomz.php#comment-120831	February 13, 2007 2:03 PM
20250418103246	https://www.jayisgames.com/review/the-roomz.php	https://jayisgames.com/review/the-roomz.php#comment-120832	February 13, 2007 2:09 PM
20250418103246	https://www.jayisgames.com/review/the-roomz.php	https://jayisgames.com/review/the-roomz.php#comment-120833	February 13, 2007 2:14 PM
20250418103246	https://www.jayisgames.com/review/the-roomz.php	https://jayisgames.com/review/the-roomz.php#comment-120836	February 13, 2007 2:16 PM
20250418103246	https://www.jayisgames.com/review/the-roomz.php	https://jayisgames.com/review/the-roomz.php#comment-120837	February 13, 2007 2:25 PM
20250418103246	https://www.jayisgames.com/review/the-roomz.php	https://jayisgames.com/review/the-roomz.php#comment-120838	February 13, 2007 2:28 PM
20250418103246	https://www.jayisgames.com/review/the-roomz.php	https://jayisgames.com/review/the-roomz.php#comment-120840	February 13, 2007 2:34 PM
20250418103246	https://www.jayisgames.com/review/the-roomz.php	https://jayisgames.com/review/the-roomz.php#comment-120842	February 13, 2007 2:36 PM
20250418103246	https://www.jayisgames.com/review/the-roomz.php	https://jayisgames.com/review/the-roomz.php#comment-120843	February 13, 2007 2:38 PM
20250418103246	https://www.jayisgames.com/review/the-roomz.php	https://jayisgames.com/review/the-roomz.php#comment-120844	February 13, 2007 2:39 PM
20250418103246	https://www.jayisgames.com/review/the-roomz.php	https://jayisgames.com/review/the-roomz.php#comment-120845	February 13, 2007 2:43 PM
20250418103246	https://www.jayisgames.com/review/the-roomz.php	https://jayisgames.com/review/the-roomz.php#comment-120846	February 13, 2007 2:43 PM
20250418103246	https://www.jayisgames.com/review/the-roomz.php	https://jayisgames.com/review/the-roomz.php#comment-120847	February 13, 2007 2:47 PM
20250418103246	https://www.jayisgames.com/review/the-roomz.php	https://jayisgames.com/review/the-roomz.php#comment-120850	February 13, 2007 3:09 PM
20250418103246	https://www.jayisgames.com/review/the-roomz.php	https://jayisgames.com/review/the-roomz.php#comment-120851	February 13, 2007 3:11 PM
20250418103246	https://www.jayisgames.com/review/the-roomz.php	https://jayisgames.com/review/the-roomz.php#comment-120852	February 13, 2007 3:11 PM
20250418103246	https://www.jayisgames.com/review/the-roomz.php	https://jayisgames.com/review/the-roomz.php#comment-120853	February 13, 2007 3:21 PM
20250418103246	https://www.jayisgames.com/review/the-roomz.php	https://jayisgames.com/review/the-roomz.php#comment-120854	February 13, 2007 3:23 PM
20250418103246	https://www.jayisgames.com/review/the-roomz.php	https://jayisgames.com/review/the-roomz.php#comment-120855	February 13, 2007 3:24 PM
20250418103246	https://www.jayisgames.com/review/the-roomz.php	https://jayisgames.com/review/the-roomz.php#comment-120857	February 13, 2007 3:30 PM
20250418103246	https://www.jayisgames.com/review/the-roomz.php	https://jayisgames.com/review/the-roomz.php#comment-120858	February 13, 2007 3:31 PM
20250418103246	https://www.jayisgames.com/review/the-roomz.php	https://jayisgames.com/review/the-roomz.php#comment-120859	February 13, 2007 3:31 PM
20250418103246	https://www.jayisgames.com/review/the-roomz.php	https://jayisgames.com/review/the-roomz.php#comment-120860	February 13, 2007 3:33 PM
20250418103246	https://www.jayisgames.com/review/the-roomz.php	https://jayisgames.com/review/the-roomz.php#comment-120861	February 13, 2007 3:40 PM
20250418103246	https://www.jayisgames.com/review/the-roomz.php	https://jayisgames.com/review/the-roomz.php#comment-120862	February 13, 2007 3:40 PM
20250418103246	https://www.jayisgames.com/review/the-roomz.php	https://jayisgames.com/review/the-roomz.php#comment-120864	February 13, 2007 3:45 PM
20250418103246	https://www.jayisgames.com/review/the-roomz.php	https://jayisgames.com/review/the-roomz.php#comment-120865	February 13, 2007 3:45 PM
20250418103246	https://www.jayisgames.com/review/the-roomz.php	https://jayisgames.com/review/the-roomz.php#comment-120866	February 13, 2007 3:51 PM
20250418103246	https://www.jayisgames.com/review/the-roomz.php	https://jayisgames.com/review/the-roomz.php#comment-120867	February 13, 2007 3:52 PM
20250418103246	https://www.jayisgames.com/review/the-roomz.php	https://jayisgames.com/review/the-roomz.php#comment-120868	February 13, 2007 4:10 PM
20250418103246	https://www.jayisgames.com/review/the-roomz.php	https://jayisgames.com/review/the-roomz.php#comment-120869	February 13, 2007 4:10 PM
20250418103246	https://www.jayisgames.com/review/the-roomz.php	https://jayisgames.com/review/the-roomz.php#comment-120870	February 13, 2007 4:11 PM
20250418103246	https://www.jayisgames.com/review/the-roomz.php	https://jayisgames.com/review/the-roomz.php#comment-120879	February 13, 2007 4:31 PM
20250418103246	https://www.jayisgames.com/review/the-roomz.php	https://jayisgames.com/review/the-roomz.php#comment-120882	February 13, 2007 4:38 PM
20250418103246	https://www.jayisgames.com/review/the-roomz.php	https://jayisgames.com/review/the-roomz.php#comment-120883	February 13, 2007 4:43 PM
20250418103246	https://www.jayisgames.com/review/the-roomz.php	https://jayisgames.com/review/the-roomz.php#comment-120884	February 13, 2007 4:46 PM
20250418103246	https://www.jayisgames.com/review/the-roomz.php	https://jayisgames.com/review/the-roomz.php#comment-120885	February 13, 2007 4:49 PM
20250418103246	https://www.jayisgames.com/review/the-roomz.php	https://jayisgames.com/review/the-roomz.php#comment-120886	February 13, 2007 4:50 PM
20250418103246	https://www.jayisgames.com/review/the-roomz.php	https://jayisgames.com/review/the-roomz.php#comment-120887	February 13, 2007 4:54 PM
20250418103246	https://www.jayisgames.com/review/the-roomz.php	https://jayisgames.com/review/the-roomz.php#comment-120888	February 13, 2007 4:58 PM
20250418103246	https://www.jayisgames.com/review/the-roomz.php	https://jayisgames.com/review/the-roomz.php#comment-120889	February 13, 2007 5:07 PM
20250418103246	https://www.jayisgames.com/review/the-roomz.php	https://jayisgames.com/review/the-roomz.php#comment-120890	February 13, 2007 5:13 PM
20250418103246	https://www.jayisgames.com/review/the-roomz.php	https://jayisgames.com/review/the-roomz.php#comment-120891	February 13, 2007 5:13 PM
20250418103246	https://www.jayisgames.com/review/the-roomz.php	https://jayisgames.com/review/the-roomz.php#comment-120893	February 13, 2007 5:21 PM
20250418103246	https://www.jayisgames.com/review/the-roomz.php	https://jayisgames.com/review/the-roomz.php#comment-120894	February 13, 2007 5:25 PM
20250418103246	https://www.jayisgames.com/review/the-roomz.php	https://jayisgames.com/review/the-roomz.php#comment-120897	February 13, 2007 5:27 PM
20250418103246	https://www.jayisgames.com/review/the-roomz.php	https://jayisgames.com/review/the-roomz.php#comment-120899	February 13, 2007 5:31 PM
20250418103246	https://www.jayisgames.com/review/the-roomz.php	https://jayisgames.com/review/the-roomz.php#comment-120900	February 13, 2007 5:31 PM
20250418103246	https://www.jayisgames.com/review/the-roomz.php	https://jayisgames.com/review/the-roomz.php#comment-120901	February 13, 2007 5:36 PM
20250418103246	https://www.jayisgames.com/review/the-roomz.php	https://jayisgames.com/review/the-roomz.php#comment-120902	February 13, 2007 5:40 PM
20250418103246	https://www.jayisgames.com/review/the-roomz.php	https://jayisgames.com/review/the-roomz.php#comment-120903	February 13, 2007 5:41 PM
20250418103246	https://www.jayisgames.com/review/the-roomz.php	https://jayisgames.com/review/the-roomz.php#comment-120904	February 13, 2007 5:48 PM
20250418103246	https://www.jayisgames.com/review/the-roomz.php	https://jayisgames.com/review/the-roomz.php#comment-120906	February 13, 2007 6:00 PM
20250418103246	https://www.jayisgames.com/review/the-roomz.php	https://jayisgames.com/review/the-roomz.php#comment-120907	February 13, 2007 6:02 PM
20250418103246	https://www.jayisgames.com/review/the-roomz.php	https://jayisgames.com/review/the-roomz.php#comment-120908	February 13, 2007 6:15 PM
20250418103246	https://www.jayisgames.com/review/the-roomz.php	https://jayisgames.com/review/the-roomz.php#comment-120909	February 13, 2007 6:23 PM
20250418103246	https://www.jayisgames.com/review/the-roomz.php	https://jayisgames.com/review/the-roomz.php#comment-120911	February 13, 2007 6:29 PM
20250418103246	https://www.jayisgames.com/review/the-roomz.php	https://jayisgames.com/review/the-roomz.php#comment-120912	February 13, 2007 6:33 PM
20250418103246	https://www.jayisgames.com/review/the-roomz.php	https://jayisgames.com/review/the-roomz.php#comment-120913	February 13, 2007 6:36 PM
20250418103246	https://www.jayisgames.com/review/the-roomz.php	https://jayisgames.com/review/the-roomz.php#comment-120914	February 13, 2007 6:36 PM
20250418103246	https://www.jayisgames.com/review/the-roomz.php	https://jayisgames.com/review/the-roomz.php#comment-120917	February 13, 2007 6:49 PM
20250418103246	https://www.jayisgames.com/review/the-roomz.php	https://jayisgames.com/review/the-roomz.php#comment-120918	February 13, 2007 6:57 PM
20250418103246	https://www.jayisgames.com/review/the-roomz.php	https://jayisgames.com/review/the-roomz.php#comment-120919	February 13, 2007 7:20 PM
20250418103246	https://www.jayisgames.com/review/the-roomz.php	https://jayisgames.com/review/the-roomz.php#comment-120920	February 13, 2007 7:25 PM
20250418103246	https://www.jayisgames.com/review/the-roomz.php	https://jayisgames.com/review/the-roomz.php#comment-120921	February 13, 2007 7:32 PM
20250418103246	https://www.jayisgames.com/review/the-roomz.php	https://jayisgames.com/review/the-roomz.php#comment-120922	February 13, 2007 7:36 PM
20250418103246	https://www.jayisgames.com/review/the-roomz.php	https://jayisgames.com/review/the-roomz.php#comment-120924	February 13, 2007 7:43 PM
20250418103246	https://www.jayisgames.com/review/the-roomz.php	https://jayisgames.com/review/the-roomz.php#comment-120926	February 13, 2007 7:51 PM
20250418103246	https://www.jayisgames.com/review/the-roomz.php	https://jayisgames.com/review/the-roomz.php#comment-120927	February 13, 2007 7:51 PM
20250418103246	https://www.jayisgames.com/review/the-roomz.php	https://jayisgames.com/review/the-roomz.php#comment-120928	February 13, 2007 8:04 PM
20250418103246	https://www.jayisgames.com/review/the-roomz.php	https://jayisgames.com/review/the-roomz.php#comment-120929	February 13, 2007 8:06 PM
20250418103246	https://www.jayisgames.com/review/the-roomz.php	https://jayisgames.com/review/the-roomz.php#comment-120931	February 13, 2007 8:08 PM
20250418103246	https://www.jayisgames.com/review/the-roomz.php	https://jayisgames.com/review/the-roomz.php#comment-120932	February 13, 2007 8:08 PM
20250418103246	https://www.jayisgames.com/review/the-roomz.php	https://jayisgames.com/review/the-roomz.php#comment-120934	February 13, 2007 8:10 PM
20250418103246	https://www.jayisgames.com/review/the-roomz.php	https://jayisgames.com/review/the-roomz.php#comment-120935	February 13, 2007 8:30 PM
20250418103246	https://www.jayisgames.com/review/the-roomz.php	https://jayisgames.com/review/the-roomz.php#comment-120937	February 13, 2007 9:02 PM
20250418103246	https://www.jayisgames.com/review/the-roomz.php	https://jayisgames.com/review/the-roomz.php#comment-120940	February 13, 2007 9:33 PM
20250418103246	https://www.jayisgames.com/review/the-roomz.php	https://jayisgames.com/review/the-roomz.php#comment-120941	February 13, 2007 9:35 PM
20250418103246	https://www.jayisgames.com/review/the-roomz.php	https://jayisgames.com/review/the-roomz.php#comment-120942	February 13, 2007 9:35 PM
20250418103246	https://www.jayisgames.com/review/the-roomz.php	https://jayisgames.com/review/the-roomz.php#comment-120945	February 13, 2007 9:57 PM
20250418103246	https://www.jayisgames.com/review/the-roomz.php	https://jayisgames.com/review/the-roomz.php#comment-120946	February 13, 2007 10:11 PM
20250418103246	https://www.jayisgames.com/review/the-roomz.php	https://jayisgames.com/review/the-roomz.php#comment-120947	February 13, 2007 10:25 PM
20250418103246	https://www.jayisgames.com/review/the-roomz.php	https://jayisgames.com/review/the-roomz.php#comment-120948	February 13, 2007 10:26 PM
20250418103246	https://www.jayisgames.com/review/the-roomz.php	https://jayisgames.com/review/the-roomz.php#comment-120950	February 13, 2007 10:33 PM
20250418103246	https://www.jayisgames.com/review/the-roomz.php	https://jayisgames.com/review/the-roomz.php#comment-120951	February 13, 2007 10:36 PM
20250418103246	https://www.jayisgames.com/review/the-roomz.php	https://jayisgames.com/review/the-roomz.php#comment-120952	February 13, 2007 10:38 PM
20250418103246	https://www.jayisgames.com/review/the-roomz.php	https://jayisgames.com/review/the-roomz.php#comment-120955	February 13, 2007 10:52 PM
20250418103246	https://www.jayisgames.com/review/the-roomz.php	https://jayisgames.com/review/the-roomz.php#comment-120956	February 13, 2007 11:11 PM
20250418103246	https://www.jayisgames.com/review/the-roomz.php	https://jayisgames.com/review/the-roomz.php#comment-120959	February 13, 2007 11:15 PM
20250418103246	https://www.jayisgames.com/review/the-roomz.php	https://jayisgames.com/review/the-roomz.php#comment-120962	February 13, 2007 11:27 PM
20250418103246	https://www.jayisgames.com/review/the-roomz.php	https://jayisgames.com/review/the-roomz.php#comment-120963	February 13, 2007 11:32 PM
20250418103246	https://www.jayisgames.com/review/the-roomz.php	https://jayisgames.com/review/the-roomz.php#comment-120964	February 13, 2007 11:35 PM
20250418103246	https://www.jayisgames.com/review/the-roomz.php	https://jayisgames.com/review/the-roomz.php#comment-120965	February 13, 2007 11:38 PM
20250418103246	https://www.jayisgames.com/review/the-roomz.php	https://jayisgames.com/review/the-roomz.php#comment-120967	February 13, 2007 11:47 PM
20250418103246	https://www.jayisgames.com/review/the-roomz.php	https://jayisgames.com/review/the-roomz.php#comment-120969	February 13, 2007 11:51 PM
20250418103246	https://www.jayisgames.com/review/the-roomz.php	https://jayisgames.com/review/the-roomz.php#comment-262797	April 28, 2008 1:46 PM
20250418103246	https://www.jayisgames.com/review/the-roomz.php	https://jayisgames.com/review/the-roomz.php#comment-262808	April 28, 2008 2:55 PM
20250418103246	https://www.jayisgames.com/review/the-roomz.php	https://jayisgames.com/review/the-roomz.php#comment-264645	May 13, 2008 7:03 PM
20250418103246	https://www.jayisgames.com/review/the-roomz.php	https://jayisgames.com/review/the-roomz.php#comment-265323	May 19, 2008 7:45 AM
20250418103246	https://www.jayisgames.com/review/the-roomz.php	https://jayisgames.com/review/the-roomz.php#comment-265865	May 24, 2008 12:06 PM
20250418103246	https://www.jayisgames.com/review/the-roomz.php	https://jayisgames.com/review/the-roomz.php#comment-266052	May 26, 2008 11:42 AM
20250418103246	https://www.jayisgames.com/review/the-roomz.php	https://jayisgames.com/review/the-roomz.php#comment-266256	May 28, 2008 6:44 AM
20250418103246	https://www.jayisgames.com/review/the-roomz.php	https://jayisgames.com/review/the-roomz.php#comment-266748	May 31, 2008 9:58 AM
20250418103246	https://www.jayisgames.com/review/the-roomz.php	https://jayisgames.com/review/the-roomz.php#comment-267508	June 5, 2008 5:00 AM
20250418103246	https://www.jayisgames.com/review/the-roomz.php	https://jayisgames.com/review/the-roomz.php#comment-273276	July 4, 2008 8:46 PM
20250418103246	https://www.jayisgames.com/review/the-roomz.php	https://jayisgames.com/review/the-roomz.php#comment-276495	July 25, 2008 10:16 AM
20250418103246	https://www.jayisgames.com/review/the-roomz.php	https://jayisgames.com/review/the-roomz.php#comment-277962	August 3, 2008 11:47 PM
20250418103246	https://www.jayisgames.com/review/the-roomz.php	https://jayisgames.com/review/the-roomz.php#comment-284880	September 28, 2008 10:45 AM
20250418103246	https://www.jayisgames.com/review/the-roomz.php	https://jayisgames.com/review/the-roomz.php#comment-345181	November 29, 2009 9:07 PM
20250418103246	https://www.jayisgames.com/review/the-roomz.php	https://jayisgames.com/review/the-roomz.php#comment-357403	March 16, 2010 4:51 PM
20250418103246	https://www.jayisgames.com/review/the-roomz.php	https://jayisgames.com/review/the-roomz.php#comment-380638	October 16, 2010 1:56 PM
20250418103246	https://www.jayisgames.com/review/the-roomz.php	https://jayisgames.com/review/the-roomz.php#comment-380680	October 17, 2010 10:52 AM
20250418103246	https://www.jayisgames.com/review/the-roomz.php	https://jayisgames.com/review/the-roomz.php#comment-380681	October 17, 2010 12:05 PM
20260308202759	https://jayisgames.com/review/the-roomz.php	https://jayisgames.com/review/the-roomz.php#walkthrough	Walkthrough
20260308202759	https://jayisgames.com/review/the-roomz.php	https://jayisgames.com/review/the-roomz.php#comments	Comments (818)
20260308202759	https://jayisgames.com/review/the-roomz.php	http://dreamwardgames.com/theroomz/	
20260308202759	https://jayisgames.com/review/the-roomz.php	http://dreamwardgames.com/theroomz/	The Roomz
20260308202759	https://jayisgames.com/review/the-roomz.php	http://dreamwardgames.com/theroomz/	Play The Roomz
20260308202759	https://jayisgames.com/review/the-roomz.php	https://jayisgames.com/review/the-roomz.php#walkthrough	The Roomz Walkthrough
20260308202759	https://jayisgames.com/review/the-roomz.php	https://jayisgames.com/review/the-roomz.php#walkthrough	Walkthrough Guide
20260308202759	https://jayisgames.com/review/the-roomz.php	http://www.theroomz.yoyo.pl/danger/map.htm/	http://www.theroomz.yoyo.pl/danger/map.htm/
20260308202759	https://jayisgames.com/review/the-roomz.php	https://jayisgames.com/review/the-roomz.php#comment-120824	February 13, 2007 1:20 PM
20260308202759	https://jayisgames.com/review/the-roomz.php	https://jayisgames.com/review/the-roomz.php#comment-120825	February 13, 2007 1:22 PM
20260308202759	https://jayisgames.com/review/the-roomz.php	https://jayisgames.com/review/the-roomz.php#comment-120826	February 13, 2007 1:35 PM
20260308202759	https://jayisgames.com/review/the-roomz.php	https://jayisgames.com/review/the-roomz.php#comment-120828	February 13, 2007 1:44 PM
20260308202759	https://jayisgames.com/review/the-roomz.php	https://jayisgames.com/review/the-roomz.php#comment-120829	February 13, 2007 1:56 PM
20260308202759	https://jayisgames.com/review/the-roomz.php	https://jayisgames.com/review/the-roomz.php#comment-120831	February 13, 2007 2:03 PM
20260308202759	https://jayisgames.com/review/the-roomz.php	https://jayisgames.com/review/the-roomz.php#comment-120832	February 13, 2007 2:09 PM
20260308202759	https://jayisgames.com/review/the-roomz.php	https://jayisgames.com/review/the-roomz.php#comment-120833	February 13, 2007 2:14 PM
20260308202759	https://jayisgames.com/review/the-roomz.php	https://jayisgames.com/review/the-roomz.php#comment-120836	February 13, 2007 2:16 PM
20260308202759	https://jayisgames.com/review/the-roomz.php	https://jayisgames.com/review/the-roomz.php#comment-120837	February 13, 2007 2:25 PM
20260308202759	https://jayisgames.com/review/the-roomz.php	https://jayisgames.com/review/the-roomz.php#comment-120838	February 13, 2007 2:28 PM
20260308202759	https://jayisgames.com/review/the-roomz.php	https://jayisgames.com/review/the-roomz.php#comment-120840	February 13, 2007 2:34 PM
20260308202759	https://jayisgames.com/review/the-roomz.php	https://jayisgames.com/review/the-roomz.php#comment-120842	February 13, 2007 2:36 PM
20260308202759	https://jayisgames.com/review/the-roomz.php	https://jayisgames.com/review/the-roomz.php#comment-120843	February 13, 2007 2:38 PM
20260308202759	https://jayisgames.com/review/the-roomz.php	https://jayisgames.com/review/the-roomz.php#comment-120844	February 13, 2007 2:39 PM
20260308202759	https://jayisgames.com/review/the-roomz.php	https://jayisgames.com/review/the-roomz.php#comment-120845	February 13, 2007 2:43 PM
20260308202759	https://jayisgames.com/review/the-roomz.php	https://jayisgames.com/review/the-roomz.php#comment-120846	February 13, 2007 2:43 PM
20260308202759	https://jayisgames.com/review/the-roomz.php	https://jayisgames.com/review/the-roomz.php#comment-120847	February 13, 2007 2:47 PM
20260308202759	https://jayisgames.com/review/the-roomz.php	https://jayisgames.com/review/the-roomz.php#comment-120850	February 13, 2007 3:09 PM
20260308202759	https://jayisgames.com/review/the-roomz.php	https://jayisgames.com/review/the-roomz.php#comment-120851	February 13, 2007 3:11 PM
20260308202759	https://jayisgames.com/review/the-roomz.php	https://jayisgames.com/review/the-roomz.php#comment-120852	February 13, 2007 3:11 PM
20260308202759	https://jayisgames.com/review/the-roomz.php	https://jayisgames.com/review/the-roomz.php#comment-120853	February 13, 2007 3:21 PM
20260308202759	https://jayisgames.com/review/the-roomz.php	https://jayisgames.com/review/the-roomz.php#comment-120854	February 13, 2007 3:23 PM
20260308202759	https://jayisgames.com/review/the-roomz.php	https://jayisgames.com/review/the-roomz.php#comment-120855	February 13, 2007 3:24 PM
20260308202759	https://jayisgames.com/review/the-roomz.php	https://jayisgames.com/review/the-roomz.php#comment-120857	February 13, 2007 3:30 PM
20260308202759	https://jayisgames.com/review/the-roomz.php	https://jayisgames.com/review/the-roomz.php#comment-120858	February 13, 2007 3:31 PM
20260308202759	https://jayisgames.com/review/the-roomz.php	https://jayisgames.com/review/the-roomz.php#comment-120859	February 13, 2007 3:31 PM
20260308202759	https://jayisgames.com/review/the-roomz.php	https://jayisgames.com/review/the-roomz.php#comment-120860	February 13, 2007 3:33 PM
20260308202759	https://jayisgames.com/review/the-roomz.php	https://jayisgames.com/review/the-roomz.php#comment-120861	February 13, 2007 3:40 PM
20260308202759	https://jayisgames.com/review/the-roomz.php	https://jayisgames.com/review/the-roomz.php#comment-120862	February 13, 2007 3:40 PM
20260308202759	https://jayisgames.com/review/the-roomz.php	https://jayisgames.com/review/the-roomz.php#comment-120864	February 13, 2007 3:45 PM
20260308202759	https://jayisgames.com/review/the-roomz.php	https://jayisgames.com/review/the-roomz.php#comment-120865	February 13, 2007 3:45 PM
20260308202759	https://jayisgames.com/review/the-roomz.php	https://jayisgames.com/review/the-roomz.php#comment-120866	February 13, 2007 3:51 PM
20260308202759	https://jayisgames.com/review/the-roomz.php	https://jayisgames.com/review/the-roomz.php#comment-120867	February 13, 2007 3:52 PM
20260308202759	https://jayisgames.com/review/the-roomz.php	https://jayisgames.com/review/the-roomz.php#comment-120868	February 13, 2007 4:10 PM
20260308202759	https://jayisgames.com/review/the-roomz.php	https://jayisgames.com/review/the-roomz.php#comment-120869	February 13, 2007 4:10 PM
20260308202759	https://jayisgames.com/review/the-roomz.php	https://jayisgames.com/review/the-roomz.php#comment-120870	February 13, 2007 4:11 PM
20260308202759	https://jayisgames.com/review/the-roomz.php	https://jayisgames.com/review/the-roomz.php#comment-120879	February 13, 2007 4:31 PM
20260308202759	https://jayisgames.com/review/the-roomz.php	https://jayisgames.com/review/the-roomz.php#comment-120882	February 13, 2007 4:38 PM
20260308202759	https://jayisgames.com/review/the-roomz.php	https://jayisgames.com/review/the-roomz.php#comment-120883	February 13, 2007 4:43 PM
20260308202759	https://jayisgames.com/review/the-roomz.php	https://jayisgames.com/review/the-roomz.php#comment-120884	February 13, 2007 4:46 PM
20260308202759	https://jayisgames.com/review/the-roomz.php	https://jayisgames.com/review/the-roomz.php#comment-120885	February 13, 2007 4:49 PM
20260308202759	https://jayisgames.com/review/the-roomz.php	https://jayisgames.com/review/the-roomz.php#comment-120886	February 13, 2007 4:50 PM
20260308202759	https://jayisgames.com/review/the-roomz.php	https://jayisgames.com/review/the-roomz.php#comment-120887	February 13, 2007 4:54 PM
20260308202759	https://jayisgames.com/review/the-roomz.php	https://jayisgames.com/review/the-roomz.php#comment-120888	February 13, 2007 4:58 PM
20260308202759	https://jayisgames.com/review/the-roomz.php	https://jayisgames.com/review/the-roomz.php#comment-120889	February 13, 2007 5:07 PM
20260308202759	https://jayisgames.com/review/the-roomz.php	https://jayisgames.com/review/the-roomz.php#comment-120890	February 13, 2007 5:13 PM
20260308202759	https://jayisgames.com/review/the-roomz.php	https://jayisgames.com/review/the-roomz.php#comment-120891	February 13, 2007 5:13 PM
20260308202759	https://jayisgames.com/review/the-roomz.php	https://jayisgames.com/review/the-roomz.php#comment-120893	February 13, 2007 5:21 PM
20260308202759	https://jayisgames.com/review/the-roomz.php	https://jayisgames.com/review/the-roomz.php#comment-120894	February 13, 2007 5:25 PM
20260308202759	https://jayisgames.com/review/the-roomz.php	https://jayisgames.com/review/the-roomz.php#comment-120897	February 13, 2007 5:27 PM
20260308202759	https://jayisgames.com/review/the-roomz.php	https://jayisgames.com/review/the-roomz.php#comment-120899	February 13, 2007 5:31 PM
20260308202759	https://jayisgames.com/review/the-roomz.php	https://jayisgames.com/review/the-roomz.php#comment-120900	February 13, 2007 5:31 PM
20260308202759	https://jayisgames.com/review/the-roomz.php	https://jayisgames.com/review/the-roomz.php#comment-120901	February 13, 2007 5:36 PM
20260308202759	https://jayisgames.com/review/the-roomz.php	https://jayisgames.com/review/the-roomz.php#comment-120902	February 13, 2007 5:40 PM
20260308202759	https://jayisgames.com/review/the-roomz.php	https://jayisgames.com/review/the-roomz.php#comment-120903	February 13, 2007 5:41 PM
20260308202759	https://jayisgames.com/review/the-roomz.php	https://jayisgames.com/review/the-roomz.php#comment-120904	February 13, 2007 5:48 PM
20260308202759	https://jayisgames.com/review/the-roomz.php	https://jayisgames.com/review/the-roomz.php#comment-120906	February 13, 2007 6:00 PM
20260308202759	https://jayisgames.com/review/the-roomz.php	https://jayisgames.com/review/the-roomz.php#comment-120907	February 13, 2007 6:02 PM
20260308202759	https://jayisgames.com/review/the-roomz.php	https://jayisgames.com/review/the-roomz.php#comment-120908	February 13, 2007 6:15 PM
20260308202759	https://jayisgames.com/review/the-roomz.php	https://jayisgames.com/review/the-roomz.php#comment-120909	February 13, 2007 6:23 PM
20260308202759	https://jayisgames.com/review/the-roomz.php	https://jayisgames.com/review/the-roomz.php#comment-120911	February 13, 2007 6:29 PM
20260308202759	https://jayisgames.com/review/the-roomz.php	https://jayisgames.com/review/the-roomz.php#comment-120912	February 13, 2007 6:33 PM
20260308202759	https://jayisgames.com/review/the-roomz.php	https://jayisgames.com/review/the-roomz.php#comment-120913	February 13, 2007 6:36 PM
20260308202759	https://jayisgames.com/review/the-roomz.php	https://jayisgames.com/review/the-roomz.php#comment-120914	February 13, 2007 6:36 PM
20260308202759	https://jayisgames.com/review/the-roomz.php	https://jayisgames.com/review/the-roomz.php#comment-120917	February 13, 2007 6:49 PM
20260308202759	https://jayisgames.com/review/the-roomz.php	https://jayisgames.com/review/the-roomz.php#comment-120918	February 13, 2007 6:57 PM
20260308202759	https://jayisgames.com/review/the-roomz.php	https://jayisgames.com/review/the-roomz.php#comment-120919	February 13, 2007 7:20 PM
20260308202759	https://jayisgames.com/review/the-roomz.php	https://jayisgames.com/review/the-roomz.php#comment-120920	February 13, 2007 7:25 PM
20260308202759	https://jayisgames.com/review/the-roomz.php	https://jayisgames.com/review/the-roomz.php#comment-120921	February 13, 2007 7:32 PM
20260308202759	https://jayisgames.com/review/the-roomz.php	https://jayisgames.com/review/the-roomz.php#comment-120922	February 13, 2007 7:36 PM
20260308202759	https://jayisgames.com/review/the-roomz.php	https://jayisgames.com/review/the-roomz.php#comment-120924	February 13, 2007 7:43 PM
20260308202759	https://jayisgames.com/review/the-roomz.php	https://jayisgames.com/review/the-roomz.php#comment-120926	February 13, 2007 7:51 PM
20260308202759	https://jayisgames.com/review/the-roomz.php	https://jayisgames.com/review/the-roomz.php#comment-120927	February 13, 2007 7:51 PM
20260308202759	https://jayisgames.com/review/the-roomz.php	https://jayisgames.com/review/the-roomz.php#comment-120928	February 13, 2007 8:04 PM
20260308202759	https://jayisgames.com/review/the-roomz.php	https://jayisgames.com/review/the-roomz.php#comment-120929	February 13, 2007 8:06 PM
20260308202759	https://jayisgames.com/review/the-roomz.php	https://jayisgames.com/review/the-roomz.php#comment-120931	February 13, 2007 8:08 PM
20260308202759	https://jayisgames.com/review/the-roomz.php	https://jayisgames.com/review/the-roomz.php#comment-120932	February 13, 2007 8:08 PM
20260308202759	https://jayisgames.com/review/the-roomz.php	https://jayisgames.com/review/the-roomz.php#comment-120934	February 13, 2007 8:10 PM
20260308202759	https://jayisgames.com/review/the-roomz.php	https://jayisgames.com/review/the-roomz.php#comment-120935	February 13, 2007 8:30 PM
20260308202759	https://jayisgames.com/review/the-roomz.php	https://jayisgames.com/review/the-roomz.php#comment-120937	February 13, 2007 9:02 PM
20260308202759	https://jayisgames.com/review/the-roomz.php	https://jayisgames.com/review/the-roomz.php#comment-120940	February 13, 2007 9:33 PM
20260308202759	https://jayisgames.com/review/the-roomz.php	https://jayisgames.com/review/the-roomz.php#comment-120941	February 13, 2007 9:35 PM
20260308202759	https://jayisgames.com/review/the-roomz.php	https://jayisgames.com/review/the-roomz.php#comment-120942	February 13, 2007 9:35 PM
20260308202759	https://jayisgames.com/review/the-roomz.php	https://jayisgames.com/review/the-roomz.php#comment-120945	February 13, 2007 9:57 PM
20260308202759	https://jayisgames.com/review/the-roomz.php	https://jayisgames.com/review/the-roomz.php#comment-120946	February 13, 2007 10:11 PM
20260308202759	https://jayisgames.com/review/the-roomz.php	https://jayisgames.com/review/the-roomz.php#comment-120947	February 13, 2007 10:25 PM
20260308202759	https://jayisgames.com/review/the-roomz.php	https://jayisgames.com/review/the-roomz.php#comment-120948	February 13, 2007 10:26 PM
20260308202759	https://jayisgames.com/review/the-roomz.php	https://jayisgames.com/review/the-roomz.php#comment-120950	February 13, 2007 10:33 PM
20260308202759	https://jayisgames.com/review/the-roomz.php	https://jayisgames.com/review/the-roomz.php#comment-120951	February 13, 2007 10:36 PM
20260308202759	https://jayisgames.com/review/the-roomz.php	https://jayisgames.com/review/the-roomz.php#comment-120952	February 13, 2007 10:38 PM
20260308202759	https://jayisgames.com/review/the-roomz.php	https://jayisgames.com/review/the-roomz.php#comment-120955	February 13, 2007 10:52 PM
20260308202759	https://jayisgames.com/review/the-roomz.php	https://jayisgames.com/review/the-roomz.php#comment-120956	February 13, 2007 11:11 PM
20260308202759	https://jayisgames.com/review/the-roomz.php	https://jayisgames.com/review/the-roomz.php#comment-120959	February 13, 2007 11:15 PM
20260308202759	https://jayisgames.com/review/the-roomz.php	https://jayisgames.com/review/the-roomz.php#comment-120962	February 13, 2007 11:27 PM
20260308202759	https://jayisgames.com/review/the-roomz.php	https://jayisgames.com/review/the-roomz.php#comment-120963	February 13, 2007 11:32 PM
20260308202759	https://jayisgames.com/review/the-roomz.php	https://jayisgames.com/review/the-roomz.php#comment-120964	February 13, 2007 11:35 PM
20260308202759	https://jayisgames.com/review/the-roomz.php	https://jayisgames.com/review/the-roomz.php#comment-120965	February 13, 2007 11:38 PM
20260308202759	https://jayisgames.com/review/the-roomz.php	https://jayisgames.com/review/the-roomz.php#comment-120967	February 13, 2007 11:47 PM
20260308202759	https://jayisgames.com/review/the-roomz.php	https://jayisgames.com/review/the-roomz.php#comment-120969	February 13, 2007 11:51 PM
20260308202759	https://jayisgames.com/review/the-roomz.php	https://jayisgames.com/review/the-roomz.php#comment-262797	April 28, 2008 1:46 PM
20260308202759	https://jayisgames.com/review/the-roomz.php	https://jayisgames.com/review/the-roomz.php#comment-262808	April 28, 2008 2:55 PM
20260308202759	https://jayisgames.com/review/the-roomz.php	https://jayisgames.com/review/the-roomz.php#comment-264645	May 13, 2008 7:03 PM
20260308202759	https://jayisgames.com/review/the-roomz.php	https://jayisgames.com/review/the-roomz.php#comment-265323	May 19, 2008 7:45 AM
20260308202759	https://jayisgames.com/review/the-roomz.php	https://jayisgames.com/review/the-roomz.php#comment-265865	May 24, 2008 12:06 PM
20260308202759	https://jayisgames.com/review/the-roomz.php	https://jayisgames.com/review/the-roomz.php#comment-266052	May 26, 2008 11:42 AM
20260308202759	https://jayisgames.com/review/the-roomz.php	https://jayisgames.com/review/the-roomz.php#comment-266256	May 28, 2008 6:44 AM
20260308202759	https://jayisgames.com/review/the-roomz.php	https://jayisgames.com/review/the-roomz.php#comment-266748	May 31, 2008 9:58 AM
20260308202759	https://jayisgames.com/review/the-roomz.php	https://jayisgames.com/review/the-roomz.php#comment-267508	June 5, 2008 5:00 AM
20260308202759	https://jayisgames.com/review/the-roomz.php	https://jayisgames.com/review/the-roomz.php#comment-273276	July 4, 2008 8:46 PM
20260308202759	https://jayisgames.com/review/the-roomz.php	https://jayisgames.com/review/the-roomz.php#comment-276495	July 25, 2008 10:16 AM
20260308202759	https://jayisgames.com/review/the-roomz.php	https://jayisgames.com/review/the-roomz.php#comment-277962	August 3, 2008 11:47 PM
20260308202759	https://jayisgames.com/review/the-roomz.php	https://jayisgames.com/review/the-roomz.php#comment-284880	September 28, 2008 10:45 AM
20260308202759	https://jayisgames.com/review/the-roomz.php	https://jayisgames.com/review/the-roomz.php#comment-345181	November 29, 2009 9:07 PM
20260308202759	https://jayisgames.com/review/the-roomz.php	https://jayisgames.com/review/the-roomz.php#comment-357403	March 16, 2010 4:51 PM
20260308202759	https://jayisgames.com/review/the-roomz.php	https://jayisgames.com/review/the-roomz.php#comment-380638	October 16, 2010 1:56 PM
20260308202759	https://jayisgames.com/review/the-roomz.php	https://jayisgames.com/review/the-roomz.php#comment-380680	October 17, 2010 10:52 AM
20260308202759	https://jayisgames.com/review/the-roomz.php	https://jayisgames.com/review/the-roomz.php#comment-380681	October 17, 2010 12:05 PM
20260421231412	https://www.jayisgames.com/review/the-roomz.php	https://jayisgames.com/review/the-roomz.php#walkthrough	Walkthrough
20260421231412	https://www.jayisgames.com/review/the-roomz.php	https://jayisgames.com/review/the-roomz.php#comments	Comments (818)
20260421231412	https://www.jayisgames.com/review/the-roomz.php	http://dreamwardgames.com/theroomz/	
20260421231412	https://www.jayisgames.com/review/the-roomz.php	http://dreamwardgames.com/theroomz/	The Roomz
20260421231412	https://www.jayisgames.com/review/the-roomz.php	http://dreamwardgames.com/theroomz/	Play The Roomz
20260421231412	https://www.jayisgames.com/review/the-roomz.php	https://jayisgames.com/review/the-roomz.php#walkthrough	The Roomz Walkthrough
20260421231412	https://www.jayisgames.com/review/the-roomz.php	https://jayisgames.com/review/the-roomz.php#walkthrough	Walkthrough Guide
20260421231412	https://www.jayisgames.com/review/the-roomz.php	http://www.theroomz.yoyo.pl/danger/map.htm/	http://www.theroomz.yoyo.pl/danger/map.htm/
20260421231412	https://www.jayisgames.com/review/the-roomz.php	https://jayisgames.com/review/the-roomz.php#comment-120824	February 13, 2007 1:20 PM
20260421231412	https://www.jayisgames.com/review/the-roomz.php	https://jayisgames.com/review/the-roomz.php#comment-120825	February 13, 2007 1:22 PM
20260421231412	https://www.jayisgames.com/review/the-roomz.php	https://jayisgames.com/review/the-roomz.php#comment-120826	February 13, 2007 1:35 PM
20260421231412	https://www.jayisgames.com/review/the-roomz.php	https://jayisgames.com/review/the-roomz.php#comment-120828	February 13, 2007 1:44 PM
20260421231412	https://www.jayisgames.com/review/the-roomz.php	https://jayisgames.com/review/the-roomz.php#comment-120829	February 13, 2007 1:56 PM
20260421231412	https://www.jayisgames.com/review/the-roomz.php	https://jayisgames.com/review/the-roomz.php#comment-120831	February 13, 2007 2:03 PM
20260421231412	https://www.jayisgames.com/review/the-roomz.php	https://jayisgames.com/review/the-roomz.php#comment-120832	February 13, 2007 2:09 PM
20260421231412	https://www.jayisgames.com/review/the-roomz.php	https://jayisgames.com/review/the-roomz.php#comment-120833	February 13, 2007 2:14 PM
20260421231412	https://www.jayisgames.com/review/the-roomz.php	https://jayisgames.com/review/the-roomz.php#comment-120836	February 13, 2007 2:16 PM
20260421231412	https://www.jayisgames.com/review/the-roomz.php	https://jayisgames.com/review/the-roomz.php#comment-120837	February 13, 2007 2:25 PM
20260421231412	https://www.jayisgames.com/review/the-roomz.php	https://jayisgames.com/review/the-roomz.php#comment-120838	February 13, 2007 2:28 PM
20260421231412	https://www.jayisgames.com/review/the-roomz.php	https://jayisgames.com/review/the-roomz.php#comment-120840	February 13, 2007 2:34 PM
20260421231412	https://www.jayisgames.com/review/the-roomz.php	https://jayisgames.com/review/the-roomz.php#comment-120842	February 13, 2007 2:36 PM
20260421231412	https://www.jayisgames.com/review/the-roomz.php	https://jayisgames.com/review/the-roomz.php#comment-120843	February 13, 2007 2:38 PM
20260421231412	https://www.jayisgames.com/review/the-roomz.php	https://jayisgames.com/review/the-roomz.php#comment-120844	February 13, 2007 2:39 PM
20260421231412	https://www.jayisgames.com/review/the-roomz.php	https://jayisgames.com/review/the-roomz.php#comment-120845	February 13, 2007 2:43 PM
20260421231412	https://www.jayisgames.com/review/the-roomz.php	https://jayisgames.com/review/the-roomz.php#comment-120846	February 13, 2007 2:43 PM
20260421231412	https://www.jayisgames.com/review/the-roomz.php	https://jayisgames.com/review/the-roomz.php#comment-120847	February 13, 2007 2:47 PM
20260421231412	https://www.jayisgames.com/review/the-roomz.php	https://jayisgames.com/review/the-roomz.php#comment-120850	February 13, 2007 3:09 PM
20260421231412	https://www.jayisgames.com/review/the-roomz.php	https://jayisgames.com/review/the-roomz.php#comment-120851	February 13, 2007 3:11 PM
20260421231412	https://www.jayisgames.com/review/the-roomz.php	https://jayisgames.com/review/the-roomz.php#comment-120852	February 13, 2007 3:11 PM
20260421231412	https://www.jayisgames.com/review/the-roomz.php	https://jayisgames.com/review/the-roomz.php#comment-120853	February 13, 2007 3:21 PM
20260421231412	https://www.jayisgames.com/review/the-roomz.php	https://jayisgames.com/review/the-roomz.php#comment-120854	February 13, 2007 3:23 PM
20260421231412	https://www.jayisgames.com/review/the-roomz.php	https://jayisgames.com/review/the-roomz.php#comment-120855	February 13, 2007 3:24 PM
20260421231412	https://www.jayisgames.com/review/the-roomz.php	https://jayisgames.com/review/the-roomz.php#comment-120857	February 13, 2007 3:30 PM
20260421231412	https://www.jayisgames.com/review/the-roomz.php	https://jayisgames.com/review/the-roomz.php#comment-120858	February 13, 2007 3:31 PM
20260421231412	https://www.jayisgames.com/review/the-roomz.php	https://jayisgames.com/review/the-roomz.php#comment-120859	February 13, 2007 3:31 PM
20260421231412	https://www.jayisgames.com/review/the-roomz.php	https://jayisgames.com/review/the-roomz.php#comment-120860	February 13, 2007 3:33 PM
20260421231412	https://www.jayisgames.com/review/the-roomz.php	https://jayisgames.com/review/the-roomz.php#comment-120861	February 13, 2007 3:40 PM
20260421231412	https://www.jayisgames.com/review/the-roomz.php	https://jayisgames.com/review/the-roomz.php#comment-120862	February 13, 2007 3:40 PM
20260421231412	https://www.jayisgames.com/review/the-roomz.php	https://jayisgames.com/review/the-roomz.php#comment-120864	February 13, 2007 3:45 PM
20260421231412	https://www.jayisgames.com/review/the-roomz.php	https://jayisgames.com/review/the-roomz.php#comment-120865	February 13, 2007 3:45 PM
20260421231412	https://www.jayisgames.com/review/the-roomz.php	https://jayisgames.com/review/the-roomz.php#comment-120866	February 13, 2007 3:51 PM
20260421231412	https://www.jayisgames.com/review/the-roomz.php	https://jayisgames.com/review/the-roomz.php#comment-120867	February 13, 2007 3:52 PM
20260421231412	https://www.jayisgames.com/review/the-roomz.php	https://jayisgames.com/review/the-roomz.php#comment-120868	February 13, 2007 4:10 PM
20260421231412	https://www.jayisgames.com/review/the-roomz.php	https://jayisgames.com/review/the-roomz.php#comment-120869	February 13, 2007 4:10 PM
20260421231412	https://www.jayisgames.com/review/the-roomz.php	https://jayisgames.com/review/the-roomz.php#comment-120870	February 13, 2007 4:11 PM
20260421231412	https://www.jayisgames.com/review/the-roomz.php	https://jayisgames.com/review/the-roomz.php#comment-120879	February 13, 2007 4:31 PM
20260421231412	https://www.jayisgames.com/review/the-roomz.php	https://jayisgames.com/review/the-roomz.php#comment-120882	February 13, 2007 4:38 PM
20260421231412	https://www.jayisgames.com/review/the-roomz.php	https://jayisgames.com/review/the-roomz.php#comment-120883	February 13, 2007 4:43 PM
20260421231412	https://www.jayisgames.com/review/the-roomz.php	https://jayisgames.com/review/the-roomz.php#comment-120884	February 13, 2007 4:46 PM
20260421231412	https://www.jayisgames.com/review/the-roomz.php	https://jayisgames.com/review/the-roomz.php#comment-120885	February 13, 2007 4:49 PM
20260421231412	https://www.jayisgames.com/review/the-roomz.php	https://jayisgames.com/review/the-roomz.php#comment-120886	February 13, 2007 4:50 PM
20260421231412	https://www.jayisgames.com/review/the-roomz.php	https://jayisgames.com/review/the-roomz.php#comment-120887	February 13, 2007 4:54 PM
20260421231412	https://www.jayisgames.com/review/the-roomz.php	https://jayisgames.com/review/the-roomz.php#comment-120888	February 13, 2007 4:58 PM
20260421231412	https://www.jayisgames.com/review/the-roomz.php	https://jayisgames.com/review/the-roomz.php#comment-120889	February 13, 2007 5:07 PM
20260421231412	https://www.jayisgames.com/review/the-roomz.php	https://jayisgames.com/review/the-roomz.php#comment-120890	February 13, 2007 5:13 PM
20260421231412	https://www.jayisgames.com/review/the-roomz.php	https://jayisgames.com/review/the-roomz.php#comment-120891	February 13, 2007 5:13 PM
20260421231412	https://www.jayisgames.com/review/the-roomz.php	https://jayisgames.com/review/the-roomz.php#comment-120893	February 13, 2007 5:21 PM
20260421231412	https://www.jayisgames.com/review/the-roomz.php	https://jayisgames.com/review/the-roomz.php#comment-120894	February 13, 2007 5:25 PM
20260421231412	https://www.jayisgames.com/review/the-roomz.php	https://jayisgames.com/review/the-roomz.php#comment-120897	February 13, 2007 5:27 PM
20260421231412	https://www.jayisgames.com/review/the-roomz.php	https://jayisgames.com/review/the-roomz.php#comment-120899	February 13, 2007 5:31 PM
20260421231412	https://www.jayisgames.com/review/the-roomz.php	https://jayisgames.com/review/the-roomz.php#comment-120900	February 13, 2007 5:31 PM
20260421231412	https://www.jayisgames.com/review/the-roomz.php	https://jayisgames.com/review/the-roomz.php#comment-120901	February 13, 2007 5:36 PM
20260421231412	https://www.jayisgames.com/review/the-roomz.php	https://jayisgames.com/review/the-roomz.php#comment-120902	February 13, 2007 5:40 PM
20260421231412	https://www.jayisgames.com/review/the-roomz.php	https://jayisgames.com/review/the-roomz.php#comment-120903	February 13, 2007 5:41 PM
20260421231412	https://www.jayisgames.com/review/the-roomz.php	https://jayisgames.com/review/the-roomz.php#comment-120904	February 13, 2007 5:48 PM
20260421231412	https://www.jayisgames.com/review/the-roomz.php	https://jayisgames.com/review/the-roomz.php#comment-120906	February 13, 2007 6:00 PM
20260421231412	https://www.jayisgames.com/review/the-roomz.php	https://jayisgames.com/review/the-roomz.php#comment-120907	February 13, 2007 6:02 PM
20260421231412	https://www.jayisgames.com/review/the-roomz.php	https://jayisgames.com/review/the-roomz.php#comment-120908	February 13, 2007 6:15 PM
20260421231412	https://www.jayisgames.com/review/the-roomz.php	https://jayisgames.com/review/the-roomz.php#comment-120909	February 13, 2007 6:23 PM
20260421231412	https://www.jayisgames.com/review/the-roomz.php	https://jayisgames.com/review/the-roomz.php#comment-120911	February 13, 2007 6:29 PM
20260421231412	https://www.jayisgames.com/review/the-roomz.php	https://jayisgames.com/review/the-roomz.php#comment-120912	February 13, 2007 6:33 PM
20260421231412	https://www.jayisgames.com/review/the-roomz.php	https://jayisgames.com/review/the-roomz.php#comment-120913	February 13, 2007 6:36 PM
20260421231412	https://www.jayisgames.com/review/the-roomz.php	https://jayisgames.com/review/the-roomz.php#comment-120914	February 13, 2007 6:36 PM
20260421231412	https://www.jayisgames.com/review/the-roomz.php	https://jayisgames.com/review/the-roomz.php#comment-120917	February 13, 2007 6:49 PM
20260421231412	https://www.jayisgames.com/review/the-roomz.php	https://jayisgames.com/review/the-roomz.php#comment-120918	February 13, 2007 6:57 PM
20260421231412	https://www.jayisgames.com/review/the-roomz.php	https://jayisgames.com/review/the-roomz.php#comment-120919	February 13, 2007 7:20 PM
20260421231412	https://www.jayisgames.com/review/the-roomz.php	https://jayisgames.com/review/the-roomz.php#comment-120920	February 13, 2007 7:25 PM
20260421231412	https://www.jayisgames.com/review/the-roomz.php	https://jayisgames.com/review/the-roomz.php#comment-120921	February 13, 2007 7:32 PM
20260421231412	https://www.jayisgames.com/review/the-roomz.php	https://jayisgames.com/review/the-roomz.php#comment-120922	February 13, 2007 7:36 PM
20260421231412	https://www.jayisgames.com/review/the-roomz.php	https://jayisgames.com/review/the-roomz.php#comment-120924	February 13, 2007 7:43 PM
20260421231412	https://www.jayisgames.com/review/the-roomz.php	https://jayisgames.com/review/the-roomz.php#comment-120926	February 13, 2007 7:51 PM
20260421231412	https://www.jayisgames.com/review/the-roomz.php	https://jayisgames.com/review/the-roomz.php#comment-120927	February 13, 2007 7:51 PM
20260421231412	https://www.jayisgames.com/review/the-roomz.php	https://jayisgames.com/review/the-roomz.php#comment-120928	February 13, 2007 8:04 PM
20260421231412	https://www.jayisgames.com/review/the-roomz.php	https://jayisgames.com/review/the-roomz.php#comment-120929	February 13, 2007 8:06 PM
20260421231412	https://www.jayisgames.com/review/the-roomz.php	https://jayisgames.com/review/the-roomz.php#comment-120931	February 13, 2007 8:08 PM
20260421231412	https://www.jayisgames.com/review/the-roomz.php	https://jayisgames.com/review/the-roomz.php#comment-120932	February 13, 2007 8:08 PM
20260421231412	https://www.jayisgames.com/review/the-roomz.php	https://jayisgames.com/review/the-roomz.php#comment-120934	February 13, 2007 8:10 PM
20260421231412	https://www.jayisgames.com/review/the-roomz.php	https://jayisgames.com/review/the-roomz.php#comment-120935	February 13, 2007 8:30 PM
20260421231412	https://www.jayisgames.com/review/the-roomz.php	https://jayisgames.com/review/the-roomz.php#comment-120937	February 13, 2007 9:02 PM
20260421231412	https://www.jayisgames.com/review/the-roomz.php	https://jayisgames.com/review/the-roomz.php#comment-120940	February 13, 2007 9:33 PM
20260421231412	https://www.jayisgames.com/review/the-roomz.php	https://jayisgames.com/review/the-roomz.php#comment-120941	February 13, 2007 9:35 PM
20260421231412	https://www.jayisgames.com/review/the-roomz.php	https://jayisgames.com/review/the-roomz.php#comment-120942	February 13, 2007 9:35 PM
20260421231412	https://www.jayisgames.com/review/the-roomz.php	https://jayisgames.com/review/the-roomz.php#comment-120945	February 13, 2007 9:57 PM
20260421231412	https://www.jayisgames.com/review/the-roomz.php	https://jayisgames.com/review/the-roomz.php#comment-120946	February 13, 2007 10:11 PM
20260421231412	https://www.jayisgames.com/review/the-roomz.php	https://jayisgames.com/review/the-roomz.php#comment-120947	February 13, 2007 10:25 PM
20260421231412	https://www.jayisgames.com/review/the-roomz.php	https://jayisgames.com/review/the-roomz.php#comment-120948	February 13, 2007 10:26 PM
20260421231412	https://www.jayisgames.com/review/the-roomz.php	https://jayisgames.com/review/the-roomz.php#comment-120950	February 13, 2007 10:33 PM
20260421231412	https://www.jayisgames.com/review/the-roomz.php	https://jayisgames.com/review/the-roomz.php#comment-120951	February 13, 2007 10:36 PM
20260421231412	https://www.jayisgames.com/review/the-roomz.php	https://jayisgames.com/review/the-roomz.php#comment-120952	February 13, 2007 10:38 PM
20260421231412	https://www.jayisgames.com/review/the-roomz.php	https://jayisgames.com/review/the-roomz.php#comment-120955	February 13, 2007 10:52 PM
20260421231412	https://www.jayisgames.com/review/the-roomz.php	https://jayisgames.com/review/the-roomz.php#comment-120956	February 13, 2007 11:11 PM
20260421231412	https://www.jayisgames.com/review/the-roomz.php	https://jayisgames.com/review/the-roomz.php#comment-120959	February 13, 2007 11:15 PM
20260421231412	https://www.jayisgames.com/review/the-roomz.php	https://jayisgames.com/review/the-roomz.php#comment-120962	February 13, 2007 11:27 PM
20260421231412	https://www.jayisgames.com/review/the-roomz.php	https://jayisgames.com/review/the-roomz.php#comment-120963	February 13, 2007 11:32 PM
20260421231412	https://www.jayisgames.com/review/the-roomz.php	https://jayisgames.com/review/the-roomz.php#comment-120964	February 13, 2007 11:35 PM
20260421231412	https://www.jayisgames.com/review/the-roomz.php	https://jayisgames.com/review/the-roomz.php#comment-120965	February 13, 2007 11:38 PM
20260421231412	https://www.jayisgames.com/review/the-roomz.php	https://jayisgames.com/review/the-roomz.php#comment-120967	February 13, 2007 11:47 PM
20260421231412	https://www.jayisgames.com/review/the-roomz.php	https://jayisgames.com/review/the-roomz.php#comment-120969	February 13, 2007 11:51 PM
20260421231412	https://www.jayisgames.com/review/the-roomz.php	https://jayisgames.com/review/the-roomz.php#comment-262797	April 28, 2008 1:46 PM
20260421231412	https://www.jayisgames.com/review/the-roomz.php	https://jayisgames.com/review/the-roomz.php#comment-262808	April 28, 2008 2:55 PM
20260421231412	https://www.jayisgames.com/review/the-roomz.php	https://jayisgames.com/review/the-roomz.php#comment-264645	May 13, 2008 7:03 PM
20260421231412	https://www.jayisgames.com/review/the-roomz.php	https://jayisgames.com/review/the-roomz.php#comment-265323	May 19, 2008 7:45 AM
20260421231412	https://www.jayisgames.com/review/the-roomz.php	https://jayisgames.com/review/the-roomz.php#comment-265865	May 24, 2008 12:06 PM
20260421231412	https://www.jayisgames.com/review/the-roomz.php	https://jayisgames.com/review/the-roomz.php#comment-266052	May 26, 2008 11:42 AM
20260421231412	https://www.jayisgames.com/review/the-roomz.php	https://jayisgames.com/review/the-roomz.php#comment-266256	May 28, 2008 6:44 AM
20260421231412	https://www.jayisgames.com/review/the-roomz.php	https://jayisgames.com/review/the-roomz.php#comment-266748	May 31, 2008 9:58 AM
20260421231412	https://www.jayisgames.com/review/the-roomz.php	https://jayisgames.com/review/the-roomz.php#comment-267508	June 5, 2008 5:00 AM
20260421231412	https://www.jayisgames.com/review/the-roomz.php	https://jayisgames.com/review/the-roomz.php#comment-273276	July 4, 2008 8:46 PM
20260421231412	https://www.jayisgames.com/review/the-roomz.php	https://jayisgames.com/review/the-roomz.php#comment-276495	July 25, 2008 10:16 AM
20260421231412	https://www.jayisgames.com/review/the-roomz.php	https://jayisgames.com/review/the-roomz.php#comment-277962	August 3, 2008 11:47 PM
20260421231412	https://www.jayisgames.com/review/the-roomz.php	https://jayisgames.com/review/the-roomz.php#comment-284880	September 28, 2008 10:45 AM
20260421231412	https://www.jayisgames.com/review/the-roomz.php	https://jayisgames.com/review/the-roomz.php#comment-345181	November 29, 2009 9:07 PM
20260421231412	https://www.jayisgames.com/review/the-roomz.php	https://jayisgames.com/review/the-roomz.php#comment-357403	March 16, 2010 4:51 PM
20260421231412	https://www.jayisgames.com/review/the-roomz.php	https://jayisgames.com/review/the-roomz.php#comment-380638	October 16, 2010 1:56 PM
20260421231412	https://www.jayisgames.com/review/the-roomz.php	https://jayisgames.com/review/the-roomz.php#comment-380680	October 17, 2010 10:52 AM
20260421231412	https://www.jayisgames.com/review/the-roomz.php	https://jayisgames.com/review/the-roomz.php#comment-380681	October 17, 2010 12:05 PM
