timestamp	page_url	page_file	raw_reference	resolved_reference
20070830131313	http://www.flashgames.it:80/the.roomz.html	20070830131313__c8e39e8db92f.html	/include/script_linguetta.js	http://www.flashgames.it:80/include/script_linguetta.js
20070830131313	http://www.flashgames.it:80/the.roomz.html	20070830131313__c8e39e8db92f.html	/style.css	http://www.flashgames.it:80/style.css
20070830131313	http://www.flashgames.it:80/the.roomz.html	20070830131313__c8e39e8db92f.html	/img.menu/singleplayer.gif	http://www.flashgames.it:80/img.menu/singleplayer.gif
20070830131313	http://www.flashgames.it:80/the.roomz.html	20070830131313__c8e39e8db92f.html	/img.menu/barretta.gif	http://www.flashgames.it:80/img.menu/barretta.gif
20070830131313	http://www.flashgames.it:80/the.roomz.html	20070830131313__c8e39e8db92f.html	/indexmp.php	http://www.flashgames.it:80/indexmp.php
20070830131313	http://www.flashgames.it:80/the.roomz.html	20070830131313__c8e39e8db92f.html	/img.menu/multiplayer.gif	http://www.flashgames.it:80/img.menu/multiplayer.gif
20070830131313	http://www.flashgames.it:80/the.roomz.html	20070830131313__c8e39e8db92f.html	/index.php	http://www.flashgames.it:80/index.php
20070830131313	http://www.flashgames.it:80/the.roomz.html	20070830131313__c8e39e8db92f.html	/img/logo.gif	http://www.flashgames.it:80/img/logo.gif
20070830131313	http://www.flashgames.it:80/the.roomz.html	20070830131313__c8e39e8db92f.html	/giochi4.gif	http://www.flashgames.it:80/giochi4.gif
20070830131313	http://www.flashgames.it:80/the.roomz.html	20070830131313__c8e39e8db92f.html	/img/ico.data.gif	http://www.flashgames.it:80/img/ico.data.gif
20070830131313	http://www.flashgames.it:80/the.roomz.html	20070830131313__c8e39e8db92f.html	/include/orario_menu.js	http://www.flashgames.it:80/include/orario_menu.js
20070830131313	http://www.flashgames.it:80/the.roomz.html	20070830131313__c8e39e8db92f.html	/img/stats.giocatori.gif	http://www.flashgames.it:80/img/stats.giocatori.gif
20070830131313	http://www.flashgames.it:80/the.roomz.html	20070830131313__c8e39e8db92f.html	/online/online.php	http://www.flashgames.it:80/online/online.php
20070830131313	http://www.flashgames.it:80/the.roomz.html	20070830131313__c8e39e8db92f.html	/giochi-online/giochi-azione.html	http://www.flashgames.it:80/giochi-online/giochi-azione.html
20070830131313	http://www.flashgames.it:80/the.roomz.html	20070830131313__c8e39e8db92f.html	/giochi-online/giochi-abilita.html	http://www.flashgames.it:80/giochi-online/giochi-abilita.html
20070830131313	http://www.flashgames.it:80/the.roomz.html	20070830131313__c8e39e8db92f.html	/img.menu/abilita.gif	http://www.flashgames.it:80/img.menu/abilita.gif
20070830131313	http://www.flashgames.it:80/the.roomz.html	20070830131313__c8e39e8db92f.html	/img.menu/separatore.gif	http://www.flashgames.it:80/img.menu/separatore.gif
20070830131313	http://www.flashgames.it:80/the.roomz.html	20070830131313__c8e39e8db92f.html	/img.menu/azione.gif	http://www.flashgames.it:80/img.menu/azione.gif
20070830131313	http://www.flashgames.it:80/the.roomz.html	20070830131313__c8e39e8db92f.html	/giochi-online/giochi-sportivi.html	http://www.flashgames.it:80/giochi-online/giochi-sportivi.html
20070830131313	http://www.flashgames.it:80/the.roomz.html	20070830131313__c8e39e8db92f.html	/img.menu/sport.gif	http://www.flashgames.it:80/img.menu/sport.gif
20070830131313	http://www.flashgames.it:80/the.roomz.html	20070830131313__c8e39e8db92f.html	/giochi-online/giochi-avventura.html	http://www.flashgames.it:80/giochi-online/giochi-avventura.html
20070830131313	http://www.flashgames.it:80/the.roomz.html	20070830131313__c8e39e8db92f.html	/img.menu/avventura.sel.gif	http://www.flashgames.it:80/img.menu/avventura.sel.gif
20070830131313	http://www.flashgames.it:80/the.roomz.html	20070830131313__c8e39e8db92f.html	/giochi-online/giochi-puzzle.html	http://www.flashgames.it:80/giochi-online/giochi-puzzle.html
20070830131313	http://www.flashgames.it:80/the.roomz.html	20070830131313__c8e39e8db92f.html	/img.menu/puzzle.gif	http://www.flashgames.it:80/img.menu/puzzle.gif
20070830131313	http://www.flashgames.it:80/the.roomz.html	20070830131313__c8e39e8db92f.html	/giochi-online/giochi-divertenti.html	http://www.flashgames.it:80/giochi-online/giochi-divertenti.html
20070830131313	http://www.flashgames.it:80/the.roomz.html	20070830131313__c8e39e8db92f.html	/img.menu/humor.gif	http://www.flashgames.it:80/img.menu/humor.gif
20070830131313	http://www.flashgames.it:80/the.roomz.html	20070830131313__c8e39e8db92f.html	/giochi-online/giochi-datavolo.html	http://www.flashgames.it:80/giochi-online/giochi-datavolo.html
20070830131313	http://www.flashgames.it:80/the.roomz.html	20070830131313__c8e39e8db92f.html	/img.menu/datavolo.gif	http://www.flashgames.it:80/img.menu/datavolo.gif
20070830131313	http://www.flashgames.it:80/the.roomz.html	20070830131313__c8e39e8db92f.html	/giochi-online/giochi-erotici.html	http://www.flashgames.it:80/giochi-online/giochi-erotici.html
20070830131313	http://www.flashgames.it:80/the.roomz.html	20070830131313__c8e39e8db92f.html	/img.menu/sexy.gif	http://www.flashgames.it:80/img.menu/sexy.gif
20070830131313	http://www.flashgames.it:80/the.roomz.html	20070830131313__c8e39e8db92f.html	/giochi-online/casino-online.html	http://www.flashgames.it:80/giochi-online/casino-online.html
20070830131313	http://www.flashgames.it:80/the.roomz.html	20070830131313__c8e39e8db92f.html	/img.menu/casino.gif	http://www.flashgames.it:80/img.menu/casino.gif
20070830131313	http://www.flashgames.it:80/the.roomz.html	20070830131313__c8e39e8db92f.html	/gioco.random.php	http://www.flashgames.it:80/gioco.random.php
20070830131313	http://www.flashgames.it:80/the.roomz.html	20070830131313__c8e39e8db92f.html	/img.menu/gioco.random.gif	http://www.flashgames.it:80/img.menu/gioco.random.gif
20070830131313	http://www.flashgames.it:80/the.roomz.html	20070830131313__c8e39e8db92f.html	/img/istruzioni.gioco.gif	http://www.flashgames.it:80/img/istruzioni.gioco.gif
20070830131313	http://www.flashgames.it:80/the.roomz.html	20070830131313__c8e39e8db92f.html	/img/spaziatura10.gif	http://www.flashgames.it:80/img/spaziatura10.gif
20070830131313	http://www.flashgames.it:80/the.roomz.html	20070830131313__c8e39e8db92f.html	/img/flash.gif	http://www.flashgames.it:80/img/flash.gif
20070830131313	http://www.flashgames.it:80/the.roomz.html	20070830131313__c8e39e8db92f.html	/img/shock.gif	http://www.flashgames.it:80/img/shock.gif
20070830131313	http://www.flashgames.it:80/the.roomz.html	20070830131313__c8e39e8db92f.html	tag.css	http://www.flashgames.it:80/tag.css
20070830131313	http://www.flashgames.it:80/the.roomz.html	20070830131313__c8e39e8db92f.html	the.roomz	http://www.flashgames.it:80/the.roomz
20070830131313	http://www.flashgames.it:80/the.roomz.html	20070830131313__c8e39e8db92f.html	/tagboard/tag.php?email=the.roomz	http://www.flashgames.it:80/tagboard/tag.php?email=the.roomz
20070830131313	http://www.flashgames.it:80/the.roomz.html	20070830131313__c8e39e8db92f.html	/tagboard/images/smile.gif	http://www.flashgames.it:80/tagboard/images/smile.gif
20070830131313	http://www.flashgames.it:80/the.roomz.html	20070830131313__c8e39e8db92f.html	/tagboard/images/grin.gif	http://www.flashgames.it:80/tagboard/images/grin.gif
20070830131313	http://www.flashgames.it:80/the.roomz.html	20070830131313__c8e39e8db92f.html	/tagboard/images/stick.gif	http://www.flashgames.it:80/tagboard/images/stick.gif
20070830131313	http://www.flashgames.it:80/the.roomz.html	20070830131313__c8e39e8db92f.html	/tagboard/images/lv.gif	http://www.flashgames.it:80/tagboard/images/lv.gif
20070830131313	http://www.flashgames.it:80/the.roomz.html	20070830131313__c8e39e8db92f.html	/tagboard/images/wink.gif	http://www.flashgames.it:80/tagboard/images/wink.gif
20070830131313	http://www.flashgames.it:80/the.roomz.html	20070830131313__c8e39e8db92f.html	/tagboard/images/io.gif	http://www.flashgames.it:80/tagboard/images/io.gif
20070830131313	http://www.flashgames.it:80/the.roomz.html	20070830131313__c8e39e8db92f.html	/tagboard/images/grr.gif	http://www.flashgames.it:80/tagboard/images/grr.gif
20070830131313	http://www.flashgames.it:80/the.roomz.html	20070830131313__c8e39e8db92f.html	/tagboard/images/sadd.gif	http://www.flashgames.it:80/tagboard/images/sadd.gif
20070830131313	http://www.flashgames.it:80/the.roomz.html	20070830131313__c8e39e8db92f.html	/tagboard/images/boo.gif	http://www.flashgames.it:80/tagboard/images/boo.gif
20070830131313	http://www.flashgames.it:80/the.roomz.html	20070830131313__c8e39e8db92f.html	/tagboard/images/uhm.gif	http://www.flashgames.it:80/tagboard/images/uhm.gif
20070830131313	http://www.flashgames.it:80/the.roomz.html	20070830131313__c8e39e8db92f.html	/tagboard/images/argh.gif	http://www.flashgames.it:80/tagboard/images/argh.gif
20070830131313	http://www.flashgames.it:80/the.roomz.html	20070830131313__c8e39e8db92f.html	/tagboard/images/gasp.gif	http://www.flashgames.it:80/tagboard/images/gasp.gif
20070830131313	http://www.flashgames.it:80/the.roomz.html	20070830131313__c8e39e8db92f.html	/tagboard/images/ok.gif	http://www.flashgames.it:80/tagboard/images/ok.gif
20070830131313	http://www.flashgames.it:80/the.roomz.html	20070830131313__c8e39e8db92f.html	invia	http://www.flashgames.it:80/invia
20070830131313	http://www.flashgames.it:80/the.roomz.html	20070830131313__c8e39e8db92f.html	/img/sf.gametop.gif	http://www.flashgames.it:80/img/sf.gametop.gif
20070830131313	http://www.flashgames.it:80/the.roomz.html	20070830131313__c8e39e8db92f.html	http://games.flashgames.it/avventura/the.roomz/game.swf	http://games.flashgames.it/avventura/the.roomz/game.swf
20070830131313	http://www.flashgames.it:80/the.roomz.html	20070830131313__c8e39e8db92f.html	high	http://www.flashgames.it:80/high
20070830131313	http://www.flashgames.it:80/the.roomz.html	20070830131313__c8e39e8db92f.html	/img/sf.gamebottom.gif	http://www.flashgames.it:80/img/sf.gamebottom.gif
20070830131313	http://www.flashgames.it:80/the.roomz.html	20070830131313__c8e39e8db92f.html	/img/giochi.preferiti.gif	http://www.flashgames.it:80/img/giochi.preferiti.gif
20070830131313	http://www.flashgames.it:80/the.roomz.html	20070830131313__c8e39e8db92f.html	/img/ico.dadi.gif	http://www.flashgames.it:80/img/ico.dadi.gif
20070830131313	http://www.flashgames.it:80/the.roomz.html	20070830131313__c8e39e8db92f.html	/img/sfida.amico.gif	http://www.flashgames.it:80/img/sfida.amico.gif
20070830131313	http://www.flashgames.it:80/the.roomz.html	20070830131313__c8e39e8db92f.html	/img/ico.pupazzetto.gif	http://www.flashgames.it:80/img/ico.pupazzetto.gif
20070830131313	http://www.flashgames.it:80/the.roomz.html	20070830131313__c8e39e8db92f.html	sfida.php?icona=the.roomz	http://www.flashgames.it:80/sfida.php?icona=the.roomz
20070830131313	http://www.flashgames.it:80/the.roomz.html	20070830131313__c8e39e8db92f.html	/img/bloggames.tit.gif	http://www.flashgames.it:80/img/bloggames.tit.gif
20070830131313	http://www.flashgames.it:80/the.roomz.html	20070830131313__c8e39e8db92f.html	http://www.flashgames.it/bloggames.php	http://www.flashgames.it/bloggames.php
20070830131313	http://www.flashgames.it:80/the.roomz.html	20070830131313__c8e39e8db92f.html	http://www.flashgames.it/bloggamesforum.php?id=4156	http://www.flashgames.it/bloggamesforum.php?id=4156
20070830131313	http://www.flashgames.it:80/the.roomz.html	20070830131313__c8e39e8db92f.html	http://www.flashgames.it/avventura/the.roomz/ico.gif	http://www.flashgames.it/avventura/the.roomz/ico.gif
20070830131313	http://www.flashgames.it:80/the.roomz.html	20070830131313__c8e39e8db92f.html	http://www.flashgames.it/webmastergame.php?icona=the.roomz	http://www.flashgames.it/webmastergame.php?icona=the.roomz
20070830131313	http://www.flashgames.it:80/the.roomz.html	20070830131313__c8e39e8db92f.html	http://www.flashgames.it/webmaster/gioca.gif	http://www.flashgames.it/webmaster/gioca.gif
20070830131313	http://www.flashgames.it:80/the.roomz.html	20070830131313__c8e39e8db92f.html	http://www.flashgames.it	http://www.flashgames.it
20070830131313	http://www.flashgames.it:80/the.roomz.html	20070830131313__c8e39e8db92f.html	/img/footer.gif	http://www.flashgames.it:80/img/footer.gif
20070830131313	http://www.flashgames.it:80/the.roomz.html	20070830131313__c8e39e8db92f.html	/img/logo.formatc.gif	http://www.flashgames.it:80/img/logo.formatc.gif
20070830131313	http://www.flashgames.it:80/the.roomz.html	20070830131313__c8e39e8db92f.html	/img/logo.dada.gif	http://www.flashgames.it:80/img/logo.dada.gif
20070830131313	http://www.flashgames.it:80/the.roomz.html	20070830131313__c8e39e8db92f.html	http://www.flashgames.it/the.roomz.html	http://www.flashgames.it/the.roomz.html
20070830131313	http://www.flashgames.it:80/the.roomz.html	20070830131313__c8e39e8db92f.html	http://www.flashgames.it/avventura/the.roomz/ico.gif[/IMG]	http://www.flashgames.it/avventura/the.roomz/ico.gif[/IMG]
20070830131313	http://www.flashgames.it:80/the.roomz.html	20070830131313__c8e39e8db92f.html	http://www.flashgames.it/the.roomz.html][img]http://www.flashgames.it/webmaster/gioca.gif[/img][/url]	http://www.flashgames.it/the.roomz.html][img]http://www.flashgames.it/webmaster/gioca.gif[/img][/url]
20071012054519	http://flashgames.it:80/the.roomz.html	20071012054519__a38f3e2180e4.html	/include/script_linguetta.js	http://flashgames.it:80/include/script_linguetta.js
20071012054519	http://flashgames.it:80/the.roomz.html	20071012054519__a38f3e2180e4.html	/style.css	http://flashgames.it:80/style.css
20071012054519	http://flashgames.it:80/the.roomz.html	20071012054519__a38f3e2180e4.html	/img.menu/singleplayer.gif	http://flashgames.it:80/img.menu/singleplayer.gif
20071012054519	http://flashgames.it:80/the.roomz.html	20071012054519__a38f3e2180e4.html	/img.menu/barretta.gif	http://flashgames.it:80/img.menu/barretta.gif
20071012054519	http://flashgames.it:80/the.roomz.html	20071012054519__a38f3e2180e4.html	/indexmp.php	http://flashgames.it:80/indexmp.php
20071012054519	http://flashgames.it:80/the.roomz.html	20071012054519__a38f3e2180e4.html	/img.menu/multiplayer.gif	http://flashgames.it:80/img.menu/multiplayer.gif
20071012054519	http://flashgames.it:80/the.roomz.html	20071012054519__a38f3e2180e4.html	/index.php	http://flashgames.it:80/index.php
20071012054519	http://flashgames.it:80/the.roomz.html	20071012054519__a38f3e2180e4.html	/img/logo.gif	http://flashgames.it:80/img/logo.gif
20071012054519	http://flashgames.it:80/the.roomz.html	20071012054519__a38f3e2180e4.html	/giochi4.gif	http://flashgames.it:80/giochi4.gif
20071012054519	http://flashgames.it:80/the.roomz.html	20071012054519__a38f3e2180e4.html	/img/ico.data.gif	http://flashgames.it:80/img/ico.data.gif
20071012054519	http://flashgames.it:80/the.roomz.html	20071012054519__a38f3e2180e4.html	/include/orario_menu.js	http://flashgames.it:80/include/orario_menu.js
20071012054519	http://flashgames.it:80/the.roomz.html	20071012054519__a38f3e2180e4.html	/img/stats.giocatori.gif	http://flashgames.it:80/img/stats.giocatori.gif
20071012054519	http://flashgames.it:80/the.roomz.html	20071012054519__a38f3e2180e4.html	/online/online.php	http://flashgames.it:80/online/online.php
20071012054519	http://flashgames.it:80/the.roomz.html	20071012054519__a38f3e2180e4.html	/giochi-online/giochi-azione.html	http://flashgames.it:80/giochi-online/giochi-azione.html
20071012054519	http://flashgames.it:80/the.roomz.html	20071012054519__a38f3e2180e4.html	/giochi-online/giochi-abilita.html	http://flashgames.it:80/giochi-online/giochi-abilita.html
20071012054519	http://flashgames.it:80/the.roomz.html	20071012054519__a38f3e2180e4.html	/img.menu/abilita.gif	http://flashgames.it:80/img.menu/abilita.gif
20071012054519	http://flashgames.it:80/the.roomz.html	20071012054519__a38f3e2180e4.html	/img.menu/separatore.gif	http://flashgames.it:80/img.menu/separatore.gif
20071012054519	http://flashgames.it:80/the.roomz.html	20071012054519__a38f3e2180e4.html	/img.menu/azione.gif	http://flashgames.it:80/img.menu/azione.gif
20071012054519	http://flashgames.it:80/the.roomz.html	20071012054519__a38f3e2180e4.html	/giochi-online/giochi-sportivi.html	http://flashgames.it:80/giochi-online/giochi-sportivi.html
20071012054519	http://flashgames.it:80/the.roomz.html	20071012054519__a38f3e2180e4.html	/img.menu/sport.gif	http://flashgames.it:80/img.menu/sport.gif
20071012054519	http://flashgames.it:80/the.roomz.html	20071012054519__a38f3e2180e4.html	/giochi-online/giochi-avventura.html	http://flashgames.it:80/giochi-online/giochi-avventura.html
20071012054519	http://flashgames.it:80/the.roomz.html	20071012054519__a38f3e2180e4.html	/img.menu/avventura.sel.gif	http://flashgames.it:80/img.menu/avventura.sel.gif
20071012054519	http://flashgames.it:80/the.roomz.html	20071012054519__a38f3e2180e4.html	/giochi-online/giochi-puzzle.html	http://flashgames.it:80/giochi-online/giochi-puzzle.html
20071012054519	http://flashgames.it:80/the.roomz.html	20071012054519__a38f3e2180e4.html	/img.menu/puzzle.gif	http://flashgames.it:80/img.menu/puzzle.gif
20071012054519	http://flashgames.it:80/the.roomz.html	20071012054519__a38f3e2180e4.html	/giochi-online/giochi-divertenti.html	http://flashgames.it:80/giochi-online/giochi-divertenti.html
20071012054519	http://flashgames.it:80/the.roomz.html	20071012054519__a38f3e2180e4.html	/img.menu/humor.gif	http://flashgames.it:80/img.menu/humor.gif
20071012054519	http://flashgames.it:80/the.roomz.html	20071012054519__a38f3e2180e4.html	/giochi-online/giochi-datavolo.html	http://flashgames.it:80/giochi-online/giochi-datavolo.html
20071012054519	http://flashgames.it:80/the.roomz.html	20071012054519__a38f3e2180e4.html	/img.menu/datavolo.gif	http://flashgames.it:80/img.menu/datavolo.gif
20071012054519	http://flashgames.it:80/the.roomz.html	20071012054519__a38f3e2180e4.html	/giochi-online/giochi-erotici.html	http://flashgames.it:80/giochi-online/giochi-erotici.html
20071012054519	http://flashgames.it:80/the.roomz.html	20071012054519__a38f3e2180e4.html	/img.menu/sexy.gif	http://flashgames.it:80/img.menu/sexy.gif
20071012054519	http://flashgames.it:80/the.roomz.html	20071012054519__a38f3e2180e4.html	/giochi-online/casino-online.html	http://flashgames.it:80/giochi-online/casino-online.html
20071012054519	http://flashgames.it:80/the.roomz.html	20071012054519__a38f3e2180e4.html	/img.menu/casino.gif	http://flashgames.it:80/img.menu/casino.gif
20071012054519	http://flashgames.it:80/the.roomz.html	20071012054519__a38f3e2180e4.html	/gioco.random.php	http://flashgames.it:80/gioco.random.php
20071012054519	http://flashgames.it:80/the.roomz.html	20071012054519__a38f3e2180e4.html	/img.menu/gioco.random.gif	http://flashgames.it:80/img.menu/gioco.random.gif
20071012054519	http://flashgames.it:80/the.roomz.html	20071012054519__a38f3e2180e4.html	/img/istruzioni.gioco.gif	http://flashgames.it:80/img/istruzioni.gioco.gif
20071012054519	http://flashgames.it:80/the.roomz.html	20071012054519__a38f3e2180e4.html	/img/spaziatura10.gif	http://flashgames.it:80/img/spaziatura10.gif
20071012054519	http://flashgames.it:80/the.roomz.html	20071012054519__a38f3e2180e4.html	/img/flash.gif	http://flashgames.it:80/img/flash.gif
20071012054519	http://flashgames.it:80/the.roomz.html	20071012054519__a38f3e2180e4.html	/img/shock.gif	http://flashgames.it:80/img/shock.gif
20071012054519	http://flashgames.it:80/the.roomz.html	20071012054519__a38f3e2180e4.html	tag.css	http://flashgames.it:80/tag.css
20071012054519	http://flashgames.it:80/the.roomz.html	20071012054519__a38f3e2180e4.html	the.roomz	http://flashgames.it:80/the.roomz
20071012054519	http://flashgames.it:80/the.roomz.html	20071012054519__a38f3e2180e4.html	/tagboard/tag.php?email=the.roomz	http://flashgames.it:80/tagboard/tag.php?email=the.roomz
20071012054519	http://flashgames.it:80/the.roomz.html	20071012054519__a38f3e2180e4.html	/tagboard/images/smile.gif	http://flashgames.it:80/tagboard/images/smile.gif
20071012054519	http://flashgames.it:80/the.roomz.html	20071012054519__a38f3e2180e4.html	/tagboard/images/grin.gif	http://flashgames.it:80/tagboard/images/grin.gif
20071012054519	http://flashgames.it:80/the.roomz.html	20071012054519__a38f3e2180e4.html	/tagboard/images/stick.gif	http://flashgames.it:80/tagboard/images/stick.gif
20071012054519	http://flashgames.it:80/the.roomz.html	20071012054519__a38f3e2180e4.html	/tagboard/images/lv.gif	http://flashgames.it:80/tagboard/images/lv.gif
20071012054519	http://flashgames.it:80/the.roomz.html	20071012054519__a38f3e2180e4.html	/tagboard/images/wink.gif	http://flashgames.it:80/tagboard/images/wink.gif
20071012054519	http://flashgames.it:80/the.roomz.html	20071012054519__a38f3e2180e4.html	/tagboard/images/io.gif	http://flashgames.it:80/tagboard/images/io.gif
20071012054519	http://flashgames.it:80/the.roomz.html	20071012054519__a38f3e2180e4.html	/tagboard/images/grr.gif	http://flashgames.it:80/tagboard/images/grr.gif
20071012054519	http://flashgames.it:80/the.roomz.html	20071012054519__a38f3e2180e4.html	/tagboard/images/sadd.gif	http://flashgames.it:80/tagboard/images/sadd.gif
20071012054519	http://flashgames.it:80/the.roomz.html	20071012054519__a38f3e2180e4.html	/tagboard/images/boo.gif	http://flashgames.it:80/tagboard/images/boo.gif
20071012054519	http://flashgames.it:80/the.roomz.html	20071012054519__a38f3e2180e4.html	/tagboard/images/uhm.gif	http://flashgames.it:80/tagboard/images/uhm.gif
20071012054519	http://flashgames.it:80/the.roomz.html	20071012054519__a38f3e2180e4.html	/tagboard/images/argh.gif	http://flashgames.it:80/tagboard/images/argh.gif
20071012054519	http://flashgames.it:80/the.roomz.html	20071012054519__a38f3e2180e4.html	/tagboard/images/gasp.gif	http://flashgames.it:80/tagboard/images/gasp.gif
20071012054519	http://flashgames.it:80/the.roomz.html	20071012054519__a38f3e2180e4.html	/tagboard/images/ok.gif	http://flashgames.it:80/tagboard/images/ok.gif
20071012054519	http://flashgames.it:80/the.roomz.html	20071012054519__a38f3e2180e4.html	invia	http://flashgames.it:80/invia
20071012054519	http://flashgames.it:80/the.roomz.html	20071012054519__a38f3e2180e4.html	/img/sf.gametop.gif	http://flashgames.it:80/img/sf.gametop.gif
20071012054519	http://flashgames.it:80/the.roomz.html	20071012054519__a38f3e2180e4.html	http://games.flashgames.it/avventura/the.roomz/game.swf	http://games.flashgames.it/avventura/the.roomz/game.swf
20071012054519	http://flashgames.it:80/the.roomz.html	20071012054519__a38f3e2180e4.html	high	http://flashgames.it:80/high
20071012054519	http://flashgames.it:80/the.roomz.html	20071012054519__a38f3e2180e4.html	/img/sf.gamebottom.gif	http://flashgames.it:80/img/sf.gamebottom.gif
20071012054519	http://flashgames.it:80/the.roomz.html	20071012054519__a38f3e2180e4.html	/img/giochi.preferiti.gif	http://flashgames.it:80/img/giochi.preferiti.gif
20071012054519	http://flashgames.it:80/the.roomz.html	20071012054519__a38f3e2180e4.html	/img/ico.dadi.gif	http://flashgames.it:80/img/ico.dadi.gif
20071012054519	http://flashgames.it:80/the.roomz.html	20071012054519__a38f3e2180e4.html	/img/sfida.amico.gif	http://flashgames.it:80/img/sfida.amico.gif
20071012054519	http://flashgames.it:80/the.roomz.html	20071012054519__a38f3e2180e4.html	/img/ico.pupazzetto.gif	http://flashgames.it:80/img/ico.pupazzetto.gif
20071012054519	http://flashgames.it:80/the.roomz.html	20071012054519__a38f3e2180e4.html	sfida.php?icona=the.roomz	http://flashgames.it:80/sfida.php?icona=the.roomz
20071012054519	http://flashgames.it:80/the.roomz.html	20071012054519__a38f3e2180e4.html	/img/bloggames.tit.gif	http://flashgames.it:80/img/bloggames.tit.gif
20071012054519	http://flashgames.it:80/the.roomz.html	20071012054519__a38f3e2180e4.html	http://www.flashgames.it/bloggames.php	http://www.flashgames.it/bloggames.php
20071012054519	http://flashgames.it:80/the.roomz.html	20071012054519__a38f3e2180e4.html	http://www.flashgames.it/bloggamesforum.php?id=4156	http://www.flashgames.it/bloggamesforum.php?id=4156
20071012054519	http://flashgames.it:80/the.roomz.html	20071012054519__a38f3e2180e4.html	http://www.flashgames.it/avventura/the.roomz/ico.gif	http://www.flashgames.it/avventura/the.roomz/ico.gif
20071012054519	http://flashgames.it:80/the.roomz.html	20071012054519__a38f3e2180e4.html	http://www.flashgames.it/webmastergame.php?icona=the.roomz	http://www.flashgames.it/webmastergame.php?icona=the.roomz
20071012054519	http://flashgames.it:80/the.roomz.html	20071012054519__a38f3e2180e4.html	http://www.flashgames.it/webmaster/gioca.gif	http://www.flashgames.it/webmaster/gioca.gif
20071012054519	http://flashgames.it:80/the.roomz.html	20071012054519__a38f3e2180e4.html	http://www.flashgames.it	http://www.flashgames.it
20071012054519	http://flashgames.it:80/the.roomz.html	20071012054519__a38f3e2180e4.html	/img/footer.gif	http://flashgames.it:80/img/footer.gif
20071012054519	http://flashgames.it:80/the.roomz.html	20071012054519__a38f3e2180e4.html	/img/logo.formatc.gif	http://flashgames.it:80/img/logo.formatc.gif
20071012054519	http://flashgames.it:80/the.roomz.html	20071012054519__a38f3e2180e4.html	/img/logo.dada.gif	http://flashgames.it:80/img/logo.dada.gif
20071012054519	http://flashgames.it:80/the.roomz.html	20071012054519__a38f3e2180e4.html	http://www.flashgames.it/the.roomz.html	http://www.flashgames.it/the.roomz.html
20071012054519	http://flashgames.it:80/the.roomz.html	20071012054519__a38f3e2180e4.html	http://www.flashgames.it/avventura/the.roomz/ico.gif[/IMG]	http://www.flashgames.it/avventura/the.roomz/ico.gif[/IMG]
20071012054519	http://flashgames.it:80/the.roomz.html	20071012054519__a38f3e2180e4.html	http://www.flashgames.it/the.roomz.html][img]http://www.flashgames.it/webmaster/gioca.gif[/img][/url]	http://www.flashgames.it/the.roomz.html][img]http://www.flashgames.it/webmaster/gioca.gif[/img][/url]
20071210222417	http://www.flashgames.it:80/the.roomz.html	20071210222417__687bc2d06bf7.html	/include/script_linguetta.js	http://www.flashgames.it:80/include/script_linguetta.js
20071210222417	http://www.flashgames.it:80/the.roomz.html	20071210222417__687bc2d06bf7.html	/style.css	http://www.flashgames.it:80/style.css
20071210222417	http://www.flashgames.it:80/the.roomz.html	20071210222417__687bc2d06bf7.html	/img.menu/singleplayer.gif	http://www.flashgames.it:80/img.menu/singleplayer.gif
20071210222417	http://www.flashgames.it:80/the.roomz.html	20071210222417__687bc2d06bf7.html	/img.menu/barretta.gif	http://www.flashgames.it:80/img.menu/barretta.gif
20071210222417	http://www.flashgames.it:80/the.roomz.html	20071210222417__687bc2d06bf7.html	/indexmp.php	http://www.flashgames.it:80/indexmp.php
20071210222417	http://www.flashgames.it:80/the.roomz.html	20071210222417__687bc2d06bf7.html	/img.menu/multiplayer.gif	http://www.flashgames.it:80/img.menu/multiplayer.gif
20071210222417	http://www.flashgames.it:80/the.roomz.html	20071210222417__687bc2d06bf7.html	/index.php	http://www.flashgames.it:80/index.php
20071210222417	http://www.flashgames.it:80/the.roomz.html	20071210222417__687bc2d06bf7.html	/img/logo-natale.gif	http://www.flashgames.it:80/img/logo-natale.gif
20071210222417	http://www.flashgames.it:80/the.roomz.html	20071210222417__687bc2d06bf7.html	/giochi4.gif	http://www.flashgames.it:80/giochi4.gif
20071210222417	http://www.flashgames.it:80/the.roomz.html	20071210222417__687bc2d06bf7.html	/img/ico.data.gif	http://www.flashgames.it:80/img/ico.data.gif
20071210222417	http://www.flashgames.it:80/the.roomz.html	20071210222417__687bc2d06bf7.html	/include/orario_menu.js	http://www.flashgames.it:80/include/orario_menu.js
20071210222417	http://www.flashgames.it:80/the.roomz.html	20071210222417__687bc2d06bf7.html	/img/stats.giocatori.gif	http://www.flashgames.it:80/img/stats.giocatori.gif
20071210222417	http://www.flashgames.it:80/the.roomz.html	20071210222417__687bc2d06bf7.html	/online/online.php	http://www.flashgames.it:80/online/online.php
20071210222417	http://www.flashgames.it:80/the.roomz.html	20071210222417__687bc2d06bf7.html	/giochi-online/giochi-azione.html	http://www.flashgames.it:80/giochi-online/giochi-azione.html
20071210222417	http://www.flashgames.it:80/the.roomz.html	20071210222417__687bc2d06bf7.html	/giochi-online/giochi-abilita.html	http://www.flashgames.it:80/giochi-online/giochi-abilita.html
20071210222417	http://www.flashgames.it:80/the.roomz.html	20071210222417__687bc2d06bf7.html	http://games.flashgames.it/img.menu/abilita.gif	http://games.flashgames.it/img.menu/abilita.gif
20071210222417	http://www.flashgames.it:80/the.roomz.html	20071210222417__687bc2d06bf7.html	http://games.flashgames.it/img.menu/separatore.gif	http://games.flashgames.it/img.menu/separatore.gif
20071210222417	http://www.flashgames.it:80/the.roomz.html	20071210222417__687bc2d06bf7.html	http://games.flashgames.it/img.menu/azione.gif	http://games.flashgames.it/img.menu/azione.gif
20071210222417	http://www.flashgames.it:80/the.roomz.html	20071210222417__687bc2d06bf7.html	/giochi-online/giochi-sportivi.html	http://www.flashgames.it:80/giochi-online/giochi-sportivi.html
20071210222417	http://www.flashgames.it:80/the.roomz.html	20071210222417__687bc2d06bf7.html	http://games.flashgames.it/img.menu/sport.gif	http://games.flashgames.it/img.menu/sport.gif
20071210222417	http://www.flashgames.it:80/the.roomz.html	20071210222417__687bc2d06bf7.html	/giochi-online/giochi-avventura.html	http://www.flashgames.it:80/giochi-online/giochi-avventura.html
20071210222417	http://www.flashgames.it:80/the.roomz.html	20071210222417__687bc2d06bf7.html	http://games.flashgames.it/img.menu/avventura.sel.gif	http://games.flashgames.it/img.menu/avventura.sel.gif
20071210222417	http://www.flashgames.it:80/the.roomz.html	20071210222417__687bc2d06bf7.html	/giochi-online/giochi-puzzle.html	http://www.flashgames.it:80/giochi-online/giochi-puzzle.html
20071210222417	http://www.flashgames.it:80/the.roomz.html	20071210222417__687bc2d06bf7.html	http://games.flashgames.it/img.menu/puzzle.gif	http://games.flashgames.it/img.menu/puzzle.gif
20071210222417	http://www.flashgames.it:80/the.roomz.html	20071210222417__687bc2d06bf7.html	/giochi-online/giochi-divertenti.html	http://www.flashgames.it:80/giochi-online/giochi-divertenti.html
20071210222417	http://www.flashgames.it:80/the.roomz.html	20071210222417__687bc2d06bf7.html	http://games.flashgames.it/img.menu/humor.gif	http://games.flashgames.it/img.menu/humor.gif
20071210222417	http://www.flashgames.it:80/the.roomz.html	20071210222417__687bc2d06bf7.html	/giochi-online/giochi-datavolo.html	http://www.flashgames.it:80/giochi-online/giochi-datavolo.html
20071210222417	http://www.flashgames.it:80/the.roomz.html	20071210222417__687bc2d06bf7.html	http://games.flashgames.it/img.menu/datavolo.gif	http://games.flashgames.it/img.menu/datavolo.gif
20071210222417	http://www.flashgames.it:80/the.roomz.html	20071210222417__687bc2d06bf7.html	/giochi-online/giochi-erotici.html	http://www.flashgames.it:80/giochi-online/giochi-erotici.html
20071210222417	http://www.flashgames.it:80/the.roomz.html	20071210222417__687bc2d06bf7.html	http://games.flashgames.it/img.menu/sexy.gif	http://games.flashgames.it/img.menu/sexy.gif
20071210222417	http://www.flashgames.it:80/the.roomz.html	20071210222417__687bc2d06bf7.html	/giochi-online/casino-online.html	http://www.flashgames.it:80/giochi-online/casino-online.html
20071210222417	http://www.flashgames.it:80/the.roomz.html	20071210222417__687bc2d06bf7.html	http://games.flashgames.it/img.menu/casino.gif	http://games.flashgames.it/img.menu/casino.gif
20071210222417	http://www.flashgames.it:80/the.roomz.html	20071210222417__687bc2d06bf7.html	/gioco.random.php	http://www.flashgames.it:80/gioco.random.php
20071210222417	http://www.flashgames.it:80/the.roomz.html	20071210222417__687bc2d06bf7.html	http://games.flashgames.it/img.menu/gioco.random.gif	http://games.flashgames.it/img.menu/gioco.random.gif
20071210222417	http://www.flashgames.it:80/the.roomz.html	20071210222417__687bc2d06bf7.html	/img/istruzioni.gioco.gif	http://www.flashgames.it:80/img/istruzioni.gioco.gif
20071210222417	http://www.flashgames.it:80/the.roomz.html	20071210222417__687bc2d06bf7.html	/img/spaziatura10.gif	http://www.flashgames.it:80/img/spaziatura10.gif
20071210222417	http://www.flashgames.it:80/the.roomz.html	20071210222417__687bc2d06bf7.html	/img/flash.gif	http://www.flashgames.it:80/img/flash.gif
20071210222417	http://www.flashgames.it:80/the.roomz.html	20071210222417__687bc2d06bf7.html	/img/shock.gif	http://www.flashgames.it:80/img/shock.gif
20071210222417	http://www.flashgames.it:80/the.roomz.html	20071210222417__687bc2d06bf7.html	tag.css	http://www.flashgames.it:80/tag.css
20071210222417	http://www.flashgames.it:80/the.roomz.html	20071210222417__687bc2d06bf7.html	the.roomz	http://www.flashgames.it:80/the.roomz
20071210222417	http://www.flashgames.it:80/the.roomz.html	20071210222417__687bc2d06bf7.html	/tagboard/tag.php?email=the.roomz	http://www.flashgames.it:80/tagboard/tag.php?email=the.roomz
20071210222417	http://www.flashgames.it:80/the.roomz.html	20071210222417__687bc2d06bf7.html	/tagboard/images/smile.gif	http://www.flashgames.it:80/tagboard/images/smile.gif
20071210222417	http://www.flashgames.it:80/the.roomz.html	20071210222417__687bc2d06bf7.html	/tagboard/images/grin.gif	http://www.flashgames.it:80/tagboard/images/grin.gif
20071210222417	http://www.flashgames.it:80/the.roomz.html	20071210222417__687bc2d06bf7.html	/tagboard/images/stick.gif	http://www.flashgames.it:80/tagboard/images/stick.gif
20071210222417	http://www.flashgames.it:80/the.roomz.html	20071210222417__687bc2d06bf7.html	/tagboard/images/lv.gif	http://www.flashgames.it:80/tagboard/images/lv.gif
20071210222417	http://www.flashgames.it:80/the.roomz.html	20071210222417__687bc2d06bf7.html	/tagboard/images/wink.gif	http://www.flashgames.it:80/tagboard/images/wink.gif
20071210222417	http://www.flashgames.it:80/the.roomz.html	20071210222417__687bc2d06bf7.html	/tagboard/images/io.gif	http://www.flashgames.it:80/tagboard/images/io.gif
20071210222417	http://www.flashgames.it:80/the.roomz.html	20071210222417__687bc2d06bf7.html	/tagboard/images/grr.gif	http://www.flashgames.it:80/tagboard/images/grr.gif
20071210222417	http://www.flashgames.it:80/the.roomz.html	20071210222417__687bc2d06bf7.html	/tagboard/images/sadd.gif	http://www.flashgames.it:80/tagboard/images/sadd.gif
20071210222417	http://www.flashgames.it:80/the.roomz.html	20071210222417__687bc2d06bf7.html	/tagboard/images/boo.gif	http://www.flashgames.it:80/tagboard/images/boo.gif
20071210222417	http://www.flashgames.it:80/the.roomz.html	20071210222417__687bc2d06bf7.html	/tagboard/images/uhm.gif	http://www.flashgames.it:80/tagboard/images/uhm.gif
20071210222417	http://www.flashgames.it:80/the.roomz.html	20071210222417__687bc2d06bf7.html	/tagboard/images/argh.gif	http://www.flashgames.it:80/tagboard/images/argh.gif
20071210222417	http://www.flashgames.it:80/the.roomz.html	20071210222417__687bc2d06bf7.html	/tagboard/images/gasp.gif	http://www.flashgames.it:80/tagboard/images/gasp.gif
20071210222417	http://www.flashgames.it:80/the.roomz.html	20071210222417__687bc2d06bf7.html	/tagboard/images/ok.gif	http://www.flashgames.it:80/tagboard/images/ok.gif
20071210222417	http://www.flashgames.it:80/the.roomz.html	20071210222417__687bc2d06bf7.html	invia	http://www.flashgames.it:80/invia
20071210222417	http://www.flashgames.it:80/the.roomz.html	20071210222417__687bc2d06bf7.html	/img/sf.gametop.gif	http://www.flashgames.it:80/img/sf.gametop.gif
20071210222417	http://www.flashgames.it:80/the.roomz.html	20071210222417__687bc2d06bf7.html	http://games.flashgames.it/avventura/the.roomz/game.swf	http://games.flashgames.it/avventura/the.roomz/game.swf
20071210222417	http://www.flashgames.it:80/the.roomz.html	20071210222417__687bc2d06bf7.html	high	http://www.flashgames.it:80/high
20071210222417	http://www.flashgames.it:80/the.roomz.html	20071210222417__687bc2d06bf7.html	/img/sf.gamebottom.gif	http://www.flashgames.it:80/img/sf.gamebottom.gif
20071210222417	http://www.flashgames.it:80/the.roomz.html	20071210222417__687bc2d06bf7.html	/img/giochi.preferiti.gif	http://www.flashgames.it:80/img/giochi.preferiti.gif
20071210222417	http://www.flashgames.it:80/the.roomz.html	20071210222417__687bc2d06bf7.html	/img/ico.dadi.gif	http://www.flashgames.it:80/img/ico.dadi.gif
20071210222417	http://www.flashgames.it:80/the.roomz.html	20071210222417__687bc2d06bf7.html	/img/sfida.amico.gif	http://www.flashgames.it:80/img/sfida.amico.gif
20071210222417	http://www.flashgames.it:80/the.roomz.html	20071210222417__687bc2d06bf7.html	/img/ico.pupazzetto.gif	http://www.flashgames.it:80/img/ico.pupazzetto.gif
20071210222417	http://www.flashgames.it:80/the.roomz.html	20071210222417__687bc2d06bf7.html	sfida.php?icona=the.roomz	http://www.flashgames.it:80/sfida.php?icona=the.roomz
20071210222417	http://www.flashgames.it:80/the.roomz.html	20071210222417__687bc2d06bf7.html	/img/bloggames.tit.gif	http://www.flashgames.it:80/img/bloggames.tit.gif
20071210222417	http://www.flashgames.it:80/the.roomz.html	20071210222417__687bc2d06bf7.html	http://www.flashgames.it/bloggames.php	http://www.flashgames.it/bloggames.php
20071210222417	http://www.flashgames.it:80/the.roomz.html	20071210222417__687bc2d06bf7.html	http://www.flashgames.it/bloggamesforum.php?id=4156	http://www.flashgames.it/bloggamesforum.php?id=4156
20071210222417	http://www.flashgames.it:80/the.roomz.html	20071210222417__687bc2d06bf7.html	http://www.flashgames.it/avventura/the.roomz/ico.gif	http://www.flashgames.it/avventura/the.roomz/ico.gif
20071210222417	http://www.flashgames.it:80/the.roomz.html	20071210222417__687bc2d06bf7.html	http://www.flashgames.it/webmastergame.php?icona=the.roomz	http://www.flashgames.it/webmastergame.php?icona=the.roomz
20071210222417	http://www.flashgames.it:80/the.roomz.html	20071210222417__687bc2d06bf7.html	http://www.flashgames.it/webmaster/gioca.gif	http://www.flashgames.it/webmaster/gioca.gif
20071210222417	http://www.flashgames.it:80/the.roomz.html	20071210222417__687bc2d06bf7.html	http://www.flashgames.it	http://www.flashgames.it
20071210222417	http://www.flashgames.it:80/the.roomz.html	20071210222417__687bc2d06bf7.html	/img/footer.gif	http://www.flashgames.it:80/img/footer.gif
20071210222417	http://www.flashgames.it:80/the.roomz.html	20071210222417__687bc2d06bf7.html	/img/logo.formatc.gif	http://www.flashgames.it:80/img/logo.formatc.gif
20071210222417	http://www.flashgames.it:80/the.roomz.html	20071210222417__687bc2d06bf7.html	/img/logo.dada.gif	http://www.flashgames.it:80/img/logo.dada.gif
20071210222417	http://www.flashgames.it:80/the.roomz.html	20071210222417__687bc2d06bf7.html	http://www.flashgames.it/the.roomz.html	http://www.flashgames.it/the.roomz.html
20071210222417	http://www.flashgames.it:80/the.roomz.html	20071210222417__687bc2d06bf7.html	http://www.flashgames.it/avventura/the.roomz/ico.gif[/IMG]	http://www.flashgames.it/avventura/the.roomz/ico.gif[/IMG]
20071210222417	http://www.flashgames.it:80/the.roomz.html	20071210222417__687bc2d06bf7.html	http://www.flashgames.it/the.roomz.html][img]http://www.flashgames.it/webmaster/gioca.gif[/img][/url]	http://www.flashgames.it/the.roomz.html][img]http://www.flashgames.it/webmaster/gioca.gif[/img][/url]
20080110151412	http://www.flashgames.it:80/the.roomz.html	20080110151412__6aed49dc7766.html	/include/script_linguetta.js	http://www.flashgames.it:80/include/script_linguetta.js
20080110151412	http://www.flashgames.it:80/the.roomz.html	20080110151412__6aed49dc7766.html	/style.css	http://www.flashgames.it:80/style.css
20080110151412	http://www.flashgames.it:80/the.roomz.html	20080110151412__6aed49dc7766.html	/img.menu/singleplayer.gif	http://www.flashgames.it:80/img.menu/singleplayer.gif
20080110151412	http://www.flashgames.it:80/the.roomz.html	20080110151412__6aed49dc7766.html	/img.menu/barretta.gif	http://www.flashgames.it:80/img.menu/barretta.gif
20080110151412	http://www.flashgames.it:80/the.roomz.html	20080110151412__6aed49dc7766.html	/indexmp.php	http://www.flashgames.it:80/indexmp.php
20080110151412	http://www.flashgames.it:80/the.roomz.html	20080110151412__6aed49dc7766.html	/img.menu/multiplayer.gif	http://www.flashgames.it:80/img.menu/multiplayer.gif
20080110151412	http://www.flashgames.it:80/the.roomz.html	20080110151412__6aed49dc7766.html	/index.php	http://www.flashgames.it:80/index.php
20080110151412	http://www.flashgames.it:80/the.roomz.html	20080110151412__6aed49dc7766.html	/img/logo.gif	http://www.flashgames.it:80/img/logo.gif
20080110151412	http://www.flashgames.it:80/the.roomz.html	20080110151412__6aed49dc7766.html	/giochi4.gif	http://www.flashgames.it:80/giochi4.gif
20080110151412	http://www.flashgames.it:80/the.roomz.html	20080110151412__6aed49dc7766.html	/img/ico.data.gif	http://www.flashgames.it:80/img/ico.data.gif
20080110151412	http://www.flashgames.it:80/the.roomz.html	20080110151412__6aed49dc7766.html	/include/orario_menu.js	http://www.flashgames.it:80/include/orario_menu.js
20080110151412	http://www.flashgames.it:80/the.roomz.html	20080110151412__6aed49dc7766.html	/img/stats.giocatori.gif	http://www.flashgames.it:80/img/stats.giocatori.gif
20080110151412	http://www.flashgames.it:80/the.roomz.html	20080110151412__6aed49dc7766.html	/online/online.php	http://www.flashgames.it:80/online/online.php
20080110151412	http://www.flashgames.it:80/the.roomz.html	20080110151412__6aed49dc7766.html	/giochi-online/giochi-azione.html	http://www.flashgames.it:80/giochi-online/giochi-azione.html
20080110151412	http://www.flashgames.it:80/the.roomz.html	20080110151412__6aed49dc7766.html	/giochi-online/giochi-abilita.html	http://www.flashgames.it:80/giochi-online/giochi-abilita.html
20080110151412	http://www.flashgames.it:80/the.roomz.html	20080110151412__6aed49dc7766.html	http://games.flashgames.it/img.menu/abilita.gif	http://games.flashgames.it/img.menu/abilita.gif
20080110151412	http://www.flashgames.it:80/the.roomz.html	20080110151412__6aed49dc7766.html	http://games.flashgames.it/img.menu/separatore.gif	http://games.flashgames.it/img.menu/separatore.gif
20080110151412	http://www.flashgames.it:80/the.roomz.html	20080110151412__6aed49dc7766.html	http://games.flashgames.it/img.menu/azione.gif	http://games.flashgames.it/img.menu/azione.gif
20080110151412	http://www.flashgames.it:80/the.roomz.html	20080110151412__6aed49dc7766.html	/giochi-online/giochi-sportivi.html	http://www.flashgames.it:80/giochi-online/giochi-sportivi.html
20080110151412	http://www.flashgames.it:80/the.roomz.html	20080110151412__6aed49dc7766.html	http://games.flashgames.it/img.menu/sport.gif	http://games.flashgames.it/img.menu/sport.gif
20080110151412	http://www.flashgames.it:80/the.roomz.html	20080110151412__6aed49dc7766.html	/giochi-online/giochi-avventura.html	http://www.flashgames.it:80/giochi-online/giochi-avventura.html
20080110151412	http://www.flashgames.it:80/the.roomz.html	20080110151412__6aed49dc7766.html	http://games.flashgames.it/img.menu/avventura.sel.gif	http://games.flashgames.it/img.menu/avventura.sel.gif
20080110151412	http://www.flashgames.it:80/the.roomz.html	20080110151412__6aed49dc7766.html	/giochi-online/giochi-puzzle.html	http://www.flashgames.it:80/giochi-online/giochi-puzzle.html
20080110151412	http://www.flashgames.it:80/the.roomz.html	20080110151412__6aed49dc7766.html	http://games.flashgames.it/img.menu/puzzle.gif	http://games.flashgames.it/img.menu/puzzle.gif
20080110151412	http://www.flashgames.it:80/the.roomz.html	20080110151412__6aed49dc7766.html	/giochi-online/giochi-divertenti.html	http://www.flashgames.it:80/giochi-online/giochi-divertenti.html
20080110151412	http://www.flashgames.it:80/the.roomz.html	20080110151412__6aed49dc7766.html	http://games.flashgames.it/img.menu/humor.gif	http://games.flashgames.it/img.menu/humor.gif
20080110151412	http://www.flashgames.it:80/the.roomz.html	20080110151412__6aed49dc7766.html	/giochi-online/giochi-datavolo.html	http://www.flashgames.it:80/giochi-online/giochi-datavolo.html
20080110151412	http://www.flashgames.it:80/the.roomz.html	20080110151412__6aed49dc7766.html	http://games.flashgames.it/img.menu/datavolo.gif	http://games.flashgames.it/img.menu/datavolo.gif
20080110151412	http://www.flashgames.it:80/the.roomz.html	20080110151412__6aed49dc7766.html	/giochi-online/giochi-erotici.html	http://www.flashgames.it:80/giochi-online/giochi-erotici.html
20080110151412	http://www.flashgames.it:80/the.roomz.html	20080110151412__6aed49dc7766.html	http://games.flashgames.it/img.menu/sexy.gif	http://games.flashgames.it/img.menu/sexy.gif
20080110151412	http://www.flashgames.it:80/the.roomz.html	20080110151412__6aed49dc7766.html	/giochi-online/casino-online.html	http://www.flashgames.it:80/giochi-online/casino-online.html
20080110151412	http://www.flashgames.it:80/the.roomz.html	20080110151412__6aed49dc7766.html	http://games.flashgames.it/img.menu/casino.gif	http://games.flashgames.it/img.menu/casino.gif
20080110151412	http://www.flashgames.it:80/the.roomz.html	20080110151412__6aed49dc7766.html	/gioco.random.php	http://www.flashgames.it:80/gioco.random.php
20080110151412	http://www.flashgames.it:80/the.roomz.html	20080110151412__6aed49dc7766.html	http://games.flashgames.it/img.menu/gioco.random.gif	http://games.flashgames.it/img.menu/gioco.random.gif
20080110151412	http://www.flashgames.it:80/the.roomz.html	20080110151412__6aed49dc7766.html	/img/istruzioni.gioco.gif	http://www.flashgames.it:80/img/istruzioni.gioco.gif
20080110151412	http://www.flashgames.it:80/the.roomz.html	20080110151412__6aed49dc7766.html	/img/spaziatura10.gif	http://www.flashgames.it:80/img/spaziatura10.gif
20080110151412	http://www.flashgames.it:80/the.roomz.html	20080110151412__6aed49dc7766.html	/img/flash.gif	http://www.flashgames.it:80/img/flash.gif
20080110151412	http://www.flashgames.it:80/the.roomz.html	20080110151412__6aed49dc7766.html	/img/shock.gif	http://www.flashgames.it:80/img/shock.gif
20080110151412	http://www.flashgames.it:80/the.roomz.html	20080110151412__6aed49dc7766.html	tag.css	http://www.flashgames.it:80/tag.css
20080110151412	http://www.flashgames.it:80/the.roomz.html	20080110151412__6aed49dc7766.html	the.roomz	http://www.flashgames.it:80/the.roomz
20080110151412	http://www.flashgames.it:80/the.roomz.html	20080110151412__6aed49dc7766.html	/tagboard/tag.php?email=the.roomz	http://www.flashgames.it:80/tagboard/tag.php?email=the.roomz
20080110151412	http://www.flashgames.it:80/the.roomz.html	20080110151412__6aed49dc7766.html	/tagboard/images/smile.gif	http://www.flashgames.it:80/tagboard/images/smile.gif
20080110151412	http://www.flashgames.it:80/the.roomz.html	20080110151412__6aed49dc7766.html	/tagboard/images/grin.gif	http://www.flashgames.it:80/tagboard/images/grin.gif
20080110151412	http://www.flashgames.it:80/the.roomz.html	20080110151412__6aed49dc7766.html	/tagboard/images/stick.gif	http://www.flashgames.it:80/tagboard/images/stick.gif
20080110151412	http://www.flashgames.it:80/the.roomz.html	20080110151412__6aed49dc7766.html	/tagboard/images/lv.gif	http://www.flashgames.it:80/tagboard/images/lv.gif
20080110151412	http://www.flashgames.it:80/the.roomz.html	20080110151412__6aed49dc7766.html	/tagboard/images/wink.gif	http://www.flashgames.it:80/tagboard/images/wink.gif
20080110151412	http://www.flashgames.it:80/the.roomz.html	20080110151412__6aed49dc7766.html	/tagboard/images/io.gif	http://www.flashgames.it:80/tagboard/images/io.gif
20080110151412	http://www.flashgames.it:80/the.roomz.html	20080110151412__6aed49dc7766.html	/tagboard/images/grr.gif	http://www.flashgames.it:80/tagboard/images/grr.gif
20080110151412	http://www.flashgames.it:80/the.roomz.html	20080110151412__6aed49dc7766.html	/tagboard/images/sadd.gif	http://www.flashgames.it:80/tagboard/images/sadd.gif
20080110151412	http://www.flashgames.it:80/the.roomz.html	20080110151412__6aed49dc7766.html	/tagboard/images/boo.gif	http://www.flashgames.it:80/tagboard/images/boo.gif
20080110151412	http://www.flashgames.it:80/the.roomz.html	20080110151412__6aed49dc7766.html	/tagboard/images/uhm.gif	http://www.flashgames.it:80/tagboard/images/uhm.gif
20080110151412	http://www.flashgames.it:80/the.roomz.html	20080110151412__6aed49dc7766.html	/tagboard/images/argh.gif	http://www.flashgames.it:80/tagboard/images/argh.gif
20080110151412	http://www.flashgames.it:80/the.roomz.html	20080110151412__6aed49dc7766.html	/tagboard/images/gasp.gif	http://www.flashgames.it:80/tagboard/images/gasp.gif
20080110151412	http://www.flashgames.it:80/the.roomz.html	20080110151412__6aed49dc7766.html	/tagboard/images/ok.gif	http://www.flashgames.it:80/tagboard/images/ok.gif
20080110151412	http://www.flashgames.it:80/the.roomz.html	20080110151412__6aed49dc7766.html	invia	http://www.flashgames.it:80/invia
20080110151412	http://www.flashgames.it:80/the.roomz.html	20080110151412__6aed49dc7766.html	/img/sf.gametop.gif	http://www.flashgames.it:80/img/sf.gametop.gif
20080110151412	http://www.flashgames.it:80/the.roomz.html	20080110151412__6aed49dc7766.html	http://games.flashgames.it/avventura/the.roomz/game.swf	http://games.flashgames.it/avventura/the.roomz/game.swf
20080110151412	http://www.flashgames.it:80/the.roomz.html	20080110151412__6aed49dc7766.html	high	http://www.flashgames.it:80/high
20080110151412	http://www.flashgames.it:80/the.roomz.html	20080110151412__6aed49dc7766.html	/img/sf.gamebottom.gif	http://www.flashgames.it:80/img/sf.gamebottom.gif
20080110151412	http://www.flashgames.it:80/the.roomz.html	20080110151412__6aed49dc7766.html	/img/giochi.preferiti.gif	http://www.flashgames.it:80/img/giochi.preferiti.gif
20080110151412	http://www.flashgames.it:80/the.roomz.html	20080110151412__6aed49dc7766.html	/img/ico.dadi.gif	http://www.flashgames.it:80/img/ico.dadi.gif
20080110151412	http://www.flashgames.it:80/the.roomz.html	20080110151412__6aed49dc7766.html	/img/sfida.amico.gif	http://www.flashgames.it:80/img/sfida.amico.gif
20080110151412	http://www.flashgames.it:80/the.roomz.html	20080110151412__6aed49dc7766.html	/img/ico.pupazzetto.gif	http://www.flashgames.it:80/img/ico.pupazzetto.gif
20080110151412	http://www.flashgames.it:80/the.roomz.html	20080110151412__6aed49dc7766.html	sfida.php?icona=the.roomz	http://www.flashgames.it:80/sfida.php?icona=the.roomz
20080110151412	http://www.flashgames.it:80/the.roomz.html	20080110151412__6aed49dc7766.html	/img/bloggames.tit.gif	http://www.flashgames.it:80/img/bloggames.tit.gif
20080110151412	http://www.flashgames.it:80/the.roomz.html	20080110151412__6aed49dc7766.html	http://www.flashgames.it/bloggames.php	http://www.flashgames.it/bloggames.php
20080110151412	http://www.flashgames.it:80/the.roomz.html	20080110151412__6aed49dc7766.html	http://www.flashgames.it/bloggamesforum.php?id=4156	http://www.flashgames.it/bloggamesforum.php?id=4156
20080110151412	http://www.flashgames.it:80/the.roomz.html	20080110151412__6aed49dc7766.html	http://www.flashgames.it/avventura/the.roomz/ico.gif	http://www.flashgames.it/avventura/the.roomz/ico.gif
20080110151412	http://www.flashgames.it:80/the.roomz.html	20080110151412__6aed49dc7766.html	http://www.flashgames.it/webmastergame.php?icona=the.roomz	http://www.flashgames.it/webmastergame.php?icona=the.roomz
20080110151412	http://www.flashgames.it:80/the.roomz.html	20080110151412__6aed49dc7766.html	http://www.flashgames.it/webmaster/gioca.gif	http://www.flashgames.it/webmaster/gioca.gif
20080110151412	http://www.flashgames.it:80/the.roomz.html	20080110151412__6aed49dc7766.html	http://www.flashgames.it	http://www.flashgames.it
20080110151412	http://www.flashgames.it:80/the.roomz.html	20080110151412__6aed49dc7766.html	/img/footer.gif	http://www.flashgames.it:80/img/footer.gif
20080110151412	http://www.flashgames.it:80/the.roomz.html	20080110151412__6aed49dc7766.html	/img/logo.formatc.gif	http://www.flashgames.it:80/img/logo.formatc.gif
20080110151412	http://www.flashgames.it:80/the.roomz.html	20080110151412__6aed49dc7766.html	/img/logo.dada.gif	http://www.flashgames.it:80/img/logo.dada.gif
20080110151412	http://www.flashgames.it:80/the.roomz.html	20080110151412__6aed49dc7766.html	http://www.flashgames.it/the.roomz.html	http://www.flashgames.it/the.roomz.html
20080110151412	http://www.flashgames.it:80/the.roomz.html	20080110151412__6aed49dc7766.html	http://www.flashgames.it/avventura/the.roomz/ico.gif[/IMG]	http://www.flashgames.it/avventura/the.roomz/ico.gif[/IMG]
20080110151412	http://www.flashgames.it:80/the.roomz.html	20080110151412__6aed49dc7766.html	http://www.flashgames.it/the.roomz.html][img]http://www.flashgames.it/webmaster/gioca.gif[/img][/url]	http://www.flashgames.it/the.roomz.html][img]http://www.flashgames.it/webmaster/gioca.gif[/img][/url]
20080212011342	http://www.flashgames.it:80/the.roomz.html	20080212011342__d23111a51f79.html	/include/script_linguetta.js	http://www.flashgames.it:80/include/script_linguetta.js
20080212011342	http://www.flashgames.it:80/the.roomz.html	20080212011342__d23111a51f79.html	/style.css	http://www.flashgames.it:80/style.css
20080212011342	http://www.flashgames.it:80/the.roomz.html	20080212011342__d23111a51f79.html	/img.menu/singleplayer.gif	http://www.flashgames.it:80/img.menu/singleplayer.gif
20080212011342	http://www.flashgames.it:80/the.roomz.html	20080212011342__d23111a51f79.html	/img.menu/barretta.gif	http://www.flashgames.it:80/img.menu/barretta.gif
20080212011342	http://www.flashgames.it:80/the.roomz.html	20080212011342__d23111a51f79.html	/indexmp.php	http://www.flashgames.it:80/indexmp.php
20080212011342	http://www.flashgames.it:80/the.roomz.html	20080212011342__d23111a51f79.html	/img.menu/multiplayer.gif	http://www.flashgames.it:80/img.menu/multiplayer.gif
20080212011342	http://www.flashgames.it:80/the.roomz.html	20080212011342__d23111a51f79.html	/index.php	http://www.flashgames.it:80/index.php
20080212011342	http://www.flashgames.it:80/the.roomz.html	20080212011342__d23111a51f79.html	/img/logo.gif	http://www.flashgames.it:80/img/logo.gif
20080212011342	http://www.flashgames.it:80/the.roomz.html	20080212011342__d23111a51f79.html	/giochi4.gif	http://www.flashgames.it:80/giochi4.gif
20080212011342	http://www.flashgames.it:80/the.roomz.html	20080212011342__d23111a51f79.html	/img/ico.data.gif	http://www.flashgames.it:80/img/ico.data.gif
20080212011342	http://www.flashgames.it:80/the.roomz.html	20080212011342__d23111a51f79.html	/include/orario_menu.js	http://www.flashgames.it:80/include/orario_menu.js
20080212011342	http://www.flashgames.it:80/the.roomz.html	20080212011342__d23111a51f79.html	/img/stats.giocatori.gif	http://www.flashgames.it:80/img/stats.giocatori.gif
20080212011342	http://www.flashgames.it:80/the.roomz.html	20080212011342__d23111a51f79.html	/online/online.php	http://www.flashgames.it:80/online/online.php
20080212011342	http://www.flashgames.it:80/the.roomz.html	20080212011342__d23111a51f79.html	/giochi-online/giochi-azione.html	http://www.flashgames.it:80/giochi-online/giochi-azione.html
20080212011342	http://www.flashgames.it:80/the.roomz.html	20080212011342__d23111a51f79.html	/giochi-online/giochi-abilita.html	http://www.flashgames.it:80/giochi-online/giochi-abilita.html
20080212011342	http://www.flashgames.it:80/the.roomz.html	20080212011342__d23111a51f79.html	http://games.flashgames.it/img.menu/abilita.gif	http://games.flashgames.it/img.menu/abilita.gif
20080212011342	http://www.flashgames.it:80/the.roomz.html	20080212011342__d23111a51f79.html	http://games.flashgames.it/img.menu/separatore.gif	http://games.flashgames.it/img.menu/separatore.gif
20080212011342	http://www.flashgames.it:80/the.roomz.html	20080212011342__d23111a51f79.html	http://games.flashgames.it/img.menu/azione.gif	http://games.flashgames.it/img.menu/azione.gif
20080212011342	http://www.flashgames.it:80/the.roomz.html	20080212011342__d23111a51f79.html	/giochi-online/giochi-sportivi.html	http://www.flashgames.it:80/giochi-online/giochi-sportivi.html
20080212011342	http://www.flashgames.it:80/the.roomz.html	20080212011342__d23111a51f79.html	http://games.flashgames.it/img.menu/sport.gif	http://games.flashgames.it/img.menu/sport.gif
20080212011342	http://www.flashgames.it:80/the.roomz.html	20080212011342__d23111a51f79.html	/giochi-online/giochi-avventura.html	http://www.flashgames.it:80/giochi-online/giochi-avventura.html
20080212011342	http://www.flashgames.it:80/the.roomz.html	20080212011342__d23111a51f79.html	http://games.flashgames.it/img.menu/avventura.sel.gif	http://games.flashgames.it/img.menu/avventura.sel.gif
20080212011342	http://www.flashgames.it:80/the.roomz.html	20080212011342__d23111a51f79.html	/giochi-online/giochi-puzzle.html	http://www.flashgames.it:80/giochi-online/giochi-puzzle.html
20080212011342	http://www.flashgames.it:80/the.roomz.html	20080212011342__d23111a51f79.html	http://games.flashgames.it/img.menu/puzzle.gif	http://games.flashgames.it/img.menu/puzzle.gif
20080212011342	http://www.flashgames.it:80/the.roomz.html	20080212011342__d23111a51f79.html	/giochi-online/giochi-divertenti.html	http://www.flashgames.it:80/giochi-online/giochi-divertenti.html
20080212011342	http://www.flashgames.it:80/the.roomz.html	20080212011342__d23111a51f79.html	http://games.flashgames.it/img.menu/humor.gif	http://games.flashgames.it/img.menu/humor.gif
20080212011342	http://www.flashgames.it:80/the.roomz.html	20080212011342__d23111a51f79.html	/giochi-online/giochi-datavolo.html	http://www.flashgames.it:80/giochi-online/giochi-datavolo.html
20080212011342	http://www.flashgames.it:80/the.roomz.html	20080212011342__d23111a51f79.html	http://games.flashgames.it/img.menu/datavolo.gif	http://games.flashgames.it/img.menu/datavolo.gif
20080212011342	http://www.flashgames.it:80/the.roomz.html	20080212011342__d23111a51f79.html	/giochi-online/giochi-erotici.html	http://www.flashgames.it:80/giochi-online/giochi-erotici.html
20080212011342	http://www.flashgames.it:80/the.roomz.html	20080212011342__d23111a51f79.html	http://games.flashgames.it/img.menu/sexy.gif	http://games.flashgames.it/img.menu/sexy.gif
20080212011342	http://www.flashgames.it:80/the.roomz.html	20080212011342__d23111a51f79.html	/giochi-online/casino-online.html	http://www.flashgames.it:80/giochi-online/casino-online.html
20080212011342	http://www.flashgames.it:80/the.roomz.html	20080212011342__d23111a51f79.html	http://games.flashgames.it/img.menu/casino.gif	http://games.flashgames.it/img.menu/casino.gif
20080212011342	http://www.flashgames.it:80/the.roomz.html	20080212011342__d23111a51f79.html	/gioco.random.php	http://www.flashgames.it:80/gioco.random.php
20080212011342	http://www.flashgames.it:80/the.roomz.html	20080212011342__d23111a51f79.html	http://games.flashgames.it/img.menu/gioco.random.gif	http://games.flashgames.it/img.menu/gioco.random.gif
20080212011342	http://www.flashgames.it:80/the.roomz.html	20080212011342__d23111a51f79.html	/img/istruzioni.gioco.gif	http://www.flashgames.it:80/img/istruzioni.gioco.gif
20080212011342	http://www.flashgames.it:80/the.roomz.html	20080212011342__d23111a51f79.html	/img/spaziatura10.gif	http://www.flashgames.it:80/img/spaziatura10.gif
20080212011342	http://www.flashgames.it:80/the.roomz.html	20080212011342__d23111a51f79.html	/img/flash.gif	http://www.flashgames.it:80/img/flash.gif
20080212011342	http://www.flashgames.it:80/the.roomz.html	20080212011342__d23111a51f79.html	/img/shock.gif	http://www.flashgames.it:80/img/shock.gif
20080212011342	http://www.flashgames.it:80/the.roomz.html	20080212011342__d23111a51f79.html	tag.css	http://www.flashgames.it:80/tag.css
20080212011342	http://www.flashgames.it:80/the.roomz.html	20080212011342__d23111a51f79.html	the.roomz	http://www.flashgames.it:80/the.roomz
20080212011342	http://www.flashgames.it:80/the.roomz.html	20080212011342__d23111a51f79.html	/tagboard/tag.php?email=the.roomz	http://www.flashgames.it:80/tagboard/tag.php?email=the.roomz
20080212011342	http://www.flashgames.it:80/the.roomz.html	20080212011342__d23111a51f79.html	/tagboard/images/smile.gif	http://www.flashgames.it:80/tagboard/images/smile.gif
20080212011342	http://www.flashgames.it:80/the.roomz.html	20080212011342__d23111a51f79.html	/tagboard/images/grin.gif	http://www.flashgames.it:80/tagboard/images/grin.gif
20080212011342	http://www.flashgames.it:80/the.roomz.html	20080212011342__d23111a51f79.html	/tagboard/images/stick.gif	http://www.flashgames.it:80/tagboard/images/stick.gif
20080212011342	http://www.flashgames.it:80/the.roomz.html	20080212011342__d23111a51f79.html	/tagboard/images/lv.gif	http://www.flashgames.it:80/tagboard/images/lv.gif
20080212011342	http://www.flashgames.it:80/the.roomz.html	20080212011342__d23111a51f79.html	/tagboard/images/wink.gif	http://www.flashgames.it:80/tagboard/images/wink.gif
20080212011342	http://www.flashgames.it:80/the.roomz.html	20080212011342__d23111a51f79.html	/tagboard/images/io.gif	http://www.flashgames.it:80/tagboard/images/io.gif
20080212011342	http://www.flashgames.it:80/the.roomz.html	20080212011342__d23111a51f79.html	/tagboard/images/grr.gif	http://www.flashgames.it:80/tagboard/images/grr.gif
20080212011342	http://www.flashgames.it:80/the.roomz.html	20080212011342__d23111a51f79.html	/tagboard/images/sadd.gif	http://www.flashgames.it:80/tagboard/images/sadd.gif
20080212011342	http://www.flashgames.it:80/the.roomz.html	20080212011342__d23111a51f79.html	/tagboard/images/boo.gif	http://www.flashgames.it:80/tagboard/images/boo.gif
20080212011342	http://www.flashgames.it:80/the.roomz.html	20080212011342__d23111a51f79.html	/tagboard/images/uhm.gif	http://www.flashgames.it:80/tagboard/images/uhm.gif
20080212011342	http://www.flashgames.it:80/the.roomz.html	20080212011342__d23111a51f79.html	/tagboard/images/argh.gif	http://www.flashgames.it:80/tagboard/images/argh.gif
20080212011342	http://www.flashgames.it:80/the.roomz.html	20080212011342__d23111a51f79.html	/tagboard/images/gasp.gif	http://www.flashgames.it:80/tagboard/images/gasp.gif
20080212011342	http://www.flashgames.it:80/the.roomz.html	20080212011342__d23111a51f79.html	/tagboard/images/ok.gif	http://www.flashgames.it:80/tagboard/images/ok.gif
20080212011342	http://www.flashgames.it:80/the.roomz.html	20080212011342__d23111a51f79.html	invia	http://www.flashgames.it:80/invia
20080212011342	http://www.flashgames.it:80/the.roomz.html	20080212011342__d23111a51f79.html	/img/sf.gametop.gif	http://www.flashgames.it:80/img/sf.gametop.gif
20080212011342	http://www.flashgames.it:80/the.roomz.html	20080212011342__d23111a51f79.html	http://games.flashgames.it/avventura/the.roomz/game.swf	http://games.flashgames.it/avventura/the.roomz/game.swf
20080212011342	http://www.flashgames.it:80/the.roomz.html	20080212011342__d23111a51f79.html	high	http://www.flashgames.it:80/high
20080212011342	http://www.flashgames.it:80/the.roomz.html	20080212011342__d23111a51f79.html	/img/sf.gamebottom.gif	http://www.flashgames.it:80/img/sf.gamebottom.gif
20080212011342	http://www.flashgames.it:80/the.roomz.html	20080212011342__d23111a51f79.html	/img/giochi.preferiti.gif	http://www.flashgames.it:80/img/giochi.preferiti.gif
20080212011342	http://www.flashgames.it:80/the.roomz.html	20080212011342__d23111a51f79.html	/img/ico.dadi.gif	http://www.flashgames.it:80/img/ico.dadi.gif
20080212011342	http://www.flashgames.it:80/the.roomz.html	20080212011342__d23111a51f79.html	/img/sfida.amico.gif	http://www.flashgames.it:80/img/sfida.amico.gif
20080212011342	http://www.flashgames.it:80/the.roomz.html	20080212011342__d23111a51f79.html	/img/ico.pupazzetto.gif	http://www.flashgames.it:80/img/ico.pupazzetto.gif
20080212011342	http://www.flashgames.it:80/the.roomz.html	20080212011342__d23111a51f79.html	sfida.php?icona=the.roomz	http://www.flashgames.it:80/sfida.php?icona=the.roomz
20080212011342	http://www.flashgames.it:80/the.roomz.html	20080212011342__d23111a51f79.html	/img/bloggames.tit.gif	http://www.flashgames.it:80/img/bloggames.tit.gif
20080212011342	http://www.flashgames.it:80/the.roomz.html	20080212011342__d23111a51f79.html	http://www.flashgames.it/bloggames.php	http://www.flashgames.it/bloggames.php
20080212011342	http://www.flashgames.it:80/the.roomz.html	20080212011342__d23111a51f79.html	http://www.flashgames.it/bloggamesforum.php?id=4156	http://www.flashgames.it/bloggamesforum.php?id=4156
20080212011342	http://www.flashgames.it:80/the.roomz.html	20080212011342__d23111a51f79.html	http://www.flashgames.it/avventura/the.roomz/ico.gif	http://www.flashgames.it/avventura/the.roomz/ico.gif
20080212011342	http://www.flashgames.it:80/the.roomz.html	20080212011342__d23111a51f79.html	http://www.flashgames.it/webmastergame.php?icona=the.roomz	http://www.flashgames.it/webmastergame.php?icona=the.roomz
20080212011342	http://www.flashgames.it:80/the.roomz.html	20080212011342__d23111a51f79.html	http://www.flashgames.it/webmaster/gioca.gif	http://www.flashgames.it/webmaster/gioca.gif
20080212011342	http://www.flashgames.it:80/the.roomz.html	20080212011342__d23111a51f79.html	http://www.flashgames.it	http://www.flashgames.it
20080212011342	http://www.flashgames.it:80/the.roomz.html	20080212011342__d23111a51f79.html	/img/footer.gif	http://www.flashgames.it:80/img/footer.gif
20080212011342	http://www.flashgames.it:80/the.roomz.html	20080212011342__d23111a51f79.html	/img/logo.formatc.gif	http://www.flashgames.it:80/img/logo.formatc.gif
20080212011342	http://www.flashgames.it:80/the.roomz.html	20080212011342__d23111a51f79.html	/img/logo.dada.gif	http://www.flashgames.it:80/img/logo.dada.gif
20080212011342	http://www.flashgames.it:80/the.roomz.html	20080212011342__d23111a51f79.html	http://www.flashgames.it/the.roomz.html	http://www.flashgames.it/the.roomz.html
20080212011342	http://www.flashgames.it:80/the.roomz.html	20080212011342__d23111a51f79.html	http://www.flashgames.it/avventura/the.roomz/ico.gif[/IMG]	http://www.flashgames.it/avventura/the.roomz/ico.gif[/IMG]
20080212011342	http://www.flashgames.it:80/the.roomz.html	20080212011342__d23111a51f79.html	http://www.flashgames.it/the.roomz.html][img]http://www.flashgames.it/webmaster/gioca.gif[/img][/url]	http://www.flashgames.it/the.roomz.html][img]http://www.flashgames.it/webmaster/gioca.gif[/img][/url]
20080314181701	http://www.flashgames.it:80/the.roomz.html	20080314181701__1199735e7ac1.html	/include/script_linguetta.js	http://www.flashgames.it:80/include/script_linguetta.js
20080314181701	http://www.flashgames.it:80/the.roomz.html	20080314181701__1199735e7ac1.html	/style.css	http://www.flashgames.it:80/style.css
20080314181701	http://www.flashgames.it:80/the.roomz.html	20080314181701__1199735e7ac1.html	/img.menu/singleplayer.gif	http://www.flashgames.it:80/img.menu/singleplayer.gif
20080314181701	http://www.flashgames.it:80/the.roomz.html	20080314181701__1199735e7ac1.html	/img.menu/barretta.gif	http://www.flashgames.it:80/img.menu/barretta.gif
20080314181701	http://www.flashgames.it:80/the.roomz.html	20080314181701__1199735e7ac1.html	/indexmp.php	http://www.flashgames.it:80/indexmp.php
20080314181701	http://www.flashgames.it:80/the.roomz.html	20080314181701__1199735e7ac1.html	/img.menu/multiplayer.gif	http://www.flashgames.it:80/img.menu/multiplayer.gif
20080314181701	http://www.flashgames.it:80/the.roomz.html	20080314181701__1199735e7ac1.html	/index.php	http://www.flashgames.it:80/index.php
20080314181701	http://www.flashgames.it:80/the.roomz.html	20080314181701__1199735e7ac1.html	/img/logo.gif	http://www.flashgames.it:80/img/logo.gif
20080314181701	http://www.flashgames.it:80/the.roomz.html	20080314181701__1199735e7ac1.html	/giochi4.gif	http://www.flashgames.it:80/giochi4.gif
20080314181701	http://www.flashgames.it:80/the.roomz.html	20080314181701__1199735e7ac1.html	/img/ico.data.gif	http://www.flashgames.it:80/img/ico.data.gif
20080314181701	http://www.flashgames.it:80/the.roomz.html	20080314181701__1199735e7ac1.html	/include/orario_menu.js	http://www.flashgames.it:80/include/orario_menu.js
20080314181701	http://www.flashgames.it:80/the.roomz.html	20080314181701__1199735e7ac1.html	/img/stats.giocatori.gif	http://www.flashgames.it:80/img/stats.giocatori.gif
20080314181701	http://www.flashgames.it:80/the.roomz.html	20080314181701__1199735e7ac1.html	/online/online.php	http://www.flashgames.it:80/online/online.php
20080314181701	http://www.flashgames.it:80/the.roomz.html	20080314181701__1199735e7ac1.html	/giochi-online/giochi-azione.html	http://www.flashgames.it:80/giochi-online/giochi-azione.html
20080314181701	http://www.flashgames.it:80/the.roomz.html	20080314181701__1199735e7ac1.html	/giochi-online/giochi-abilita.html	http://www.flashgames.it:80/giochi-online/giochi-abilita.html
20080314181701	http://www.flashgames.it:80/the.roomz.html	20080314181701__1199735e7ac1.html	http://games.flashgames.it/img.menu/abilita.gif	http://games.flashgames.it/img.menu/abilita.gif
20080314181701	http://www.flashgames.it:80/the.roomz.html	20080314181701__1199735e7ac1.html	http://games.flashgames.it/img.menu/separatore.gif	http://games.flashgames.it/img.menu/separatore.gif
20080314181701	http://www.flashgames.it:80/the.roomz.html	20080314181701__1199735e7ac1.html	http://games.flashgames.it/img.menu/azione.gif	http://games.flashgames.it/img.menu/azione.gif
20080314181701	http://www.flashgames.it:80/the.roomz.html	20080314181701__1199735e7ac1.html	/giochi-online/giochi-sportivi.html	http://www.flashgames.it:80/giochi-online/giochi-sportivi.html
20080314181701	http://www.flashgames.it:80/the.roomz.html	20080314181701__1199735e7ac1.html	http://games.flashgames.it/img.menu/sport.gif	http://games.flashgames.it/img.menu/sport.gif
20080314181701	http://www.flashgames.it:80/the.roomz.html	20080314181701__1199735e7ac1.html	/giochi-online/giochi-avventura.html	http://www.flashgames.it:80/giochi-online/giochi-avventura.html
20080314181701	http://www.flashgames.it:80/the.roomz.html	20080314181701__1199735e7ac1.html	http://games.flashgames.it/img.menu/avventura.sel.gif	http://games.flashgames.it/img.menu/avventura.sel.gif
20080314181701	http://www.flashgames.it:80/the.roomz.html	20080314181701__1199735e7ac1.html	/giochi-online/giochi-puzzle.html	http://www.flashgames.it:80/giochi-online/giochi-puzzle.html
20080314181701	http://www.flashgames.it:80/the.roomz.html	20080314181701__1199735e7ac1.html	http://games.flashgames.it/img.menu/puzzle.gif	http://games.flashgames.it/img.menu/puzzle.gif
20080314181701	http://www.flashgames.it:80/the.roomz.html	20080314181701__1199735e7ac1.html	/giochi-online/giochi-divertenti.html	http://www.flashgames.it:80/giochi-online/giochi-divertenti.html
20080314181701	http://www.flashgames.it:80/the.roomz.html	20080314181701__1199735e7ac1.html	http://games.flashgames.it/img.menu/humor.gif	http://games.flashgames.it/img.menu/humor.gif
20080314181701	http://www.flashgames.it:80/the.roomz.html	20080314181701__1199735e7ac1.html	/giochi-online/giochi-datavolo.html	http://www.flashgames.it:80/giochi-online/giochi-datavolo.html
20080314181701	http://www.flashgames.it:80/the.roomz.html	20080314181701__1199735e7ac1.html	http://games.flashgames.it/img.menu/datavolo.gif	http://games.flashgames.it/img.menu/datavolo.gif
20080314181701	http://www.flashgames.it:80/the.roomz.html	20080314181701__1199735e7ac1.html	/giochi-online/giochi-erotici.html	http://www.flashgames.it:80/giochi-online/giochi-erotici.html
20080314181701	http://www.flashgames.it:80/the.roomz.html	20080314181701__1199735e7ac1.html	http://games.flashgames.it/img.menu/sexy.gif	http://games.flashgames.it/img.menu/sexy.gif
20080314181701	http://www.flashgames.it:80/the.roomz.html	20080314181701__1199735e7ac1.html	/giochi-online/casino-online.html	http://www.flashgames.it:80/giochi-online/casino-online.html
20080314181701	http://www.flashgames.it:80/the.roomz.html	20080314181701__1199735e7ac1.html	http://games.flashgames.it/img.menu/casino.gif	http://games.flashgames.it/img.menu/casino.gif
20080314181701	http://www.flashgames.it:80/the.roomz.html	20080314181701__1199735e7ac1.html	/gioco.random.php	http://www.flashgames.it:80/gioco.random.php
20080314181701	http://www.flashgames.it:80/the.roomz.html	20080314181701__1199735e7ac1.html	http://games.flashgames.it/img.menu/gioco.random.gif	http://games.flashgames.it/img.menu/gioco.random.gif
20080314181701	http://www.flashgames.it:80/the.roomz.html	20080314181701__1199735e7ac1.html	/img/istruzioni.gioco.gif	http://www.flashgames.it:80/img/istruzioni.gioco.gif
20080314181701	http://www.flashgames.it:80/the.roomz.html	20080314181701__1199735e7ac1.html	/img/spaziatura10.gif	http://www.flashgames.it:80/img/spaziatura10.gif
20080314181701	http://www.flashgames.it:80/the.roomz.html	20080314181701__1199735e7ac1.html	/img/flash.gif	http://www.flashgames.it:80/img/flash.gif
20080314181701	http://www.flashgames.it:80/the.roomz.html	20080314181701__1199735e7ac1.html	/img/shock.gif	http://www.flashgames.it:80/img/shock.gif
20080314181701	http://www.flashgames.it:80/the.roomz.html	20080314181701__1199735e7ac1.html	tag.css	http://www.flashgames.it:80/tag.css
20080314181701	http://www.flashgames.it:80/the.roomz.html	20080314181701__1199735e7ac1.html	the.roomz	http://www.flashgames.it:80/the.roomz
20080314181701	http://www.flashgames.it:80/the.roomz.html	20080314181701__1199735e7ac1.html	/tagboard/tag.php?email=the.roomz	http://www.flashgames.it:80/tagboard/tag.php?email=the.roomz
20080314181701	http://www.flashgames.it:80/the.roomz.html	20080314181701__1199735e7ac1.html	/tagboard/images/smile.gif	http://www.flashgames.it:80/tagboard/images/smile.gif
20080314181701	http://www.flashgames.it:80/the.roomz.html	20080314181701__1199735e7ac1.html	/tagboard/images/grin.gif	http://www.flashgames.it:80/tagboard/images/grin.gif
20080314181701	http://www.flashgames.it:80/the.roomz.html	20080314181701__1199735e7ac1.html	/tagboard/images/stick.gif	http://www.flashgames.it:80/tagboard/images/stick.gif
20080314181701	http://www.flashgames.it:80/the.roomz.html	20080314181701__1199735e7ac1.html	/tagboard/images/lv.gif	http://www.flashgames.it:80/tagboard/images/lv.gif
20080314181701	http://www.flashgames.it:80/the.roomz.html	20080314181701__1199735e7ac1.html	/tagboard/images/wink.gif	http://www.flashgames.it:80/tagboard/images/wink.gif
20080314181701	http://www.flashgames.it:80/the.roomz.html	20080314181701__1199735e7ac1.html	/tagboard/images/io.gif	http://www.flashgames.it:80/tagboard/images/io.gif
20080314181701	http://www.flashgames.it:80/the.roomz.html	20080314181701__1199735e7ac1.html	/tagboard/images/grr.gif	http://www.flashgames.it:80/tagboard/images/grr.gif
20080314181701	http://www.flashgames.it:80/the.roomz.html	20080314181701__1199735e7ac1.html	/tagboard/images/sadd.gif	http://www.flashgames.it:80/tagboard/images/sadd.gif
20080314181701	http://www.flashgames.it:80/the.roomz.html	20080314181701__1199735e7ac1.html	/tagboard/images/boo.gif	http://www.flashgames.it:80/tagboard/images/boo.gif
20080314181701	http://www.flashgames.it:80/the.roomz.html	20080314181701__1199735e7ac1.html	/tagboard/images/uhm.gif	http://www.flashgames.it:80/tagboard/images/uhm.gif
20080314181701	http://www.flashgames.it:80/the.roomz.html	20080314181701__1199735e7ac1.html	/tagboard/images/argh.gif	http://www.flashgames.it:80/tagboard/images/argh.gif
20080314181701	http://www.flashgames.it:80/the.roomz.html	20080314181701__1199735e7ac1.html	/tagboard/images/gasp.gif	http://www.flashgames.it:80/tagboard/images/gasp.gif
20080314181701	http://www.flashgames.it:80/the.roomz.html	20080314181701__1199735e7ac1.html	/tagboard/images/ok.gif	http://www.flashgames.it:80/tagboard/images/ok.gif
20080314181701	http://www.flashgames.it:80/the.roomz.html	20080314181701__1199735e7ac1.html	invia	http://www.flashgames.it:80/invia
20080314181701	http://www.flashgames.it:80/the.roomz.html	20080314181701__1199735e7ac1.html	/img/sf.gametop.gif	http://www.flashgames.it:80/img/sf.gametop.gif
20080314181701	http://www.flashgames.it:80/the.roomz.html	20080314181701__1199735e7ac1.html	http://games.flashgames.it/avventura/the.roomz/game.swf	http://games.flashgames.it/avventura/the.roomz/game.swf
20080314181701	http://www.flashgames.it:80/the.roomz.html	20080314181701__1199735e7ac1.html	high	http://www.flashgames.it:80/high
20080314181701	http://www.flashgames.it:80/the.roomz.html	20080314181701__1199735e7ac1.html	/img/sf.gamebottom.gif	http://www.flashgames.it:80/img/sf.gamebottom.gif
20080314181701	http://www.flashgames.it:80/the.roomz.html	20080314181701__1199735e7ac1.html	/img/giochi.preferiti.gif	http://www.flashgames.it:80/img/giochi.preferiti.gif
20080314181701	http://www.flashgames.it:80/the.roomz.html	20080314181701__1199735e7ac1.html	/img/ico.dadi.gif	http://www.flashgames.it:80/img/ico.dadi.gif
20080314181701	http://www.flashgames.it:80/the.roomz.html	20080314181701__1199735e7ac1.html	/img/sfida.amico.gif	http://www.flashgames.it:80/img/sfida.amico.gif
20080314181701	http://www.flashgames.it:80/the.roomz.html	20080314181701__1199735e7ac1.html	/img/ico.pupazzetto.gif	http://www.flashgames.it:80/img/ico.pupazzetto.gif
20080314181701	http://www.flashgames.it:80/the.roomz.html	20080314181701__1199735e7ac1.html	sfida.php?icona=the.roomz	http://www.flashgames.it:80/sfida.php?icona=the.roomz
20080314181701	http://www.flashgames.it:80/the.roomz.html	20080314181701__1199735e7ac1.html	/img/bloggames.tit.gif	http://www.flashgames.it:80/img/bloggames.tit.gif
20080314181701	http://www.flashgames.it:80/the.roomz.html	20080314181701__1199735e7ac1.html	http://www.flashgames.it/bloggames.php	http://www.flashgames.it/bloggames.php
20080314181701	http://www.flashgames.it:80/the.roomz.html	20080314181701__1199735e7ac1.html	http://www.flashgames.it/bloggamesforum.php?id=4156	http://www.flashgames.it/bloggamesforum.php?id=4156
20080314181701	http://www.flashgames.it:80/the.roomz.html	20080314181701__1199735e7ac1.html	http://www.flashgames.it/avventura/the.roomz/ico.gif	http://www.flashgames.it/avventura/the.roomz/ico.gif
20080314181701	http://www.flashgames.it:80/the.roomz.html	20080314181701__1199735e7ac1.html	http://www.flashgames.it/webmastergame.php?icona=the.roomz	http://www.flashgames.it/webmastergame.php?icona=the.roomz
20080314181701	http://www.flashgames.it:80/the.roomz.html	20080314181701__1199735e7ac1.html	http://www.flashgames.it/webmaster/gioca.gif	http://www.flashgames.it/webmaster/gioca.gif
20080314181701	http://www.flashgames.it:80/the.roomz.html	20080314181701__1199735e7ac1.html	http://www.flashgames.it	http://www.flashgames.it
20080314181701	http://www.flashgames.it:80/the.roomz.html	20080314181701__1199735e7ac1.html	/img/footer.gif	http://www.flashgames.it:80/img/footer.gif
20080314181701	http://www.flashgames.it:80/the.roomz.html	20080314181701__1199735e7ac1.html	/img/logo.formatc.gif	http://www.flashgames.it:80/img/logo.formatc.gif
20080314181701	http://www.flashgames.it:80/the.roomz.html	20080314181701__1199735e7ac1.html	/img/logo.dada.gif	http://www.flashgames.it:80/img/logo.dada.gif
20080314181701	http://www.flashgames.it:80/the.roomz.html	20080314181701__1199735e7ac1.html	http://www.flashgames.it/the.roomz.html	http://www.flashgames.it/the.roomz.html
20080314181701	http://www.flashgames.it:80/the.roomz.html	20080314181701__1199735e7ac1.html	http://www.flashgames.it/avventura/the.roomz/ico.gif[/IMG]	http://www.flashgames.it/avventura/the.roomz/ico.gif[/IMG]
20080314181701	http://www.flashgames.it:80/the.roomz.html	20080314181701__1199735e7ac1.html	http://www.flashgames.it/the.roomz.html][img]http://www.flashgames.it/webmaster/gioca.gif[/img][/url]	http://www.flashgames.it/the.roomz.html][img]http://www.flashgames.it/webmaster/gioca.gif[/img][/url]
20080915213358	http://www.flashgames.it:80/the.roomz.html	20080915213358__3baac9dfba16.html	/include/script_linguetta.js	http://www.flashgames.it:80/include/script_linguetta.js
20080915213358	http://www.flashgames.it:80/the.roomz.html	20080915213358__3baac9dfba16.html	/style.css	http://www.flashgames.it:80/style.css
20080915213358	http://www.flashgames.it:80/the.roomz.html	20080915213358__3baac9dfba16.html	/img.menu/singleplayer.gif	http://www.flashgames.it:80/img.menu/singleplayer.gif
20080915213358	http://www.flashgames.it:80/the.roomz.html	20080915213358__3baac9dfba16.html	/img.menu/barretta.gif	http://www.flashgames.it:80/img.menu/barretta.gif
20080915213358	http://www.flashgames.it:80/the.roomz.html	20080915213358__3baac9dfba16.html	/indexmp.php	http://www.flashgames.it:80/indexmp.php
20080915213358	http://www.flashgames.it:80/the.roomz.html	20080915213358__3baac9dfba16.html	/img.menu/multiplayer.gif	http://www.flashgames.it:80/img.menu/multiplayer.gif
20080915213358	http://www.flashgames.it:80/the.roomz.html	20080915213358__3baac9dfba16.html	/index.php	http://www.flashgames.it:80/index.php
20080915213358	http://www.flashgames.it:80/the.roomz.html	20080915213358__3baac9dfba16.html	/img/logo.gif	http://www.flashgames.it:80/img/logo.gif
20080915213358	http://www.flashgames.it:80/the.roomz.html	20080915213358__3baac9dfba16.html	/img/ico.data.gif	http://www.flashgames.it:80/img/ico.data.gif
20080915213358	http://www.flashgames.it:80/the.roomz.html	20080915213358__3baac9dfba16.html	/include/orario_menu.js	http://www.flashgames.it:80/include/orario_menu.js
20080915213358	http://www.flashgames.it:80/the.roomz.html	20080915213358__3baac9dfba16.html	/img/stats.giocatori.gif	http://www.flashgames.it:80/img/stats.giocatori.gif
20080915213358	http://www.flashgames.it:80/the.roomz.html	20080915213358__3baac9dfba16.html	/online/online.php	http://www.flashgames.it:80/online/online.php
20080915213358	http://www.flashgames.it:80/the.roomz.html	20080915213358__3baac9dfba16.html	/giochi-online/giochi-azione.html	http://www.flashgames.it:80/giochi-online/giochi-azione.html
20080915213358	http://www.flashgames.it:80/the.roomz.html	20080915213358__3baac9dfba16.html	/giochi-online/giochi-abilita.html	http://www.flashgames.it:80/giochi-online/giochi-abilita.html
20080915213358	http://www.flashgames.it:80/the.roomz.html	20080915213358__3baac9dfba16.html	http://games.flashgames.it/img.menu/abilita.gif	http://games.flashgames.it/img.menu/abilita.gif
20080915213358	http://www.flashgames.it:80/the.roomz.html	20080915213358__3baac9dfba16.html	http://games.flashgames.it/img.menu/separatore.gif	http://games.flashgames.it/img.menu/separatore.gif
20080915213358	http://www.flashgames.it:80/the.roomz.html	20080915213358__3baac9dfba16.html	http://games.flashgames.it/img.menu/azione.gif	http://games.flashgames.it/img.menu/azione.gif
20080915213358	http://www.flashgames.it:80/the.roomz.html	20080915213358__3baac9dfba16.html	/giochi-online/giochi-sportivi.html	http://www.flashgames.it:80/giochi-online/giochi-sportivi.html
20080915213358	http://www.flashgames.it:80/the.roomz.html	20080915213358__3baac9dfba16.html	http://games.flashgames.it/img.menu/sport.gif	http://games.flashgames.it/img.menu/sport.gif
20080915213358	http://www.flashgames.it:80/the.roomz.html	20080915213358__3baac9dfba16.html	/giochi-online/giochi-avventura.html	http://www.flashgames.it:80/giochi-online/giochi-avventura.html
20080915213358	http://www.flashgames.it:80/the.roomz.html	20080915213358__3baac9dfba16.html	http://games.flashgames.it/img.menu/avventura.sel.gif	http://games.flashgames.it/img.menu/avventura.sel.gif
20080915213358	http://www.flashgames.it:80/the.roomz.html	20080915213358__3baac9dfba16.html	/giochi-online/giochi-puzzle.html	http://www.flashgames.it:80/giochi-online/giochi-puzzle.html
20080915213358	http://www.flashgames.it:80/the.roomz.html	20080915213358__3baac9dfba16.html	http://games.flashgames.it/img.menu/puzzle.gif	http://games.flashgames.it/img.menu/puzzle.gif
20080915213358	http://www.flashgames.it:80/the.roomz.html	20080915213358__3baac9dfba16.html	/giochi-online/giochi-divertenti.html	http://www.flashgames.it:80/giochi-online/giochi-divertenti.html
20080915213358	http://www.flashgames.it:80/the.roomz.html	20080915213358__3baac9dfba16.html	http://games.flashgames.it/img.menu/humor.gif	http://games.flashgames.it/img.menu/humor.gif
20080915213358	http://www.flashgames.it:80/the.roomz.html	20080915213358__3baac9dfba16.html	/giochi-online/giochi-datavolo.html	http://www.flashgames.it:80/giochi-online/giochi-datavolo.html
20080915213358	http://www.flashgames.it:80/the.roomz.html	20080915213358__3baac9dfba16.html	http://games.flashgames.it/img.menu/datavolo.gif	http://games.flashgames.it/img.menu/datavolo.gif
20080915213358	http://www.flashgames.it:80/the.roomz.html	20080915213358__3baac9dfba16.html	/giochi-online/giochi-erotici.html	http://www.flashgames.it:80/giochi-online/giochi-erotici.html
20080915213358	http://www.flashgames.it:80/the.roomz.html	20080915213358__3baac9dfba16.html	http://games.flashgames.it/img.menu/sexy.gif	http://games.flashgames.it/img.menu/sexy.gif
20080915213358	http://www.flashgames.it:80/the.roomz.html	20080915213358__3baac9dfba16.html	/giochi-online/casino-online.html	http://www.flashgames.it:80/giochi-online/casino-online.html
20080915213358	http://www.flashgames.it:80/the.roomz.html	20080915213358__3baac9dfba16.html	http://games.flashgames.it/img.menu/casino.gif	http://games.flashgames.it/img.menu/casino.gif
20080915213358	http://www.flashgames.it:80/the.roomz.html	20080915213358__3baac9dfba16.html	/gioco.random.php	http://www.flashgames.it:80/gioco.random.php
20080915213358	http://www.flashgames.it:80/the.roomz.html	20080915213358__3baac9dfba16.html	http://games.flashgames.it/img.menu/gioco.random.gif	http://games.flashgames.it/img.menu/gioco.random.gif
20080915213358	http://www.flashgames.it:80/the.roomz.html	20080915213358__3baac9dfba16.html	/img/istruzioni.gioco.gif	http://www.flashgames.it:80/img/istruzioni.gioco.gif
20080915213358	http://www.flashgames.it:80/the.roomz.html	20080915213358__3baac9dfba16.html	/img/spaziatura10.gif	http://www.flashgames.it:80/img/spaziatura10.gif
20080915213358	http://www.flashgames.it:80/the.roomz.html	20080915213358__3baac9dfba16.html	/img/flash.gif	http://www.flashgames.it:80/img/flash.gif
20080915213358	http://www.flashgames.it:80/the.roomz.html	20080915213358__3baac9dfba16.html	/img/shock.gif	http://www.flashgames.it:80/img/shock.gif
20080915213358	http://www.flashgames.it:80/the.roomz.html	20080915213358__3baac9dfba16.html	tag.css	http://www.flashgames.it:80/tag.css
20080915213358	http://www.flashgames.it:80/the.roomz.html	20080915213358__3baac9dfba16.html	the.roomz	http://www.flashgames.it:80/the.roomz
20080915213358	http://www.flashgames.it:80/the.roomz.html	20080915213358__3baac9dfba16.html	/tagboard/tag.php?email=the.roomz	http://www.flashgames.it:80/tagboard/tag.php?email=the.roomz
20080915213358	http://www.flashgames.it:80/the.roomz.html	20080915213358__3baac9dfba16.html	/tagboard/images/smile.gif	http://www.flashgames.it:80/tagboard/images/smile.gif
20080915213358	http://www.flashgames.it:80/the.roomz.html	20080915213358__3baac9dfba16.html	/tagboard/images/grin.gif	http://www.flashgames.it:80/tagboard/images/grin.gif
20080915213358	http://www.flashgames.it:80/the.roomz.html	20080915213358__3baac9dfba16.html	/tagboard/images/stick.gif	http://www.flashgames.it:80/tagboard/images/stick.gif
20080915213358	http://www.flashgames.it:80/the.roomz.html	20080915213358__3baac9dfba16.html	/tagboard/images/lv.gif	http://www.flashgames.it:80/tagboard/images/lv.gif
20080915213358	http://www.flashgames.it:80/the.roomz.html	20080915213358__3baac9dfba16.html	/tagboard/images/wink.gif	http://www.flashgames.it:80/tagboard/images/wink.gif
20080915213358	http://www.flashgames.it:80/the.roomz.html	20080915213358__3baac9dfba16.html	/tagboard/images/io.gif	http://www.flashgames.it:80/tagboard/images/io.gif
20080915213358	http://www.flashgames.it:80/the.roomz.html	20080915213358__3baac9dfba16.html	/tagboard/images/grr.gif	http://www.flashgames.it:80/tagboard/images/grr.gif
20080915213358	http://www.flashgames.it:80/the.roomz.html	20080915213358__3baac9dfba16.html	/tagboard/images/sadd.gif	http://www.flashgames.it:80/tagboard/images/sadd.gif
20080915213358	http://www.flashgames.it:80/the.roomz.html	20080915213358__3baac9dfba16.html	/tagboard/images/boo.gif	http://www.flashgames.it:80/tagboard/images/boo.gif
20080915213358	http://www.flashgames.it:80/the.roomz.html	20080915213358__3baac9dfba16.html	/tagboard/images/uhm.gif	http://www.flashgames.it:80/tagboard/images/uhm.gif
20080915213358	http://www.flashgames.it:80/the.roomz.html	20080915213358__3baac9dfba16.html	/tagboard/images/argh.gif	http://www.flashgames.it:80/tagboard/images/argh.gif
20080915213358	http://www.flashgames.it:80/the.roomz.html	20080915213358__3baac9dfba16.html	/tagboard/images/gasp.gif	http://www.flashgames.it:80/tagboard/images/gasp.gif
20080915213358	http://www.flashgames.it:80/the.roomz.html	20080915213358__3baac9dfba16.html	/tagboard/images/ok.gif	http://www.flashgames.it:80/tagboard/images/ok.gif
20080915213358	http://www.flashgames.it:80/the.roomz.html	20080915213358__3baac9dfba16.html	invia	http://www.flashgames.it:80/invia
20080915213358	http://www.flashgames.it:80/the.roomz.html	20080915213358__3baac9dfba16.html	/img/sf.gametop.gif	http://www.flashgames.it:80/img/sf.gametop.gif
20080915213358	http://www.flashgames.it:80/the.roomz.html	20080915213358__3baac9dfba16.html	http://games.flashgames.it/avventura/the.roomz/game.swf	http://games.flashgames.it/avventura/the.roomz/game.swf
20080915213358	http://www.flashgames.it:80/the.roomz.html	20080915213358__3baac9dfba16.html	high	http://www.flashgames.it:80/high
20080915213358	http://www.flashgames.it:80/the.roomz.html	20080915213358__3baac9dfba16.html	/img/sf.gamebottom.gif	http://www.flashgames.it:80/img/sf.gamebottom.gif
20080915213358	http://www.flashgames.it:80/the.roomz.html	20080915213358__3baac9dfba16.html	/img/b_fede.jpg	http://www.flashgames.it:80/img/b_fede.jpg
20080915213358	http://www.flashgames.it:80/the.roomz.html	20080915213358__3baac9dfba16.html	/img/giochi.preferiti.gif	http://www.flashgames.it:80/img/giochi.preferiti.gif
20080915213358	http://www.flashgames.it:80/the.roomz.html	20080915213358__3baac9dfba16.html	/img/ico.dadi.gif	http://www.flashgames.it:80/img/ico.dadi.gif
20080915213358	http://www.flashgames.it:80/the.roomz.html	20080915213358__3baac9dfba16.html	/img/sfida.amico.gif	http://www.flashgames.it:80/img/sfida.amico.gif
20080915213358	http://www.flashgames.it:80/the.roomz.html	20080915213358__3baac9dfba16.html	/img/ico.pupazzetto.gif	http://www.flashgames.it:80/img/ico.pupazzetto.gif
20080915213358	http://www.flashgames.it:80/the.roomz.html	20080915213358__3baac9dfba16.html	sfida.php?icona=the.roomz	http://www.flashgames.it:80/sfida.php?icona=the.roomz
20080915213358	http://www.flashgames.it:80/the.roomz.html	20080915213358__3baac9dfba16.html	/img/bloggames.tit.gif	http://www.flashgames.it:80/img/bloggames.tit.gif
20080915213358	http://www.flashgames.it:80/the.roomz.html	20080915213358__3baac9dfba16.html	http://www.flashgames.it/bloggames.php	http://www.flashgames.it/bloggames.php
20080915213358	http://www.flashgames.it:80/the.roomz.html	20080915213358__3baac9dfba16.html	http://www.flashgames.it/bloggamesforum.php?id=4156	http://www.flashgames.it/bloggamesforum.php?id=4156
20080915213358	http://www.flashgames.it:80/the.roomz.html	20080915213358__3baac9dfba16.html	http://www.flashgames.it/avventura/the.roomz/ico.gif	http://www.flashgames.it/avventura/the.roomz/ico.gif
20080915213358	http://www.flashgames.it:80/the.roomz.html	20080915213358__3baac9dfba16.html	http://www.flashgames.it/webmastergame.php?icona=the.roomz	http://www.flashgames.it/webmastergame.php?icona=the.roomz
20080915213358	http://www.flashgames.it:80/the.roomz.html	20080915213358__3baac9dfba16.html	http://www.flashgames.it/webmaster/gioca.gif	http://www.flashgames.it/webmaster/gioca.gif
20080915213358	http://www.flashgames.it:80/the.roomz.html	20080915213358__3baac9dfba16.html	http://www.flashgames.it	http://www.flashgames.it
20080915213358	http://www.flashgames.it:80/the.roomz.html	20080915213358__3baac9dfba16.html	/img/footer.gif	http://www.flashgames.it:80/img/footer.gif
20080915213358	http://www.flashgames.it:80/the.roomz.html	20080915213358__3baac9dfba16.html	/img/logo.formatc.gif	http://www.flashgames.it:80/img/logo.formatc.gif
20080915213358	http://www.flashgames.it:80/the.roomz.html	20080915213358__3baac9dfba16.html	/img/logo.dada.gif	http://www.flashgames.it:80/img/logo.dada.gif
20080915213358	http://www.flashgames.it:80/the.roomz.html	20080915213358__3baac9dfba16.html	http://www.flashgames.it/the.roomz.html	http://www.flashgames.it/the.roomz.html
20080915213358	http://www.flashgames.it:80/the.roomz.html	20080915213358__3baac9dfba16.html	http://www.flashgames.it/avventura/the.roomz/ico.gif[/IMG]	http://www.flashgames.it/avventura/the.roomz/ico.gif[/IMG]
20080915213358	http://www.flashgames.it:80/the.roomz.html	20080915213358__3baac9dfba16.html	http://www.flashgames.it/the.roomz.html][img]http://www.flashgames.it/webmaster/gioca.gif[/img][/url]	http://www.flashgames.it/the.roomz.html][img]http://www.flashgames.it/webmaster/gioca.gif[/img][/url]
20081018013235	http://www.flashgames.it:80/the.roomz.html	20081018013235__f374c38183c7.html	/include/script_linguetta.js	http://www.flashgames.it:80/include/script_linguetta.js
20081018013235	http://www.flashgames.it:80/the.roomz.html	20081018013235__f374c38183c7.html	/style.css	http://www.flashgames.it:80/style.css
20081018013235	http://www.flashgames.it:80/the.roomz.html	20081018013235__f374c38183c7.html	/img.menu/singleplayer.gif	http://www.flashgames.it:80/img.menu/singleplayer.gif
20081018013235	http://www.flashgames.it:80/the.roomz.html	20081018013235__f374c38183c7.html	/img.menu/barretta.gif	http://www.flashgames.it:80/img.menu/barretta.gif
20081018013235	http://www.flashgames.it:80/the.roomz.html	20081018013235__f374c38183c7.html	/indexmp.php	http://www.flashgames.it:80/indexmp.php
20081018013235	http://www.flashgames.it:80/the.roomz.html	20081018013235__f374c38183c7.html	/img.menu/multiplayer.gif	http://www.flashgames.it:80/img.menu/multiplayer.gif
20081018013235	http://www.flashgames.it:80/the.roomz.html	20081018013235__f374c38183c7.html	/index.php	http://www.flashgames.it:80/index.php
20081018013235	http://www.flashgames.it:80/the.roomz.html	20081018013235__f374c38183c7.html	/img/logo.gif	http://www.flashgames.it:80/img/logo.gif
20081018013235	http://www.flashgames.it:80/the.roomz.html	20081018013235__f374c38183c7.html	/img/ico.data.gif	http://www.flashgames.it:80/img/ico.data.gif
20081018013235	http://www.flashgames.it:80/the.roomz.html	20081018013235__f374c38183c7.html	/include/orario_menu.js	http://www.flashgames.it:80/include/orario_menu.js
20081018013235	http://www.flashgames.it:80/the.roomz.html	20081018013235__f374c38183c7.html	/img/stats.giocatori.gif	http://www.flashgames.it:80/img/stats.giocatori.gif
20081018013235	http://www.flashgames.it:80/the.roomz.html	20081018013235__f374c38183c7.html	/online/online.php	http://www.flashgames.it:80/online/online.php
20081018013235	http://www.flashgames.it:80/the.roomz.html	20081018013235__f374c38183c7.html	/giochi-online/giochi-azione.html	http://www.flashgames.it:80/giochi-online/giochi-azione.html
20081018013235	http://www.flashgames.it:80/the.roomz.html	20081018013235__f374c38183c7.html	/giochi-online/giochi-abilita.html	http://www.flashgames.it:80/giochi-online/giochi-abilita.html
20081018013235	http://www.flashgames.it:80/the.roomz.html	20081018013235__f374c38183c7.html	http://games.flashgames.it/img.menu/abilita.gif	http://games.flashgames.it/img.menu/abilita.gif
20081018013235	http://www.flashgames.it:80/the.roomz.html	20081018013235__f374c38183c7.html	http://games.flashgames.it/img.menu/separatore.gif	http://games.flashgames.it/img.menu/separatore.gif
20081018013235	http://www.flashgames.it:80/the.roomz.html	20081018013235__f374c38183c7.html	http://games.flashgames.it/img.menu/azione.gif	http://games.flashgames.it/img.menu/azione.gif
20081018013235	http://www.flashgames.it:80/the.roomz.html	20081018013235__f374c38183c7.html	/giochi-online/giochi-sportivi.html	http://www.flashgames.it:80/giochi-online/giochi-sportivi.html
20081018013235	http://www.flashgames.it:80/the.roomz.html	20081018013235__f374c38183c7.html	http://games.flashgames.it/img.menu/sport.gif	http://games.flashgames.it/img.menu/sport.gif
20081018013235	http://www.flashgames.it:80/the.roomz.html	20081018013235__f374c38183c7.html	/giochi-online/giochi-avventura.html	http://www.flashgames.it:80/giochi-online/giochi-avventura.html
20081018013235	http://www.flashgames.it:80/the.roomz.html	20081018013235__f374c38183c7.html	http://games.flashgames.it/img.menu/avventura.sel.gif	http://games.flashgames.it/img.menu/avventura.sel.gif
20081018013235	http://www.flashgames.it:80/the.roomz.html	20081018013235__f374c38183c7.html	/giochi-online/giochi-puzzle.html	http://www.flashgames.it:80/giochi-online/giochi-puzzle.html
20081018013235	http://www.flashgames.it:80/the.roomz.html	20081018013235__f374c38183c7.html	http://games.flashgames.it/img.menu/puzzle.gif	http://games.flashgames.it/img.menu/puzzle.gif
20081018013235	http://www.flashgames.it:80/the.roomz.html	20081018013235__f374c38183c7.html	/giochi-online/giochi-divertenti.html	http://www.flashgames.it:80/giochi-online/giochi-divertenti.html
20081018013235	http://www.flashgames.it:80/the.roomz.html	20081018013235__f374c38183c7.html	http://games.flashgames.it/img.menu/humor.gif	http://games.flashgames.it/img.menu/humor.gif
20081018013235	http://www.flashgames.it:80/the.roomz.html	20081018013235__f374c38183c7.html	/giochi-online/giochi-datavolo.html	http://www.flashgames.it:80/giochi-online/giochi-datavolo.html
20081018013235	http://www.flashgames.it:80/the.roomz.html	20081018013235__f374c38183c7.html	http://games.flashgames.it/img.menu/datavolo.gif	http://games.flashgames.it/img.menu/datavolo.gif
20081018013235	http://www.flashgames.it:80/the.roomz.html	20081018013235__f374c38183c7.html	/giochi-online/giochi-erotici.html	http://www.flashgames.it:80/giochi-online/giochi-erotici.html
20081018013235	http://www.flashgames.it:80/the.roomz.html	20081018013235__f374c38183c7.html	http://games.flashgames.it/img.menu/sexy.gif	http://games.flashgames.it/img.menu/sexy.gif
20081018013235	http://www.flashgames.it:80/the.roomz.html	20081018013235__f374c38183c7.html	/giochi-online/casino-online.html	http://www.flashgames.it:80/giochi-online/casino-online.html
20081018013235	http://www.flashgames.it:80/the.roomz.html	20081018013235__f374c38183c7.html	http://games.flashgames.it/img.menu/casino.gif	http://games.flashgames.it/img.menu/casino.gif
20081018013235	http://www.flashgames.it:80/the.roomz.html	20081018013235__f374c38183c7.html	/gioco.random.php	http://www.flashgames.it:80/gioco.random.php
20081018013235	http://www.flashgames.it:80/the.roomz.html	20081018013235__f374c38183c7.html	http://games.flashgames.it/img.menu/gioco.random.gif	http://games.flashgames.it/img.menu/gioco.random.gif
20081018013235	http://www.flashgames.it:80/the.roomz.html	20081018013235__f374c38183c7.html	/img/istruzioni.gioco.gif	http://www.flashgames.it:80/img/istruzioni.gioco.gif
20081018013235	http://www.flashgames.it:80/the.roomz.html	20081018013235__f374c38183c7.html	/img/spaziatura10.gif	http://www.flashgames.it:80/img/spaziatura10.gif
20081018013235	http://www.flashgames.it:80/the.roomz.html	20081018013235__f374c38183c7.html	/img/flash.gif	http://www.flashgames.it:80/img/flash.gif
20081018013235	http://www.flashgames.it:80/the.roomz.html	20081018013235__f374c38183c7.html	/img/shock.gif	http://www.flashgames.it:80/img/shock.gif
20081018013235	http://www.flashgames.it:80/the.roomz.html	20081018013235__f374c38183c7.html	tag.css	http://www.flashgames.it:80/tag.css
20081018013235	http://www.flashgames.it:80/the.roomz.html	20081018013235__f374c38183c7.html	the.roomz	http://www.flashgames.it:80/the.roomz
20081018013235	http://www.flashgames.it:80/the.roomz.html	20081018013235__f374c38183c7.html	/tagboard/tag.php?email=the.roomz	http://www.flashgames.it:80/tagboard/tag.php?email=the.roomz
20081018013235	http://www.flashgames.it:80/the.roomz.html	20081018013235__f374c38183c7.html	/tagboard/images/smile.gif	http://www.flashgames.it:80/tagboard/images/smile.gif
20081018013235	http://www.flashgames.it:80/the.roomz.html	20081018013235__f374c38183c7.html	/tagboard/images/grin.gif	http://www.flashgames.it:80/tagboard/images/grin.gif
20081018013235	http://www.flashgames.it:80/the.roomz.html	20081018013235__f374c38183c7.html	/tagboard/images/stick.gif	http://www.flashgames.it:80/tagboard/images/stick.gif
20081018013235	http://www.flashgames.it:80/the.roomz.html	20081018013235__f374c38183c7.html	/tagboard/images/lv.gif	http://www.flashgames.it:80/tagboard/images/lv.gif
20081018013235	http://www.flashgames.it:80/the.roomz.html	20081018013235__f374c38183c7.html	/tagboard/images/wink.gif	http://www.flashgames.it:80/tagboard/images/wink.gif
20081018013235	http://www.flashgames.it:80/the.roomz.html	20081018013235__f374c38183c7.html	/tagboard/images/io.gif	http://www.flashgames.it:80/tagboard/images/io.gif
20081018013235	http://www.flashgames.it:80/the.roomz.html	20081018013235__f374c38183c7.html	/tagboard/images/grr.gif	http://www.flashgames.it:80/tagboard/images/grr.gif
20081018013235	http://www.flashgames.it:80/the.roomz.html	20081018013235__f374c38183c7.html	/tagboard/images/sadd.gif	http://www.flashgames.it:80/tagboard/images/sadd.gif
20081018013235	http://www.flashgames.it:80/the.roomz.html	20081018013235__f374c38183c7.html	/tagboard/images/boo.gif	http://www.flashgames.it:80/tagboard/images/boo.gif
20081018013235	http://www.flashgames.it:80/the.roomz.html	20081018013235__f374c38183c7.html	/tagboard/images/uhm.gif	http://www.flashgames.it:80/tagboard/images/uhm.gif
20081018013235	http://www.flashgames.it:80/the.roomz.html	20081018013235__f374c38183c7.html	/tagboard/images/argh.gif	http://www.flashgames.it:80/tagboard/images/argh.gif
20081018013235	http://www.flashgames.it:80/the.roomz.html	20081018013235__f374c38183c7.html	/tagboard/images/gasp.gif	http://www.flashgames.it:80/tagboard/images/gasp.gif
20081018013235	http://www.flashgames.it:80/the.roomz.html	20081018013235__f374c38183c7.html	/tagboard/images/ok.gif	http://www.flashgames.it:80/tagboard/images/ok.gif
20081018013235	http://www.flashgames.it:80/the.roomz.html	20081018013235__f374c38183c7.html	invia	http://www.flashgames.it:80/invia
20081018013235	http://www.flashgames.it:80/the.roomz.html	20081018013235__f374c38183c7.html	/img/sf.gametop.gif	http://www.flashgames.it:80/img/sf.gametop.gif
20081018013235	http://www.flashgames.it:80/the.roomz.html	20081018013235__f374c38183c7.html	http://games.flashgames.it/avventura/the.roomz/game.swf	http://games.flashgames.it/avventura/the.roomz/game.swf
20081018013235	http://www.flashgames.it:80/the.roomz.html	20081018013235__f374c38183c7.html	high	http://www.flashgames.it:80/high
20081018013235	http://www.flashgames.it:80/the.roomz.html	20081018013235__f374c38183c7.html	/img/sf.gamebottom.gif	http://www.flashgames.it:80/img/sf.gamebottom.gif
20081018013235	http://www.flashgames.it:80/the.roomz.html	20081018013235__f374c38183c7.html	/img/b_fede.jpg	http://www.flashgames.it:80/img/b_fede.jpg
20081018013235	http://www.flashgames.it:80/the.roomz.html	20081018013235__f374c38183c7.html	/img/giochi.preferiti.gif	http://www.flashgames.it:80/img/giochi.preferiti.gif
20081018013235	http://www.flashgames.it:80/the.roomz.html	20081018013235__f374c38183c7.html	/img/ico.dadi.gif	http://www.flashgames.it:80/img/ico.dadi.gif
20081018013235	http://www.flashgames.it:80/the.roomz.html	20081018013235__f374c38183c7.html	http://www.facebook.com/share.php?u=http://www.flashgames.it/the.roomz.html	http://www.facebook.com/share.php?u=http://www.flashgames.it/the.roomz.html
20081018013235	http://www.flashgames.it:80/the.roomz.html	20081018013235__f374c38183c7.html	/img/facebook.gif	http://www.flashgames.it:80/img/facebook.gif
20081018013235	http://www.flashgames.it:80/the.roomz.html	20081018013235__f374c38183c7.html	https://favorites.live.com/quickadd.aspx?marklet=1&mkt=en-us&top=0&url=http://www.flashgames.it/the.roomz.html	https://favorites.live.com/quickadd.aspx?marklet=1&mkt=en-us&top=0&url=http://www.flashgames.it/the.roomz.html
20081018013235	http://www.flashgames.it:80/the.roomz.html	20081018013235__f374c38183c7.html	/img/live.gif	http://www.flashgames.it:80/img/live.gif
20081018013235	http://www.flashgames.it:80/the.roomz.html	20081018013235__f374c38183c7.html	http://www.google.com/bookmarks/mark?op=add&bkmk=http://www.flashgames.it/the.roomz.html	http://www.google.com/bookmarks/mark?op=add&bkmk=http://www.flashgames.it/the.roomz.html
20081018013235	http://www.flashgames.it:80/the.roomz.html	20081018013235__f374c38183c7.html	/img/google.gif	http://www.flashgames.it:80/img/google.gif
20081018013235	http://www.flashgames.it:80/the.roomz.html	20081018013235__f374c38183c7.html	http://bookmarks.excite.eu/post?url=http://www.flashgames.it/the.roomz.html	http://bookmarks.excite.eu/post?url=http://www.flashgames.it/the.roomz.html
20081018013235	http://www.flashgames.it:80/the.roomz.html	20081018013235__f374c38183c7.html	/img/excite.gif	http://www.flashgames.it:80/img/excite.gif
20081018013235	http://www.flashgames.it:80/the.roomz.html	20081018013235__f374c38183c7.html	http://digg.com/submit?phase=2&url=http://www.flashgames.it/the.roomz.html	http://digg.com/submit?phase=2&url=http://www.flashgames.it/the.roomz.html
20081018013235	http://www.flashgames.it:80/the.roomz.html	20081018013235__f374c38183c7.html	/img/digg.gif	http://www.flashgames.it:80/img/digg.gif
20081018013235	http://www.flashgames.it:80/the.roomz.html	20081018013235__f374c38183c7.html	http://del.icio.us/post?url=http://www.flashgames.it/the.roomz.html	http://del.icio.us/post?url=http://www.flashgames.it/the.roomz.html
20081018013235	http://www.flashgames.it:80/the.roomz.html	20081018013235__f374c38183c7.html	/img/delicious.gif	http://www.flashgames.it:80/img/delicious.gif
20081018013235	http://www.flashgames.it:80/the.roomz.html	20081018013235__f374c38183c7.html	http://slashdot.org/bookmark.pl?url=http://www.flashgames.it/the.roomz.html	http://slashdot.org/bookmark.pl?url=http://www.flashgames.it/the.roomz.html
20081018013235	http://www.flashgames.it:80/the.roomz.html	20081018013235__f374c38183c7.html	/img/slashdot.gif	http://www.flashgames.it:80/img/slashdot.gif
20081018013235	http://www.flashgames.it:80/the.roomz.html	20081018013235__f374c38183c7.html	http://www.netscape.com/submit/?U=http://www.flashgames.it/the.roomz.html	http://www.netscape.com/submit/?U=http://www.flashgames.it/the.roomz.html
20081018013235	http://www.flashgames.it:80/the.roomz.html	20081018013235__f374c38183c7.html	/img/netscape.gif	http://www.flashgames.it:80/img/netscape.gif
20081018013235	http://www.flashgames.it:80/the.roomz.html	20081018013235__f374c38183c7.html	http://technorati.com/faves/?add=http://www.flashgames.it/the.roomz.html	http://technorati.com/faves/?add=http://www.flashgames.it/the.roomz.html
20081018013235	http://www.flashgames.it:80/the.roomz.html	20081018013235__f374c38183c7.html	/img/technorati.gif	http://www.flashgames.it:80/img/technorati.gif
20081018013235	http://www.flashgames.it:80/the.roomz.html	20081018013235__f374c38183c7.html	http://www.stumbleupon.com/submit?url=http://www.flashgames.it/the.roomz.html	http://www.stumbleupon.com/submit?url=http://www.flashgames.it/the.roomz.html
20081018013235	http://www.flashgames.it:80/the.roomz.html	20081018013235__f374c38183c7.html	/img/stumbleupon.gif	http://www.flashgames.it:80/img/stumbleupon.gif
20081018013235	http://www.flashgames.it:80/the.roomz.html	20081018013235__f374c38183c7.html	http://myweb2.search.yahoo.com/myresults/bookmarklet?u=http://www.flashgames.it/the.roomz.html	http://myweb2.search.yahoo.com/myresults/bookmarklet?u=http://www.flashgames.it/the.roomz.html
20081018013235	http://www.flashgames.it:80/the.roomz.html	20081018013235__f374c38183c7.html	/img/yahoo.gif	http://www.flashgames.it:80/img/yahoo.gif
20081018013235	http://www.flashgames.it:80/the.roomz.html	20081018013235__f374c38183c7.html	http://oknotizie.alice.it/post?url=?url=http://www.flashgames.it/the.roomz.html	http://oknotizie.alice.it/post?url=?url=http://www.flashgames.it/the.roomz.html
20081018013235	http://www.flashgames.it:80/the.roomz.html	20081018013235__f374c38183c7.html	/img/oknotizie.gif	http://www.flashgames.it:80/img/oknotizie.gif
20081018013235	http://www.flashgames.it:80/the.roomz.html	20081018013235__f374c38183c7.html	http://twitthis.com/twit?url=http://www.flashgames.it/the.roomz.html	http://twitthis.com/twit?url=http://www.flashgames.it/the.roomz.html
20081018013235	http://www.flashgames.it:80/the.roomz.html	20081018013235__f374c38183c7.html	/img/twitter.gif	http://www.flashgames.it:80/img/twitter.gif
20081018013235	http://www.flashgames.it:80/the.roomz.html	20081018013235__f374c38183c7.html	/img/sfida.amico.gif	http://www.flashgames.it:80/img/sfida.amico.gif
20081018013235	http://www.flashgames.it:80/the.roomz.html	20081018013235__f374c38183c7.html	/img/ico.pupazzetto.gif	http://www.flashgames.it:80/img/ico.pupazzetto.gif
20081018013235	http://www.flashgames.it:80/the.roomz.html	20081018013235__f374c38183c7.html	sfida.php?icona=the.roomz	http://www.flashgames.it:80/sfida.php?icona=the.roomz
20081018013235	http://www.flashgames.it:80/the.roomz.html	20081018013235__f374c38183c7.html	/img/bloggames.tit.gif	http://www.flashgames.it:80/img/bloggames.tit.gif
20081018013235	http://www.flashgames.it:80/the.roomz.html	20081018013235__f374c38183c7.html	http://www.flashgames.it/bloggames.php	http://www.flashgames.it/bloggames.php
20081018013235	http://www.flashgames.it:80/the.roomz.html	20081018013235__f374c38183c7.html	http://www.flashgames.it/bloggamesforum.php?id=4156	http://www.flashgames.it/bloggamesforum.php?id=4156
20081018013235	http://www.flashgames.it:80/the.roomz.html	20081018013235__f374c38183c7.html	http://www.flashgames.it/avventura/the.roomz/ico.gif	http://www.flashgames.it/avventura/the.roomz/ico.gif
20081018013235	http://www.flashgames.it:80/the.roomz.html	20081018013235__f374c38183c7.html	http://www.flashgames.it/webmastergame.php?icona=the.roomz	http://www.flashgames.it/webmastergame.php?icona=the.roomz
20081018013235	http://www.flashgames.it:80/the.roomz.html	20081018013235__f374c38183c7.html	http://www.flashgames.it/webmaster/gioca.gif	http://www.flashgames.it/webmaster/gioca.gif
20081018013235	http://www.flashgames.it:80/the.roomz.html	20081018013235__f374c38183c7.html	http://www.flashgames.it	http://www.flashgames.it
20081018013235	http://www.flashgames.it:80/the.roomz.html	20081018013235__f374c38183c7.html	/img/footer.gif	http://www.flashgames.it:80/img/footer.gif
20081018013235	http://www.flashgames.it:80/the.roomz.html	20081018013235__f374c38183c7.html	/img/logo.formatc.gif	http://www.flashgames.it:80/img/logo.formatc.gif
20081018013235	http://www.flashgames.it:80/the.roomz.html	20081018013235__f374c38183c7.html	/img/logo.dada.gif	http://www.flashgames.it:80/img/logo.dada.gif
20081018013235	http://www.flashgames.it:80/the.roomz.html	20081018013235__f374c38183c7.html	http://www.flashgames.it/the.roomz.html	http://www.flashgames.it/the.roomz.html
20081018013235	http://www.flashgames.it:80/the.roomz.html	20081018013235__f374c38183c7.html	http://www.flashgames.it/avventura/the.roomz/ico.gif[/IMG]	http://www.flashgames.it/avventura/the.roomz/ico.gif[/IMG]
20081018013235	http://www.flashgames.it:80/the.roomz.html	20081018013235__f374c38183c7.html	http://www.flashgames.it/the.roomz.html][img]http://www.flashgames.it/webmaster/gioca.gif[/img][/url]	http://www.flashgames.it/the.roomz.html][img]http://www.flashgames.it/webmaster/gioca.gif[/img][/url]
20090201052542	http://flashgames.it:80/the.roomz.html	20090201052542__d6641d5ca4a1.html	/include/script_linguetta.js	http://flashgames.it:80/include/script_linguetta.js
20090201052542	http://flashgames.it:80/the.roomz.html	20090201052542__d6641d5ca4a1.html	/style.css	http://flashgames.it:80/style.css
20090201052542	http://flashgames.it:80/the.roomz.html	20090201052542__d6641d5ca4a1.html	/img.menu/singleplayer.gif	http://flashgames.it:80/img.menu/singleplayer.gif
20090201052542	http://flashgames.it:80/the.roomz.html	20090201052542__d6641d5ca4a1.html	/img.menu/barretta.gif	http://flashgames.it:80/img.menu/barretta.gif
20090201052542	http://flashgames.it:80/the.roomz.html	20090201052542__d6641d5ca4a1.html	/indexmp.php	http://flashgames.it:80/indexmp.php
20090201052542	http://flashgames.it:80/the.roomz.html	20090201052542__d6641d5ca4a1.html	/img.menu/multiplayer.gif	http://flashgames.it:80/img.menu/multiplayer.gif
20090201052542	http://flashgames.it:80/the.roomz.html	20090201052542__d6641d5ca4a1.html	/index.php	http://flashgames.it:80/index.php
20090201052542	http://flashgames.it:80/the.roomz.html	20090201052542__d6641d5ca4a1.html	/img/logo.gif	http://flashgames.it:80/img/logo.gif
20090201052542	http://flashgames.it:80/the.roomz.html	20090201052542__d6641d5ca4a1.html	/img/ico.data.gif	http://flashgames.it:80/img/ico.data.gif
20090201052542	http://flashgames.it:80/the.roomz.html	20090201052542__d6641d5ca4a1.html	/include/orario_menu.js	http://flashgames.it:80/include/orario_menu.js
20090201052542	http://flashgames.it:80/the.roomz.html	20090201052542__d6641d5ca4a1.html	/img/stats.giocatori.gif	http://flashgames.it:80/img/stats.giocatori.gif
20090201052542	http://flashgames.it:80/the.roomz.html	20090201052542__d6641d5ca4a1.html	/online/online.php	http://flashgames.it:80/online/online.php
20090201052542	http://flashgames.it:80/the.roomz.html	20090201052542__d6641d5ca4a1.html	/giochi-online/giochi-azione.html	http://flashgames.it:80/giochi-online/giochi-azione.html
20090201052542	http://flashgames.it:80/the.roomz.html	20090201052542__d6641d5ca4a1.html	/giochi-online/giochi-abilita.html	http://flashgames.it:80/giochi-online/giochi-abilita.html
20090201052542	http://flashgames.it:80/the.roomz.html	20090201052542__d6641d5ca4a1.html	/img.menu/abilita.gif	http://flashgames.it:80/img.menu/abilita.gif
20090201052542	http://flashgames.it:80/the.roomz.html	20090201052542__d6641d5ca4a1.html	/img.menu/separatore.gif	http://flashgames.it:80/img.menu/separatore.gif
20090201052542	http://flashgames.it:80/the.roomz.html	20090201052542__d6641d5ca4a1.html	/img.menu/azione.gif	http://flashgames.it:80/img.menu/azione.gif
20090201052542	http://flashgames.it:80/the.roomz.html	20090201052542__d6641d5ca4a1.html	/giochi-online/giochi-sportivi.html	http://flashgames.it:80/giochi-online/giochi-sportivi.html
20090201052542	http://flashgames.it:80/the.roomz.html	20090201052542__d6641d5ca4a1.html	/img.menu/sport.gif	http://flashgames.it:80/img.menu/sport.gif
20090201052542	http://flashgames.it:80/the.roomz.html	20090201052542__d6641d5ca4a1.html	/giochi-online/giochi-avventura.html	http://flashgames.it:80/giochi-online/giochi-avventura.html
20090201052542	http://flashgames.it:80/the.roomz.html	20090201052542__d6641d5ca4a1.html	/img.menu/avventura.sel.gif	http://flashgames.it:80/img.menu/avventura.sel.gif
20090201052542	http://flashgames.it:80/the.roomz.html	20090201052542__d6641d5ca4a1.html	/giochi-online/giochi-puzzle.html	http://flashgames.it:80/giochi-online/giochi-puzzle.html
20090201052542	http://flashgames.it:80/the.roomz.html	20090201052542__d6641d5ca4a1.html	/img.menu/puzzle.gif	http://flashgames.it:80/img.menu/puzzle.gif
20090201052542	http://flashgames.it:80/the.roomz.html	20090201052542__d6641d5ca4a1.html	/giochi-online/giochi-divertenti.html	http://flashgames.it:80/giochi-online/giochi-divertenti.html
20090201052542	http://flashgames.it:80/the.roomz.html	20090201052542__d6641d5ca4a1.html	/img.menu/humor.gif	http://flashgames.it:80/img.menu/humor.gif
20090201052542	http://flashgames.it:80/the.roomz.html	20090201052542__d6641d5ca4a1.html	/giochi-online/giochi-datavolo.html	http://flashgames.it:80/giochi-online/giochi-datavolo.html
20090201052542	http://flashgames.it:80/the.roomz.html	20090201052542__d6641d5ca4a1.html	/img.menu/datavolo.gif	http://flashgames.it:80/img.menu/datavolo.gif
20090201052542	http://flashgames.it:80/the.roomz.html	20090201052542__d6641d5ca4a1.html	/giochi-online/giochi-erotici.html	http://flashgames.it:80/giochi-online/giochi-erotici.html
20090201052542	http://flashgames.it:80/the.roomz.html	20090201052542__d6641d5ca4a1.html	/img.menu/sexy.gif	http://flashgames.it:80/img.menu/sexy.gif
20090201052542	http://flashgames.it:80/the.roomz.html	20090201052542__d6641d5ca4a1.html	/giochi-online/casino-online.html	http://flashgames.it:80/giochi-online/casino-online.html
20090201052542	http://flashgames.it:80/the.roomz.html	20090201052542__d6641d5ca4a1.html	/img.menu/casino.gif	http://flashgames.it:80/img.menu/casino.gif
20090201052542	http://flashgames.it:80/the.roomz.html	20090201052542__d6641d5ca4a1.html	/gioco.random.php	http://flashgames.it:80/gioco.random.php
20090201052542	http://flashgames.it:80/the.roomz.html	20090201052542__d6641d5ca4a1.html	/img.menu/gioco.random.gif	http://flashgames.it:80/img.menu/gioco.random.gif
20090201052542	http://flashgames.it:80/the.roomz.html	20090201052542__d6641d5ca4a1.html	/img/istruzioni.gioco.gif	http://flashgames.it:80/img/istruzioni.gioco.gif
20090201052542	http://flashgames.it:80/the.roomz.html	20090201052542__d6641d5ca4a1.html	/img/spaziatura10.gif	http://flashgames.it:80/img/spaziatura10.gif
20090201052542	http://flashgames.it:80/the.roomz.html	20090201052542__d6641d5ca4a1.html	/img/flash.gif	http://flashgames.it:80/img/flash.gif
20090201052542	http://flashgames.it:80/the.roomz.html	20090201052542__d6641d5ca4a1.html	/img/shock.gif	http://flashgames.it:80/img/shock.gif
20090201052542	http://flashgames.it:80/the.roomz.html	20090201052542__d6641d5ca4a1.html	tag.css	http://flashgames.it:80/tag.css
20090201052542	http://flashgames.it:80/the.roomz.html	20090201052542__d6641d5ca4a1.html	the.roomz	http://flashgames.it:80/the.roomz
20090201052542	http://flashgames.it:80/the.roomz.html	20090201052542__d6641d5ca4a1.html	/tagboard/tag.php?email=the.roomz	http://flashgames.it:80/tagboard/tag.php?email=the.roomz
20090201052542	http://flashgames.it:80/the.roomz.html	20090201052542__d6641d5ca4a1.html	/tagboard/images/smile.gif	http://flashgames.it:80/tagboard/images/smile.gif
20090201052542	http://flashgames.it:80/the.roomz.html	20090201052542__d6641d5ca4a1.html	/tagboard/images/grin.gif	http://flashgames.it:80/tagboard/images/grin.gif
20090201052542	http://flashgames.it:80/the.roomz.html	20090201052542__d6641d5ca4a1.html	/tagboard/images/stick.gif	http://flashgames.it:80/tagboard/images/stick.gif
20090201052542	http://flashgames.it:80/the.roomz.html	20090201052542__d6641d5ca4a1.html	/tagboard/images/lv.gif	http://flashgames.it:80/tagboard/images/lv.gif
20090201052542	http://flashgames.it:80/the.roomz.html	20090201052542__d6641d5ca4a1.html	/tagboard/images/wink.gif	http://flashgames.it:80/tagboard/images/wink.gif
20090201052542	http://flashgames.it:80/the.roomz.html	20090201052542__d6641d5ca4a1.html	/tagboard/images/io.gif	http://flashgames.it:80/tagboard/images/io.gif
20090201052542	http://flashgames.it:80/the.roomz.html	20090201052542__d6641d5ca4a1.html	/tagboard/images/grr.gif	http://flashgames.it:80/tagboard/images/grr.gif
20090201052542	http://flashgames.it:80/the.roomz.html	20090201052542__d6641d5ca4a1.html	/tagboard/images/sadd.gif	http://flashgames.it:80/tagboard/images/sadd.gif
20090201052542	http://flashgames.it:80/the.roomz.html	20090201052542__d6641d5ca4a1.html	/tagboard/images/boo.gif	http://flashgames.it:80/tagboard/images/boo.gif
20090201052542	http://flashgames.it:80/the.roomz.html	20090201052542__d6641d5ca4a1.html	/tagboard/images/uhm.gif	http://flashgames.it:80/tagboard/images/uhm.gif
20090201052542	http://flashgames.it:80/the.roomz.html	20090201052542__d6641d5ca4a1.html	/tagboard/images/argh.gif	http://flashgames.it:80/tagboard/images/argh.gif
20090201052542	http://flashgames.it:80/the.roomz.html	20090201052542__d6641d5ca4a1.html	/tagboard/images/gasp.gif	http://flashgames.it:80/tagboard/images/gasp.gif
20090201052542	http://flashgames.it:80/the.roomz.html	20090201052542__d6641d5ca4a1.html	/tagboard/images/ok.gif	http://flashgames.it:80/tagboard/images/ok.gif
20090201052542	http://flashgames.it:80/the.roomz.html	20090201052542__d6641d5ca4a1.html	invia	http://flashgames.it:80/invia
20090201052542	http://flashgames.it:80/the.roomz.html	20090201052542__d6641d5ca4a1.html	/img/sf.gametop.gif	http://flashgames.it:80/img/sf.gametop.gif
20090201052542	http://flashgames.it:80/the.roomz.html	20090201052542__d6641d5ca4a1.html	sameDomain	http://flashgames.it:80/sameDomain
20090201052542	http://flashgames.it:80/the.roomz.html	20090201052542__d6641d5ca4a1.html	preloader4.swf?fszie=469970&pub_path=	http://flashgames.it:80/preloader4.swf?fszie=469970&pub_path=
20090201052542	http://flashgames.it:80/the.roomz.html	20090201052542__d6641d5ca4a1.html	high	http://flashgames.it:80/high
20090201052542	http://flashgames.it:80/the.roomz.html	20090201052542__d6641d5ca4a1.html	/avventura/the.roomz/game.swf	http://flashgames.it:80/avventura/the.roomz/game.swf
20090201052542	http://flashgames.it:80/the.roomz.html	20090201052542__d6641d5ca4a1.html	/img/sf.gamebottom.gif	http://flashgames.it:80/img/sf.gamebottom.gif
20090201052542	http://flashgames.it:80/the.roomz.html	20090201052542__d6641d5ca4a1.html	/img/giochi.preferiti.gif	http://flashgames.it:80/img/giochi.preferiti.gif
20090201052542	http://flashgames.it:80/the.roomz.html	20090201052542__d6641d5ca4a1.html	/img/ico.dadi.gif	http://flashgames.it:80/img/ico.dadi.gif
20090201052542	http://flashgames.it:80/the.roomz.html	20090201052542__d6641d5ca4a1.html	http://www.facebook.com/share.php?u=http://www.flashgames.it/the.roomz.html	http://www.facebook.com/share.php?u=http://www.flashgames.it/the.roomz.html
20090201052542	http://flashgames.it:80/the.roomz.html	20090201052542__d6641d5ca4a1.html	/img/facebook.gif	http://flashgames.it:80/img/facebook.gif
20090201052542	http://flashgames.it:80/the.roomz.html	20090201052542__d6641d5ca4a1.html	https://favorites.live.com/quickadd.aspx?marklet=1&mkt=en-us&top=0&url=http://www.flashgames.it/the.roomz.html	https://favorites.live.com/quickadd.aspx?marklet=1&mkt=en-us&top=0&url=http://www.flashgames.it/the.roomz.html
20090201052542	http://flashgames.it:80/the.roomz.html	20090201052542__d6641d5ca4a1.html	/img/live.gif	http://flashgames.it:80/img/live.gif
20090201052542	http://flashgames.it:80/the.roomz.html	20090201052542__d6641d5ca4a1.html	http://www.google.com/bookmarks/mark?op=add&bkmk=http://www.flashgames.it/the.roomz.html	http://www.google.com/bookmarks/mark?op=add&bkmk=http://www.flashgames.it/the.roomz.html
20090201052542	http://flashgames.it:80/the.roomz.html	20090201052542__d6641d5ca4a1.html	/img/google.gif	http://flashgames.it:80/img/google.gif
20090201052542	http://flashgames.it:80/the.roomz.html	20090201052542__d6641d5ca4a1.html	http://bookmarks.excite.eu/post?url=http://www.flashgames.it/the.roomz.html	http://bookmarks.excite.eu/post?url=http://www.flashgames.it/the.roomz.html
20090201052542	http://flashgames.it:80/the.roomz.html	20090201052542__d6641d5ca4a1.html	/img/excite.gif	http://flashgames.it:80/img/excite.gif
20090201052542	http://flashgames.it:80/the.roomz.html	20090201052542__d6641d5ca4a1.html	http://digg.com/submit?phase=2&url=http://www.flashgames.it/the.roomz.html	http://digg.com/submit?phase=2&url=http://www.flashgames.it/the.roomz.html
20090201052542	http://flashgames.it:80/the.roomz.html	20090201052542__d6641d5ca4a1.html	/img/digg.gif	http://flashgames.it:80/img/digg.gif
20090201052542	http://flashgames.it:80/the.roomz.html	20090201052542__d6641d5ca4a1.html	http://del.icio.us/post?url=http://www.flashgames.it/the.roomz.html	http://del.icio.us/post?url=http://www.flashgames.it/the.roomz.html
20090201052542	http://flashgames.it:80/the.roomz.html	20090201052542__d6641d5ca4a1.html	/img/delicious.gif	http://flashgames.it:80/img/delicious.gif
20090201052542	http://flashgames.it:80/the.roomz.html	20090201052542__d6641d5ca4a1.html	http://slashdot.org/bookmark.pl?url=http://www.flashgames.it/the.roomz.html	http://slashdot.org/bookmark.pl?url=http://www.flashgames.it/the.roomz.html
20090201052542	http://flashgames.it:80/the.roomz.html	20090201052542__d6641d5ca4a1.html	/img/slashdot.gif	http://flashgames.it:80/img/slashdot.gif
20090201052542	http://flashgames.it:80/the.roomz.html	20090201052542__d6641d5ca4a1.html	http://www.netscape.com/submit/?U=http://www.flashgames.it/the.roomz.html	http://www.netscape.com/submit/?U=http://www.flashgames.it/the.roomz.html
20090201052542	http://flashgames.it:80/the.roomz.html	20090201052542__d6641d5ca4a1.html	/img/netscape.gif	http://flashgames.it:80/img/netscape.gif
20090201052542	http://flashgames.it:80/the.roomz.html	20090201052542__d6641d5ca4a1.html	http://technorati.com/faves/?add=http://www.flashgames.it/the.roomz.html	http://technorati.com/faves/?add=http://www.flashgames.it/the.roomz.html
20090201052542	http://flashgames.it:80/the.roomz.html	20090201052542__d6641d5ca4a1.html	/img/technorati.gif	http://flashgames.it:80/img/technorati.gif
20090201052542	http://flashgames.it:80/the.roomz.html	20090201052542__d6641d5ca4a1.html	http://www.stumbleupon.com/submit?url=http://www.flashgames.it/the.roomz.html	http://www.stumbleupon.com/submit?url=http://www.flashgames.it/the.roomz.html
20090201052542	http://flashgames.it:80/the.roomz.html	20090201052542__d6641d5ca4a1.html	/img/stumbleupon.gif	http://flashgames.it:80/img/stumbleupon.gif
20090201052542	http://flashgames.it:80/the.roomz.html	20090201052542__d6641d5ca4a1.html	http://myweb2.search.yahoo.com/myresults/bookmarklet?u=http://www.flashgames.it/the.roomz.html	http://myweb2.search.yahoo.com/myresults/bookmarklet?u=http://www.flashgames.it/the.roomz.html
20090201052542	http://flashgames.it:80/the.roomz.html	20090201052542__d6641d5ca4a1.html	/img/yahoo.gif	http://flashgames.it:80/img/yahoo.gif
20090201052542	http://flashgames.it:80/the.roomz.html	20090201052542__d6641d5ca4a1.html	http://oknotizie.alice.it/post?url=http://www.flashgames.it/the.roomz.html	http://oknotizie.alice.it/post?url=http://www.flashgames.it/the.roomz.html
20090201052542	http://flashgames.it:80/the.roomz.html	20090201052542__d6641d5ca4a1.html	/img/oknotizie.gif	http://flashgames.it:80/img/oknotizie.gif
20090201052542	http://flashgames.it:80/the.roomz.html	20090201052542__d6641d5ca4a1.html	http://twitthis.com/twit?url=http://www.flashgames.it/the.roomz.html	http://twitthis.com/twit?url=http://www.flashgames.it/the.roomz.html
20090201052542	http://flashgames.it:80/the.roomz.html	20090201052542__d6641d5ca4a1.html	/img/twitter.gif	http://flashgames.it:80/img/twitter.gif
20090201052542	http://flashgames.it:80/the.roomz.html	20090201052542__d6641d5ca4a1.html	/img/sfida.amico.gif	http://flashgames.it:80/img/sfida.amico.gif
20090201052542	http://flashgames.it:80/the.roomz.html	20090201052542__d6641d5ca4a1.html	/img/ico.pupazzetto.gif	http://flashgames.it:80/img/ico.pupazzetto.gif
20090201052542	http://flashgames.it:80/the.roomz.html	20090201052542__d6641d5ca4a1.html	sfida.php?icona=the.roomz	http://flashgames.it:80/sfida.php?icona=the.roomz
20090201052542	http://flashgames.it:80/the.roomz.html	20090201052542__d6641d5ca4a1.html	/img/bloggames.tit.gif	http://flashgames.it:80/img/bloggames.tit.gif
20090201052542	http://flashgames.it:80/the.roomz.html	20090201052542__d6641d5ca4a1.html	http://www.flashgames.it/bloggames.php	http://www.flashgames.it/bloggames.php
20090201052542	http://flashgames.it:80/the.roomz.html	20090201052542__d6641d5ca4a1.html	http://www.flashgames.it/bloggamesforum.php?id=4156	http://www.flashgames.it/bloggamesforum.php?id=4156
20090201052542	http://flashgames.it:80/the.roomz.html	20090201052542__d6641d5ca4a1.html	http://www.flashgames.it/avventura/the.roomz/ico.gif	http://www.flashgames.it/avventura/the.roomz/ico.gif
20090201052542	http://flashgames.it:80/the.roomz.html	20090201052542__d6641d5ca4a1.html	http://www.flashgames.it/webmastergame.php?icona=the.roomz	http://www.flashgames.it/webmastergame.php?icona=the.roomz
20090201052542	http://flashgames.it:80/the.roomz.html	20090201052542__d6641d5ca4a1.html	http://www.flashgames.it/webmaster/gioca.gif	http://www.flashgames.it/webmaster/gioca.gif
20090201052542	http://flashgames.it:80/the.roomz.html	20090201052542__d6641d5ca4a1.html	http://www.flashgames.it	http://www.flashgames.it
20090201052542	http://flashgames.it:80/the.roomz.html	20090201052542__d6641d5ca4a1.html	/img/footer.gif	http://flashgames.it:80/img/footer.gif
20090201052542	http://flashgames.it:80/the.roomz.html	20090201052542__d6641d5ca4a1.html	/img/logo.formatc.gif	http://flashgames.it:80/img/logo.formatc.gif
20090201052542	http://flashgames.it:80/the.roomz.html	20090201052542__d6641d5ca4a1.html	/img/logo.dada.gif	http://flashgames.it:80/img/logo.dada.gif
20090201052542	http://flashgames.it:80/the.roomz.html	20090201052542__d6641d5ca4a1.html	http://www.flashgames.it/the.roomz.html	http://www.flashgames.it/the.roomz.html
20090201052542	http://flashgames.it:80/the.roomz.html	20090201052542__d6641d5ca4a1.html	http://www.flashgames.it/avventura/the.roomz/ico.gif[/IMG]	http://www.flashgames.it/avventura/the.roomz/ico.gif[/IMG]
20090201052542	http://flashgames.it:80/the.roomz.html	20090201052542__d6641d5ca4a1.html	http://www.flashgames.it/the.roomz.html][img]http://www.flashgames.it/webmaster/gioca.gif[/img][/url]	http://www.flashgames.it/the.roomz.html][img]http://www.flashgames.it/webmaster/gioca.gif[/img][/url]
20090304023521	http://flashgames.it:80/the.roomz.html	20090304023521__257a5537ecb5.html	/include/script_linguetta.js	http://flashgames.it:80/include/script_linguetta.js
20090304023521	http://flashgames.it:80/the.roomz.html	20090304023521__257a5537ecb5.html	/style.css	http://flashgames.it:80/style.css
20090304023521	http://flashgames.it:80/the.roomz.html	20090304023521__257a5537ecb5.html	/img.menu/singleplayer.gif	http://flashgames.it:80/img.menu/singleplayer.gif
20090304023521	http://flashgames.it:80/the.roomz.html	20090304023521__257a5537ecb5.html	/img.menu/barretta.gif	http://flashgames.it:80/img.menu/barretta.gif
20090304023521	http://flashgames.it:80/the.roomz.html	20090304023521__257a5537ecb5.html	/indexmp.php	http://flashgames.it:80/indexmp.php
20090304023521	http://flashgames.it:80/the.roomz.html	20090304023521__257a5537ecb5.html	/img.menu/multiplayer.gif	http://flashgames.it:80/img.menu/multiplayer.gif
20090304023521	http://flashgames.it:80/the.roomz.html	20090304023521__257a5537ecb5.html	/index.php	http://flashgames.it:80/index.php
20090304023521	http://flashgames.it:80/the.roomz.html	20090304023521__257a5537ecb5.html	/img/logo.gif	http://flashgames.it:80/img/logo.gif
20090304023521	http://flashgames.it:80/the.roomz.html	20090304023521__257a5537ecb5.html	/img/ico.data.gif	http://flashgames.it:80/img/ico.data.gif
20090304023521	http://flashgames.it:80/the.roomz.html	20090304023521__257a5537ecb5.html	/include/orario_menu.js	http://flashgames.it:80/include/orario_menu.js
20090304023521	http://flashgames.it:80/the.roomz.html	20090304023521__257a5537ecb5.html	/img/stats.giocatori.gif	http://flashgames.it:80/img/stats.giocatori.gif
20090304023521	http://flashgames.it:80/the.roomz.html	20090304023521__257a5537ecb5.html	/online/online.php	http://flashgames.it:80/online/online.php
20090304023521	http://flashgames.it:80/the.roomz.html	20090304023521__257a5537ecb5.html	/giochi-online/giochi-azione.html	http://flashgames.it:80/giochi-online/giochi-azione.html
20090304023521	http://flashgames.it:80/the.roomz.html	20090304023521__257a5537ecb5.html	/giochi-online/giochi-abilita.html	http://flashgames.it:80/giochi-online/giochi-abilita.html
20090304023521	http://flashgames.it:80/the.roomz.html	20090304023521__257a5537ecb5.html	/img.menu/abilita.gif	http://flashgames.it:80/img.menu/abilita.gif
20090304023521	http://flashgames.it:80/the.roomz.html	20090304023521__257a5537ecb5.html	/img.menu/separatore.gif	http://flashgames.it:80/img.menu/separatore.gif
20090304023521	http://flashgames.it:80/the.roomz.html	20090304023521__257a5537ecb5.html	/img.menu/azione.gif	http://flashgames.it:80/img.menu/azione.gif
20090304023521	http://flashgames.it:80/the.roomz.html	20090304023521__257a5537ecb5.html	/giochi-online/giochi-sportivi.html	http://flashgames.it:80/giochi-online/giochi-sportivi.html
20090304023521	http://flashgames.it:80/the.roomz.html	20090304023521__257a5537ecb5.html	/img.menu/sport.gif	http://flashgames.it:80/img.menu/sport.gif
20090304023521	http://flashgames.it:80/the.roomz.html	20090304023521__257a5537ecb5.html	/giochi-online/giochi-avventura.html	http://flashgames.it:80/giochi-online/giochi-avventura.html
20090304023521	http://flashgames.it:80/the.roomz.html	20090304023521__257a5537ecb5.html	/img.menu/avventura.sel.gif	http://flashgames.it:80/img.menu/avventura.sel.gif
20090304023521	http://flashgames.it:80/the.roomz.html	20090304023521__257a5537ecb5.html	/giochi-online/giochi-puzzle.html	http://flashgames.it:80/giochi-online/giochi-puzzle.html
20090304023521	http://flashgames.it:80/the.roomz.html	20090304023521__257a5537ecb5.html	/img.menu/puzzle.gif	http://flashgames.it:80/img.menu/puzzle.gif
20090304023521	http://flashgames.it:80/the.roomz.html	20090304023521__257a5537ecb5.html	/giochi-online/giochi-divertenti.html	http://flashgames.it:80/giochi-online/giochi-divertenti.html
20090304023521	http://flashgames.it:80/the.roomz.html	20090304023521__257a5537ecb5.html	/img.menu/humor.gif	http://flashgames.it:80/img.menu/humor.gif
20090304023521	http://flashgames.it:80/the.roomz.html	20090304023521__257a5537ecb5.html	/giochi-online/giochi-datavolo.html	http://flashgames.it:80/giochi-online/giochi-datavolo.html
20090304023521	http://flashgames.it:80/the.roomz.html	20090304023521__257a5537ecb5.html	/img.menu/datavolo.gif	http://flashgames.it:80/img.menu/datavolo.gif
20090304023521	http://flashgames.it:80/the.roomz.html	20090304023521__257a5537ecb5.html	/giochi-online/giochi-erotici.html	http://flashgames.it:80/giochi-online/giochi-erotici.html
20090304023521	http://flashgames.it:80/the.roomz.html	20090304023521__257a5537ecb5.html	/img.menu/sexy.gif	http://flashgames.it:80/img.menu/sexy.gif
20090304023521	http://flashgames.it:80/the.roomz.html	20090304023521__257a5537ecb5.html	/giochi-online/casino-online.html	http://flashgames.it:80/giochi-online/casino-online.html
20090304023521	http://flashgames.it:80/the.roomz.html	20090304023521__257a5537ecb5.html	/img.menu/casino.gif	http://flashgames.it:80/img.menu/casino.gif
20090304023521	http://flashgames.it:80/the.roomz.html	20090304023521__257a5537ecb5.html	/gioco.random.php	http://flashgames.it:80/gioco.random.php
20090304023521	http://flashgames.it:80/the.roomz.html	20090304023521__257a5537ecb5.html	/img.menu/gioco.random.gif	http://flashgames.it:80/img.menu/gioco.random.gif
20090304023521	http://flashgames.it:80/the.roomz.html	20090304023521__257a5537ecb5.html	/img/istruzioni.gioco.gif	http://flashgames.it:80/img/istruzioni.gioco.gif
20090304023521	http://flashgames.it:80/the.roomz.html	20090304023521__257a5537ecb5.html	/img/spaziatura10.gif	http://flashgames.it:80/img/spaziatura10.gif
20090304023521	http://flashgames.it:80/the.roomz.html	20090304023521__257a5537ecb5.html	/img/flash.gif	http://flashgames.it:80/img/flash.gif
20090304023521	http://flashgames.it:80/the.roomz.html	20090304023521__257a5537ecb5.html	/img/shock.gif	http://flashgames.it:80/img/shock.gif
20090304023521	http://flashgames.it:80/the.roomz.html	20090304023521__257a5537ecb5.html	tag.css	http://flashgames.it:80/tag.css
20090304023521	http://flashgames.it:80/the.roomz.html	20090304023521__257a5537ecb5.html	the.roomz	http://flashgames.it:80/the.roomz
20090304023521	http://flashgames.it:80/the.roomz.html	20090304023521__257a5537ecb5.html	/tagboard/tag.php?email=the.roomz&multiplayer=no	http://flashgames.it:80/tagboard/tag.php?email=the.roomz&multiplayer=no
20090304023521	http://flashgames.it:80/the.roomz.html	20090304023521__257a5537ecb5.html	/tagboard/images/smile.gif	http://flashgames.it:80/tagboard/images/smile.gif
20090304023521	http://flashgames.it:80/the.roomz.html	20090304023521__257a5537ecb5.html	/tagboard/images/grin.gif	http://flashgames.it:80/tagboard/images/grin.gif
20090304023521	http://flashgames.it:80/the.roomz.html	20090304023521__257a5537ecb5.html	/tagboard/images/stick.gif	http://flashgames.it:80/tagboard/images/stick.gif
20090304023521	http://flashgames.it:80/the.roomz.html	20090304023521__257a5537ecb5.html	/tagboard/images/lv.gif	http://flashgames.it:80/tagboard/images/lv.gif
20090304023521	http://flashgames.it:80/the.roomz.html	20090304023521__257a5537ecb5.html	/tagboard/images/wink.gif	http://flashgames.it:80/tagboard/images/wink.gif
20090304023521	http://flashgames.it:80/the.roomz.html	20090304023521__257a5537ecb5.html	/tagboard/images/io.gif	http://flashgames.it:80/tagboard/images/io.gif
20090304023521	http://flashgames.it:80/the.roomz.html	20090304023521__257a5537ecb5.html	/tagboard/images/grr.gif	http://flashgames.it:80/tagboard/images/grr.gif
20090304023521	http://flashgames.it:80/the.roomz.html	20090304023521__257a5537ecb5.html	/tagboard/images/sadd.gif	http://flashgames.it:80/tagboard/images/sadd.gif
20090304023521	http://flashgames.it:80/the.roomz.html	20090304023521__257a5537ecb5.html	/tagboard/images/boo.gif	http://flashgames.it:80/tagboard/images/boo.gif
20090304023521	http://flashgames.it:80/the.roomz.html	20090304023521__257a5537ecb5.html	/tagboard/images/uhm.gif	http://flashgames.it:80/tagboard/images/uhm.gif
20090304023521	http://flashgames.it:80/the.roomz.html	20090304023521__257a5537ecb5.html	/tagboard/images/argh.gif	http://flashgames.it:80/tagboard/images/argh.gif
20090304023521	http://flashgames.it:80/the.roomz.html	20090304023521__257a5537ecb5.html	/tagboard/images/gasp.gif	http://flashgames.it:80/tagboard/images/gasp.gif
20090304023521	http://flashgames.it:80/the.roomz.html	20090304023521__257a5537ecb5.html	/tagboard/images/ok.gif	http://flashgames.it:80/tagboard/images/ok.gif
20090304023521	http://flashgames.it:80/the.roomz.html	20090304023521__257a5537ecb5.html	invia	http://flashgames.it:80/invia
20090304023521	http://flashgames.it:80/the.roomz.html	20090304023521__257a5537ecb5.html	/img/sf.gametop.gif	http://flashgames.it:80/img/sf.gametop.gif
20090304023521	http://flashgames.it:80/the.roomz.html	20090304023521__257a5537ecb5.html	sameDomain	http://flashgames.it:80/sameDomain
20090304023521	http://flashgames.it:80/the.roomz.html	20090304023521__257a5537ecb5.html	preloader4.swf?fszie=469970&pub_path=	http://flashgames.it:80/preloader4.swf?fszie=469970&pub_path=
20090304023521	http://flashgames.it:80/the.roomz.html	20090304023521__257a5537ecb5.html	high	http://flashgames.it:80/high
20090304023521	http://flashgames.it:80/the.roomz.html	20090304023521__257a5537ecb5.html	/avventura/the.roomz/game.swf	http://flashgames.it:80/avventura/the.roomz/game.swf
20090304023521	http://flashgames.it:80/the.roomz.html	20090304023521__257a5537ecb5.html	/img/sf.gamebottom.gif	http://flashgames.it:80/img/sf.gamebottom.gif
20090304023521	http://flashgames.it:80/the.roomz.html	20090304023521__257a5537ecb5.html	/img/giochi.preferiti.gif	http://flashgames.it:80/img/giochi.preferiti.gif
20090304023521	http://flashgames.it:80/the.roomz.html	20090304023521__257a5537ecb5.html	/img/ico.dadi.gif	http://flashgames.it:80/img/ico.dadi.gif
20090304023521	http://flashgames.it:80/the.roomz.html	20090304023521__257a5537ecb5.html	http://www.facebook.com/share.php?u=http://www.flashgames.it/the.roomz.html	http://www.facebook.com/share.php?u=http://www.flashgames.it/the.roomz.html
20090304023521	http://flashgames.it:80/the.roomz.html	20090304023521__257a5537ecb5.html	/img/facebook.gif	http://flashgames.it:80/img/facebook.gif
20090304023521	http://flashgames.it:80/the.roomz.html	20090304023521__257a5537ecb5.html	https://favorites.live.com/quickadd.aspx?marklet=1&mkt=en-us&top=0&url=http://www.flashgames.it/the.roomz.html	https://favorites.live.com/quickadd.aspx?marklet=1&mkt=en-us&top=0&url=http://www.flashgames.it/the.roomz.html
20090304023521	http://flashgames.it:80/the.roomz.html	20090304023521__257a5537ecb5.html	/img/live.gif	http://flashgames.it:80/img/live.gif
20090304023521	http://flashgames.it:80/the.roomz.html	20090304023521__257a5537ecb5.html	http://www.google.com/bookmarks/mark?op=add&bkmk=http://www.flashgames.it/the.roomz.html	http://www.google.com/bookmarks/mark?op=add&bkmk=http://www.flashgames.it/the.roomz.html
20090304023521	http://flashgames.it:80/the.roomz.html	20090304023521__257a5537ecb5.html	/img/google.gif	http://flashgames.it:80/img/google.gif
20090304023521	http://flashgames.it:80/the.roomz.html	20090304023521__257a5537ecb5.html	http://bookmarks.excite.eu/post?url=http://www.flashgames.it/the.roomz.html	http://bookmarks.excite.eu/post?url=http://www.flashgames.it/the.roomz.html
20090304023521	http://flashgames.it:80/the.roomz.html	20090304023521__257a5537ecb5.html	/img/excite.gif	http://flashgames.it:80/img/excite.gif
20090304023521	http://flashgames.it:80/the.roomz.html	20090304023521__257a5537ecb5.html	http://digg.com/submit?phase=2&url=http://www.flashgames.it/the.roomz.html	http://digg.com/submit?phase=2&url=http://www.flashgames.it/the.roomz.html
20090304023521	http://flashgames.it:80/the.roomz.html	20090304023521__257a5537ecb5.html	/img/digg.gif	http://flashgames.it:80/img/digg.gif
20090304023521	http://flashgames.it:80/the.roomz.html	20090304023521__257a5537ecb5.html	http://del.icio.us/post?url=http://www.flashgames.it/the.roomz.html	http://del.icio.us/post?url=http://www.flashgames.it/the.roomz.html
20090304023521	http://flashgames.it:80/the.roomz.html	20090304023521__257a5537ecb5.html	/img/delicious.gif	http://flashgames.it:80/img/delicious.gif
20090304023521	http://flashgames.it:80/the.roomz.html	20090304023521__257a5537ecb5.html	http://slashdot.org/bookmark.pl?url=http://www.flashgames.it/the.roomz.html	http://slashdot.org/bookmark.pl?url=http://www.flashgames.it/the.roomz.html
20090304023521	http://flashgames.it:80/the.roomz.html	20090304023521__257a5537ecb5.html	/img/slashdot.gif	http://flashgames.it:80/img/slashdot.gif
20090304023521	http://flashgames.it:80/the.roomz.html	20090304023521__257a5537ecb5.html	http://www.netscape.com/submit/?U=http://www.flashgames.it/the.roomz.html	http://www.netscape.com/submit/?U=http://www.flashgames.it/the.roomz.html
20090304023521	http://flashgames.it:80/the.roomz.html	20090304023521__257a5537ecb5.html	/img/netscape.gif	http://flashgames.it:80/img/netscape.gif
20090304023521	http://flashgames.it:80/the.roomz.html	20090304023521__257a5537ecb5.html	http://technorati.com/faves/?add=http://www.flashgames.it/the.roomz.html	http://technorati.com/faves/?add=http://www.flashgames.it/the.roomz.html
20090304023521	http://flashgames.it:80/the.roomz.html	20090304023521__257a5537ecb5.html	/img/technorati.gif	http://flashgames.it:80/img/technorati.gif
20090304023521	http://flashgames.it:80/the.roomz.html	20090304023521__257a5537ecb5.html	http://www.stumbleupon.com/submit?url=http://www.flashgames.it/the.roomz.html	http://www.stumbleupon.com/submit?url=http://www.flashgames.it/the.roomz.html
20090304023521	http://flashgames.it:80/the.roomz.html	20090304023521__257a5537ecb5.html	/img/stumbleupon.gif	http://flashgames.it:80/img/stumbleupon.gif
20090304023521	http://flashgames.it:80/the.roomz.html	20090304023521__257a5537ecb5.html	http://myweb2.search.yahoo.com/myresults/bookmarklet?u=http://www.flashgames.it/the.roomz.html	http://myweb2.search.yahoo.com/myresults/bookmarklet?u=http://www.flashgames.it/the.roomz.html
20090304023521	http://flashgames.it:80/the.roomz.html	20090304023521__257a5537ecb5.html	/img/yahoo.gif	http://flashgames.it:80/img/yahoo.gif
20090304023521	http://flashgames.it:80/the.roomz.html	20090304023521__257a5537ecb5.html	http://oknotizie.alice.it/post?url=http://www.flashgames.it/the.roomz.html	http://oknotizie.alice.it/post?url=http://www.flashgames.it/the.roomz.html
20090304023521	http://flashgames.it:80/the.roomz.html	20090304023521__257a5537ecb5.html	/img/oknotizie.gif	http://flashgames.it:80/img/oknotizie.gif
20090304023521	http://flashgames.it:80/the.roomz.html	20090304023521__257a5537ecb5.html	http://twitthis.com/twit?url=http://www.flashgames.it/the.roomz.html	http://twitthis.com/twit?url=http://www.flashgames.it/the.roomz.html
20090304023521	http://flashgames.it:80/the.roomz.html	20090304023521__257a5537ecb5.html	/img/twitter.gif	http://flashgames.it:80/img/twitter.gif
20090304023521	http://flashgames.it:80/the.roomz.html	20090304023521__257a5537ecb5.html	/img/sfida.amico.gif	http://flashgames.it:80/img/sfida.amico.gif
20090304023521	http://flashgames.it:80/the.roomz.html	20090304023521__257a5537ecb5.html	/img/ico.pupazzetto.gif	http://flashgames.it:80/img/ico.pupazzetto.gif
20090304023521	http://flashgames.it:80/the.roomz.html	20090304023521__257a5537ecb5.html	sfida.php?icona=the.roomz	http://flashgames.it:80/sfida.php?icona=the.roomz
20090304023521	http://flashgames.it:80/the.roomz.html	20090304023521__257a5537ecb5.html	/img/bloggames.tit.gif	http://flashgames.it:80/img/bloggames.tit.gif
20090304023521	http://flashgames.it:80/the.roomz.html	20090304023521__257a5537ecb5.html	http://www.flashgames.it/bloggames.php	http://www.flashgames.it/bloggames.php
20090304023521	http://flashgames.it:80/the.roomz.html	20090304023521__257a5537ecb5.html	http://www.flashgames.it/bloggamesforum.php?id=4156	http://www.flashgames.it/bloggamesforum.php?id=4156
20090304023521	http://flashgames.it:80/the.roomz.html	20090304023521__257a5537ecb5.html	http://www.flashgames.it/avventura/the.roomz/ico.gif	http://www.flashgames.it/avventura/the.roomz/ico.gif
20090304023521	http://flashgames.it:80/the.roomz.html	20090304023521__257a5537ecb5.html	http://www.flashgames.it/webmastergame.php?icona=the.roomz	http://www.flashgames.it/webmastergame.php?icona=the.roomz
20090304023521	http://flashgames.it:80/the.roomz.html	20090304023521__257a5537ecb5.html	http://www.flashgames.it/webmaster/gioca.gif	http://www.flashgames.it/webmaster/gioca.gif
20090304023521	http://flashgames.it:80/the.roomz.html	20090304023521__257a5537ecb5.html	http://www.flashgames.it	http://www.flashgames.it
20090304023521	http://flashgames.it:80/the.roomz.html	20090304023521__257a5537ecb5.html	/img/footer.gif	http://flashgames.it:80/img/footer.gif
20090304023521	http://flashgames.it:80/the.roomz.html	20090304023521__257a5537ecb5.html	/img/logo.formatc.gif	http://flashgames.it:80/img/logo.formatc.gif
20090304023521	http://flashgames.it:80/the.roomz.html	20090304023521__257a5537ecb5.html	/img/logo.dada.gif	http://flashgames.it:80/img/logo.dada.gif
20090304023521	http://flashgames.it:80/the.roomz.html	20090304023521__257a5537ecb5.html	http://www.flashgames.it/the.roomz.html	http://www.flashgames.it/the.roomz.html
20090304023521	http://flashgames.it:80/the.roomz.html	20090304023521__257a5537ecb5.html	http://www.flashgames.it/avventura/the.roomz/ico.gif[/IMG]	http://www.flashgames.it/avventura/the.roomz/ico.gif[/IMG]
20090304023521	http://flashgames.it:80/the.roomz.html	20090304023521__257a5537ecb5.html	http://www.flashgames.it/the.roomz.html][img]http://www.flashgames.it/webmaster/gioca.gif[/img][/url]	http://www.flashgames.it/the.roomz.html][img]http://www.flashgames.it/webmaster/gioca.gif[/img][/url]
20090406060609	http://flashgames.it:80/the.roomz.html	20090406060609__e304603cc838.html	/include/script_linguetta.js	http://flashgames.it:80/include/script_linguetta.js
20090406060609	http://flashgames.it:80/the.roomz.html	20090406060609__e304603cc838.html	/style.css	http://flashgames.it:80/style.css
20090406060609	http://flashgames.it:80/the.roomz.html	20090406060609__e304603cc838.html	/img.menu/singleplayer.gif	http://flashgames.it:80/img.menu/singleplayer.gif
20090406060609	http://flashgames.it:80/the.roomz.html	20090406060609__e304603cc838.html	/img.menu/barretta.gif	http://flashgames.it:80/img.menu/barretta.gif
20090406060609	http://flashgames.it:80/the.roomz.html	20090406060609__e304603cc838.html	/indexmp.php	http://flashgames.it:80/indexmp.php
20090406060609	http://flashgames.it:80/the.roomz.html	20090406060609__e304603cc838.html	/img.menu/multiplayer.gif	http://flashgames.it:80/img.menu/multiplayer.gif
20090406060609	http://flashgames.it:80/the.roomz.html	20090406060609__e304603cc838.html	/index.php	http://flashgames.it:80/index.php
20090406060609	http://flashgames.it:80/the.roomz.html	20090406060609__e304603cc838.html	/img/logo.gif	http://flashgames.it:80/img/logo.gif
20090406060609	http://flashgames.it:80/the.roomz.html	20090406060609__e304603cc838.html	/img/ico.data.gif	http://flashgames.it:80/img/ico.data.gif
20090406060609	http://flashgames.it:80/the.roomz.html	20090406060609__e304603cc838.html	/include/orario_menu.js	http://flashgames.it:80/include/orario_menu.js
20090406060609	http://flashgames.it:80/the.roomz.html	20090406060609__e304603cc838.html	/img/stats.giocatori.gif	http://flashgames.it:80/img/stats.giocatori.gif
20090406060609	http://flashgames.it:80/the.roomz.html	20090406060609__e304603cc838.html	/online/online.php	http://flashgames.it:80/online/online.php
20090406060609	http://flashgames.it:80/the.roomz.html	20090406060609__e304603cc838.html	/giochi-online/giochi-azione.html	http://flashgames.it:80/giochi-online/giochi-azione.html
20090406060609	http://flashgames.it:80/the.roomz.html	20090406060609__e304603cc838.html	/giochi-online/giochi-abilita.html	http://flashgames.it:80/giochi-online/giochi-abilita.html
20090406060609	http://flashgames.it:80/the.roomz.html	20090406060609__e304603cc838.html	/img.menu/abilita.gif	http://flashgames.it:80/img.menu/abilita.gif
20090406060609	http://flashgames.it:80/the.roomz.html	20090406060609__e304603cc838.html	/img.menu/separatore.gif	http://flashgames.it:80/img.menu/separatore.gif
20090406060609	http://flashgames.it:80/the.roomz.html	20090406060609__e304603cc838.html	/img.menu/azione.gif	http://flashgames.it:80/img.menu/azione.gif
20090406060609	http://flashgames.it:80/the.roomz.html	20090406060609__e304603cc838.html	/giochi-online/giochi-sportivi.html	http://flashgames.it:80/giochi-online/giochi-sportivi.html
20090406060609	http://flashgames.it:80/the.roomz.html	20090406060609__e304603cc838.html	/img.menu/sport.gif	http://flashgames.it:80/img.menu/sport.gif
20090406060609	http://flashgames.it:80/the.roomz.html	20090406060609__e304603cc838.html	/giochi-online/giochi-avventura.html	http://flashgames.it:80/giochi-online/giochi-avventura.html
20090406060609	http://flashgames.it:80/the.roomz.html	20090406060609__e304603cc838.html	/img.menu/avventura.sel.gif	http://flashgames.it:80/img.menu/avventura.sel.gif
20090406060609	http://flashgames.it:80/the.roomz.html	20090406060609__e304603cc838.html	/giochi-online/giochi-puzzle.html	http://flashgames.it:80/giochi-online/giochi-puzzle.html
20090406060609	http://flashgames.it:80/the.roomz.html	20090406060609__e304603cc838.html	/img.menu/puzzle.gif	http://flashgames.it:80/img.menu/puzzle.gif
20090406060609	http://flashgames.it:80/the.roomz.html	20090406060609__e304603cc838.html	/giochi-online/giochi-divertenti.html	http://flashgames.it:80/giochi-online/giochi-divertenti.html
20090406060609	http://flashgames.it:80/the.roomz.html	20090406060609__e304603cc838.html	/img.menu/humor.gif	http://flashgames.it:80/img.menu/humor.gif
20090406060609	http://flashgames.it:80/the.roomz.html	20090406060609__e304603cc838.html	/giochi-online/giochi-datavolo.html	http://flashgames.it:80/giochi-online/giochi-datavolo.html
20090406060609	http://flashgames.it:80/the.roomz.html	20090406060609__e304603cc838.html	/img.menu/datavolo.gif	http://flashgames.it:80/img.menu/datavolo.gif
20090406060609	http://flashgames.it:80/the.roomz.html	20090406060609__e304603cc838.html	/giochi-online/giochi-erotici.html	http://flashgames.it:80/giochi-online/giochi-erotici.html
20090406060609	http://flashgames.it:80/the.roomz.html	20090406060609__e304603cc838.html	/img.menu/sexy.gif	http://flashgames.it:80/img.menu/sexy.gif
20090406060609	http://flashgames.it:80/the.roomz.html	20090406060609__e304603cc838.html	/giochi-online/casino-online.html	http://flashgames.it:80/giochi-online/casino-online.html
20090406060609	http://flashgames.it:80/the.roomz.html	20090406060609__e304603cc838.html	/img.menu/casino.gif	http://flashgames.it:80/img.menu/casino.gif
20090406060609	http://flashgames.it:80/the.roomz.html	20090406060609__e304603cc838.html	/gioco.random.php	http://flashgames.it:80/gioco.random.php
20090406060609	http://flashgames.it:80/the.roomz.html	20090406060609__e304603cc838.html	/img.menu/gioco.random.gif	http://flashgames.it:80/img.menu/gioco.random.gif
20090406060609	http://flashgames.it:80/the.roomz.html	20090406060609__e304603cc838.html	/img/istruzioni.gioco.gif	http://flashgames.it:80/img/istruzioni.gioco.gif
20090406060609	http://flashgames.it:80/the.roomz.html	20090406060609__e304603cc838.html	/img/spaziatura10.gif	http://flashgames.it:80/img/spaziatura10.gif
20090406060609	http://flashgames.it:80/the.roomz.html	20090406060609__e304603cc838.html	/img/flash.gif	http://flashgames.it:80/img/flash.gif
20090406060609	http://flashgames.it:80/the.roomz.html	20090406060609__e304603cc838.html	/img/shock.gif	http://flashgames.it:80/img/shock.gif
20090406060609	http://flashgames.it:80/the.roomz.html	20090406060609__e304603cc838.html	tag.css	http://flashgames.it:80/tag.css
20090406060609	http://flashgames.it:80/the.roomz.html	20090406060609__e304603cc838.html	the.roomz	http://flashgames.it:80/the.roomz
20090406060609	http://flashgames.it:80/the.roomz.html	20090406060609__e304603cc838.html	/tagboard/tag.php?email=the.roomz&multiplayer=no	http://flashgames.it:80/tagboard/tag.php?email=the.roomz&multiplayer=no
20090406060609	http://flashgames.it:80/the.roomz.html	20090406060609__e304603cc838.html	/tagboard/images/smile.gif	http://flashgames.it:80/tagboard/images/smile.gif
20090406060609	http://flashgames.it:80/the.roomz.html	20090406060609__e304603cc838.html	/tagboard/images/grin.gif	http://flashgames.it:80/tagboard/images/grin.gif
20090406060609	http://flashgames.it:80/the.roomz.html	20090406060609__e304603cc838.html	/tagboard/images/stick.gif	http://flashgames.it:80/tagboard/images/stick.gif
20090406060609	http://flashgames.it:80/the.roomz.html	20090406060609__e304603cc838.html	/tagboard/images/lv.gif	http://flashgames.it:80/tagboard/images/lv.gif
20090406060609	http://flashgames.it:80/the.roomz.html	20090406060609__e304603cc838.html	/tagboard/images/wink.gif	http://flashgames.it:80/tagboard/images/wink.gif
20090406060609	http://flashgames.it:80/the.roomz.html	20090406060609__e304603cc838.html	/tagboard/images/io.gif	http://flashgames.it:80/tagboard/images/io.gif
20090406060609	http://flashgames.it:80/the.roomz.html	20090406060609__e304603cc838.html	/tagboard/images/grr.gif	http://flashgames.it:80/tagboard/images/grr.gif
20090406060609	http://flashgames.it:80/the.roomz.html	20090406060609__e304603cc838.html	/tagboard/images/sadd.gif	http://flashgames.it:80/tagboard/images/sadd.gif
20090406060609	http://flashgames.it:80/the.roomz.html	20090406060609__e304603cc838.html	/tagboard/images/boo.gif	http://flashgames.it:80/tagboard/images/boo.gif
20090406060609	http://flashgames.it:80/the.roomz.html	20090406060609__e304603cc838.html	/tagboard/images/uhm.gif	http://flashgames.it:80/tagboard/images/uhm.gif
20090406060609	http://flashgames.it:80/the.roomz.html	20090406060609__e304603cc838.html	/tagboard/images/argh.gif	http://flashgames.it:80/tagboard/images/argh.gif
20090406060609	http://flashgames.it:80/the.roomz.html	20090406060609__e304603cc838.html	/tagboard/images/gasp.gif	http://flashgames.it:80/tagboard/images/gasp.gif
20090406060609	http://flashgames.it:80/the.roomz.html	20090406060609__e304603cc838.html	/tagboard/images/ok.gif	http://flashgames.it:80/tagboard/images/ok.gif
20090406060609	http://flashgames.it:80/the.roomz.html	20090406060609__e304603cc838.html	invia	http://flashgames.it:80/invia
20090406060609	http://flashgames.it:80/the.roomz.html	20090406060609__e304603cc838.html	/img/sf.gametop.gif	http://flashgames.it:80/img/sf.gametop.gif
20090406060609	http://flashgames.it:80/the.roomz.html	20090406060609__e304603cc838.html	sameDomain	http://flashgames.it:80/sameDomain
20090406060609	http://flashgames.it:80/the.roomz.html	20090406060609__e304603cc838.html	preloader4.swf?fszie=469970&pub_path=	http://flashgames.it:80/preloader4.swf?fszie=469970&pub_path=
20090406060609	http://flashgames.it:80/the.roomz.html	20090406060609__e304603cc838.html	high	http://flashgames.it:80/high
20090406060609	http://flashgames.it:80/the.roomz.html	20090406060609__e304603cc838.html	/avventura/the.roomz/game.swf	http://flashgames.it:80/avventura/the.roomz/game.swf
20090406060609	http://flashgames.it:80/the.roomz.html	20090406060609__e304603cc838.html	/img/sf.gamebottom.gif	http://flashgames.it:80/img/sf.gamebottom.gif
20090406060609	http://flashgames.it:80/the.roomz.html	20090406060609__e304603cc838.html	/img/giochi.preferiti.gif	http://flashgames.it:80/img/giochi.preferiti.gif
20090406060609	http://flashgames.it:80/the.roomz.html	20090406060609__e304603cc838.html	/img/ico.dadi.gif	http://flashgames.it:80/img/ico.dadi.gif
20090406060609	http://flashgames.it:80/the.roomz.html	20090406060609__e304603cc838.html	http://www.facebook.com/share.php?u=http://www.flashgames.it/the.roomz.html	http://www.facebook.com/share.php?u=http://www.flashgames.it/the.roomz.html
20090406060609	http://flashgames.it:80/the.roomz.html	20090406060609__e304603cc838.html	/img/facebook.gif	http://flashgames.it:80/img/facebook.gif
20090406060609	http://flashgames.it:80/the.roomz.html	20090406060609__e304603cc838.html	https://favorites.live.com/quickadd.aspx?marklet=1&mkt=en-us&top=0&url=http://www.flashgames.it/the.roomz.html	https://favorites.live.com/quickadd.aspx?marklet=1&mkt=en-us&top=0&url=http://www.flashgames.it/the.roomz.html
20090406060609	http://flashgames.it:80/the.roomz.html	20090406060609__e304603cc838.html	/img/live.gif	http://flashgames.it:80/img/live.gif
20090406060609	http://flashgames.it:80/the.roomz.html	20090406060609__e304603cc838.html	http://www.google.com/bookmarks/mark?op=add&bkmk=http://www.flashgames.it/the.roomz.html	http://www.google.com/bookmarks/mark?op=add&bkmk=http://www.flashgames.it/the.roomz.html
20090406060609	http://flashgames.it:80/the.roomz.html	20090406060609__e304603cc838.html	/img/google.gif	http://flashgames.it:80/img/google.gif
20090406060609	http://flashgames.it:80/the.roomz.html	20090406060609__e304603cc838.html	http://bookmarks.excite.eu/post?url=http://www.flashgames.it/the.roomz.html	http://bookmarks.excite.eu/post?url=http://www.flashgames.it/the.roomz.html
20090406060609	http://flashgames.it:80/the.roomz.html	20090406060609__e304603cc838.html	/img/excite.gif	http://flashgames.it:80/img/excite.gif
20090406060609	http://flashgames.it:80/the.roomz.html	20090406060609__e304603cc838.html	http://digg.com/submit?phase=2&url=http://www.flashgames.it/the.roomz.html	http://digg.com/submit?phase=2&url=http://www.flashgames.it/the.roomz.html
20090406060609	http://flashgames.it:80/the.roomz.html	20090406060609__e304603cc838.html	/img/digg.gif	http://flashgames.it:80/img/digg.gif
20090406060609	http://flashgames.it:80/the.roomz.html	20090406060609__e304603cc838.html	http://del.icio.us/post?url=http://www.flashgames.it/the.roomz.html	http://del.icio.us/post?url=http://www.flashgames.it/the.roomz.html
20090406060609	http://flashgames.it:80/the.roomz.html	20090406060609__e304603cc838.html	/img/delicious.gif	http://flashgames.it:80/img/delicious.gif
20090406060609	http://flashgames.it:80/the.roomz.html	20090406060609__e304603cc838.html	http://slashdot.org/bookmark.pl?url=http://www.flashgames.it/the.roomz.html	http://slashdot.org/bookmark.pl?url=http://www.flashgames.it/the.roomz.html
20090406060609	http://flashgames.it:80/the.roomz.html	20090406060609__e304603cc838.html	/img/slashdot.gif	http://flashgames.it:80/img/slashdot.gif
20090406060609	http://flashgames.it:80/the.roomz.html	20090406060609__e304603cc838.html	http://www.netscape.com/submit/?U=http://www.flashgames.it/the.roomz.html	http://www.netscape.com/submit/?U=http://www.flashgames.it/the.roomz.html
20090406060609	http://flashgames.it:80/the.roomz.html	20090406060609__e304603cc838.html	/img/netscape.gif	http://flashgames.it:80/img/netscape.gif
20090406060609	http://flashgames.it:80/the.roomz.html	20090406060609__e304603cc838.html	http://technorati.com/faves/?add=http://www.flashgames.it/the.roomz.html	http://technorati.com/faves/?add=http://www.flashgames.it/the.roomz.html
20090406060609	http://flashgames.it:80/the.roomz.html	20090406060609__e304603cc838.html	/img/technorati.gif	http://flashgames.it:80/img/technorati.gif
20090406060609	http://flashgames.it:80/the.roomz.html	20090406060609__e304603cc838.html	http://www.stumbleupon.com/submit?url=http://www.flashgames.it/the.roomz.html	http://www.stumbleupon.com/submit?url=http://www.flashgames.it/the.roomz.html
20090406060609	http://flashgames.it:80/the.roomz.html	20090406060609__e304603cc838.html	/img/stumbleupon.gif	http://flashgames.it:80/img/stumbleupon.gif
20090406060609	http://flashgames.it:80/the.roomz.html	20090406060609__e304603cc838.html	http://myweb2.search.yahoo.com/myresults/bookmarklet?u=http://www.flashgames.it/the.roomz.html	http://myweb2.search.yahoo.com/myresults/bookmarklet?u=http://www.flashgames.it/the.roomz.html
20090406060609	http://flashgames.it:80/the.roomz.html	20090406060609__e304603cc838.html	/img/yahoo.gif	http://flashgames.it:80/img/yahoo.gif
20090406060609	http://flashgames.it:80/the.roomz.html	20090406060609__e304603cc838.html	http://oknotizie.alice.it/post?url=http://www.flashgames.it/the.roomz.html	http://oknotizie.alice.it/post?url=http://www.flashgames.it/the.roomz.html
20090406060609	http://flashgames.it:80/the.roomz.html	20090406060609__e304603cc838.html	/img/oknotizie.gif	http://flashgames.it:80/img/oknotizie.gif
20090406060609	http://flashgames.it:80/the.roomz.html	20090406060609__e304603cc838.html	http://twitthis.com/twit?url=http://www.flashgames.it/the.roomz.html	http://twitthis.com/twit?url=http://www.flashgames.it/the.roomz.html
20090406060609	http://flashgames.it:80/the.roomz.html	20090406060609__e304603cc838.html	/img/twitter.gif	http://flashgames.it:80/img/twitter.gif
20090406060609	http://flashgames.it:80/the.roomz.html	20090406060609__e304603cc838.html	/img/sfida.amico.gif	http://flashgames.it:80/img/sfida.amico.gif
20090406060609	http://flashgames.it:80/the.roomz.html	20090406060609__e304603cc838.html	/img/ico.pupazzetto.gif	http://flashgames.it:80/img/ico.pupazzetto.gif
20090406060609	http://flashgames.it:80/the.roomz.html	20090406060609__e304603cc838.html	sfida.php?icona=the.roomz	http://flashgames.it:80/sfida.php?icona=the.roomz
20090406060609	http://flashgames.it:80/the.roomz.html	20090406060609__e304603cc838.html	/img/bloggames.tit.gif	http://flashgames.it:80/img/bloggames.tit.gif
20090406060609	http://flashgames.it:80/the.roomz.html	20090406060609__e304603cc838.html	http://www.flashgames.it/bloggames.php	http://www.flashgames.it/bloggames.php
20090406060609	http://flashgames.it:80/the.roomz.html	20090406060609__e304603cc838.html	http://www.flashgames.it/bloggamesforum.php?id=4156	http://www.flashgames.it/bloggamesforum.php?id=4156
20090406060609	http://flashgames.it:80/the.roomz.html	20090406060609__e304603cc838.html	http://www.flashgames.it/avventura/the.roomz/ico.gif	http://www.flashgames.it/avventura/the.roomz/ico.gif
20090406060609	http://flashgames.it:80/the.roomz.html	20090406060609__e304603cc838.html	http://www.flashgames.it/webmastergame.php?icona=the.roomz	http://www.flashgames.it/webmastergame.php?icona=the.roomz
20090406060609	http://flashgames.it:80/the.roomz.html	20090406060609__e304603cc838.html	http://www.flashgames.it/webmaster/gioca.gif	http://www.flashgames.it/webmaster/gioca.gif
20090406060609	http://flashgames.it:80/the.roomz.html	20090406060609__e304603cc838.html	http://www.flashgames.it	http://www.flashgames.it
20090406060609	http://flashgames.it:80/the.roomz.html	20090406060609__e304603cc838.html	/img/footer.gif	http://flashgames.it:80/img/footer.gif
20090406060609	http://flashgames.it:80/the.roomz.html	20090406060609__e304603cc838.html	/img/logo.formatc.gif	http://flashgames.it:80/img/logo.formatc.gif
20090406060609	http://flashgames.it:80/the.roomz.html	20090406060609__e304603cc838.html	/img/logo.dada.gif	http://flashgames.it:80/img/logo.dada.gif
20090406060609	http://flashgames.it:80/the.roomz.html	20090406060609__e304603cc838.html	http://www.flashgames.it/the.roomz.html	http://www.flashgames.it/the.roomz.html
20090406060609	http://flashgames.it:80/the.roomz.html	20090406060609__e304603cc838.html	http://www.flashgames.it/avventura/the.roomz/ico.gif[/IMG]	http://www.flashgames.it/avventura/the.roomz/ico.gif[/IMG]
20090406060609	http://flashgames.it:80/the.roomz.html	20090406060609__e304603cc838.html	http://www.flashgames.it/the.roomz.html][img]http://www.flashgames.it/webmaster/gioca.gif[/img][/url]	http://www.flashgames.it/the.roomz.html][img]http://www.flashgames.it/webmaster/gioca.gif[/img][/url]
20090508165633	http://flashgames.it:80/the.roomz.html	20090508165633__7e332b03ca87.html	/include/script_linguetta.js	http://flashgames.it:80/include/script_linguetta.js
20090508165633	http://flashgames.it:80/the.roomz.html	20090508165633__7e332b03ca87.html	/style.css	http://flashgames.it:80/style.css
20090508165633	http://flashgames.it:80/the.roomz.html	20090508165633__7e332b03ca87.html	/img.menu/singleplayer.gif	http://flashgames.it:80/img.menu/singleplayer.gif
20090508165633	http://flashgames.it:80/the.roomz.html	20090508165633__7e332b03ca87.html	/img.menu/barretta.gif	http://flashgames.it:80/img.menu/barretta.gif
20090508165633	http://flashgames.it:80/the.roomz.html	20090508165633__7e332b03ca87.html	/indexmp.php	http://flashgames.it:80/indexmp.php
20090508165633	http://flashgames.it:80/the.roomz.html	20090508165633__7e332b03ca87.html	/img.menu/multiplayer.gif	http://flashgames.it:80/img.menu/multiplayer.gif
20090508165633	http://flashgames.it:80/the.roomz.html	20090508165633__7e332b03ca87.html	/index.php	http://flashgames.it:80/index.php
20090508165633	http://flashgames.it:80/the.roomz.html	20090508165633__7e332b03ca87.html	/img/logo.gif	http://flashgames.it:80/img/logo.gif
20090508165633	http://flashgames.it:80/the.roomz.html	20090508165633__7e332b03ca87.html	/img/ico.data.gif	http://flashgames.it:80/img/ico.data.gif
20090508165633	http://flashgames.it:80/the.roomz.html	20090508165633__7e332b03ca87.html	/include/orario_menu.js	http://flashgames.it:80/include/orario_menu.js
20090508165633	http://flashgames.it:80/the.roomz.html	20090508165633__7e332b03ca87.html	/img/stats.giocatori.gif	http://flashgames.it:80/img/stats.giocatori.gif
20090508165633	http://flashgames.it:80/the.roomz.html	20090508165633__7e332b03ca87.html	/online/online.php	http://flashgames.it:80/online/online.php
20090508165633	http://flashgames.it:80/the.roomz.html	20090508165633__7e332b03ca87.html	/giochi-online/giochi-azione.html	http://flashgames.it:80/giochi-online/giochi-azione.html
20090508165633	http://flashgames.it:80/the.roomz.html	20090508165633__7e332b03ca87.html	/giochi-online/giochi-abilita.html	http://flashgames.it:80/giochi-online/giochi-abilita.html
20090508165633	http://flashgames.it:80/the.roomz.html	20090508165633__7e332b03ca87.html	/img.menu/abilita.gif	http://flashgames.it:80/img.menu/abilita.gif
20090508165633	http://flashgames.it:80/the.roomz.html	20090508165633__7e332b03ca87.html	/img.menu/separatore.gif	http://flashgames.it:80/img.menu/separatore.gif
20090508165633	http://flashgames.it:80/the.roomz.html	20090508165633__7e332b03ca87.html	/img.menu/azione.gif	http://flashgames.it:80/img.menu/azione.gif
20090508165633	http://flashgames.it:80/the.roomz.html	20090508165633__7e332b03ca87.html	/giochi-online/giochi-sportivi.html	http://flashgames.it:80/giochi-online/giochi-sportivi.html
20090508165633	http://flashgames.it:80/the.roomz.html	20090508165633__7e332b03ca87.html	/img.menu/sport.gif	http://flashgames.it:80/img.menu/sport.gif
20090508165633	http://flashgames.it:80/the.roomz.html	20090508165633__7e332b03ca87.html	/giochi-online/giochi-avventura.html	http://flashgames.it:80/giochi-online/giochi-avventura.html
20090508165633	http://flashgames.it:80/the.roomz.html	20090508165633__7e332b03ca87.html	/img.menu/avventura.sel.gif	http://flashgames.it:80/img.menu/avventura.sel.gif
20090508165633	http://flashgames.it:80/the.roomz.html	20090508165633__7e332b03ca87.html	/giochi-online/giochi-puzzle.html	http://flashgames.it:80/giochi-online/giochi-puzzle.html
20090508165633	http://flashgames.it:80/the.roomz.html	20090508165633__7e332b03ca87.html	/img.menu/puzzle.gif	http://flashgames.it:80/img.menu/puzzle.gif
20090508165633	http://flashgames.it:80/the.roomz.html	20090508165633__7e332b03ca87.html	/giochi-online/giochi-divertenti.html	http://flashgames.it:80/giochi-online/giochi-divertenti.html
20090508165633	http://flashgames.it:80/the.roomz.html	20090508165633__7e332b03ca87.html	/img.menu/humor.gif	http://flashgames.it:80/img.menu/humor.gif
20090508165633	http://flashgames.it:80/the.roomz.html	20090508165633__7e332b03ca87.html	/giochi-online/giochi-datavolo.html	http://flashgames.it:80/giochi-online/giochi-datavolo.html
20090508165633	http://flashgames.it:80/the.roomz.html	20090508165633__7e332b03ca87.html	/img.menu/datavolo.gif	http://flashgames.it:80/img.menu/datavolo.gif
20090508165633	http://flashgames.it:80/the.roomz.html	20090508165633__7e332b03ca87.html	/giochi-online/giochi-erotici.html	http://flashgames.it:80/giochi-online/giochi-erotici.html
20090508165633	http://flashgames.it:80/the.roomz.html	20090508165633__7e332b03ca87.html	/img.menu/sexy.gif	http://flashgames.it:80/img.menu/sexy.gif
20090508165633	http://flashgames.it:80/the.roomz.html	20090508165633__7e332b03ca87.html	/giochi-online/casino-online.html	http://flashgames.it:80/giochi-online/casino-online.html
20090508165633	http://flashgames.it:80/the.roomz.html	20090508165633__7e332b03ca87.html	/img.menu/casino.gif	http://flashgames.it:80/img.menu/casino.gif
20090508165633	http://flashgames.it:80/the.roomz.html	20090508165633__7e332b03ca87.html	/gioco.random.php	http://flashgames.it:80/gioco.random.php
20090508165633	http://flashgames.it:80/the.roomz.html	20090508165633__7e332b03ca87.html	/img.menu/gioco.random.gif	http://flashgames.it:80/img.menu/gioco.random.gif
20090508165633	http://flashgames.it:80/the.roomz.html	20090508165633__7e332b03ca87.html	/img/istruzioni.gioco.gif	http://flashgames.it:80/img/istruzioni.gioco.gif
20090508165633	http://flashgames.it:80/the.roomz.html	20090508165633__7e332b03ca87.html	/img/spaziatura10.gif	http://flashgames.it:80/img/spaziatura10.gif
20090508165633	http://flashgames.it:80/the.roomz.html	20090508165633__7e332b03ca87.html	/img/flash.gif	http://flashgames.it:80/img/flash.gif
20090508165633	http://flashgames.it:80/the.roomz.html	20090508165633__7e332b03ca87.html	/img/shock.gif	http://flashgames.it:80/img/shock.gif
20090508165633	http://flashgames.it:80/the.roomz.html	20090508165633__7e332b03ca87.html	tag.css	http://flashgames.it:80/tag.css
20090508165633	http://flashgames.it:80/the.roomz.html	20090508165633__7e332b03ca87.html	the.roomz	http://flashgames.it:80/the.roomz
20090508165633	http://flashgames.it:80/the.roomz.html	20090508165633__7e332b03ca87.html	/tagboard/tag.php?email=the.roomz&multiplayer=no	http://flashgames.it:80/tagboard/tag.php?email=the.roomz&multiplayer=no
20090508165633	http://flashgames.it:80/the.roomz.html	20090508165633__7e332b03ca87.html	/tagboard/images/smile.gif	http://flashgames.it:80/tagboard/images/smile.gif
20090508165633	http://flashgames.it:80/the.roomz.html	20090508165633__7e332b03ca87.html	/tagboard/images/grin.gif	http://flashgames.it:80/tagboard/images/grin.gif
20090508165633	http://flashgames.it:80/the.roomz.html	20090508165633__7e332b03ca87.html	/tagboard/images/stick.gif	http://flashgames.it:80/tagboard/images/stick.gif
20090508165633	http://flashgames.it:80/the.roomz.html	20090508165633__7e332b03ca87.html	/tagboard/images/lv.gif	http://flashgames.it:80/tagboard/images/lv.gif
20090508165633	http://flashgames.it:80/the.roomz.html	20090508165633__7e332b03ca87.html	/tagboard/images/wink.gif	http://flashgames.it:80/tagboard/images/wink.gif
20090508165633	http://flashgames.it:80/the.roomz.html	20090508165633__7e332b03ca87.html	/tagboard/images/io.gif	http://flashgames.it:80/tagboard/images/io.gif
20090508165633	http://flashgames.it:80/the.roomz.html	20090508165633__7e332b03ca87.html	/tagboard/images/grr.gif	http://flashgames.it:80/tagboard/images/grr.gif
20090508165633	http://flashgames.it:80/the.roomz.html	20090508165633__7e332b03ca87.html	/tagboard/images/sadd.gif	http://flashgames.it:80/tagboard/images/sadd.gif
20090508165633	http://flashgames.it:80/the.roomz.html	20090508165633__7e332b03ca87.html	/tagboard/images/boo.gif	http://flashgames.it:80/tagboard/images/boo.gif
20090508165633	http://flashgames.it:80/the.roomz.html	20090508165633__7e332b03ca87.html	/tagboard/images/uhm.gif	http://flashgames.it:80/tagboard/images/uhm.gif
20090508165633	http://flashgames.it:80/the.roomz.html	20090508165633__7e332b03ca87.html	/tagboard/images/argh.gif	http://flashgames.it:80/tagboard/images/argh.gif
20090508165633	http://flashgames.it:80/the.roomz.html	20090508165633__7e332b03ca87.html	/tagboard/images/gasp.gif	http://flashgames.it:80/tagboard/images/gasp.gif
20090508165633	http://flashgames.it:80/the.roomz.html	20090508165633__7e332b03ca87.html	/tagboard/images/ok.gif	http://flashgames.it:80/tagboard/images/ok.gif
20090508165633	http://flashgames.it:80/the.roomz.html	20090508165633__7e332b03ca87.html	invia	http://flashgames.it:80/invia
20090508165633	http://flashgames.it:80/the.roomz.html	20090508165633__7e332b03ca87.html	/img/sf.gametop.gif	http://flashgames.it:80/img/sf.gametop.gif
20090508165633	http://flashgames.it:80/the.roomz.html	20090508165633__7e332b03ca87.html	sameDomain	http://flashgames.it:80/sameDomain
20090508165633	http://flashgames.it:80/the.roomz.html	20090508165633__7e332b03ca87.html	preloader4.swf?fszie=469970&pub_path=	http://flashgames.it:80/preloader4.swf?fszie=469970&pub_path=
20090508165633	http://flashgames.it:80/the.roomz.html	20090508165633__7e332b03ca87.html	high	http://flashgames.it:80/high
20090508165633	http://flashgames.it:80/the.roomz.html	20090508165633__7e332b03ca87.html	/avventura/the.roomz/game.swf	http://flashgames.it:80/avventura/the.roomz/game.swf
20090508165633	http://flashgames.it:80/the.roomz.html	20090508165633__7e332b03ca87.html	/img/sf.gamebottom.gif	http://flashgames.it:80/img/sf.gamebottom.gif
20090508165633	http://flashgames.it:80/the.roomz.html	20090508165633__7e332b03ca87.html	/img/giochi.preferiti.gif	http://flashgames.it:80/img/giochi.preferiti.gif
20090508165633	http://flashgames.it:80/the.roomz.html	20090508165633__7e332b03ca87.html	/img/ico.dadi.gif	http://flashgames.it:80/img/ico.dadi.gif
20090508165633	http://flashgames.it:80/the.roomz.html	20090508165633__7e332b03ca87.html	http://www.facebook.com/share.php?u=http://www.flashgames.it/the.roomz.html	http://www.facebook.com/share.php?u=http://www.flashgames.it/the.roomz.html
20090508165633	http://flashgames.it:80/the.roomz.html	20090508165633__7e332b03ca87.html	/img/facebook.gif	http://flashgames.it:80/img/facebook.gif
20090508165633	http://flashgames.it:80/the.roomz.html	20090508165633__7e332b03ca87.html	https://favorites.live.com/quickadd.aspx?marklet=1&mkt=en-us&top=0&url=http://www.flashgames.it/the.roomz.html	https://favorites.live.com/quickadd.aspx?marklet=1&mkt=en-us&top=0&url=http://www.flashgames.it/the.roomz.html
20090508165633	http://flashgames.it:80/the.roomz.html	20090508165633__7e332b03ca87.html	/img/live.gif	http://flashgames.it:80/img/live.gif
20090508165633	http://flashgames.it:80/the.roomz.html	20090508165633__7e332b03ca87.html	http://www.google.com/bookmarks/mark?op=add&bkmk=http://www.flashgames.it/the.roomz.html	http://www.google.com/bookmarks/mark?op=add&bkmk=http://www.flashgames.it/the.roomz.html
20090508165633	http://flashgames.it:80/the.roomz.html	20090508165633__7e332b03ca87.html	/img/google.gif	http://flashgames.it:80/img/google.gif
20090508165633	http://flashgames.it:80/the.roomz.html	20090508165633__7e332b03ca87.html	http://bookmarks.excite.eu/post?url=http://www.flashgames.it/the.roomz.html	http://bookmarks.excite.eu/post?url=http://www.flashgames.it/the.roomz.html
20090508165633	http://flashgames.it:80/the.roomz.html	20090508165633__7e332b03ca87.html	/img/excite.gif	http://flashgames.it:80/img/excite.gif
20090508165633	http://flashgames.it:80/the.roomz.html	20090508165633__7e332b03ca87.html	http://digg.com/submit?phase=2&url=http://www.flashgames.it/the.roomz.html	http://digg.com/submit?phase=2&url=http://www.flashgames.it/the.roomz.html
20090508165633	http://flashgames.it:80/the.roomz.html	20090508165633__7e332b03ca87.html	/img/digg.gif	http://flashgames.it:80/img/digg.gif
20090508165633	http://flashgames.it:80/the.roomz.html	20090508165633__7e332b03ca87.html	http://del.icio.us/post?url=http://www.flashgames.it/the.roomz.html	http://del.icio.us/post?url=http://www.flashgames.it/the.roomz.html
20090508165633	http://flashgames.it:80/the.roomz.html	20090508165633__7e332b03ca87.html	/img/delicious.gif	http://flashgames.it:80/img/delicious.gif
20090508165633	http://flashgames.it:80/the.roomz.html	20090508165633__7e332b03ca87.html	http://slashdot.org/bookmark.pl?url=http://www.flashgames.it/the.roomz.html	http://slashdot.org/bookmark.pl?url=http://www.flashgames.it/the.roomz.html
20090508165633	http://flashgames.it:80/the.roomz.html	20090508165633__7e332b03ca87.html	/img/slashdot.gif	http://flashgames.it:80/img/slashdot.gif
20090508165633	http://flashgames.it:80/the.roomz.html	20090508165633__7e332b03ca87.html	http://www.netscape.com/submit/?U=http://www.flashgames.it/the.roomz.html	http://www.netscape.com/submit/?U=http://www.flashgames.it/the.roomz.html
20090508165633	http://flashgames.it:80/the.roomz.html	20090508165633__7e332b03ca87.html	/img/netscape.gif	http://flashgames.it:80/img/netscape.gif
20090508165633	http://flashgames.it:80/the.roomz.html	20090508165633__7e332b03ca87.html	http://technorati.com/faves/?add=http://www.flashgames.it/the.roomz.html	http://technorati.com/faves/?add=http://www.flashgames.it/the.roomz.html
20090508165633	http://flashgames.it:80/the.roomz.html	20090508165633__7e332b03ca87.html	/img/technorati.gif	http://flashgames.it:80/img/technorati.gif
20090508165633	http://flashgames.it:80/the.roomz.html	20090508165633__7e332b03ca87.html	http://www.stumbleupon.com/submit?url=http://www.flashgames.it/the.roomz.html	http://www.stumbleupon.com/submit?url=http://www.flashgames.it/the.roomz.html
20090508165633	http://flashgames.it:80/the.roomz.html	20090508165633__7e332b03ca87.html	/img/stumbleupon.gif	http://flashgames.it:80/img/stumbleupon.gif
20090508165633	http://flashgames.it:80/the.roomz.html	20090508165633__7e332b03ca87.html	http://myweb2.search.yahoo.com/myresults/bookmarklet?u=http://www.flashgames.it/the.roomz.html	http://myweb2.search.yahoo.com/myresults/bookmarklet?u=http://www.flashgames.it/the.roomz.html
20090508165633	http://flashgames.it:80/the.roomz.html	20090508165633__7e332b03ca87.html	/img/yahoo.gif	http://flashgames.it:80/img/yahoo.gif
20090508165633	http://flashgames.it:80/the.roomz.html	20090508165633__7e332b03ca87.html	http://oknotizie.alice.it/post?url=http://www.flashgames.it/the.roomz.html	http://oknotizie.alice.it/post?url=http://www.flashgames.it/the.roomz.html
20090508165633	http://flashgames.it:80/the.roomz.html	20090508165633__7e332b03ca87.html	/img/oknotizie.gif	http://flashgames.it:80/img/oknotizie.gif
20090508165633	http://flashgames.it:80/the.roomz.html	20090508165633__7e332b03ca87.html	http://twitthis.com/twit?url=http://www.flashgames.it/the.roomz.html	http://twitthis.com/twit?url=http://www.flashgames.it/the.roomz.html
20090508165633	http://flashgames.it:80/the.roomz.html	20090508165633__7e332b03ca87.html	/img/twitter.gif	http://flashgames.it:80/img/twitter.gif
20090508165633	http://flashgames.it:80/the.roomz.html	20090508165633__7e332b03ca87.html	/img/sfida.amico.gif	http://flashgames.it:80/img/sfida.amico.gif
20090508165633	http://flashgames.it:80/the.roomz.html	20090508165633__7e332b03ca87.html	/img/ico.pupazzetto.gif	http://flashgames.it:80/img/ico.pupazzetto.gif
20090508165633	http://flashgames.it:80/the.roomz.html	20090508165633__7e332b03ca87.html	sfida.php?icona=the.roomz	http://flashgames.it:80/sfida.php?icona=the.roomz
20090508165633	http://flashgames.it:80/the.roomz.html	20090508165633__7e332b03ca87.html	/img/bloggames.tit.gif	http://flashgames.it:80/img/bloggames.tit.gif
20090508165633	http://flashgames.it:80/the.roomz.html	20090508165633__7e332b03ca87.html	http://www.flashgames.it/bloggames.php	http://www.flashgames.it/bloggames.php
20090508165633	http://flashgames.it:80/the.roomz.html	20090508165633__7e332b03ca87.html	http://www.flashgames.it/bloggamesforum.php?id=4156	http://www.flashgames.it/bloggamesforum.php?id=4156
20090508165633	http://flashgames.it:80/the.roomz.html	20090508165633__7e332b03ca87.html	http://www.flashgames.it/avventura/the.roomz/ico.gif	http://www.flashgames.it/avventura/the.roomz/ico.gif
20090508165633	http://flashgames.it:80/the.roomz.html	20090508165633__7e332b03ca87.html	http://www.flashgames.it/webmastergame.php?icona=the.roomz	http://www.flashgames.it/webmastergame.php?icona=the.roomz
20090508165633	http://flashgames.it:80/the.roomz.html	20090508165633__7e332b03ca87.html	http://www.flashgames.it/webmaster/gioca.gif	http://www.flashgames.it/webmaster/gioca.gif
20090508165633	http://flashgames.it:80/the.roomz.html	20090508165633__7e332b03ca87.html	http://www.flashgames.it	http://www.flashgames.it
20090508165633	http://flashgames.it:80/the.roomz.html	20090508165633__7e332b03ca87.html	/img/footer.gif	http://flashgames.it:80/img/footer.gif
20090508165633	http://flashgames.it:80/the.roomz.html	20090508165633__7e332b03ca87.html	/img/logo.formatc.gif	http://flashgames.it:80/img/logo.formatc.gif
20090508165633	http://flashgames.it:80/the.roomz.html	20090508165633__7e332b03ca87.html	/img/logo.dada.gif	http://flashgames.it:80/img/logo.dada.gif
20090508165633	http://flashgames.it:80/the.roomz.html	20090508165633__7e332b03ca87.html	http://www.flashgames.it/the.roomz.html	http://www.flashgames.it/the.roomz.html
20090508165633	http://flashgames.it:80/the.roomz.html	20090508165633__7e332b03ca87.html	http://www.flashgames.it/avventura/the.roomz/ico.gif[/IMG]	http://www.flashgames.it/avventura/the.roomz/ico.gif[/IMG]
20090508165633	http://flashgames.it:80/the.roomz.html	20090508165633__7e332b03ca87.html	http://www.flashgames.it/the.roomz.html][img]http://www.flashgames.it/webmaster/gioca.gif[/img][/url]	http://www.flashgames.it/the.roomz.html][img]http://www.flashgames.it/webmaster/gioca.gif[/img][/url]
