timestamp	url	digest	file
20061120062212	http://theroomz.19.forumer.com:80/a/	SEVZLXKTGQCT77CNYMQBH6XMLQ3BCK6A	research/forumer-recovered/20061120062212_5dfb90c5a1cd_a.html
20070309044357	http://theroomz.19.forumer.com:80/a/	CEIAHPYDM7GFVGHP3BWTTZFRQ7AHCLTO	research/forumer-recovered/20070309044357_5dfb90c5a1cd_a.html
20071030225128	http://theroomz.19.forumer.com:80/a/	WUEWLZAXWKYH53QVF643WPYXOAQ5VIIM	research/forumer-recovered/20071030225128_5dfb90c5a1cd_a.html
20071227152221	http://theroomz.19.forumer.com:80/a/	GOHWKM4BZJKGKFFQMXOYCFGC3IOM3YGW	research/forumer-recovered/20071227152221_5dfb90c5a1cd_a.html
20080226032406	http://theroomz.19.forumer.com:80/a/	RFT2EI4DQYI2RWSUPRMRLNR6RKZXHBWI	research/forumer-recovered/20080226032406_5dfb90c5a1cd_a.html
20081221110346	http://theroomz.19.forumer.com:80/a/	DVBTOMZU7DLEC6GJKDRCZ2O72YY2RMZ2	research/forumer-recovered/20081221110346_5dfb90c5a1cd_a.html
20090220100015	http://theroomz.19.forumer.com:80/a/	ZOL5CQFC6Z6ISVVIOQLKVSVXT4EMACI3	research/forumer-recovered/20090220100015_5dfb90c5a1cd_a.html
20110618104215	http://theroomz.19.forumer.com:80/a/	WN4QSORRGADTJCRMFZLLHXYDSCSV6VP2	research/forumer-recovered/20110618104215_5dfb90c5a1cd_a.html
20110916030608	http://theroomz.19.forumer.com:80/a/	4KVD5N46LY5TIYUZYLBCG6ORZ3DK3JWK	research/forumer-recovered/20110916030608_5dfb90c5a1cd_a.html
20120215170558	http://theroomz.19.forumer.com:80/a/	REDUDT2VX3LP2A3J47HTA22YBMLHZLMG	research/forumer-recovered/20120215170558_5dfb90c5a1cd_a.html
20070310184726	http://theroomz.19.forumer.com:80/a/-9/	LIXHQSMO3FZ466NN4ZNQFTT6ZEF3XC43	research/forumer-recovered/20070310184726_3461f884b020_-9.html
20070316091824	http://theroomz.19.forumer.com:80/a/All-about-THE-ROOMZ-project-4/	FWEPSNHFGFOZHQ46HTBY4DKSX2AXEEEC	research/forumer-recovered/20070316091824_07ccdbc81369_All-about-THE-ROOMZ-project-4.html
20070314005202	http://theroomz.19.forumer.com:80/a/all-about-the-roomz-project_post6.html	NZCGTXWPORSHNZFRJKAHNX35WPRZ65KK	research/forumer-recovered/20070314005202_0c55596f848d_all-about-the-roomz-project_post6.html.html
20070310184706	http://theroomz.19.forumer.com:80/a/announcements-1/	IRIAKWPD76DEIDWU2EGVLLRJQQ4V3N6Y	research/forumer-recovered/20070310184706_759ffb36d805_announcements-1.html
20070310184808	http://theroomz.19.forumer.com:80/a/archive_forumer.css	OSPYIQQ3EUY3VVMMDC3GJSULKXHNER3F	research/forumer-recovered/20070310184808_44e0e3925233_archive_forumer.css.html
20070314005304	http://theroomz.19.forumer.com:80/a/funny-thing_post7.html	IJ7QY25H34MQXVH3FMBRMI3U25ZHZQGV	research/forumer-recovered/20070314005304_15ba2f4376b2_funny-thing_post7.html.html
20070314005223	http://theroomz.19.forumer.com:80/a/how-to-register-on-the-foroom_post8.html	U6YELP7SK5GJX5JA4L2TBDDOCSNRUQDY	research/forumer-recovered/20070314005223_d7385e33dc19_how-to-register-on-the-foroom_post8.html.html
20070310184606	http://theroomz.19.forumer.com:80/a/members.html	R5R4OIRK3WJC6FNZK63BODBXWGQTBNTD	research/forumer-recovered/20070310184606_e99d97125b10_members.html.html
20070314005215	http://theroomz.19.forumer.com:80/a/name-of-the-song_post73.html	EQLFTZTM6OGSPXZA4V4GED5ZVKPGY4TX	research/forumer-recovered/20070314005215_1a2ded794dc3_name-of-the-song_post73.html.html
20080209130739	http://theroomz.19.forumer.com:80/a/room-3-shape-shape-shape_post14.html	FLBHALIQAU44WSGV5SAO2FDL4RMEOKW2	research/forumer-recovered/20080209130739_068db40ef6b9_room-3-shape-shape-shape_post14.html.html
20080424094151	http://theroomz.19.forumer.com:80/a/roomz-3/	FVTYUWGV6KXTIHXL5LCQVXX43FOC5IVW	research/forumer-recovered/20080424094151_363474ef445e_roomz-3.html
20090208144429	http://theroomz.19.forumer.com:80/a/user_royalbran_1732.html	4D7LRI2RCZFIUCI6K2RW6H3ZR3NJ4N23	research/forumer-recovered/20090208144429_7d6bec537929_user_royalbran_1732.html.html
20090311071527	http://theroomz.19.forumer.com:80/a/user_royalbran_1732.html	7HDTY6GB6GN7WXOUNEXTHCW5LSUQECUE	research/forumer-recovered/20090311071527_7d6bec537929_user_royalbran_1732.html.html
20090412030045	http://theroomz.19.forumer.com:80/a/user_royalbran_1732.html	F6FIK6I3N4PJTDGHNEHBDOID6VZZ7WTD	research/forumer-recovered/20090412030045_7d6bec537929_user_royalbran_1732.html.html
20090520020615	http://theroomz.19.forumer.com:80/a/user_royalbran_1732.html	6O2DN3LN4FOS2RAKPA7NKSPURZMO6OMQ	research/forumer-recovered/20090520020615_7d6bec537929_user_royalbran_1732.html.html
20090622124624	http://theroomz.19.forumer.com:80/a/user_royalbran_1732.html	YDOUTDBIS2HBY2EHLPA6KUECBXYSQKGM	research/forumer-recovered/20090622124624_7d6bec537929_user_royalbran_1732.html.html
20090723203244	http://theroomz.19.forumer.com:80/a/user_royalbran_1732.html	UWVVZERZQPGBEZL3HK3LZCBZFNF5Z2W3	research/forumer-recovered/20090723203244_7d6bec537929_user_royalbran_1732.html.html
20090831033646	http://theroomz.19.forumer.com:80/a/user_royalbran_1732.html	BFOQXR2MIRVAWNIG7SZONGIFO5NG4VCG	research/forumer-recovered/20090831033646_7d6bec537929_user_royalbran_1732.html.html
20091219030556	http://theroomz.19.forumer.com:80/a/user_royalbran_1732.html	UUHJSBHPSEO3ETOAYK5B6WCEKNEW6BYJ	research/forumer-recovered/20091219030556_7d6bec537929_user_royalbran_1732.html.html
20091220082619	http://theroomz.19.forumer.com:80/a/user_royalbran_1732.html	W2UWCRKCU5QLWNKJKW6XRTZCU7GEYMBD	research/forumer-recovered/20091220082619_7d6bec537929_user_royalbran_1732.html.html
20100120085121	http://theroomz.19.forumer.com:80/a/user_royalbran_1732.html	YZWZXUVOUPVJSAMFXNRSIR6D2FXSTQXV	research/forumer-recovered/20100120085121_7d6bec537929_user_royalbran_1732.html.html
20100222064854	http://theroomz.19.forumer.com:80/a/user_royalbran_1732.html	FDSVQAMZ5SREEP6SVOR2TUS6RUL2I5KH	research/forumer-recovered/20100222064854_7d6bec537929_user_royalbran_1732.html.html
20100325123855	http://theroomz.19.forumer.com:80/a/user_royalbran_1732.html	QBRHLDMYYAG63FIQAICYYH6JUFCEBXR5	research/forumer-recovered/20100325123855_7d6bec537929_user_royalbran_1732.html.html
20100825175355	http://theroomz.19.forumer.com:80/a/user_royalbran_1732.html	CTA5THYLJ6FUX57XG7NQ6FB3LSGMLGRU	research/forumer-recovered/20100825175355_7d6bec537929_user_royalbran_1732.html.html
20090205060857	http://theroomz.19.forumer.com:80/login.php?redirect=viewtopic.php&p=11190&start=0&sid=2807df07afb4f7462ea2858e286b06e2	MRLUDVHFJ3ATH5H5MZVWBBNZMM2VTIYG	research/forumer-recovered/20090205060857_22492e5dcf12_login.php.html
20090204214102	http://theroomz.19.forumer.com:80/login.php?redirect=viewtopic.php&p=11327&start=0&sid=411698cce1bbde84047d49d912b777e2	OKRKSCDSQYTEXDMSRXRKIA3SCEZ5YSPB	research/forumer-recovered/20090204214102_995e0a7d4884_login.php.html
20070310105150	http://theroomz.19.forumer.com:80/login.php?redirect=viewtopic.php&p=1995&start=0&sid=9c440ab7acf269d0cf488ae0fdad9cf0	G7HNS4WMEM2KK3WMESXMPNBH3V4OEL62	research/forumer-recovered/20070310105150_a363fcde12aa_login.php.html
20070309210656	http://theroomz.19.forumer.com:80/login.php?redirect=viewtopic.php&p=2132&start=0&sid=7a5b97df6937fc7664677db780b8ad94	5WAG3OX5NFRZGGEQYMWETOWTWZWKSWYW	research/forumer-recovered/20070309210656_31fd88e8852e_login.php.html
20070309044439	http://theroomz.19.forumer.com:80/login.php?redirect=viewtopic.php&p=2185&start=0&sid=8c256bb4f78c040df04fdff96101d982	ZIQS6XD36AFTP4JT4OMCQWWXYRWF2D55	research/forumer-recovered/20070309044439_0d6347f48ea2_login.php.html
20070314024155	http://theroomz.19.forumer.com:80/login.php?redirect=viewtopic.php&p=2231&start=0&sid=8af275cc6bbe257b44e5cf435c394685	ESP7S3U4NFLAS6VWZXLEDS7UC3L6NBOK	research/forumer-recovered/20070314024155_d2042a602490_login.php.html
20070312211534	http://theroomz.19.forumer.com:80/login.php?redirect=viewtopic.php&p=2235&start=0&sid=819a13ee334420286d074f427e12ecd3	E44SOVL6ZPMIBCHDT5K27VB7OIZW4PFY	research/forumer-recovered/20070312211534_c1ca70876ccc_login.php.html
20070314005330	http://theroomz.19.forumer.com:80/login.php?redirect=viewtopic.php&p=2245&start=0&sid=d324462c9d722f05b794223c87df4bba	JD6ZNWPTER6B3POKPINHNFSY7R6FKJWE	research/forumer-recovered/20070314005330_51a80e9b49ea_login.php.html
20070319151139	http://theroomz.19.forumer.com:80/login.php?redirect=viewtopic.php&p=2258&start=0&sid=e37452b724bb2b127806e90d2d45df5e	MKPAJRIF3FU3RM4PNIPQGCIJVCUJMGNC	research/forumer-recovered/20070319151139_3f998222ed60_login.php.html
20110912205531	http://theroomz.19.forumer.com:80/login.php?redirect=viewtopic.php&p=2392&start=0&sid=784302dd6f04548b926505c4e069cb05	3I4YMUH3RQ6ZHPZFO3EQY4D44ZVYQ723	research/forumer-recovered/20110912205531_7ba1e1c18bb4_login.php.html
20080116035434	http://theroomz.19.forumer.com:80/login.php?redirect=viewtopic.php&p=8364&start=0&sid=64434b579c477443f295ff105843feab	2TQ5KNPDK2Y3VZOCMRJEKAFEPPVTWT73	research/forumer-recovered/20080116035434_48be60558e97_login.php.html
20081221132902	http://theroomz.19.forumer.com:80/login.php?redirect=viewtopic.php&p=10268&start=0	PCXM7XDNU3HJTGUVXPW3EY4EZ6O7JUT7	research/forumer-recovered/20081221132902_b4432a395065_login.php.html
20081221132912	http://theroomz.19.forumer.com:80/login.php?redirect=viewtopic.php&p=10788&start=0	EBCOYOFM6NU2B2CYPIQPBKSUKBAZVB47	research/forumer-recovered/20081221132912_8285415832fa_login.php.html
20110618113656	http://theroomz.19.forumer.com:80/login.php?redirect=viewtopic.php&p=11620&start=0	GLIS5LGGC5BSPKLZ566Z7QCVK5JSRPB3	research/forumer-recovered/20110618113656_f06c9a165532_login.php.html
20110618100420	http://theroomz.19.forumer.com:80/login.php?redirect=viewtopic.php&p=11680&start=0	MYPFZ5CJ5LDKAOXGX4GVPOGJAK4O2HTO	research/forumer-recovered/20110618100420_39529f10994b_login.php.html
20120215150600	http://theroomz.19.forumer.com:80/login.php?redirect=viewtopic.php&p=11680&start=0	2KQU2ISEB4GO2KWYCAPMVFHGIJ6HYRTP	research/forumer-recovered/20120215150600_39529f10994b_login.php.html
20110618111014	http://theroomz.19.forumer.com:80/login.php?redirect=viewtopic.php&p=11831&start=0	375TYJREYELFMF36WMWWDAZLGG4EKEDY	research/forumer-recovered/20110618111014_02adb262f543_login.php.html
20120215164548	http://theroomz.19.forumer.com:80/login.php?redirect=viewtopic.php&p=11831&start=0	SDB4K7ZA4TLBEZCZFQ4P3QBET3BXMB6K	research/forumer-recovered/20120215164548_02adb262f543_login.php.html
20120215154135	http://theroomz.19.forumer.com:80/login.php?redirect=viewtopic.php&p=11914&start=0	MLF3GHG6IA3VH6EPREMMXECJ3OBZPAVC	research/forumer-recovered/20120215154135_9e7bab7c976f_login.php.html
20071102143840	http://theroomz.19.forumer.com:80/login.php?redirect=viewtopic.php&p=2392&start=0	55QXS4UT6RIN5REL3KAZIV7DJ3U4V5D2	research/forumer-recovered/20071102143840_9700cb32aa27_login.php.html
20081221132932	http://theroomz.19.forumer.com:80/login.php?redirect=viewtopic.php&p=2392&start=0	XBYOQNCDTKYBVZHV5ATUT52CSZQBXN7F	research/forumer-recovered/20081221132932_9700cb32aa27_login.php.html
20120215135346	http://theroomz.19.forumer.com:80/login.php?redirect=viewtopic.php&p=2392&start=0	IBORNYFL4UI2JHNW7DLAN7VFORSXG346	research/forumer-recovered/20120215135346_9700cb32aa27_login.php.html
20071030230451	http://theroomz.19.forumer.com:80/login.php?redirect=viewtopic.php&p=7623&start=0	OO4YD4DMWWCI6DQKSZOBEGG2IJBNKCZE	research/forumer-recovered/20071030230451_b0d7c48081d2_login.php.html
20071102165343	http://theroomz.19.forumer.com:80/login.php?redirect=viewtopic.php&p=7645&start=0	XJEM76HUPHH2NLEAAFT3MFBQ62ETJOKJ	research/forumer-recovered/20071102165343_0ced99bf164b_login.php.html
20071102165348	http://theroomz.19.forumer.com:80/login.php?redirect=viewtopic.php&p=7664&start=0	IX4GFLN6IELTJ7ZVVVI26S5TW2O3RHKR	research/forumer-recovered/20071102165348_610f0908b543_login.php.html
20071116085218	http://theroomz.19.forumer.com:80/login.php?redirect=viewtopic.php&p=7697&start=0	NBC2WQPO2DYIJ7XP547EFMWIYPVFIL2X	research/forumer-recovered/20071116085218_1a8e34aac6b2_login.php.html
20071116085238	http://theroomz.19.forumer.com:80/login.php?redirect=viewtopic.php&p=7989&start=0	NUOYHQTOQ76JVE5BNVIRID7SPYG22JY2	research/forumer-recovered/20071116085238_a10464cbe4c5_login.php.html
20071116085248	http://theroomz.19.forumer.com:80/login.php?redirect=viewtopic.php&p=8017&start=0	AOAFL46YNQ7TVA3USJT5GPNOEXI4ZF2H	research/forumer-recovered/20071116085248_b02d1c9b5430_login.php.html
20080108024530	http://theroomz.19.forumer.com:80/login.php?redirect=viewtopic.php&p=8681&start=0	5NPW2Q3QGYATC6SUESGZI4CUEIAKNQCL	research/forumer-recovered/20080108024530_9fb03fa5d4c3_login.php.html
20080108024550	http://theroomz.19.forumer.com:80/login.php?redirect=viewtopic.php&p=8982&start=0	RMOR53KLI33UD5VWKE3J35NJ65QZDFA6	research/forumer-recovered/20080108024550_4557c9edff94_login.php.html
20080108024555	http://theroomz.19.forumer.com:80/login.php?redirect=viewtopic.php&p=8983&start=0	WNKKMXTK4XNLFETAS54W4BASWRV5OOVT	research/forumer-recovered/20080108024555_5fa003ee2744_login.php.html
20070311040805	http://theroomz.19.forumer.com:80/search.php?search_author=.%3AStachu%3A.&sid=966cd76e31227e7ef1cd4f71b0111c86	5FOXYAQPFWCGSTUZ3I3UASZSRTTO2DJA	research/forumer-recovered/20070311040805_8a507f94bc05_search.php.html
20070311040547	http://theroomz.19.forumer.com:80/search.php?search_author=GoW&sid=28e888127c8d262cf2442007f8243212	T5LN4GYVTIH6KJRMO7GTN5EZNOYEN22Z	research/forumer-recovered/20070311040547_7e8a0687ccbe_search.php.html
20070312071959	http://theroomz.19.forumer.com:80/search.php?search_author=Jim+Gamma&sid=dce6c111bea1b79f2ab2c31e42276234	2D6F74MBHSJLXJ5MI4KW43X5P5BZTWBP	research/forumer-recovered/20070312071959_2226fd2cdd56_search.php.html
20070311040557	http://theroomz.19.forumer.com:80/search.php?search_author=phoenixx27&sid=b550a77ac58ecf76a259269f84a520aa	L4OQNUNUE5DVT46QTV2FPRR75VDAGXAA	research/forumer-recovered/20070311040557_1f9d080a8a16_search.php.html
20070314085233	http://theroomz.19.forumer.com:80/search.php?search_author=pillarrox3&sid=6e9a26c05bd6bae860e11a9cb6797c8d	3YPLEP64K6CVSWE4SYZEMJYJRVXO5HIB	research/forumer-recovered/20070314085233_006862bd4afd_search.php.html
20070311055103	http://theroomz.19.forumer.com:80/search.php?search_author=ralfi102&sid=c349a024766d546f24c59c9a399cd528	YPLVVWZ5QKOCUSCXATVR6JWFRPC6AS7V	research/forumer-recovered/20070311055103_9945b24a5ffe_search.php.html
20070311040740	http://theroomz.19.forumer.com:80/search.php?search_author=sjpurol&sid=40182a6b191ddf5b675f52379c86db7c	CR27QVXYHAQI5LDVLOQPHG53BYEZJZ5J	research/forumer-recovered/20070311040740_7b156a6ea808_search.php.html
20061104151144	http://theroomz.19.forumer.com:80/viewtopic.php?	QKXYL6DXGOMT3J35IRCCXYMEDCYLHDAJ	research/forumer-recovered/20061104151144_08f6767498d1_viewtopic.php.html
20061117010330	http://theroomz.19.forumer.com:80/viewtopic.php?	QNZ6BDGJPXS3GWXXIADK3HD3ZGRKNCQJ	research/forumer-recovered/20061117010330_08f6767498d1_viewtopic.php.html
20061121191439	http://theroomz.19.forumer.com:80/viewtopic.php?	XZLYSIMHMPPZAXHLZIWO2EYQZJEEFWAA	research/forumer-recovered/20061121191439_08f6767498d1_viewtopic.php.html
20061127003814	http://theroomz.19.forumer.com:80/viewtopic.php?	7EEG2OD76TF5Z5JJL3RTN2W7VEJYSZOD	research/forumer-recovered/20061127003814_08f6767498d1_viewtopic.php.html
20070611145552	http://theroomz.19.forumer.com:80/viewtopic.php?	BS2LB5WP5HBAH2Z4DOZEYDVSEL2OXP5D	research/forumer-recovered/20070611145552_08f6767498d1_viewtopic.php.html
20070821021933	http://theroomz.19.forumer.com:80/viewtopic.php?	Y5QWRXFZ7AJ6QTOXKWEIITBYLI2QIDDH	research/forumer-recovered/20070821021933_08f6767498d1_viewtopic.php.html
20070920160627	http://theroomz.19.forumer.com:80/viewtopic.php?	WXSYMO3ECYHICRPSSLC3GFTSBOXCNZPP	research/forumer-recovered/20070920160627_08f6767498d1_viewtopic.php.html
20071002192541	http://theroomz.19.forumer.com:80/viewtopic.php?	WGAJ5MMDPENQGQ5YDJHN3LWAINWLBZK2	research/forumer-recovered/20071002192541_08f6767498d1_viewtopic.php.html
20071007193823	http://theroomz.19.forumer.com:80/viewtopic.php?	PWGMLGE64HMCYDRONNQGNRSP3IKD76IH	research/forumer-recovered/20071007193823_08f6767498d1_viewtopic.php.html
20071008215324	http://theroomz.19.forumer.com:80/viewtopic.php?	6O7JL5VBIHVOK2A27ATMDVFFLQMZLACP	research/forumer-recovered/20071008215324_08f6767498d1_viewtopic.php.html
20071010001352	http://theroomz.19.forumer.com:80/viewtopic.php?	XUOCF6USVGCJ35LMGRN5TV5WX6YEM4WW	research/forumer-recovered/20071010001352_08f6767498d1_viewtopic.php.html
20071011055510	http://theroomz.19.forumer.com:80/viewtopic.php?	6DXVP52ESNZWBCEQPXZGCRSZPVMEXVY3	research/forumer-recovered/20071011055510_08f6767498d1_viewtopic.php.html
20071114223723	http://theroomz.19.forumer.com:80/viewtopic.php?	2CDGA4XKTX5BH5HNVLGAKAVITPZKZ5ZH	research/forumer-recovered/20071114223723_08f6767498d1_viewtopic.php.html
20071128120736	http://theroomz.19.forumer.com:80/viewtopic.php?	4WID536U4OA4NTJIGUZIF4MJPTEYINHU	research/forumer-recovered/20071128120736_08f6767498d1_viewtopic.php.html
20071212134854	http://theroomz.19.forumer.com:80/viewtopic.php?	AQZLPEL6M364OD2KTKE6TBK77O2X6UA4	research/forumer-recovered/20071212134854_08f6767498d1_viewtopic.php.html
20080108115650	http://theroomz.19.forumer.com:80/viewtopic.php?	AIAZWE3QOAA6Y6BL3HZSDOZ5GZ47DUWX	research/forumer-recovered/20080108115650_08f6767498d1_viewtopic.php.html
20080226021444	http://theroomz.19.forumer.com:80/viewtopic.php?	2SWNCBHNWVWI3A5WY5V76GFYYLCI3NGB	research/forumer-recovered/20080226021444_08f6767498d1_viewtopic.php.html
20080307183953	http://theroomz.19.forumer.com:80/viewtopic.php?	YVKZI7FZKAHM5KCAZ4DX6IQV5S6IBQN6	research/forumer-recovered/20080307183953_08f6767498d1_viewtopic.php.html
20080915135644	http://theroomz.19.forumer.com:80/viewtopic.php?	FURFYHT6IVYCO2VOFQWIOE3Y4P7FTVJD	research/forumer-recovered/20080915135644_08f6767498d1_viewtopic.php.html
20081221010439	http://theroomz.19.forumer.com:80/viewtopic.php?	75SHNB4HVLZM674RTPXFOR4DF6LUDEXW	research/forumer-recovered/20081221010439_08f6767498d1_viewtopic.php.html
20090125165107	http://theroomz.19.forumer.com:80/viewtopic.php?	E44ANCHFRKWH3GH6CTK7IYQUMEAZUGXM	research/forumer-recovered/20090125165107_08f6767498d1_viewtopic.php.html
20090305034907	http://theroomz.19.forumer.com:80/viewtopic.php?	E6JA5GXI2OVW5GVEM6JJMC3KGB2PPNVY	research/forumer-recovered/20090305034907_08f6767498d1_viewtopic.php.html
20090405004249	http://theroomz.19.forumer.com:80/viewtopic.php?	NQ4TN4LG3RWE5E4C2S6JNUAKCPDIL5SL	research/forumer-recovered/20090405004249_08f6767498d1_viewtopic.php.html
20090506055721	http://theroomz.19.forumer.com:80/viewtopic.php?	NR3JZQWV6MBHY245XI3ZAJYRYFCQ7ANH	research/forumer-recovered/20090506055721_08f6767498d1_viewtopic.php.html
20090606134930	http://theroomz.19.forumer.com:80/viewtopic.php?	RNUAZNI5ABALWZFCYTFHHNZBQUGM5UTQ	research/forumer-recovered/20090606134930_08f6767498d1_viewtopic.php.html
20090710055737	http://theroomz.19.forumer.com:80/viewtopic.php?	CXXP5RHKLRUAFTLNZZBO5FFJGWEQ6AWE	research/forumer-recovered/20090710055737_08f6767498d1_viewtopic.php.html
20090814135650	http://theroomz.19.forumer.com:80/viewtopic.php?	HCJUM4B23DB6D7W7JULFTCFPLQA3RDJK	research/forumer-recovered/20090814135650_08f6767498d1_viewtopic.php.html
20090919051313	http://theroomz.19.forumer.com:80/viewtopic.php?	NTAYZPMQBP5CLQWATTS5NAQ3MHTDDOZO	research/forumer-recovered/20090919051313_08f6767498d1_viewtopic.php.html
20091214004751	http://theroomz.19.forumer.com:80/viewtopic.php?	BQYEMIIY4UP4GKWMAMYSU5S7QSVTPKDL	research/forumer-recovered/20091214004751_08f6767498d1_viewtopic.php.html
20100120065838	http://theroomz.19.forumer.com:80/viewtopic.php?	XK4BIN7FQKRMR7GP32SGTG4WIZ3ARN5D	research/forumer-recovered/20100120065838_08f6767498d1_viewtopic.php.html
20100221084210	http://theroomz.19.forumer.com:80/viewtopic.php?	TTJQGLA2WRKUR2R6OTXAF27IJPDRIYUY	research/forumer-recovered/20100221084210_08f6767498d1_viewtopic.php.html
20100327212045	http://theroomz.19.forumer.com:80/viewtopic.php?	6ZO7LW3XCYJCCXETIG4FJS4KFAXF6GYF	research/forumer-recovered/20100327212045_08f6767498d1_viewtopic.php.html
20100504214512	http://theroomz.19.forumer.com:80/viewtopic.php?	2O5PHGDBLRAH6N5AQ3NLTTDZYGSRBOIJ	research/forumer-recovered/20100504214512_08f6767498d1_viewtopic.php.html
20100814041142	http://theroomz.19.forumer.com:80/viewtopic.php?	25DYOZ633JSQZYS5GB5Q47QPXI6TYFSS	research/forumer-recovered/20100814041142_08f6767498d1_viewtopic.php.html
20070316024126	http://theroomz.19.forumer.com:80/viewtopic.php?p=1505&highlight=&sid=e27435025e1f5c08973125c7154cecda	VZOJOPDUNCWXJGB4VTNU54OQXUHGNFCT	research/forumer-recovered/20070316024126_16f8be7ba898_viewtopic.php.html
20070316024106	http://theroomz.19.forumer.com:80/viewtopic.php?p=19&highlight=&sid=e27435025e1f5c08973125c7154cecda	LBL26KPHMH3CEITGOQJMQLGEVNRCS6RM	research/forumer-recovered/20070316024106_914bf428988b_viewtopic.php.html
20070314085157	http://theroomz.19.forumer.com:80/viewtopic.php?p=297&highlight=&sid=4f84b4d42e4ce4e7283c15c8e9c3b2a6	OTKXI7YBB4ZBUF6Y75Z72B4RZDGQMRV3	research/forumer-recovered/20070314085157_f6bf52e91d23_viewtopic.php.html
20070316024147	http://theroomz.19.forumer.com:80/viewtopic.php?p=6&highlight=&sid=e27435025e1f5c08973125c7154cecda	HYGLQR3COY5QHTOQRWWA7Z4N54WYMMYI	research/forumer-recovered/20070316024147_3cefb0d9113a_viewtopic.php.html
20070314085140	http://theroomz.19.forumer.com:80/viewtopic.php?p=7&highlight=&sid=4f84b4d42e4ce4e7283c15c8e9c3b2a6	S2HTDOJLLQWEMAGL7F4UDJ3EBFSNW6YU	research/forumer-recovered/20070314085140_0ecd0d678543_viewtopic.php.html
20070316024158	http://theroomz.19.forumer.com:80/viewtopic.php?p=8&highlight=&sid=e27435025e1f5c08973125c7154cecda	N6BRI3AOMSNOVLT2L6MXOFS4ALMTZUWE	research/forumer-recovered/20070316024158_1210b4a1dbe9_viewtopic.php.html
20070315230857	http://theroomz.19.forumer.com:80/viewtopic.php?p=9&highlight=&sid=e27435025e1f5c08973125c7154cecda	ZJZF47EWUBL45Q3MU3DPRS5D7WTRRJEO	research/forumer-recovered/20070315230857_467c02b5bc77_viewtopic.php.html
20070317013654	http://theroomz.19.forumer.com:80/viewtopic.php?p=9&highlight=&sid=e27435025e1f5c08973125c7154cecda	AUDPW3Y4IC5BAUOL3Q4UX5ABDW4BLZ76	research/forumer-recovered/20070317013654_467c02b5bc77_viewtopic.php.html
20070318125310	http://theroomz.19.forumer.com:80/viewtopic.php?t=7&start=0&postdays=0&postorder=asc&highlight=&sid=c40b6c5e936987dbd22ecbd02e63f801	S4ATTKW57UF6ZZCXFEAYCECMPT4IL35G	research/forumer-recovered/20070318125310_bcf1a21c3162_viewtopic.php.html
20080213040904	http://theroomz.19.forumer.com:80/viewtopic.php?t=14&start=25&postdays=0&postorder=asc&highlight=&sid=a0d919c36a91fc76cc6721e2290ee305	BVHM6X5UX7K4E5NYWJKQW5BFARRAL55O	research/forumer-recovered/20080213040904_634e02c47bdc_viewtopic.php.html
20070314005339	http://theroomz.19.forumer.com:80/viewtopic.php?t=6&highlight=&sid=4f84b4d42e4ce4e7283c15c8e9c3b2a6	BTLZPZVYAW6TY32EUCB47JMDWS72DCJF	research/forumer-recovered/20070314005339_9664a6b7a4e3_viewtopic.php.html
20070315230846	http://theroomz.19.forumer.com:80/viewtopic.php?t=7&highlight=&sid=e27435025e1f5c08973125c7154cecda	PVDSW33BGCRJZP4HQ25FZE3UEI4GWYVX	research/forumer-recovered/20070315230846_b6087ebc1b4f_viewtopic.php.html
20070317013629	http://theroomz.19.forumer.com:80/viewtopic.php?t=7&highlight=&sid=e27435025e1f5c08973125c7154cecda	HLVFMLBX77DDB5BIE736SF3GWKVH5RJ7	research/forumer-recovered/20070317013629_b6087ebc1b4f_viewtopic.php.html
20070315230908	http://theroomz.19.forumer.com:80/viewtopic.php?t=73&highlight=&sid=e27435025e1f5c08973125c7154cecda	AIFJUQA24CB4YAGAOW2NPC3LNJ7MOGF3	research/forumer-recovered/20070315230908_341acef392d4_viewtopic.php.html
20070316024136	http://theroomz.19.forumer.com:80/viewtopic.php?t=8&highlight=&sid=e27435025e1f5c08973125c7154cecda	2GNAQ2NF32NBP2QWTETGTY55WOI72RB6	research/forumer-recovered/20070316024136_373840dfe24c_viewtopic.php.html
20081221132857	http://theroomz.19.forumer.com:80/viewtopic.php?p=10004&sid=f2dbd3156c446535979bbadbe4cecd87	IE2NDAROVWTDTANTSWSSRM2OJZCGHDEU	research/forumer-recovered/20081221132857_080b025e2edc_viewtopic.php.html
20081221132907	http://theroomz.19.forumer.com:80/viewtopic.php?p=10743&sid=f2dbd3156c446535979bbadbe4cecd87	ZMYCQZOE6VQMEOFPYRKJRKFTDV5CSI72	research/forumer-recovered/20081221132907_b4c453208a4e_viewtopic.php.html
20090205081453	http://theroomz.19.forumer.com:80/viewtopic.php?p=11370&sid=b2ec63d2e4bb6c3f3db232b0fbb5e106	NCC6R4EVX76I45DNUTB56WSZXXZM6IR7	research/forumer-recovered/20090205081453_f461e809a5c6_viewtopic.php.html
20110618111009	http://theroomz.19.forumer.com:80/viewtopic.php?p=11383&sid=4ca32550b505914085a104b27f8a4846	RRWRJNP2PPEBPMEDDVTSTIXVDSHWR3YA	research/forumer-recovered/20110618111009_a1676430ee40_viewtopic.php.html
20110916030612	http://theroomz.19.forumer.com:80/viewtopic.php?p=11383&sid=3a26dce90972b24a6567438494a036d9	5VFFTOR7BY24LVSJC63RHOAVY4MSBBGM	research/forumer-recovered/20110916030612_5aa0a08cbf9f_viewtopic.php.html
20120215154125	http://theroomz.19.forumer.com:80/viewtopic.php?p=11383&sid=454fdcfa870628647f68c063eb7b4daf	CCR2Z5LHGZ4RDTZFAHWP4UBORRVC3SMZ	research/forumer-recovered/20120215154125_903ad7606aac_viewtopic.php.html
20110618100415	http://theroomz.19.forumer.com:80/viewtopic.php?p=11444&sid=4ca32550b505914085a104b27f8a4846	4O4S6L73EAYRFREE5U4DSRBYYQINI6VZ	research/forumer-recovered/20110618100415_12ac12d80944_viewtopic.php.html
20110915000415	http://theroomz.19.forumer.com:80/viewtopic.php?p=11444&sid=3a26dce90972b24a6567438494a036d9	YDZM6LVGFH7YVPENIEELQZHEWB7EM473	research/forumer-recovered/20110915000415_402f7cb451dd_viewtopic.php.html
20120215150554	http://theroomz.19.forumer.com:80/viewtopic.php?p=11444&sid=454fdcfa870628647f68c063eb7b4daf	JZ3RCBZJKEDQPSN3YFRZMXDR2RZMXD5I	research/forumer-recovered/20120215150554_099c13ac3f9f_viewtopic.php.html
20110618105617	http://theroomz.19.forumer.com:80/viewtopic.php?p=11623&sid=4ca32550b505914085a104b27f8a4846	FN34HVMFRCYFA6G7TJRF2WMJBFCJO4W6	research/forumer-recovered/20110618105617_217359d2525c_viewtopic.php.html
20110914234818	http://theroomz.19.forumer.com:80/viewtopic.php?p=11623&sid=3a26dce90972b24a6567438494a036d9	CCFGZITZ3BR7HPHJ7P7PWAPKA7CGYNGD	research/forumer-recovered/20110914234818_7c33bf033715_viewtopic.php.html
20120215135336	http://theroomz.19.forumer.com:80/viewtopic.php?p=11623&sid=454fdcfa870628647f68c063eb7b4daf	5SIP7FJIB2YDPQSB23RZRR325F7Z27OX	research/forumer-recovered/20120215135336_b70d91a4c832_viewtopic.php.html
20110618113719	http://theroomz.19.forumer.com:80/viewtopic.php?p=11717&sid=4ca32550b505914085a104b27f8a4846	DVFBDI6GEJIYHUUDZ3EA3RRI4OY4UKFQ	research/forumer-recovered/20110618113719_2bcac392868a_viewtopic.php.html
20110619154346	http://theroomz.19.forumer.com:80/viewtopic.php?p=11717&sid=4ca32550b505914085a104b27f8a4846	SITWPXN5UG7T53AFVOG63NDM74A3TMKA	research/forumer-recovered/20110619154346_2bcac392868a_viewtopic.php.html
20110819115523	http://theroomz.19.forumer.com:80/viewtopic.php?p=11717&sid=3a26dce90972b24a6567438494a036d9	GSREP535SWXL7LCFSDPAAYMZ6SRG5KRU	research/forumer-recovered/20110819115523_b6713c602873_viewtopic.php.html
20120215154132	http://theroomz.19.forumer.com:80/viewtopic.php?p=11717&sid=454fdcfa870628647f68c063eb7b4daf	W6IB3DNSKVBKP46WVL3GBYX2CDUPWZVV	research/forumer-recovered/20120215154132_8e2857787ec4_viewtopic.php.html
20110618102847	http://theroomz.19.forumer.com:80/viewtopic.php?p=11778&sid=4ca32550b505914085a104b27f8a4846	ZXBZHPCHDQHXEATL5OJNEZSO245EQ6L6	research/forumer-recovered/20110618102847_762949a2446c_viewtopic.php.html
20110914203905	http://theroomz.19.forumer.com:80/viewtopic.php?p=11778&sid=3a26dce90972b24a6567438494a036d9	2YI3T4A4ZPCAOTCDIOHOUYBXONTGI5NZ	research/forumer-recovered/20110914203905_ad17a9b4b411_viewtopic.php.html
20120215135342	http://theroomz.19.forumer.com:80/viewtopic.php?p=11778&sid=454fdcfa870628647f68c063eb7b4daf	QFIZTB6MH2AASCAFRMDBQ27IYBSSZ2RW	research/forumer-recovered/20120215135342_20c941e1585e_viewtopic.php.html
20110618105623	http://theroomz.19.forumer.com:80/viewtopic.php?p=11901&sid=4ca32550b505914085a104b27f8a4846	4MVZ5H5WVY2VAT7SVZR44XPR547Z6DFX	research/forumer-recovered/20110618105623_786e339edacf_viewtopic.php.html
20110912234540	http://theroomz.19.forumer.com:80/viewtopic.php?p=11908&sid=3a26dce90972b24a6567438494a036d9	S54MC5B2HLN6EIZ2Z5U7YRIOXI3OL3TP	research/forumer-recovered/20110912234540_8fbf78b4c616_viewtopic.php.html
20120215170624	http://theroomz.19.forumer.com:80/viewtopic.php?p=11929&sid=454fdcfa870628647f68c063eb7b4daf	5IMH5KL2ZPT7OIJE4WJO6RNAF4FWUUHY	research/forumer-recovered/20120215170624_c941f8f30b06_viewtopic.php.html
20070313150516	http://theroomz.19.forumer.com:80/viewtopic.php?p=19&sid=cd20e078ed523ac28eeff5ca6e42fd8e	5FQ2OVA6AQ6AG3VSRPVOLQDEA2LV4377	research/forumer-recovered/20070313150516_6f55297a0154_viewtopic.php.html
20080213040622	http://theroomz.19.forumer.com:80/viewtopic.php?p=218&sid=a0d919c36a91fc76cc6721e2290ee305	UTYENAXHL3EHRTRGGOXOO52MV6GJSY32	research/forumer-recovered/20080213040622_957701e0fa0c_viewtopic.php.html
20070311091425	http://theroomz.19.forumer.com:80/viewtopic.php?p=297&sid=cd20e078ed523ac28eeff5ca6e42fd8e	2PQQEQTXIKDCRTLRDDQYDWMFHZTHKDMJ	research/forumer-recovered/20070311091425_4bbb73d94ee7_viewtopic.php.html
20071102143845	http://theroomz.19.forumer.com:80/viewtopic.php?p=3244&sid=055213603ac009370d911320821b750c	YEWAWYK3E7XCRKCNQEWYVO5KVWVMMJTS	research/forumer-recovered/20071102143845_e5d73a7fcf25_viewtopic.php.html
20080108024519	http://theroomz.19.forumer.com:80/viewtopic.php?p=3244&sid=c92bac1fca9dab9682eafd1c1e963b6f	SRHMX6LVFJ3GVHQZBREOHJXKWXTZQZLR	research/forumer-recovered/20080108024519_8ef050448888_viewtopic.php.html
20081221132937	http://theroomz.19.forumer.com:80/viewtopic.php?p=3244&sid=f2dbd3156c446535979bbadbe4cecd87	2SAUPR6OSHMEXH236QSBLH2O3O5M7VRA	research/forumer-recovered/20081221132937_bf3efbed11dd_viewtopic.php.html
20110618105625	http://theroomz.19.forumer.com:80/viewtopic.php?p=3244&sid=4ca32550b505914085a104b27f8a4846	4TQLJZFBVCKXDNXRLLVYBTAB7Z2AAWI4	research/forumer-recovered/20110618105625_f4c208822fc0_viewtopic.php.html
20110914081337	http://theroomz.19.forumer.com:80/viewtopic.php?p=3244&sid=3a26dce90972b24a6567438494a036d9	MW2ENRGXCKPKCAKCAC3IRYJC6ULBHOY7	research/forumer-recovered/20110914081337_f02ceca7aedd_viewtopic.php.html
20120215170628	http://theroomz.19.forumer.com:80/viewtopic.php?p=3244&sid=454fdcfa870628647f68c063eb7b4daf	LFCQB5FQTJKAKDK3J5C5J5X3USPRN362	research/forumer-recovered/20120215170628_2aa2f1e4544d_viewtopic.php.html
20071030230446	http://theroomz.19.forumer.com:80/viewtopic.php?p=4742&sid=e007b56f22fa0b78887437583b599edb	EIY6K2N77FNU62ZSYGSTLLFA7BKYFSBH	research/forumer-recovered/20071030230446_809f665bf3e5_viewtopic.php.html
20080108024525	http://theroomz.19.forumer.com:80/viewtopic.php?p=4742&sid=c92bac1fca9dab9682eafd1c1e963b6f	ACQCYFAWB3MA5ATXL5LUIH2SHKF6VCN7	research/forumer-recovered/20080108024525_928e6f7b8917_viewtopic.php.html
20071031182610	http://theroomz.19.forumer.com:80/viewtopic.php?p=6748&sid=e007b56f22fa0b78887437583b599edb	WHYXUARLEY3ADSB22WMP2UQV6GFCFJKX	research/forumer-recovered/20071031182610_3885f37112cb_viewtopic.php.html
20080208153732	http://theroomz.19.forumer.com:80/viewtopic.php?p=7432&sid=0c892ab91f8b899c616578b04962c74f	UT3EWUAIVY7MQD5F4IQ7LAUQVQWH6U4G	research/forumer-recovered/20080208153732_82f9d26a9f58_viewtopic.php.html
20071102165338	http://theroomz.19.forumer.com:80/viewtopic.php?p=7602&sid=e007b56f22fa0b78887437583b599edb	LXEVSIRYL2SFXVTNG26H6L2LBSTULUMN	research/forumer-recovered/20071102165338_e7b129469a65_viewtopic.php.html
20071102153144	http://theroomz.19.forumer.com:80/viewtopic.php?p=7661&sid=e007b56f22fa0b78887437583b599edb	T7L7SDUM7XWCG5ILQZ5EPFDZ7AU7XQXN	research/forumer-recovered/20071102153144_65d6894a3857_viewtopic.php.html
20071102184804	http://theroomz.19.forumer.com:80/viewtopic.php?p=7663&sid=e007b56f22fa0b78887437583b599edb	O5JVTB3ZMPYLTUTPYBBM67BQNKV64LO3	research/forumer-recovered/20071102184804_e37882005433_viewtopic.php.html
20071116085223	http://theroomz.19.forumer.com:80/viewtopic.php?p=7710&sid=73b3b2b9ee2d202283617bd4bb469eef	4QH7BGLNLBTIB265DD3AZ4NXTZQQA4ZW	research/forumer-recovered/20071116085223_0e5561b7d103_viewtopic.php.html
20071116085228	http://theroomz.19.forumer.com:80/viewtopic.php?p=7726&sid=73b3b2b9ee2d202283617bd4bb469eef	H4XL37YEDYXPDUEH5FD4BJJB6CG7ZIWV	research/forumer-recovered/20071116085228_8793a07f19eb_viewtopic.php.html
20080208153736	http://theroomz.19.forumer.com:80/viewtopic.php?p=7816&sid=0c892ab91f8b899c616578b04962c74f	CICPZX2PWBOTGIWOJLCKJPR5HNVUOOLO	research/forumer-recovered/20080208153736_cc1fcde26d58_viewtopic.php.html
20071116085243	http://theroomz.19.forumer.com:80/viewtopic.php?p=7994&sid=73b3b2b9ee2d202283617bd4bb469eef	LGOZLILYUUEZYUHUHB7SKCNVMHXU5FLY	research/forumer-recovered/20071116085243_d500b247fa8d_viewtopic.php.html
20070312211615	http://theroomz.19.forumer.com:80/viewtopic.php?p=8&sid=cd20e078ed523ac28eeff5ca6e42fd8e	X7WSNQYIN7I2SXRPWMPEMOMILECN7ZX6	research/forumer-recovered/20070312211615_caf4c608d266_viewtopic.php.html
20071116085254	http://theroomz.19.forumer.com:80/viewtopic.php?p=8019&sid=73b3b2b9ee2d202283617bd4bb469eef	WVONFU3LE5GFDKUOTEFM4GXIPEUJXCUD	research/forumer-recovered/20071116085254_bf291d6d96b5_viewtopic.php.html
20080208153741	http://theroomz.19.forumer.com:80/viewtopic.php?p=8121&sid=0c892ab91f8b899c616578b04962c74f	QCDKKOSQ2YMB2CN5VW6CXOD4KF3PZCYH	research/forumer-recovered/20080208153741_40677d478b71_viewtopic.php.html
20080208153746	http://theroomz.19.forumer.com:80/viewtopic.php?p=8230&sid=0c892ab91f8b899c616578b04962c74f	N4GVNDJAYIKPX2ZAIM6L5J4OJHEEFF3A	research/forumer-recovered/20080208153746_f34a803ddf12_viewtopic.php.html
20080208153751	http://theroomz.19.forumer.com:80/viewtopic.php?p=8265&sid=0c892ab91f8b899c616578b04962c74f	23GNJERZHOMEGSMXDAUYLZGVWG5HESBT	research/forumer-recovered/20080208153751_40d5079281df_viewtopic.php.html
20080208153756	http://theroomz.19.forumer.com:80/viewtopic.php?p=8323&sid=0c892ab91f8b899c616578b04962c74f	NOMCOXHGFEH2KUAWM7ZM7LCPAVKQV4G2	research/forumer-recovered/20080208153756_443fad22415e_viewtopic.php.html
20080208153801	http://theroomz.19.forumer.com:80/viewtopic.php?p=8343&sid=0c892ab91f8b899c616578b04962c74f	T6S2ROWKSQHVUVRWAQ6TSEW5CIIRMWEQ	research/forumer-recovered/20080208153801_4ae1ca3b9ff5_viewtopic.php.html
20080208153806	http://theroomz.19.forumer.com:80/viewtopic.php?p=8422&sid=0c892ab91f8b899c616578b04962c74f	2ILNEHHXEXJ63AWWCOSW5XV3JOLT72TT	research/forumer-recovered/20080208153806_42a9caefece5_viewtopic.php.html
20080127113246	http://theroomz.19.forumer.com:80/viewtopic.php?p=8439&sid=7ef5711a0baa9b282c62bad9f68405d2	QY2HAJBSFLWM6PXA26FZKXYOYGUFX53R	research/forumer-recovered/20080127113246_e5b61aaaa04d_viewtopic.php.html
20080208153811	http://theroomz.19.forumer.com:80/viewtopic.php?p=8462&sid=0c892ab91f8b899c616578b04962c74f	27OAUC3N3XPWK47CULJRPWNBLWVD7I4K	research/forumer-recovered/20080208153811_6de4672abefd_viewtopic.php.html
20080208153816	http://theroomz.19.forumer.com:80/viewtopic.php?p=8530&sid=0c892ab91f8b899c616578b04962c74f	V52DRZRDYFJXS37KUSMLJXOG6FQFPLTA	research/forumer-recovered/20080208153816_1ec34db58e52_viewtopic.php.html
20080208153822	http://theroomz.19.forumer.com:80/viewtopic.php?p=8699&sid=0c892ab91f8b899c616578b04962c74f	XS7QPVE7WPQAZ5RL2ZCY7W4RNGNKRDU6	research/forumer-recovered/20080208153822_3b83fda1be8d_viewtopic.php.html
20080208153826	http://theroomz.19.forumer.com:80/viewtopic.php?p=8739&sid=0c892ab91f8b899c616578b04962c74f	R6UNG2W5FY7DMO2JPHVT2LXKNG7VWXZE	research/forumer-recovered/20080208153826_1957aa151b24_viewtopic.php.html
20080108024535	http://theroomz.19.forumer.com:80/viewtopic.php?p=8796&sid=c92bac1fca9dab9682eafd1c1e963b6f	L3QV6JDVDOQ5WQDH2APSTVIREUINMOEJ	research/forumer-recovered/20080108024535_ddcf1905a0a4_viewtopic.php.html
20080108024543	http://theroomz.19.forumer.com:80/viewtopic.php?p=8800&sid=c92bac1fca9dab9682eafd1c1e963b6f	LDEOMBDCOGJ6XECAAINV2WMKKTSBXGMO	research/forumer-recovered/20080108024543_d1524298ccf0_viewtopic.php.html
20080108024545	http://theroomz.19.forumer.com:80/viewtopic.php?p=8829&sid=c92bac1fca9dab9682eafd1c1e963b6f	V3ZMOJDDAMTR2VVKU76UNPHHE3Y5ZIQX	research/forumer-recovered/20080108024545_2a365d2fd5be_viewtopic.php.html
20080208153831	http://theroomz.19.forumer.com:80/viewtopic.php?p=8967&sid=0c892ab91f8b899c616578b04962c74f	EQGJB45UWVQZBBXQ4WQPBSXAXP62BV25	research/forumer-recovered/20080208153831_8adc9b17f282_viewtopic.php.html
20080108024600	http://theroomz.19.forumer.com:80/viewtopic.php?p=8992&sid=c92bac1fca9dab9682eafd1c1e963b6f	GIGBCMQPRUC3UIGKGIXRBEVKE5F326CN	research/forumer-recovered/20080108024600_ac9e8ec81c66_viewtopic.php.html
20080208153837	http://theroomz.19.forumer.com:80/viewtopic.php?p=9009&sid=0c892ab91f8b899c616578b04962c74f	MYFKBMVX54RP3CEWHMVIHPYHOBIV5FED	research/forumer-recovered/20080208153837_d286e4455cd4_viewtopic.php.html
20080208153843	http://theroomz.19.forumer.com:80/viewtopic.php?p=9300&sid=0c892ab91f8b899c616578b04962c74f	DRR2ML7P3BKPELAICLHRLAXNXC63F6J7	research/forumer-recovered/20080208153843_20b15c52ad39_viewtopic.php.html
20080208153849	http://theroomz.19.forumer.com:80/viewtopic.php?p=9319&sid=0c892ab91f8b899c616578b04962c74f	3ZLZ7POJKSYS6PE3M6QSWMCMB22D3XOU	research/forumer-recovered/20080208153849_16269aaa23bf_viewtopic.php.html
20080208153853	http://theroomz.19.forumer.com:80/viewtopic.php?p=9400&sid=0c892ab91f8b899c616578b04962c74f	2TCV2SH2IUKRRXDHD3FNXECIH32EQDG7	research/forumer-recovered/20080208153853_910befb3624a_viewtopic.php.html
20080208153858	http://theroomz.19.forumer.com:80/viewtopic.php?p=9430&sid=0c892ab91f8b899c616578b04962c74f	WODSNPKKNBHHHDPKEF6IVRCAX7YMRBNJ	research/forumer-recovered/20080208153858_e4941ed02ef2_viewtopic.php.html
20080208153903	http://theroomz.19.forumer.com:80/viewtopic.php?p=9447&sid=0c892ab91f8b899c616578b04962c74f	BUDFL2RMKK7DGGW2DOERMOM625QJTBYR	research/forumer-recovered/20080208153903_43e471d4ae9e_viewtopic.php.html
20080208153908	http://theroomz.19.forumer.com:80/viewtopic.php?p=9464&sid=0c892ab91f8b899c616578b04962c74f	SMMFWRTT6CF54TLJLC2AY3WBNV7SHKX2	research/forumer-recovered/20080208153908_726cf79a120d_viewtopic.php.html
20080208153913	http://theroomz.19.forumer.com:80/viewtopic.php?p=9472&sid=0c892ab91f8b899c616578b04962c74f	KDCHVZM3KNKWFP6OTX7E3JTZZFEDI64M	research/forumer-recovered/20080208153913_5f04bb8cf947_viewtopic.php.html
20080208153920	http://theroomz.19.forumer.com:80/viewtopic.php?p=9514&sid=0c892ab91f8b899c616578b04962c74f	CTDWLKW3SWHFBSOBI65NN3S2JUZCOKGV	research/forumer-recovered/20080208153920_213f7dea5e19_viewtopic.php.html
20080208153924	http://theroomz.19.forumer.com:80/viewtopic.php?p=9520&sid=0c892ab91f8b899c616578b04962c74f	RAS4PVIUUKVOHYSWCX6QHXRWJDXEZXO4	research/forumer-recovered/20080208153924_c2e95b97ccf0_viewtopic.php.html
20080208153928	http://theroomz.19.forumer.com:80/viewtopic.php?p=9542&sid=0c892ab91f8b899c616578b04962c74f	CY5FUXJHUUTZDBILJ52HJDWZWHMCCJGD	research/forumer-recovered/20080208153928_228502502162_viewtopic.php.html
20080208153934	http://theroomz.19.forumer.com:80/viewtopic.php?p=9554&sid=0c892ab91f8b899c616578b04962c74f	E3GP35NM6FDMVJE424I7NHSNPL33SEZK	research/forumer-recovered/20080208153934_85a8c1b6ccf3_viewtopic.php.html
20080208153938	http://theroomz.19.forumer.com:80/viewtopic.php?p=9566&sid=0c892ab91f8b899c616578b04962c74f	G5CVKO7GTZK4UQCLGXYV2K7767VV2FIJ	research/forumer-recovered/20080208153938_13f3b85e5495_viewtopic.php.html
20080208153944	http://theroomz.19.forumer.com:80/viewtopic.php?p=9584&sid=0c892ab91f8b899c616578b04962c74f	K3VASX42XTLQFIRCQRX7NX3GOEEL5FQ4	research/forumer-recovered/20080208153944_2bd31d9b7abf_viewtopic.php.html
20080208153948	http://theroomz.19.forumer.com:80/viewtopic.php?p=9595&sid=0c892ab91f8b899c616578b04962c74f	WC7XLYJFBZQ2HRSBEUK62GLQT6BYGASZ	research/forumer-recovered/20080208153948_bf08da2f24f9_viewtopic.php.html
20080208153953	http://theroomz.19.forumer.com:80/viewtopic.php?p=9596&sid=0c892ab91f8b899c616578b04962c74f	SC7QOLFM4KVHGXG5YQTLT56T44FESCLW	research/forumer-recovered/20080208153953_9dab3b9db114_viewtopic.php.html
20080208154001	http://theroomz.19.forumer.com:80/viewtopic.php?p=9611&sid=0c892ab91f8b899c616578b04962c74f	3TJY5TCMGCY3XMU55BCVLIXRPPO5RSFE	research/forumer-recovered/20080208154001_ddf6782fd8b5_viewtopic.php.html
20080208154004	http://theroomz.19.forumer.com:80/viewtopic.php?p=9616&sid=0c892ab91f8b899c616578b04962c74f	5MEGRXM7RB2DSNLBD7NB55JTVRDFGDQB	research/forumer-recovered/20080208154004_3561d5485a3c_viewtopic.php.html
20080208154009	http://theroomz.19.forumer.com:80/viewtopic.php?p=9628&sid=0c892ab91f8b899c616578b04962c74f	GZMPXCLV2LQ3JE5TEMPGLGFQBPFOOOS4	research/forumer-recovered/20080208154009_625d32276946_viewtopic.php.html
20080208154014	http://theroomz.19.forumer.com:80/viewtopic.php?p=9638&sid=0c892ab91f8b899c616578b04962c74f	55F5SDFU545UG6OSSD6UW57M74DJXQMY	research/forumer-recovered/20080208154014_5b4cc2a7c345_viewtopic.php.html
20080208154020	http://theroomz.19.forumer.com:80/viewtopic.php?p=9640&sid=0c892ab91f8b899c616578b04962c74f	LZWOMFF5JZBUS6XVZWFM4ZJ5KUBBUC62	research/forumer-recovered/20080208154020_cc560cb1d203_viewtopic.php.html
20080208154025	http://theroomz.19.forumer.com:80/viewtopic.php?p=9658&sid=0c892ab91f8b899c616578b04962c74f	WKXTEATK5RZYH2IWU4T6DAUHLE65HS53	research/forumer-recovered/20080208154025_29e64df10b1e_viewtopic.php.html
20090212233500	http://theroomz.19.forumer.com:80/viewtopic.php?p=9677&sid=b2ec63d2e4bb6c3f3db232b0fbb5e106	EPOUF2D44A2NJ57R2HSEPEC3RDXMRW24	research/forumer-recovered/20090212233500_6a0e268c21b0_viewtopic.php.html
20080208154030	http://theroomz.19.forumer.com:80/viewtopic.php?p=9685&sid=0c892ab91f8b899c616578b04962c74f	L4QVHBXC43DWOGKHIUCLAC5AIZQTUQRS	research/forumer-recovered/20080208154030_39d192afef91_viewtopic.php.html
20080208154035	http://theroomz.19.forumer.com:80/viewtopic.php?p=9691&sid=0c892ab91f8b899c616578b04962c74f	BSD5NYBXT7W6VXUPZ5PFZQYWKOAZREVT	research/forumer-recovered/20080208154035_373c95cfea98_viewtopic.php.html
20080208154039	http://theroomz.19.forumer.com:80/viewtopic.php?p=9696&sid=0c892ab91f8b899c616578b04962c74f	UDFJGPFAE5JJFKTRUNT2V3SJXJ55XGCK	research/forumer-recovered/20080208154039_8511c9ef7716_viewtopic.php.html
20080208154045	http://theroomz.19.forumer.com:80/viewtopic.php?p=9697&sid=0c892ab91f8b899c616578b04962c74f	IUNAVQHQTHJXTLY3MNOUPZKRPDGE7ZB4	research/forumer-recovered/20080208154045_8ed33e697e53_viewtopic.php.html
20080208154050	http://theroomz.19.forumer.com:80/viewtopic.php?p=9703&sid=0c892ab91f8b899c616578b04962c74f	PRCB4QP3N2HLAODGJ2ZE6CWJURXOE2BG	research/forumer-recovered/20080208154050_4413de4c72d7_viewtopic.php.html
20080208154054	http://theroomz.19.forumer.com:80/viewtopic.php?p=9712&sid=0c892ab91f8b899c616578b04962c74f	R2SPPIFZI2KL2JENBW3HIIAA2YP7HER7	research/forumer-recovered/20080208154054_9ef0faba95a1_viewtopic.php.html
20080208154103	http://theroomz.19.forumer.com:80/viewtopic.php?p=9726&sid=0c892ab91f8b899c616578b04962c74f	YIHW72A6CNFUF235ARXNC3WBQYAOIBKG	research/forumer-recovered/20080208154103_133a4b53d36a_viewtopic.php.html
20080208154104	http://theroomz.19.forumer.com:80/viewtopic.php?p=9760&sid=0c892ab91f8b899c616578b04962c74f	LNGB2FGX4GIG7AXIA4C2YESRJJVBHN2Y	research/forumer-recovered/20080208154104_82d6269a9e58_viewtopic.php.html
20080208154111	http://theroomz.19.forumer.com:80/viewtopic.php?p=9766&sid=0c892ab91f8b899c616578b04962c74f	GPVY6VOTXSGX3HFZEMHYXCX5CTTDUF4T	research/forumer-recovered/20080208154111_d4c3030b8c4d_viewtopic.php.html
20080208154115	http://theroomz.19.forumer.com:80/viewtopic.php?p=9769&sid=0c892ab91f8b899c616578b04962c74f	BKIM6EEN6MDJCCLTNH4DVRICAPWRAJPP	research/forumer-recovered/20080208154115_0c32a25e7297_viewtopic.php.html
20080208154119	http://theroomz.19.forumer.com:80/viewtopic.php?p=9771&sid=0c892ab91f8b899c616578b04962c74f	KYRZSJRFXZXAREEWT57DD34TPNSMOCNF	research/forumer-recovered/20080208154119_bc20f3255132_viewtopic.php.html
20080208154125	http://theroomz.19.forumer.com:80/viewtopic.php?p=9775&sid=0c892ab91f8b899c616578b04962c74f	OSFFXHYSLVTLQD44LKAQEQH5XLG4RYCQ	research/forumer-recovered/20080208154125_683824339711_viewtopic.php.html
20080208154129	http://theroomz.19.forumer.com:80/viewtopic.php?p=9780&sid=0c892ab91f8b899c616578b04962c74f	RMKD4HKTAZYQN42IPSYNJTXBIQFZLVZT	research/forumer-recovered/20080208154129_882e6f43170a_viewtopic.php.html
20080208154135	http://theroomz.19.forumer.com:80/viewtopic.php?p=9793&sid=0c892ab91f8b899c616578b04962c74f	NNINE2D2BLEZ7ACBIYSMR75VBNEA4EUT	research/forumer-recovered/20080208154135_2935a26bfc7b_viewtopic.php.html
20080208154139	http://theroomz.19.forumer.com:80/viewtopic.php?p=9795&sid=0c892ab91f8b899c616578b04962c74f	LJRXTAOS3N2CJWMXAJRFS5DWO4453ZJ5	research/forumer-recovered/20080208154139_d09e43ef9c91_viewtopic.php.html
20080208154145	http://theroomz.19.forumer.com:80/viewtopic.php?p=9799&sid=0c892ab91f8b899c616578b04962c74f	CV73ZGADAVWDUGAPL5PCLIFGQOYKNTFL	research/forumer-recovered/20080208154145_b7e7ec2982f3_viewtopic.php.html
20080208154150	http://theroomz.19.forumer.com:80/viewtopic.php?p=9800&sid=0c892ab91f8b899c616578b04962c74f	U2DYLYJVPICL4LAWLFERDR5LIXUODDR2	research/forumer-recovered/20080208154150_0234534f742d_viewtopic.php.html
20081221132952	http://theroomz.19.forumer.com:80/viewtopic.php?p=9925&sid=f2dbd3156c446535979bbadbe4cecd87	ABZP32NS373ZRNPNZNEX6PYGFGEB47GG	research/forumer-recovered/20081221132952_49af77d5cdcf_viewtopic.php.html
20110618105629	http://theroomz.19.forumer.com:80/viewtopic.php?p=9925&sid=4ca32550b505914085a104b27f8a4846	S4YX7HAXWJ2SVJXGDCIF5X5TZXW22I2E	research/forumer-recovered/20110618105629_dffabf6cf4c6_viewtopic.php.html
20110914183937	http://theroomz.19.forumer.com:80/viewtopic.php?p=9925&sid=3a26dce90972b24a6567438494a036d9	W4NBIUI7YEDVVK5K3RCXJOIE2XXD4IUA	research/forumer-recovered/20110914183937_e921f285fd44_viewtopic.php.html
20120215170633	http://theroomz.19.forumer.com:80/viewtopic.php?p=9925&sid=454fdcfa870628647f68c063eb7b4daf	WXL44FHVPBTWR6DUZESE4KLO7SSXZ2A4	research/forumer-recovered/20120215170633_1c6f20aedd6e_viewtopic.php.html
20080213033107	http://theroomz.19.forumer.com:80/viewtopic.php?t=14&postdays=0&postorder=asc&start=0&sid=a0d919c36a91fc76cc6721e2290ee305	T4K62FYMBPMQ2AGC72UPYWOR62VLBIW5	research/forumer-recovered/20080213033107_5d7344440574_viewtopic.php.html
20080213040828	http://theroomz.19.forumer.com:80/viewtopic.php?t=14&postdays=0&postorder=asc&start=100&sid=a0d919c36a91fc76cc6721e2290ee305	JU66ORI2QBZ2Q3JOIU2WUU3GNQZRHNWJ	research/forumer-recovered/20080213040828_c637d26ce7d4_viewtopic.php.html
20110731044014	http://theroomz.19.forumer.com/viewtopic.php?t=60&postdays=0&postorder=asc&start=100&sid=554ffabdf7eda579e500289a6a33529c	MH6HZIDCCHV5VAO76DXAPOOVA3S3IB4M	research/forumer-recovered/20110731044014_5c72f7842965_viewtopic.php.html
20080213040832	http://theroomz.19.forumer.com:80/viewtopic.php?t=14&postdays=0&postorder=asc&start=125&sid=a0d919c36a91fc76cc6721e2290ee305	LRTOUE3XANTJMW4ZVS4PMJTI4GRVUNFN	research/forumer-recovered/20080213040832_9bd23dc54305_viewtopic.php.html
20080213040838	http://theroomz.19.forumer.com:80/viewtopic.php?t=14&postdays=0&postorder=asc&start=150&sid=a0d919c36a91fc76cc6721e2290ee305	JPKGBXI4CI5UOPNEKADASMVZJEOMVPEB	research/forumer-recovered/20080213040838_0b4fb29314c3_viewtopic.php.html
20080213040843	http://theroomz.19.forumer.com:80/viewtopic.php?t=14&postdays=0&postorder=asc&start=175&sid=a0d919c36a91fc76cc6721e2290ee305	6OJZ44LR2UQ5BSCTVJWKSTKAJ2N35UFR	research/forumer-recovered/20080213040843_4e70d0ced64c_viewtopic.php.html
20080213040848	http://theroomz.19.forumer.com:80/viewtopic.php?t=14&postdays=0&postorder=asc&start=200&sid=a0d919c36a91fc76cc6721e2290ee305	PIUQYAUOA5SGKYLFEPEVX55JQ4MPZCWH	research/forumer-recovered/20080213040848_e80a9bb629d9_viewtopic.php.html
20080213040854	http://theroomz.19.forumer.com:80/viewtopic.php?t=14&postdays=0&postorder=asc&start=225&sid=a0d919c36a91fc76cc6721e2290ee305	W2TMEM433IOESUWYC6SFBTVH3P7YFVKD	research/forumer-recovered/20080213040854_769057331fe9_viewtopic.php.html
20080213033112	http://theroomz.19.forumer.com:80/viewtopic.php?t=14&postdays=0&postorder=asc&start=50&sid=a0d919c36a91fc76cc6721e2290ee305	B7B5LBCWX3JGKMKP7FD6LL24EK6XL2MX	research/forumer-recovered/20080213033112_75cf1bc69c52_viewtopic.php.html
20080213040859	http://theroomz.19.forumer.com:80/viewtopic.php?t=14&postdays=0&postorder=asc&start=75&sid=a0d919c36a91fc76cc6721e2290ee305	MA2LODLUCT33QKOADSCDH3TQW6NFTQCR	research/forumer-recovered/20080213040859_22dac938b352_viewtopic.php.html
20080208154158	http://theroomz.19.forumer.com:80/viewtopic.php?t=10&start=0&sid=0c892ab91f8b899c616578b04962c74f	FRQ2R6C7Q7YFDEUSIZTOEGSICP4JTMCE	research/forumer-recovered/20080208154158_213df346ed7b_viewtopic.php.html
20080208154216	http://theroomz.19.forumer.com:80/viewtopic.php?t=109&start=0&sid=0c892ab91f8b899c616578b04962c74f	XH5VCHOQE6CLPOQHH72P2BSH5I73KKEJ	research/forumer-recovered/20080208154216_ed09c8ba2424_viewtopic.php.html
20080208154235	http://theroomz.19.forumer.com:80/viewtopic.php?t=11&start=0&sid=0c892ab91f8b899c616578b04962c74f	O5SVX3QGX4O4XIJDEDQZEA5N2W7ZEOAL	research/forumer-recovered/20080208154235_97270ae77f8d_viewtopic.php.html
20080208154255	http://theroomz.19.forumer.com:80/viewtopic.php?t=110&start=0&sid=0c892ab91f8b899c616578b04962c74f	VSMZCU2EJ6VVGP7VZ4NQWIUOGXOUAKAG	research/forumer-recovered/20080208154255_4e52fd6e1c69_viewtopic.php.html
20080208154315	http://theroomz.19.forumer.com:80/viewtopic.php?t=121&start=0&sid=0c892ab91f8b899c616578b04962c74f	H5HVNXN2YDMUS4WNISZC7IKYUUFDXLDS	research/forumer-recovered/20080208154315_3260b88a0c43_viewtopic.php.html
20080208154336	http://theroomz.19.forumer.com:80/viewtopic.php?t=122&start=0&sid=0c892ab91f8b899c616578b04962c74f	QHCEVKN7QJNXUZJCRSDKIZA5D6IATBAU	research/forumer-recovered/20080208154336_69f11cd4a17a_viewtopic.php.html
20080208154356	http://theroomz.19.forumer.com:80/viewtopic.php?t=124&start=0&sid=0c892ab91f8b899c616578b04962c74f	YGKHUZKK5A3KMXSP2TDXAIKVQY2OJYY5	research/forumer-recovered/20080208154356_d7a6d1087eb1_viewtopic.php.html
20080208154416	http://theroomz.19.forumer.com:80/viewtopic.php?t=126&start=0&sid=0c892ab91f8b899c616578b04962c74f	L2L4PN5AHTVPGELUBEIQPU35VDVE5T5E	research/forumer-recovered/20080208154416_3f54255ca410_viewtopic.php.html
20080208154440	http://theroomz.19.forumer.com:80/viewtopic.php?t=13&start=0&sid=0c892ab91f8b899c616578b04962c74f	VCQ5DKGKRDBVFIRH5X6G4BWODLE56F26	research/forumer-recovered/20080208154440_40f9c85c90fb_viewtopic.php.html
20080208154501	http://theroomz.19.forumer.com:80/viewtopic.php?t=130&start=0&sid=0c892ab91f8b899c616578b04962c74f	PWHE4AW3DPAFDPHCH5C2RD77HVRLGPR7	research/forumer-recovered/20080208154501_af5f92844824_viewtopic.php.html
20080208154521	http://theroomz.19.forumer.com:80/viewtopic.php?t=139&start=0&sid=0c892ab91f8b899c616578b04962c74f	6YGLWHMMWQXVFPBH4IN3U3ITDSEC4DFO	research/forumer-recovered/20080208154521_c1829c47dbcd_viewtopic.php.html
20080208154541	http://theroomz.19.forumer.com:80/viewtopic.php?t=14&start=0&sid=0c892ab91f8b899c616578b04962c74f	SVX4YGAVH6I3P6PCX3H5MJVJH2HR5THY	research/forumer-recovered/20080208154541_2b2c988c5eb9_viewtopic.php.html
20080208154602	http://theroomz.19.forumer.com:80/viewtopic.php?t=141&start=0&sid=0c892ab91f8b899c616578b04962c74f	Z53DXXH7655P6ZN6NCP4WVKXANRG5ENE	research/forumer-recovered/20080208154602_27bc903994c7_viewtopic.php.html
20080208154623	http://theroomz.19.forumer.com:80/viewtopic.php?t=142&start=0&sid=0c892ab91f8b899c616578b04962c74f	DIS7XJ6FMUQYUDOB6PER6AOQDTDLGCE4	research/forumer-recovered/20080208154623_602c40f2f9df_viewtopic.php.html
20080208154642	http://theroomz.19.forumer.com:80/viewtopic.php?t=15&start=0&sid=0c892ab91f8b899c616578b04962c74f	WKR3V2BUGUCVG7BAFPUSG22FUJPHTQOY	research/forumer-recovered/20080208154642_565a8fbd8922_viewtopic.php.html
20080208154703	http://theroomz.19.forumer.com:80/viewtopic.php?t=152&start=0&sid=0c892ab91f8b899c616578b04962c74f	OYKDSKM26L4E5VYKWPXTHRFST77U4KTV	research/forumer-recovered/20080208154703_d9943e46c8c0_viewtopic.php.html
20080208154732	http://theroomz.19.forumer.com:80/viewtopic.php?t=153&start=0&sid=0c892ab91f8b899c616578b04962c74f	SIMMIUZNWZSYHXOYV4ODUYXNOQ6J7ELI	research/forumer-recovered/20080208154732_256126bd614b_viewtopic.php.html
20080208154748	http://theroomz.19.forumer.com:80/viewtopic.php?t=16&start=0&sid=0c892ab91f8b899c616578b04962c74f	NA6QTJOTBGTEUKGIEMHW3LPQCYJPB7LL	research/forumer-recovered/20080208154748_e1807140cc91_viewtopic.php.html
20080208154822	http://theroomz.19.forumer.com:80/viewtopic.php?t=164&start=0&sid=0c892ab91f8b899c616578b04962c74f	U4HG3BUHGGUTY5RXFULSQWK7FEEHCW6W	research/forumer-recovered/20080208154822_e86059cd5445_viewtopic.php.html
20080208154833	http://theroomz.19.forumer.com:80/viewtopic.php?t=165&start=0&sid=0c892ab91f8b899c616578b04962c74f	SJNHFMXBXVNETMCEV3SXJ6WF6GPIM6RY	research/forumer-recovered/20080208154833_7629372eaab5_viewtopic.php.html
20080208155010	http://theroomz.19.forumer.com:80/viewtopic.php?t=17&start=0&sid=0c892ab91f8b899c616578b04962c74f	ZFFI65PX3J6AHURSVDEJB32TITFOAT5H	research/forumer-recovered/20080208155010_dd278015badc_viewtopic.php.html
20080208155031	http://theroomz.19.forumer.com:80/viewtopic.php?t=187&start=0&sid=0c892ab91f8b899c616578b04962c74f	JKCYYRXBYE5S4W6QXWSCQLE633C7BPJL	research/forumer-recovered/20080208155031_21f54a2a754b_viewtopic.php.html
20080208155051	http://theroomz.19.forumer.com:80/viewtopic.php?t=20&start=0&sid=0c892ab91f8b899c616578b04962c74f	O2HGT7MRDEV5OXJ2VSHY2WZFNT7NEEG5	research/forumer-recovered/20080208155051_3d84e33375a8_viewtopic.php.html
20080208155111	http://theroomz.19.forumer.com:80/viewtopic.php?t=212&start=0&sid=0c892ab91f8b899c616578b04962c74f	TJH3QF3RCXCD3BRNPED7ABU4UYDVXG2B	research/forumer-recovered/20080208155111_6d6c882b6254_viewtopic.php.html
20080208155131	http://theroomz.19.forumer.com:80/viewtopic.php?t=215&start=0&sid=0c892ab91f8b899c616578b04962c74f	BVWPPCDIH24KQGMKI33TTSK7LDH6O3ZB	research/forumer-recovered/20080208155131_668531840b26_viewtopic.php.html
20080208155151	http://theroomz.19.forumer.com:80/viewtopic.php?t=227&start=0&sid=0c892ab91f8b899c616578b04962c74f	UWIYEXEMVMOU6IXYPMX3X4GMPVSANVFU	research/forumer-recovered/20080208155151_567a7fd31c61_viewtopic.php.html
20080208155206	http://theroomz.19.forumer.com:80/viewtopic.php?t=23&start=0&sid=0c892ab91f8b899c616578b04962c74f	ARTNEQP6FTY3VBH32S6RIZP5A246UPLW	research/forumer-recovered/20080208155206_c5ce6402aef9_viewtopic.php.html
20080208155221	http://theroomz.19.forumer.com:80/viewtopic.php?t=236&start=0&sid=0c892ab91f8b899c616578b04962c74f	DSDYUZPR2PM3Z5QVOCFGFCKRNWO7D63W	research/forumer-recovered/20080208155221_7da8b6484af3_viewtopic.php.html
20080208155242	http://theroomz.19.forumer.com:80/viewtopic.php?t=250&start=0&sid=0c892ab91f8b899c616578b04962c74f	KTI7VK5DCJBG4OCY4WHPINVB4NFB3ZVZ	research/forumer-recovered/20080208155242_d8a6267d74ab_viewtopic.php.html
20080208155251	http://theroomz.19.forumer.com:80/viewtopic.php?t=308&start=0&sid=0c892ab91f8b899c616578b04962c74f	4XVQRBJ7J5MNVHOLCNBX3FZWU4YSIQZL	research/forumer-recovered/20080208155251_25b7dad89fdc_viewtopic.php.html
20080208155312	http://theroomz.19.forumer.com:80/viewtopic.php?t=32&start=0&sid=0c892ab91f8b899c616578b04962c74f	ABZSAITNQJF4CDQRG4C4R57N3Z5WPITX	research/forumer-recovered/20080208155312_d8896b87ec9f_viewtopic.php.html
20080208155332	http://theroomz.19.forumer.com:80/viewtopic.php?t=34&start=0&sid=0c892ab91f8b899c616578b04962c74f	HSIUQWEJNUO4K5NAV5RUXHKMNNRWWFQC	research/forumer-recovered/20080208155332_f717be745440_viewtopic.php.html
20080208155351	http://theroomz.19.forumer.com:80/viewtopic.php?t=36&start=0&sid=0c892ab91f8b899c616578b04962c74f	L67NXBHJQFLXL2CYRNX6CYLJRWDMEZGW	research/forumer-recovered/20080208155351_875e2529d4f6_viewtopic.php.html
20080208155411	http://theroomz.19.forumer.com:80/viewtopic.php?t=37&start=0&sid=0c892ab91f8b899c616578b04962c74f	ZCNKNKSZNJPERMERFN4IPWGXZTF2IQAT	research/forumer-recovered/20080208155411_377076d93535_viewtopic.php.html
20080208155431	http://theroomz.19.forumer.com:80/viewtopic.php?t=38&start=0&sid=0c892ab91f8b899c616578b04962c74f	AKVZGQCHGNWCP2JZNZLQ55WLNWSZPKTR	research/forumer-recovered/20080208155431_20fd71a3a5c3_viewtopic.php.html
20080208155452	http://theroomz.19.forumer.com:80/viewtopic.php?t=39&start=0&sid=0c892ab91f8b899c616578b04962c74f	D2HEXPW2T7RX4UDG2F5KUDIPERFVW74A	research/forumer-recovered/20080208155452_dca2f91d34be_viewtopic.php.html
20080208155512	http://theroomz.19.forumer.com:80/viewtopic.php?t=41&start=0&sid=0c892ab91f8b899c616578b04962c74f	AAYH55Q3CHQP36MWZO2KHUER5GP2BPZV	research/forumer-recovered/20080208155512_da2edd9a1584_viewtopic.php.html
20080208155534	http://theroomz.19.forumer.com:80/viewtopic.php?t=46&start=0&sid=0c892ab91f8b899c616578b04962c74f	M4MTN3MNON4EQ4BCGYZ4B57SCAWKJLJW	research/forumer-recovered/20080208155534_275b08dbf507_viewtopic.php.html
20080208155557	http://theroomz.19.forumer.com:80/viewtopic.php?t=48&start=0&sid=0c892ab91f8b899c616578b04962c74f	5TSYHJ7RS2VC4Z4KV2XURB7WTKJJ4I5W	research/forumer-recovered/20080208155557_c32be33ddc5a_viewtopic.php.html
20080208155628	http://theroomz.19.forumer.com:80/viewtopic.php?t=5&start=0&sid=0c892ab91f8b899c616578b04962c74f	6E6OO3A5HWMVMEMZUQVULMNASNWHKNKF	research/forumer-recovered/20080208155628_4608b02a8356_viewtopic.php.html
20080208155649	http://theroomz.19.forumer.com:80/viewtopic.php?t=55&start=0&sid=0c892ab91f8b899c616578b04962c74f	FDC3XQIRF7HLEZY3PVDZFZH5LYZH4UL6	research/forumer-recovered/20080208155649_5273d982f005_viewtopic.php.html
20080208155709	http://theroomz.19.forumer.com:80/viewtopic.php?t=58&start=0&sid=0c892ab91f8b899c616578b04962c74f	KPZNENJ5UGEHW5VGYHG2UEOXEHVFT5AI	research/forumer-recovered/20080208155709_5e9655cdf963_viewtopic.php.html
20080208155728	http://theroomz.19.forumer.com:80/viewtopic.php?t=59&start=0&sid=0c892ab91f8b899c616578b04962c74f	LVQPOIMHWJL77MNBSIGIBAR4BLZIQZWD	research/forumer-recovered/20080208155728_348ac43b6ff4_viewtopic.php.html
20080208155749	http://theroomz.19.forumer.com:80/viewtopic.php?t=60&start=0&sid=0c892ab91f8b899c616578b04962c74f	SI3KG3O5MOLG2MJ73QFA25GPJJT3QSSY	research/forumer-recovered/20080208155749_5f3cc911c6a2_viewtopic.php.html
20080208155809	http://theroomz.19.forumer.com:80/viewtopic.php?t=61&start=0&sid=0c892ab91f8b899c616578b04962c74f	BROFEGQGM62YVB5CQNZKUWYDQWXMEQV3	research/forumer-recovered/20080208155809_11547b886186_viewtopic.php.html
20080208155829	http://theroomz.19.forumer.com:80/viewtopic.php?t=76&start=0&sid=0c892ab91f8b899c616578b04962c74f	MIE4UXWP44RRDH5YFCTIAHSSMBI3IYIF	research/forumer-recovered/20080208155829_809d070372a7_viewtopic.php.html
20080208155844	http://theroomz.19.forumer.com:80/viewtopic.php?t=78&start=0&sid=0c892ab91f8b899c616578b04962c74f	GBUBJMYCZGE73T7ERUILS52L6DWZX4FC	research/forumer-recovered/20080208155844_0a9c61ad061f_viewtopic.php.html
20080208155904	http://theroomz.19.forumer.com:80/viewtopic.php?t=97&start=0&sid=0c892ab91f8b899c616578b04962c74f	OURCPACXZWEENCBBBKROMY4KDI7R5TO4	research/forumer-recovered/20080208155904_b197abcd981f_viewtopic.php.html
20080208154220	http://theroomz.19.forumer.com:80/viewtopic.php?t=109&start=100&sid=0c892ab91f8b899c616578b04962c74f	CKE7JYIN5LNNSZYVUMQ47XW2LMXR2C5Y	research/forumer-recovered/20080208154220_b52ceb290501_viewtopic.php.html
20080208154506	http://theroomz.19.forumer.com:80/viewtopic.php?t=130&start=100&sid=0c892ab91f8b899c616578b04962c74f	A3QVYPFKFHMZOLXNNCD42V3ZFXYDXQJX	research/forumer-recovered/20080208154506_fa771a95d987_viewtopic.php.html
20080208154526	http://theroomz.19.forumer.com:80/viewtopic.php?t=139&start=100&sid=0c892ab91f8b899c616578b04962c74f	WL7UB543FODOSBF2WDYVBPTN44FEBUPE	research/forumer-recovered/20080208154526_f919020c0262_viewtopic.php.html
20080208154707	http://theroomz.19.forumer.com:80/viewtopic.php?t=152&start=100&sid=0c892ab91f8b899c616578b04962c74f	ZHJWCLEBSEELRJA2RSH3SI5MGYQIXZUV	research/forumer-recovered/20080208154707_eedcbc4748ad_viewtopic.php.html
20080208154734	http://theroomz.19.forumer.com:80/viewtopic.php?t=153&start=100&sid=0c892ab91f8b899c616578b04962c74f	ZM2IPH4C5VI73Q2WLVKL3B4ZWZOOPCCK	research/forumer-recovered/20080208154734_9ed54a0171d3_viewtopic.php.html
20080208154756	http://theroomz.19.forumer.com:80/viewtopic.php?t=16&start=100&sid=0c892ab91f8b899c616578b04962c74f	M7LLEGQFYMINPCL27JCEMSBX27VYD5NX	research/forumer-recovered/20080208154756_182fb1cef815_viewtopic.php.html
20080208155014	http://theroomz.19.forumer.com:80/viewtopic.php?t=17&start=100&sid=0c892ab91f8b899c616578b04962c74f	2HUXYBRWLOFMC222TEZMST7ZKXX4RNLT	research/forumer-recovered/20080208155014_0138cca7b021_viewtopic.php.html
20080208155056	http://theroomz.19.forumer.com:80/viewtopic.php?t=20&start=100&sid=0c892ab91f8b899c616578b04962c74f	HJJKJNXPDTY7GJ56TZPV5YPRPWAVJT5S	research/forumer-recovered/20080208155056_9cfe7c232e2d_viewtopic.php.html
20080208155116	http://theroomz.19.forumer.com:80/viewtopic.php?t=212&start=100&sid=0c892ab91f8b899c616578b04962c74f	TUS4422L7OJAVRLG2T47UOXTGAIOMNWP	research/forumer-recovered/20080208155116_3252b0b6ae40_viewtopic.php.html
20080208155135	http://theroomz.19.forumer.com:80/viewtopic.php?t=215&start=100&sid=0c892ab91f8b899c616578b04962c74f	NUJ3EBDUKBI6I25TRGCSN7OZQX772U67	research/forumer-recovered/20080208155135_8ce346494191_viewtopic.php.html
20080208155226	http://theroomz.19.forumer.com:80/viewtopic.php?t=236&start=100&sid=0c892ab91f8b899c616578b04962c74f	CNGTUPGKB3NQSLYG22NIDPJYY6FYCGKB	research/forumer-recovered/20080208155226_b11f6d474389_viewtopic.php.html
20080208155256	http://theroomz.19.forumer.com:80/viewtopic.php?t=308&start=100&sid=0c892ab91f8b899c616578b04962c74f	TKK4CKKGS7RSQZ5EI4RQM4FP3O6GRS7W	research/forumer-recovered/20080208155256_5338e2120ba6_viewtopic.php.html
20080208155336	http://theroomz.19.forumer.com:80/viewtopic.php?t=34&start=100&sid=0c892ab91f8b899c616578b04962c74f	PQMGI5ZYGSBA76LYRC4WGR236V4OPIJZ	research/forumer-recovered/20080208155336_031de407c40b_viewtopic.php.html
20080208155633	http://theroomz.19.forumer.com:80/viewtopic.php?t=5&start=100&sid=0c892ab91f8b899c616578b04962c74f	TRSFIJLESYTOYFWI667WLPZBOG6VGMX5	research/forumer-recovered/20080208155633_8832f1f47794_viewtopic.php.html
20080208155653	http://theroomz.19.forumer.com:80/viewtopic.php?t=55&start=100&sid=0c892ab91f8b899c616578b04962c74f	IUMJQK7LDP5SP6AE5VXBFAWFVAHIYGN3	research/forumer-recovered/20080208155653_c1beb44730c3_viewtopic.php.html
20080208155733	http://theroomz.19.forumer.com:80/viewtopic.php?t=59&start=100&sid=0c892ab91f8b899c616578b04962c74f	FA3HUVYGRLKIWSCG36W3BJRWN23BRSNL	research/forumer-recovered/20080208155733_703e16f1a659_viewtopic.php.html
20080208155754	http://theroomz.19.forumer.com:80/viewtopic.php?t=60&start=100&sid=0c892ab91f8b899c616578b04962c74f	UYDWCV7J7FPOFTD776PQEIRNQK5SF6BN	research/forumer-recovered/20080208155754_2c576df7d7e4_viewtopic.php.html
20080208155849	http://theroomz.19.forumer.com:80/viewtopic.php?t=78&start=100&sid=0c892ab91f8b899c616578b04962c74f	4RBSPZHGGIXSV7VRSN35SLBB2ETBRYOC	research/forumer-recovered/20080208155849_5134d1942938_viewtopic.php.html
20080208154201	http://theroomz.19.forumer.com:80/viewtopic.php?t=10&start=125&sid=0c892ab91f8b899c616578b04962c74f	TQSJNUG3PEEDXTEQRBXIYAL5DYQFV73B	research/forumer-recovered/20080208154201_1232eed59594_viewtopic.php.html
20080208154225	http://theroomz.19.forumer.com:80/viewtopic.php?t=109&start=125&sid=0c892ab91f8b899c616578b04962c74f	VLI4VYZLKRH2JXIBSBYZZ3BL3DAYLOG2	research/forumer-recovered/20080208154225_01e6ee1d01c4_viewtopic.php.html
20080208154320	http://theroomz.19.forumer.com:80/viewtopic.php?t=121&start=125&sid=0c892ab91f8b899c616578b04962c74f	HRL5QBV7H3IMTGGKJ4GUVFXLS3GN7ZE3	research/forumer-recovered/20080208154320_adcc4a5380c5_viewtopic.php.html
20080208154531	http://theroomz.19.forumer.com:80/viewtopic.php?t=139&start=125&sid=0c892ab91f8b899c616578b04962c74f	3THGHY4VHUZXCQTZEKK6PF3YUNCBLUYH	research/forumer-recovered/20080208154531_4fe910578c05_viewtopic.php.html
20080208154712	http://theroomz.19.forumer.com:80/viewtopic.php?t=152&start=125&sid=0c892ab91f8b899c616578b04962c74f	CCJPOO6MCUZ7CYUP2H2ABR2C644DGBWD	research/forumer-recovered/20080208154712_21abccec40ee_viewtopic.php.html
20080208154738	http://theroomz.19.forumer.com:80/viewtopic.php?t=153&start=125&sid=0c892ab91f8b899c616578b04962c74f	GTT737DQ4CPGCRLFVG5FGFIV732NI35X	research/forumer-recovered/20080208154738_ae5062675544_viewtopic.php.html
20080208155100	http://theroomz.19.forumer.com:80/viewtopic.php?t=20&start=125&sid=0c892ab91f8b899c616578b04962c74f	BX4CIVEPJHMITSN3KKG6IPTMYXME2O67	research/forumer-recovered/20080208155100_526547dec636_viewtopic.php.html
20080208155121	http://theroomz.19.forumer.com:80/viewtopic.php?t=212&start=125&sid=0c892ab91f8b899c616578b04962c74f	KDSD7LIGNLCWYHJWMNYEXQIIBLZFQTMN	research/forumer-recovered/20080208155121_076ef8419c9c_viewtopic.php.html
20080208155231	http://theroomz.19.forumer.com:80/viewtopic.php?t=236&start=125&sid=0c892ab91f8b899c616578b04962c74f	UUXS3Q3ICK2ZV6Y6ID54V4V5P3DSHEPC	research/forumer-recovered/20080208155231_2dc2dcf108ad_viewtopic.php.html
20080208155341	http://theroomz.19.forumer.com:80/viewtopic.php?t=34&start=125&sid=0c892ab91f8b899c616578b04962c74f	3QWCWQMIZRMEJP6WLSVEBP6FZCOOJWBO	research/forumer-recovered/20080208155341_67ff996045f8_viewtopic.php.html
20080208155437	http://theroomz.19.forumer.com:80/viewtopic.php?t=38&start=125&sid=0c892ab91f8b899c616578b04962c74f	WY2M4Y7YYRZPFWGRKSTZKJ5ILB4XCBZY	research/forumer-recovered/20080208155437_28b7a028b22c_viewtopic.php.html
20080208155638	http://theroomz.19.forumer.com:80/viewtopic.php?t=5&start=125&sid=0c892ab91f8b899c616578b04962c74f	2RT5Z43CNWD3NALMIT6EQNZCZEYFHHSD	research/forumer-recovered/20080208155638_509c43b9f3e8_viewtopic.php.html
20080208155739	http://theroomz.19.forumer.com:80/viewtopic.php?t=59&start=125&sid=0c892ab91f8b899c616578b04962c74f	K5SI4APNNSUKO3W7LHOE42RBE3TPU4RP	research/forumer-recovered/20080208155739_cb56be8396e4_viewtopic.php.html
20080208155759	http://theroomz.19.forumer.com:80/viewtopic.php?t=60&start=125&sid=0c892ab91f8b899c616578b04962c74f	H3OZ6UABTQUYNDGSFKB6PO6UQOXA6H2X	research/forumer-recovered/20080208155759_9739f32d0519_viewtopic.php.html
20080208155857	http://theroomz.19.forumer.com:80/viewtopic.php?t=78&start=125&sid=0c892ab91f8b899c616578b04962c74f	Z5WLWQT5UAF4DYQ7EQDCGHW3HPTS4TVG	research/forumer-recovered/20080208155857_fef6748f28d2_viewtopic.php.html
20080208154205	http://theroomz.19.forumer.com:80/viewtopic.php?t=10&start=150&sid=0c892ab91f8b899c616578b04962c74f	FRJ2MV4Z2FI5IE36C5HRGUXTMB2RHZHN	research/forumer-recovered/20080208154205_071b31fa0ffa_viewtopic.php.html
20080208154230	http://theroomz.19.forumer.com:80/viewtopic.php?t=109&start=150&sid=0c892ab91f8b899c616578b04962c74f	S7HIPQ656EVWDOO7BJCHMZINYZHL4S4I	research/forumer-recovered/20080208154230_7dd7312a91e6_viewtopic.php.html
20080208154325	http://theroomz.19.forumer.com:80/viewtopic.php?t=121&start=150&sid=0c892ab91f8b899c616578b04962c74f	JVTTE6Y7S6VV4SV42XS5AAGF6IFLRBFA	research/forumer-recovered/20080208154325_6ed0d851f2b1_viewtopic.php.html
20080208154446	http://theroomz.19.forumer.com:80/viewtopic.php?t=13&start=150&sid=0c892ab91f8b899c616578b04962c74f	2M565JLN7YJFKS2KOROETI3W3BRT2OH4	research/forumer-recovered/20080208154446_bc8de4dd5f75_viewtopic.php.html
20080208154536	http://theroomz.19.forumer.com:80/viewtopic.php?t=139&start=150&sid=0c892ab91f8b899c616578b04962c74f	KDFMRTLTHHYRQV6IFDUMFJNR65NZBNBQ	research/forumer-recovered/20080208154536_6428f8f03589_viewtopic.php.html
20080208154647	http://theroomz.19.forumer.com:80/viewtopic.php?t=15&start=150&sid=0c892ab91f8b899c616578b04962c74f	OU4Y32P5SNCKIL6JTTHFK6BHEVITE3QO	research/forumer-recovered/20080208154647_9cae9840f2e6_viewtopic.php.html
20080208155125	http://theroomz.19.forumer.com:80/viewtopic.php?t=212&start=150&sid=0c892ab91f8b899c616578b04962c74f	AOUUL6NCONEZEVO36V3DZYYQNSYT7HF3	research/forumer-recovered/20080208155125_4d9dd4f5ddd1_viewtopic.php.html
20080208155443	http://theroomz.19.forumer.com:80/viewtopic.php?t=38&start=150&sid=0c892ab91f8b899c616578b04962c74f	2JGYOGR7OPGGFHUKC6LGNXFX27GNRWDF	research/forumer-recovered/20080208155443_60894f7e2f55_viewtopic.php.html
20080208155803	http://theroomz.19.forumer.com:80/viewtopic.php?t=60&start=150&sid=0c892ab91f8b899c616578b04962c74f	ZJWZMPYWHXKUI7VLMN4SRZTNJ6V4SKHN	research/forumer-recovered/20080208155803_b9b4bb7a9f63_viewtopic.php.html
20080208155859	http://theroomz.19.forumer.com:80/viewtopic.php?t=78&start=150&sid=0c892ab91f8b899c616578b04962c74f	C526TVSCQUWXOOHDSUPGQR3EKSQQA4YG	research/forumer-recovered/20080208155859_ea1b5107b90e_viewtopic.php.html
20080208154213	http://theroomz.19.forumer.com:80/viewtopic.php?t=10&start=175&sid=0c892ab91f8b899c616578b04962c74f	KQAJPDUFRKBRHQVA7WK7F6S2SBVISGBD	research/forumer-recovered/20080208154213_9ab5c3d6b9b5_viewtopic.php.html
20080208154243	http://theroomz.19.forumer.com:80/viewtopic.php?t=11&start=175&sid=0c892ab91f8b899c616578b04962c74f	FE45YJLI56X5DYNBYAJ3OCBCVPTJUSDV	research/forumer-recovered/20080208154243_52c003fd2bc3_viewtopic.php.html
20080208154330	http://theroomz.19.forumer.com:80/viewtopic.php?t=121&start=175&sid=0c892ab91f8b899c616578b04962c74f	4D7TMK2Z6KJN5IKHAG7SWINS6ZY3WLQS	research/forumer-recovered/20080208154330_33731a8d6ef0_viewtopic.php.html
20080208154451	http://theroomz.19.forumer.com:80/viewtopic.php?t=13&start=175&sid=0c892ab91f8b899c616578b04962c74f	O2CNRLKWUNMZHNERF2VAUTH7Y3GWEBBA	research/forumer-recovered/20080208154451_a5b3f92bbaca_viewtopic.php.html
20080208154546	http://theroomz.19.forumer.com:80/viewtopic.php?t=14&start=175&sid=0c892ab91f8b899c616578b04962c74f	YMBKNSCDWUB7G6665HZPNXHDDQBUBDPU	research/forumer-recovered/20080208154546_3ae2b3f6ab8d_viewtopic.php.html
20080208154651	http://theroomz.19.forumer.com:80/viewtopic.php?t=15&start=175&sid=0c892ab91f8b899c616578b04962c74f	RJVTHW7P6GQPISFIBOIQHHVUXE3OBEPL	research/forumer-recovered/20080208154651_09fce136b0c3_viewtopic.php.html
20080208155446	http://theroomz.19.forumer.com:80/viewtopic.php?t=38&start=175&sid=0c892ab91f8b899c616578b04962c74f	H7MLAANIU5TBBXEWRJFRPM67FQPU4B7W	research/forumer-recovered/20080208155446_0bda1d64b2a8_viewtopic.php.html
20080208154245	http://theroomz.19.forumer.com:80/viewtopic.php?t=11&start=200&sid=0c892ab91f8b899c616578b04962c74f	CKHPOEHBJUMHP77T4YESTE6KT6BDK5IZ	research/forumer-recovered/20080208154245_44674882faa1_viewtopic.php.html
20080208154300	http://theroomz.19.forumer.com:80/viewtopic.php?t=110&start=200&sid=0c892ab91f8b899c616578b04962c74f	VMIQ5MIRCLLQ4CEK4KKVK2SVHAZL54L4	research/forumer-recovered/20080208154300_4cf112d3d212_viewtopic.php.html
20080208154421	http://theroomz.19.forumer.com:80/viewtopic.php?t=126&start=200&sid=0c892ab91f8b899c616578b04962c74f	LRLVPI7X2IGNI5OQXPB7OB3TZCDUOQJV	research/forumer-recovered/20080208154421_a77f6be8fe43_viewtopic.php.html
20080208154456	http://theroomz.19.forumer.com:80/viewtopic.php?t=13&start=200&sid=0c892ab91f8b899c616578b04962c74f	NWVPUXH6D7IFLRINASBM3FTQTLVUTAXL	research/forumer-recovered/20080208154456_bc1a4cb7b968_viewtopic.php.html
20080208154551	http://theroomz.19.forumer.com:80/viewtopic.php?t=14&start=200&sid=0c892ab91f8b899c616578b04962c74f	AUEM7GNJBIH3DV36U65FYZZFZ4PYMFWJ	research/forumer-recovered/20080208154551_15df88619778_viewtopic.php.html
20080208154656	http://theroomz.19.forumer.com:80/viewtopic.php?t=15&start=200&sid=0c892ab91f8b899c616578b04962c74f	2KVPHPF4MPZINF57QQHVKQTHSUPE4OCB	research/forumer-recovered/20080208154656_26bf7f91fe69_viewtopic.php.html
20080208154250	http://theroomz.19.forumer.com:80/viewtopic.php?t=11&start=225&sid=0c892ab91f8b899c616578b04962c74f	5D3JWBG3KN7ETLL5PHGAGGUNZO5AX726	research/forumer-recovered/20080208154250_66ec710b3925_viewtopic.php.html
20080208154305	http://theroomz.19.forumer.com:80/viewtopic.php?t=110&start=225&sid=0c892ab91f8b899c616578b04962c74f	YJEX3VKWRI7OC7EQXP24UQHEE2TRTLEJ	research/forumer-recovered/20080208154305_61c5b56a0d5b_viewtopic.php.html
20080208154400	http://theroomz.19.forumer.com:80/viewtopic.php?t=124&start=225&sid=0c892ab91f8b899c616578b04962c74f	33OYOBIY64GQEPQMHOSCPCI7CS2M7RYI	research/forumer-recovered/20080208154400_be6650a59303_viewtopic.php.html
20080208154426	http://theroomz.19.forumer.com:80/viewtopic.php?t=126&start=225&sid=0c892ab91f8b899c616578b04962c74f	V67LRSB62PFTDWVQKLT27AJV43ZVYREV	research/forumer-recovered/20080208154426_4dfea3cedf34_viewtopic.php.html
20080208154555	http://theroomz.19.forumer.com:80/viewtopic.php?t=14&start=225&sid=0c892ab91f8b899c616578b04962c74f	ZG5HJXWX3H4FQSOYNERDIKSY7TKUBD7Z	research/forumer-recovered/20080208154555_cdea24ca0f18_viewtopic.php.html
20080208155036	http://theroomz.19.forumer.com:80/viewtopic.php?t=187&start=225&sid=0c892ab91f8b899c616578b04962c74f	YVWKU344ET76DUFCOQ3SVM3X53XWKW5P	research/forumer-recovered/20080208155036_eac90e4e0947_viewtopic.php.html
20080208154608	http://theroomz.19.forumer.com:80/viewtopic.php?t=141&start=25&sid=0c892ab91f8b899c616578b04962c74f	7HVMLCJUIPB3AH4RRLGZWHI4BV7YXR3P	research/forumer-recovered/20080208154608_87e4c0e118d7_viewtopic.php.html
20080208154630	http://theroomz.19.forumer.com:80/viewtopic.php?t=142&start=25&sid=0c892ab91f8b899c616578b04962c74f	4RDLDKE3XHAHXYKQNFEQU3OCMTXIGAWJ	research/forumer-recovered/20080208154630_b2a48538264b_viewtopic.php.html
20080208154823	http://theroomz.19.forumer.com:80/viewtopic.php?t=164&start=25&sid=0c892ab91f8b899c616578b04962c74f	4JXNI3LEYAI3ZDQBNBMXOCQUXSECYO2C	research/forumer-recovered/20080208154823_ee3beb73b815_viewtopic.php.html
20080208154840	http://theroomz.19.forumer.com:80/viewtopic.php?t=165&start=25&sid=0c892ab91f8b899c616578b04962c74f	RBVCYY2K6WC4Q7OYAEN5GYZPYNEBUTTD	research/forumer-recovered/20080208154840_5b25cdc81c96_viewtopic.php.html
20080208155156	http://theroomz.19.forumer.com:80/viewtopic.php?t=227&start=25&sid=0c892ab91f8b899c616578b04962c74f	T3HFQVWPXRPWITQW3BKWBD64XM4ONTNB	research/forumer-recovered/20080208155156_09b5f244f26e_viewtopic.php.html
20080208155211	http://theroomz.19.forumer.com:80/viewtopic.php?t=23&start=25&sid=0c892ab91f8b899c616578b04962c74f	C6JHEQHI2FMVTRUZQ5WKQDJNS6JEMJDI	research/forumer-recovered/20080208155211_f59bef3196fa_viewtopic.php.html
20080208155246	http://theroomz.19.forumer.com:80/viewtopic.php?t=250&start=25&sid=0c892ab91f8b899c616578b04962c74f	54GEC25BVXF2LIZZG7NVRLT5DILJUAK7	research/forumer-recovered/20080208155246_c86b3baf0db5_viewtopic.php.html
20080208155316	http://theroomz.19.forumer.com:80/viewtopic.php?t=32&start=25&sid=0c892ab91f8b899c616578b04962c74f	OBZYQY46JFJH4UP3O4UFUSRJOBCBXVWC	research/forumer-recovered/20080208155316_d94b0960155f_viewtopic.php.html
20080208155356	http://theroomz.19.forumer.com:80/viewtopic.php?t=36&start=25&sid=0c892ab91f8b899c616578b04962c74f	6TYQHOLTPHSNBBWWFPIWQH3PP7BJLP3X	research/forumer-recovered/20080208155356_541e3f3a465a_viewtopic.php.html
20080208155416	http://theroomz.19.forumer.com:80/viewtopic.php?t=37&start=25&sid=0c892ab91f8b899c616578b04962c74f	WU3UPCTLQM5OPTHFINDSFWYWQCWLYB77	research/forumer-recovered/20080208155416_c98ef134a9fa_viewtopic.php.html
20080208155458	http://theroomz.19.forumer.com:80/viewtopic.php?t=39&start=25&sid=0c892ab91f8b899c616578b04962c74f	IAMSCQULZ6DRB66DXC4AJQRZEBE2QKN3	research/forumer-recovered/20080208155458_ccdc1a9d3052_viewtopic.php.html
20080208155522	http://theroomz.19.forumer.com:80/viewtopic.php?t=41&start=25&sid=0c892ab91f8b899c616578b04962c74f	TDU2WUPDV2DUENHDTH27HEDR23GCS6KZ	research/forumer-recovered/20080208155522_33f9e9b2e29c_viewtopic.php.html
20080208155539	http://theroomz.19.forumer.com:80/viewtopic.php?t=46&start=25&sid=0c892ab91f8b899c616578b04962c74f	QMHPLN46LBADAM6SN5OE7YXZENSMSIJX	research/forumer-recovered/20080208155539_ec6c674e91fb_viewtopic.php.html
20080208155558	http://theroomz.19.forumer.com:80/viewtopic.php?t=48&start=25&sid=0c892ab91f8b899c616578b04962c74f	DCQUHOHMZHIBPNOWHMDBEJ2LIL2EIR5J	research/forumer-recovered/20080208155558_1c7b979f8910_viewtopic.php.html
20080208155714	http://theroomz.19.forumer.com:80/viewtopic.php?t=58&start=25&sid=0c892ab91f8b899c616578b04962c74f	AWCAEK4HWNK6HGH7WOJGZGGRJP2EZEYH	research/forumer-recovered/20080208155714_b54866ea9c39_viewtopic.php.html
20080208155818	http://theroomz.19.forumer.com:80/viewtopic.php?t=61&start=25&sid=0c892ab91f8b899c616578b04962c74f	TNTSIVUUU5PYPTPKPWFIUOHWLPO7NLXV	research/forumer-recovered/20080208155818_c80366482061_viewtopic.php.html
20080208155834	http://theroomz.19.forumer.com:80/viewtopic.php?t=76&start=25&sid=0c892ab91f8b899c616578b04962c74f	SQAMCCEXB2ZO6QHUYQSHFUCDE6VTTUGO	research/forumer-recovered/20080208155834_852a6fb6fb2b_viewtopic.php.html
20080208155910	http://theroomz.19.forumer.com:80/viewtopic.php?t=97&start=25&sid=0c892ab91f8b899c616578b04962c74f	QOVWTNZAFFNQWOUMWEV72I3FD2IDCQVK	research/forumer-recovered/20080208155910_11286353d8ff_viewtopic.php.html
20080208154310	http://theroomz.19.forumer.com:80/viewtopic.php?t=110&start=250&sid=0c892ab91f8b899c616578b04962c74f	VZ7SJVFC2MAA5BHFBWXHHQ3UZO4VYDVI	research/forumer-recovered/20080208154310_9e778f783486_viewtopic.php.html
20080208154340	http://theroomz.19.forumer.com:80/viewtopic.php?t=122&start=250&sid=0c892ab91f8b899c616578b04962c74f	ZYYT6QWMWTH5CILCGF5EE6Y7TJVSEYTP	research/forumer-recovered/20080208154340_94d96fbc0253_viewtopic.php.html
20080208154406	http://theroomz.19.forumer.com:80/viewtopic.php?t=124&start=250&sid=0c892ab91f8b899c616578b04962c74f	HKNJUKLQUOEKRBGKFRGLSNGBTCENAGTL	research/forumer-recovered/20080208154406_806bcd133e1c_viewtopic.php.html
20080208154430	http://theroomz.19.forumer.com:80/viewtopic.php?t=126&start=250&sid=0c892ab91f8b899c616578b04962c74f	RMRFSO7WDZ4K7VSB5MSVG62RDFLYARRJ	research/forumer-recovered/20080208154430_364e3348c623_viewtopic.php.html
20080208155041	http://theroomz.19.forumer.com:80/viewtopic.php?t=187&start=250&sid=0c892ab91f8b899c616578b04962c74f	NRQIPWLH2LORODIIE57KRM4SK2UW37JP	research/forumer-recovered/20080208155041_45b7385824e2_viewtopic.php.html
20080208154345	http://theroomz.19.forumer.com:80/viewtopic.php?t=122&start=275&sid=0c892ab91f8b899c616578b04962c74f	LKC2CQJEEUAYZYUK6SCIDBSIFY3RG6NA	research/forumer-recovered/20080208154345_8647c1c76c38_viewtopic.php.html
20080208154411	http://theroomz.19.forumer.com:80/viewtopic.php?t=124&start=275&sid=0c892ab91f8b899c616578b04962c74f	YGBGZXVANCIKULMG6BUGZG5FQVSLXLHO	research/forumer-recovered/20080208154411_6f061f7ef5a8_viewtopic.php.html
20080208155046	http://theroomz.19.forumer.com:80/viewtopic.php?t=187&start=275&sid=0c892ab91f8b899c616578b04962c74f	V4B3ZKID4Q5KYIFWATEPVE6YF5KHFA4C	research/forumer-recovered/20080208155046_91afa9f0abcc_viewtopic.php.html
20080208154351	http://theroomz.19.forumer.com:80/viewtopic.php?t=122&start=300&sid=0c892ab91f8b899c616578b04962c74f	QVDNK7NLXPFFJOX6TK33P7722M2FFNNG	research/forumer-recovered/20080208154351_789f4c6d87f8_viewtopic.php.html
20080208154512	http://theroomz.19.forumer.com:80/viewtopic.php?t=130&start=50&sid=0c892ab91f8b899c616578b04962c74f	WWU62JY2CXGEHJXLIX4B6LNEMTFYYOTX	research/forumer-recovered/20080208154512_64f15a71a923_viewtopic.php.html
20080208154611	http://theroomz.19.forumer.com:80/viewtopic.php?t=141&start=50&sid=0c892ab91f8b899c616578b04962c74f	PVDRZXIK5NAZMRSRAMV7PXJCADMIILET	research/forumer-recovered/20080208154611_d95bf416e85e_viewtopic.php.html
20080208154631	http://theroomz.19.forumer.com:80/viewtopic.php?t=142&start=50&sid=0c892ab91f8b899c616578b04962c74f	6RXJ4VH4DBIVRTU4VZFPZJWGBGQVQPAI	research/forumer-recovered/20080208154631_4e9b1cab5a30_viewtopic.php.html
20080208154758	http://theroomz.19.forumer.com:80/viewtopic.php?t=16&start=50&sid=0c892ab91f8b899c616578b04962c74f	J32GAYLRLO6Q4NV5PXDBQ7QXHNUDT3VO	research/forumer-recovered/20080208154758_83c9561d2690_viewtopic.php.html
20080208154828	http://theroomz.19.forumer.com:80/viewtopic.php?t=164&start=50&sid=0c892ab91f8b899c616578b04962c74f	6J54TPJWGE3XVHURNZZAS37NYQO7VFIR	research/forumer-recovered/20080208154828_d9ab320c1299_viewtopic.php.html
20080208205610	http://theroomz.19.forumer.com:80/viewtopic.php?t=165&start=50&sid=0c892ab91f8b899c616578b04962c74f	OI6DF6IBBF2BSY6F75X5WIIIVI3SV6ZS	research/forumer-recovered/20080208205610_4d9fb97c94d7_viewtopic.php.html
20080208155022	http://theroomz.19.forumer.com:80/viewtopic.php?t=17&start=50&sid=0c892ab91f8b899c616578b04962c74f	HMBFQIOWNFYRAVTU5NDJV4J3MBI6EYYE	research/forumer-recovered/20080208155022_daa78d5cd1f2_viewtopic.php.html
20080208155141	http://theroomz.19.forumer.com:80/viewtopic.php?t=215&start=50&sid=0c892ab91f8b899c616578b04962c74f	7KJNMRD4UGDUE6RK4QK63UBLLTD2GVVK	research/forumer-recovered/20080208155141_fbb0e796c47c_viewtopic.php.html
20080208155200	http://theroomz.19.forumer.com:80/viewtopic.php?t=227&start=50&sid=0c892ab91f8b899c616578b04962c74f	KWCAKKUDC44X6VRYF7YT3EMBGEJO5VNQ	research/forumer-recovered/20080208155200_d4c916ded91c_viewtopic.php.html
20080208155216	http://theroomz.19.forumer.com:80/viewtopic.php?t=23&start=50&sid=0c892ab91f8b899c616578b04962c74f	3KUKHW6OMC4JDLHHPQDPOB2IIDGWWFI5	research/forumer-recovered/20080208155216_4a98dd5ff3ff_viewtopic.php.html
20080208155301	http://theroomz.19.forumer.com:80/viewtopic.php?t=308&start=50&sid=0c892ab91f8b899c616578b04962c74f	Y5WKHQBLCD2Y5G22FBIDHXM4KCUGGTM2	research/forumer-recovered/20080208155301_c48d5029b4ea_viewtopic.php.html
20080208155321	http://theroomz.19.forumer.com:80/viewtopic.php?t=32&start=50&sid=0c892ab91f8b899c616578b04962c74f	LZJA5QNEQBXIRQWM7UEBPAUZUDG3CGNV	research/forumer-recovered/20080208155321_20935cd575ad_viewtopic.php.html
20080208155401	http://theroomz.19.forumer.com:80/viewtopic.php?t=36&start=50&sid=0c892ab91f8b899c616578b04962c74f	BVFRMMN5USUVXTBNXWTZ4C564UG4V7I4	research/forumer-recovered/20080208155401_746b84a0cf76_viewtopic.php.html
20080208155421	http://theroomz.19.forumer.com:80/viewtopic.php?t=37&start=50&sid=0c892ab91f8b899c616578b04962c74f	45TR3IGUIU4EGG4ZNP7CPOQ2UZUBS2TX	research/forumer-recovered/20080208155421_466d44c8dd29_viewtopic.php.html
20080208155502	http://theroomz.19.forumer.com:80/viewtopic.php?t=39&start=50&sid=0c892ab91f8b899c616578b04962c74f	UL2RNXCSUFXIBFEFT4F7UJA22E767TZC	research/forumer-recovered/20080208155502_05adf9379eaa_viewtopic.php.html
20080208155523	http://theroomz.19.forumer.com:80/viewtopic.php?t=41&start=50&sid=0c892ab91f8b899c616578b04962c74f	3XXW5NSSEB74XD7XYFXQQCOZPUGTJTMD	research/forumer-recovered/20080208155523_f0904eb63293_viewtopic.php.html
20080208155543	http://theroomz.19.forumer.com:80/viewtopic.php?t=46&start=50&sid=0c892ab91f8b899c616578b04962c74f	KTC7PEPSRVY72JEVQ2PR7OW5GDLMKKZP	research/forumer-recovered/20080208155543_85161f11d4d1_viewtopic.php.html
20080208155659	http://theroomz.19.forumer.com:80/viewtopic.php?t=55&start=50&sid=0c892ab91f8b899c616578b04962c74f	M44KJFR3V7MXXZL75LUWTLYB3NO7L3WX	research/forumer-recovered/20080208155659_550a706da2c3_viewtopic.php.html
20080208155719	http://theroomz.19.forumer.com:80/viewtopic.php?t=58&start=50&sid=0c892ab91f8b899c616578b04962c74f	VRRW757FKY64SBMNOAUMSSYAJYMQ6HUM	research/forumer-recovered/20080208155719_d84d34d442ce_viewtopic.php.html
20080208155822	http://theroomz.19.forumer.com:80/viewtopic.php?t=61&start=50&sid=0c892ab91f8b899c616578b04962c74f	RLKRAHI3UN4PYO42U24FC26YWFH7JDHQ	research/forumer-recovered/20080208155822_05415254f021_viewtopic.php.html
20080208155838	http://theroomz.19.forumer.com:80/viewtopic.php?t=76&start=50&sid=0c892ab91f8b899c616578b04962c74f	M5DKK5G5AIS7LJJGNELJNGDFLK3MERUR	research/forumer-recovered/20080208155838_880595f27e9f_viewtopic.php.html
20080208155914	http://theroomz.19.forumer.com:80/viewtopic.php?t=97&start=50&sid=0c892ab91f8b899c616578b04962c74f	FK3N6TLAX6QHVSQ27KFOB7RROSESAVNK	research/forumer-recovered/20080208155914_e97400d674e8_viewtopic.php.html
20080208154516	http://theroomz.19.forumer.com:80/viewtopic.php?t=130&start=75&sid=0c892ab91f8b899c616578b04962c74f	ARIAARLEAJI7ULCRMN6GBF27HI5JHNZF	research/forumer-recovered/20080208154516_909f410d3d5f_viewtopic.php.html
20080208154616	http://theroomz.19.forumer.com:80/viewtopic.php?t=141&start=75&sid=0c892ab91f8b899c616578b04962c74f	F3T6G3S7CZHFWN5H26N3QAUIJ7ANRFFQ	research/forumer-recovered/20080208154616_384dedabf7b5_viewtopic.php.html
20080208154636	http://theroomz.19.forumer.com:80/viewtopic.php?t=142&start=75&sid=0c892ab91f8b899c616578b04962c74f	NEWLN6DAB2IEK57IZUC64HKDHJP2IRCX	research/forumer-recovered/20080208154636_ea7a337cb912_viewtopic.php.html
20080208154717	http://theroomz.19.forumer.com:80/viewtopic.php?t=152&start=75&sid=0c892ab91f8b899c616578b04962c74f	YSOV2V2DV4Y5CTZ7QBJV3Z3WIBTZJ7ZO	research/forumer-recovered/20080208154717_d3e5fdff8aee_viewtopic.php.html
20080208154743	http://theroomz.19.forumer.com:80/viewtopic.php?t=153&start=75&sid=0c892ab91f8b899c616578b04962c74f	XH5AWNZOJCHBUR3ZP2TCBP32J47YLUBK	research/forumer-recovered/20080208154743_23948d971825_viewtopic.php.html
20080208154803	http://theroomz.19.forumer.com:80/viewtopic.php?t=16&start=75&sid=0c892ab91f8b899c616578b04962c74f	3OMXZKKMNHZGHJ4WRQQCK3TPOPRHVYZ5	research/forumer-recovered/20080208154803_de1df8828be1_viewtopic.php.html
20080208155026	http://theroomz.19.forumer.com:80/viewtopic.php?t=17&start=75&sid=0c892ab91f8b899c616578b04962c74f	MI4KBHAXO3RH3XVI2XH522GFJHIIWPXI	research/forumer-recovered/20080208155026_b516784000d9_viewtopic.php.html
20080208155106	http://theroomz.19.forumer.com:80/viewtopic.php?t=20&start=75&sid=0c892ab91f8b899c616578b04962c74f	VEN4HMIQNY3L4MRPYCWYOXNBAOQDXOOO	research/forumer-recovered/20080208155106_16c87f5aa385_viewtopic.php.html
20080208155146	http://theroomz.19.forumer.com:80/viewtopic.php?t=215&start=75&sid=0c892ab91f8b899c616578b04962c74f	SWNMINXFWDFQ33WU4M2ULXSLNFCESUCI	research/forumer-recovered/20080208155146_7a8bf270ab7f_viewtopic.php.html
20080208155236	http://theroomz.19.forumer.com:80/viewtopic.php?t=236&start=75&sid=0c892ab91f8b899c616578b04962c74f	MRGQITFMLDI6BH4V7OQPMRH4TZSVTKNO	research/forumer-recovered/20080208155236_b9392091d980_viewtopic.php.html
20080208155307	http://theroomz.19.forumer.com:80/viewtopic.php?t=308&start=75&sid=0c892ab91f8b899c616578b04962c74f	JXB2KD3K7UAIDZXRDMX4IQ3RCEZI2YOX	research/forumer-recovered/20080208155307_6cb8489b4169_viewtopic.php.html
20080208155326	http://theroomz.19.forumer.com:80/viewtopic.php?t=32&start=75&sid=0c892ab91f8b899c616578b04962c74f	XNLDJVRB7T7QA7GRESNSFXPWGCNV6BQC	research/forumer-recovered/20080208155326_55c39c8be1ef_viewtopic.php.html
20080208155346	http://theroomz.19.forumer.com:80/viewtopic.php?t=34&start=75&sid=0c892ab91f8b899c616578b04962c74f	ZASL7CBNJWJZLLOGOAIMBA5QAQIHPCMW	research/forumer-recovered/20080208155346_3e84e5b246a1_viewtopic.php.html
20080208155409	http://theroomz.19.forumer.com:80/viewtopic.php?t=36&start=75&sid=0c892ab91f8b899c616578b04962c74f	KQSMBF6I3CILGDB5DMSBPLCUO32PIFRV	research/forumer-recovered/20080208155409_ef6a0e0f1ef6_viewtopic.php.html
20080208155426	http://theroomz.19.forumer.com:80/viewtopic.php?t=37&start=75&sid=0c892ab91f8b899c616578b04962c74f	WJ2LW3GJO4UDS2C65O6L763YTN5K3JC5	research/forumer-recovered/20080208155426_ebfeac7bc967_viewtopic.php.html
20080208155506	http://theroomz.19.forumer.com:80/viewtopic.php?t=39&start=75&sid=0c892ab91f8b899c616578b04962c74f	CZAQSEN2ZMPNLDQTM4G42F4UK6WKE6JD	research/forumer-recovered/20080208155506_e8627f1461bb_viewtopic.php.html
20080208155528	http://theroomz.19.forumer.com:80/viewtopic.php?t=41&start=75&sid=0c892ab91f8b899c616578b04962c74f	WNDJEKNQUNLPQFHC35FJ54D3KPKMVMPO	research/forumer-recovered/20080208155528_3af708be6356_viewtopic.php.html
20080208155548	http://theroomz.19.forumer.com:80/viewtopic.php?t=46&start=75&sid=0c892ab91f8b899c616578b04962c74f	BQ6YFNWMIIFVYB6CXWNQ3VPKMOZJFQVR	research/forumer-recovered/20080208155548_e0638ab330b6_viewtopic.php.html
20080208155644	http://theroomz.19.forumer.com:80/viewtopic.php?t=5&start=75&sid=0c892ab91f8b899c616578b04962c74f	C273XKORGNGQQRFPRCKYBBS5YZOITGLR	research/forumer-recovered/20080208155644_53574c75fc45_viewtopic.php.html
20080208155704	http://theroomz.19.forumer.com:80/viewtopic.php?t=55&start=75&sid=0c892ab91f8b899c616578b04962c74f	4Q5SK3VOGABL673PFS2KIPY7AK3VLO2X	research/forumer-recovered/20080208155704_716f88ed00c3_viewtopic.php.html
20080208155724	http://theroomz.19.forumer.com:80/viewtopic.php?t=58&start=75&sid=0c892ab91f8b899c616578b04962c74f	5KNRAJG2NR2HTRMHDMMOFLWXI2ZWGVXL	research/forumer-recovered/20080208155724_6c96f5ed7e5e_viewtopic.php.html
20080208155745	http://theroomz.19.forumer.com:80/viewtopic.php?t=59&start=75&sid=0c892ab91f8b899c616578b04962c74f	5KC5RAAUEIA5QHBQ7X2XTFVFIVAQGPTP	research/forumer-recovered/20080208155745_3c21b6d0897c_viewtopic.php.html
20080208155824	http://theroomz.19.forumer.com:80/viewtopic.php?t=61&start=75&sid=0c892ab91f8b899c616578b04962c74f	4QDOIPEFN5JCUDONUTLDIVPPWXKCDH3Q	research/forumer-recovered/20080208155824_68fa06dc8ef5_viewtopic.php.html
20080213033117	http://theroomz.19.forumer.com:80/viewtopic.php?t=14&view=next&sid=a0d919c36a91fc76cc6721e2290ee305	CZFZVIBLQPC5HIPWWL7VAVTADLCU2OPD	research/forumer-recovered/20080213033117_022f955264f2_viewtopic.php.html
20080213033122	http://theroomz.19.forumer.com:80/viewtopic.php?t=14&view=previous&sid=a0d919c36a91fc76cc6721e2290ee305	VQADCYDTSVS446FWVGPSTG4427JJQ7ZM	research/forumer-recovered/20080213033122_71cd8f97fb30_viewtopic.php.html
20070311091501	http://theroomz.19.forumer.com:80/viewtopic.php?t=6&sid=cd20e078ed523ac28eeff5ca6e42fd8e	5KOQJFVW3Z4KD3W4636R2MLX7D7E5NXW	research/forumer-recovered/20070311091501_54464e6ef7d3_viewtopic.php.html
20070313150415	http://theroomz.19.forumer.com:80/viewtopic.php?t=7&sid=cd20e078ed523ac28eeff5ca6e42fd8e	NHFWDAQQYTSEEM7MDPYALZWRL4FH2WVW	research/forumer-recovered/20070313150415_609264f810a7_viewtopic.php.html
20070318125250	http://theroomz.19.forumer.com:80/viewtopic.php?t=7&view=next&sid=c40b6c5e936987dbd22ecbd02e63f801	DTXIYYNMHSE6ZJBKDUL5JMV4BK3PGVEV	research/forumer-recovered/20070318125250_435dc26edb27_viewtopic.php.html
20070318042311	http://theroomz.19.forumer.com:80/viewtopic.php?t=7&view=previous&sid=c40b6c5e936987dbd22ecbd02e63f801	FHJCOHGHUAEXC5SKKI7POW26EXP6JGR3	research/forumer-recovered/20070318042311_3b619499e06a_viewtopic.php.html
20070312211555	http://theroomz.19.forumer.com:80/viewtopic.php?t=73&sid=cd20e078ed523ac28eeff5ca6e42fd8e	Y6ZMID2SJM3ADFV3RVRWPEG4JUSQGABN	research/forumer-recovered/20070312211555_f2bd1cc472ff_viewtopic.php.html
20070312211523	http://theroomz.19.forumer.com:80/viewtopic.php?t=8&sid=cd20e078ed523ac28eeff5ca6e42fd8e	OGA63Q2KXNCTOEUGUHZ3CM2KELK4X5CK	research/forumer-recovered/20070312211523_046624ad7abe_viewtopic.php.html
20070312090200	http://theroomz.19.forumer.com:80/viewtopic.php?t=6&amp	MBQMNH2KI3RK3WUL3XIQUNVP5CIJELGX	research/forumer-recovered/20070312090200_55b176768982_viewtopic.php.html
20070311091545	http://theroomz.19.forumer.com:80/viewtopic.php?t=7&amp	KYBLV7K6SYHLPMRSV2CU5UDGUOBE3KA4	research/forumer-recovered/20070311091545_6e8c0b76391a_viewtopic.php.html
20070312090135	http://theroomz.19.forumer.com:80/viewtopic.php?t=73&amp	V3PLEXZV4V2SNKO5ZTP2IRHON7AEQQAN	research/forumer-recovered/20070312090135_225b86a17b38_viewtopic.php.html
20070313150435	http://theroomz.19.forumer.com:80/viewtopic.php?t=8&amp	SNCZCDGTOJYOKZP4LUJVNQZ74AOL2EIG	research/forumer-recovered/20070313150435_8d9c0907682e_viewtopic.php.html
20080213075043	http://theroomz.19.forumer.com:80/viewtopic.php?t=10&start=0&postdays=0&postorder=asc&highlight=	UF5DRQHQOPJ4FUTZVKBKOTX6YIBA7BUJ	research/forumer-recovered/20080213075043_2db59c84f692_viewtopic.php.html
20080209131642	http://theroomz.19.forumer.com:80/viewtopic.php?t=14&start=0&postdays=0&postorder=asc&highlight=	TMJFBJNSMJYCUCDZ7WZBOHE3IQJVJJ3K	research/forumer-recovered/20080209131642_0327c5338275_viewtopic.php.html
20080208155625	http://theroomz.19.forumer.com:80/viewtopic.php?t=5&start=0&postdays=0&postorder=asc&highlight=	FSFZ4IQMN5OLVXGPZHNME624V4FTKNSB	research/forumer-recovered/20080208155625_d56bd5695024_viewtopic.php.html
20080209131352	http://theroomz.19.forumer.com:80/viewtopic.php?p=101	YQHZ2N7F77Q7TZ23PNOVHJGXSZ6JI2XG	research/forumer-recovered/20080209131352_062e44850015_viewtopic.php.html
20080208153525	http://theroomz.19.forumer.com:80/viewtopic.php?p=110	22LB5ELJYWX56AHG3HPOSDWRPJ3OQARZ	research/forumer-recovered/20080208153525_4903c9c2c415_viewtopic.php.html
20080213075013	http://theroomz.19.forumer.com:80/viewtopic.php?p=14	ZVJZQMCUB46G6TOJTVXHPIRMZMTQ3MJP	research/forumer-recovered/20080213075013_ec5b6a45f158_viewtopic.php.html
20071030230441	http://theroomz.19.forumer.com:80/viewtopic.php?p=4659	XHFCXHAABLXLDRSQ2XZWY5GYCPBHCY4D	research/forumer-recovered/20071030230441_67249a4e136d_viewtopic.php.html
20080102173511	http://theroomz.19.forumer.com:80/viewtopic.php?p=4659	DV7VZ7FMGUHHY55IYOTHFXIW2H6VVK6D	research/forumer-recovered/20080102173511_67249a4e136d_viewtopic.php.html
20080303163910	http://theroomz.19.forumer.com:80/viewtopic.php?p=4659	TMAW7NT24QXYRB2SDDPJI3I6UIN65S5Q	research/forumer-recovered/20080303163910_67249a4e136d_viewtopic.php.html
20081221132942	http://theroomz.19.forumer.com:80/viewtopic.php?p=4659	5IFTDWNG53W2KJKRKTNLBQEHCVWRIZUS	research/forumer-recovered/20081221132942_67249a4e136d_viewtopic.php.html
20080116001954	http://theroomz.19.forumer.com:80/viewtopic.php?p=7965	EWFQ5WFZ34TMUGOA3RS3SPUGTTFKY3GF	research/forumer-recovered/20080116001954_e3fdb3d9cb63_viewtopic.php.html
20081221132947	http://theroomz.19.forumer.com:80/viewtopic.php?p=7965	BPPGGE5SJJSVKTXN65Z5GH6LH6P7IVGG	research/forumer-recovered/20081221132947_e3fdb3d9cb63_viewtopic.php.html
20080209131601	http://theroomz.19.forumer.com:80/viewtopic.php?t=14&postdays=0&postorder=asc&start=100	V4IW6BGKGRYRH3B7YGMHUAFKOFSJVOUG	research/forumer-recovered/20080209131601_f53335f62889_viewtopic.php.html
20080208155605	http://theroomz.19.forumer.com:80/viewtopic.php?t=5&postdays=0&postorder=asc&start=100	GL33LZBFJYK2I5FBMONRQU6EH7KJHRPR	research/forumer-recovered/20080208155605_976d04f5caf7_viewtopic.php.html
20080209131606	http://theroomz.19.forumer.com:80/viewtopic.php?t=14&postdays=0&postorder=asc&start=125	UQMZ5DSK6GG3JAX4E5N6ZUIZJ42ZOUPL	research/forumer-recovered/20080209131606_68497e3dc0c7_viewtopic.php.html
20080208155608	http://theroomz.19.forumer.com:80/viewtopic.php?t=5&postdays=0&postorder=asc&start=125	ULZFRHI4F5YV4XTSHDYVOFWHX5NI5PWT	research/forumer-recovered/20080208155608_6e6a1d6c0868_viewtopic.php.html
20080209131611	http://theroomz.19.forumer.com:80/viewtopic.php?t=14&postdays=0&postorder=asc&start=150	JDXHPNQOTIIL3RIFOZND3OWEKJOP34QW	research/forumer-recovered/20080209131611_640fbc3d6788_viewtopic.php.html
20080209131616	http://theroomz.19.forumer.com:80/viewtopic.php?t=14&postdays=0&postorder=asc&start=175	N4DK62GYDJ3J45TUF7RZYUPTV4244VL7	research/forumer-recovered/20080209131616_ea0a251e0b0b_viewtopic.php.html
20080209131622	http://theroomz.19.forumer.com:80/viewtopic.php?t=14&postdays=0&postorder=asc&start=200	HX4L6RHZCIQNYMV7FJV5HSY7UBGI7SDK	research/forumer-recovered/20080209131622_1f5da7834d61_viewtopic.php.html
20080209131626	http://theroomz.19.forumer.com:80/viewtopic.php?t=14&postdays=0&postorder=asc&start=225	3LDD25UHTFL7A3OHKEWUEQA5MWM7TQWF	research/forumer-recovered/20080209131626_615945acdea3_viewtopic.php.html
20080213050004	http://theroomz.19.forumer.com:80/viewtopic.php?t=10&postdays=0&postorder=asc&start=25	LK4JGOQTDXPOFE2IOQ5CXVCMIKI4IZII	research/forumer-recovered/20080213050004_f46d00d81fe7_viewtopic.php.html
20080209120250	http://theroomz.19.forumer.com:80/viewtopic.php?t=14&postdays=0&postorder=asc&start=25	U4AP26Q4EMRDTTUIDAUJUOFKOKZW5POM	research/forumer-recovered/20080209120250_6d63bbbef5e4_viewtopic.php.html
20080212100728	http://theroomz.19.forumer.com:80/viewtopic.php?t=14&postdays=0&postorder=asc&start=25	YCI5BUZVMYR3KUQQGC2WIVZKCNUMEFTK	research/forumer-recovered/20080212100728_6d63bbbef5e4_viewtopic.php.html
20080213075038	http://theroomz.19.forumer.com:80/viewtopic.php?t=10&postdays=0&postorder=asc&start=50	WVMCX6RWSRF6JH7QLIWQSTO62ZLVNKB4	research/forumer-recovered/20080213075038_7bfa52aced14_viewtopic.php.html
20080209131632	http://theroomz.19.forumer.com:80/viewtopic.php?t=14&postdays=0&postorder=asc&start=50	HVI32PEKS2BEZJEQ4MLKXMC3RFPDYSTI	research/forumer-recovered/20080209131632_c922c45a223e_viewtopic.php.html
20080212195445	http://theroomz.19.forumer.com:80/viewtopic.php?t=14&postdays=0&postorder=asc&start=50	F3L4CWICW2W4Z4UJQM3UCYAUFQXAPNJK	research/forumer-recovered/20080212195445_c922c45a223e_viewtopic.php.html
20080208155614	http://theroomz.19.forumer.com:80/viewtopic.php?t=5&postdays=0&postorder=asc&start=50	YHXFE3X4TTLRQYI5KGB72ID2VYNXRZLX	research/forumer-recovered/20080208155614_fef70cf6a092_viewtopic.php.html
20080209131637	http://theroomz.19.forumer.com:80/viewtopic.php?t=14&postdays=0&postorder=asc&start=75	ULCVYNY3C72KYANSNQB232OXR6ZHTTSU	research/forumer-recovered/20080209131637_2361a688fd02_viewtopic.php.html
20080208155619	http://theroomz.19.forumer.com:80/viewtopic.php?t=5&postdays=0&postorder=asc&start=75	RTASI5YZ6JTUVKWIOYTPJTECTQ6YELUX	research/forumer-recovered/20080208155619_8cbff98624a8_viewtopic.php.html
20110731043953	http://theroomz.19.forumer.com/viewtopic.php?t=60&postdays=0&postorder=asc&start=75	EUPLLWOHLR4KEZABM6L6Y2UUEZOAKDPJ	research/forumer-recovered/20110731043953_8c2868f2d2db_viewtopic.php.html
20080212112339	http://theroomz.19.forumer.com:80/viewtopic.php?t=10	JTBKWX42BEKQ7AO6ICIXDKSP5YCYLIBQ	research/forumer-recovered/20080212112339_25398f293459_viewtopic.php.html
20080213042834	http://theroomz.19.forumer.com:80/viewtopic.php?t=10&view=next	C6SMGXL3QPGJKRYWINCFTJ4ZZ2DK3VGT	research/forumer-recovered/20080213042834_b495fa9a7f26_viewtopic.php.html
20080213042840	http://theroomz.19.forumer.com:80/viewtopic.php?t=10&view=previous	4UHQW4AEW66AJMQL5WCCFCY47IZAZZNI	research/forumer-recovered/20080213042840_3e7852d931d7_viewtopic.php.html
20080208111225	http://theroomz.19.forumer.com:80/viewtopic.php?t=14	7XQO3FTULM5PS3XJCIQNIQKEHVZKCKNT	research/forumer-recovered/20080208111225_f82be60c71ee_viewtopic.php.html
20080209120255	http://theroomz.19.forumer.com:80/viewtopic.php?t=14&view=next	VAZDKFUYKXNPMGK3OQ45TRZA2HYNKQGR	research/forumer-recovered/20080209120255_5b6a42713f6c_viewtopic.php.html
20080209120301	http://theroomz.19.forumer.com:80/viewtopic.php?t=14&view=previous	CP5GZNDBUKPTE4IXRWMCCGVZNU7R4GYC	research/forumer-recovered/20080209120301_eb05dc4b8cbd_viewtopic.php.html
20110618113725	http://theroomz.19.forumer.com:80/viewtopic.php?t=421	JBTUSJYGAJSYIDKFPG4JB6YNSD3L4Y3H	research/forumer-recovered/20110618113725_a09933dcd560_viewtopic.php.html
20110619154353	http://theroomz.19.forumer.com:80/viewtopic.php?t=421	ZXYMZ4YF44IVXI53GPRUAXSULHX5JFDP	research/forumer-recovered/20110619154353_a09933dcd560_viewtopic.php.html
20110819115423	http://theroomz.19.forumer.com:80/viewtopic.php?t=421	IJIF5EQMAS34AI6Z7XEXWITGOJPEOPPJ	research/forumer-recovered/20110819115423_a09933dcd560_viewtopic.php.html
20120215154140	http://theroomz.19.forumer.com:80/viewtopic.php?t=421	QL4J3OVFSILRYENEZT4T52XIJDMIRRMM	research/forumer-recovered/20120215154140_a09933dcd560_viewtopic.php.html
20080207153740	http://theroomz.19.forumer.com:80/viewtopic.php?t=5	5Y7LEXOVGLKUVGNGPELH3U5FPQZ2TEJ7	research/forumer-recovered/20080207153740_13055f013562_viewtopic.php.html
20070316091331	http://theroomz.19.forumer.com:80/viewtopic.php?t=6	3L56DZANH6WOHLQ23LYQUWTEBK2QQWAW	research/forumer-recovered/20070316091331_ef01ecfe899e_viewtopic.php.html
20070316091532	http://theroomz.19.forumer.com:80/viewtopic.php?t=7	DXXHKTOXAZRDW6JWZKWGRB25QEPCHGWE	research/forumer-recovered/20070316091532_3efc9f977da9_viewtopic.php.html
20070316091731	http://theroomz.19.forumer.com:80/viewtopic.php?t=73	FKSW5JNBJZSN43FAQTE5FB2QLIHOSXWN	research/forumer-recovered/20070316091731_3e6a3c24fa37_viewtopic.php.html
20070316091553	http://theroomz.19.forumer.com:80/viewtopic.php?t=8	PPPTWOXBXKWX3W5PXUZCONFNH2AVP47B	research/forumer-recovered/20070316091553_23591e9f316f_viewtopic.php.html
20071102143850	http://theroomz.19.forumer.com:80/viewtopic.php?t=8	7UAK3UTZECMYX4E7BUKMJJ5YR56HI67P	research/forumer-recovered/20071102143850_23591e9f316f_viewtopic.php.html
20080102173516	http://theroomz.19.forumer.com:80/viewtopic.php?t=8	YLXMDUQQS22FDVYGD52QMC4JXKW3NZ4K	research/forumer-recovered/20080102173516_23591e9f316f_viewtopic.php.html
20080303144340	http://theroomz.19.forumer.com:80/viewtopic.php?t=8	EBYPVZ2YHTPZVLOD5KCW63SWQR7ZX64H	research/forumer-recovered/20080303144340_23591e9f316f_viewtopic.php.html
20081221132957	http://theroomz.19.forumer.com:80/viewtopic.php?t=8	QMPHSMK54HB3CHP6ZY4WV7WFTJSSHE6I	research/forumer-recovered/20081221132957_23591e9f316f_viewtopic.php.html
20110618100424	http://theroomz.19.forumer.com:80/viewtopic.php?t=8	PHBSBMNDTO3JNEKDRGYRWCG222MPLVUW	research/forumer-recovered/20110618100424_23591e9f316f_viewtopic.php.html
20110912234542	http://theroomz.19.forumer.com:80/viewtopic.php?t=8	E4LON62LKZIXMRNWVCI2CIKAFDJVFPQI	research/forumer-recovered/20110912234542_23591e9f316f_viewtopic.php.html
20120215135351	http://theroomz.19.forumer.com:80/viewtopic.php?t=8	TV3TXPY45CGNXIJVGU4XJYFKYLDMKN2I	research/forumer-recovered/20120215135351_23591e9f316f_viewtopic.php.html
20071102143856	http://theroomz.19.forumer.com:80/viewtopic.php?t=98	V55TRM4Q5VY7MEBGFFGJTCPMYGQTBHOU	research/forumer-recovered/20071102143856_a3d6fdc20e8b_viewtopic.php.html
20080102173521	http://theroomz.19.forumer.com:80/viewtopic.php?t=98	TVAITY6DNL7CXKJMEDK57D7J5A6MR5BP	research/forumer-recovered/20080102173521_a3d6fdc20e8b_viewtopic.php.html
20081221133002	http://theroomz.19.forumer.com:80/viewtopic.php?t=98	WKMYLXY3OZCCYV3VP27YB3ZBZANEYKBU	research/forumer-recovered/20081221133002_a3d6fdc20e8b_viewtopic.php.html
20110618104232	http://theroomz.19.forumer.com:80/viewtopic.php?t=98	BUX352GAD22VTHFAM55XS5KOCDMSCTAN	research/forumer-recovered/20110618104232_a3d6fdc20e8b_viewtopic.php.html
20110914035950	http://theroomz.19.forumer.com:80/viewtopic.php?t=98	Q4NRV6SO6PYSQQKWGIOYGMI2G72WII7N	research/forumer-recovered/20110914035950_a3d6fdc20e8b_viewtopic.php.html
20120215135356	http://theroomz.19.forumer.com:80/viewtopic.php?t=98	3APWCY6NMRAOX4ZQN47JEO32EDHAB6UD	research/forumer-recovered/20120215135356_a3d6fdc20e8b_viewtopic.php.html
