	20061120062212	theroomz	theroomz	theroomz View Full Version: theroomz The ROOMZ What is it? General information about THE ROOMZ project and some funny things. Announcements All the most important infos about THE ROOMZ project Q & A Do you have questions about project or forum? Ask! General Discussion Roomz Whole thread about whole roomz. You have a problem? Don't know how to solve it? Ask	http://theroomz.19.forumer.com:80/a/
	20061120062212	theroomz	theroomz	theroomz View Full Version: theroomz The ROOMZ What is it? General information about THE ROOMZ project and some funny things. Announcements All the most important infos about THE ROOMZ project Q & A Do you have questions about project or forum? Ask! General Discussion Roomz Whole thread about whole roomz. You have a problem? Don't know how to solve it? Ask, we will try to help you! F	http://theroomz.19.forumer.com:80/a/
	20070309044357	theroomz	theroomz	theroomz View Full Version: theroomz Message Board ...:::HOT NEWS:::... .:GUESTBOOK:. 17/02/07 + Update: roomz 26-28 are done. Enjoy! + 16/02/07 + SOLUTIONS page has started (r1-10) + 09/02/07 + TRS is ready + 03/02/07 + Upgrade: New, more efficient loaders + 12/01/07 + Update: room 25 is on the server + 10/01/07 + Update: room 24 is ready to play + 8/01/0	http://theroomz.19.forumer.com:80/a/
	20070309044357	theroomz	theroomz	theroomz View Full Version: theroomz Message Board ...:::HOT NEWS:::... .:GUESTBOOK:. 17/02/07 + Update: roomz 26-28 are done. Enjoy! + 16/02/07 + SOLUTIONS page has started (r1-10) + 09/02/07 + TRS is ready + 03/02/07 + Upgrade: New, more efficient loaders + 12/01/07 + Update: room 25 is on the server + 10/01/07 + Update: room 24 is ready to play + 8/01/07 + New THE ROOMZ server: CL	http://theroomz.19.forumer.com:80/a/
	20070309044357	theroomz	SOLUTION	theroomz View Full Version: theroomz Message Board ...:::HOT NEWS:::... .:GUESTBOOK:. 17/02/07 + Update: roomz 26-28 are done. Enjoy! + 16/02/07 + SOLUTIONS page has started (r1-10) + 09/02/07 + TRS is ready + 03/02/07 + Upgrade: New, more efficient loaders + 12/01/07 + Update: room 25 is on the server + 10/01/07 + Update: room 24 is ready to play + 8/01/07 + New THE ROOMZ server: CLICK HERE + + Update: roomz 21-23 are now available + + Refreshed logo and additional Message Board + which makes You kn	http://theroomz.19.forumer.com:80/a/
	20071030225128	theroomz	theroomz	theroomz View Full Version: theroomz Message Board News & infos Join to our community! Register to our foroom and get instant access to all features (like writing posts, shoutbox and more)! If you have problems or you want to know, what to do step by step, click HERE or write in "Free section" board. Status : suspended ; Progress : everything comes to an e	http://theroomz.19.forumer.com:80/a/
	20071030225128	theroomz	theroomz	theroomz View Full Version: theroomz Message Board News & infos Join to our community! Register to our foroom and get instant access to all features (like writing posts, shoutbox and more)! If you have problems or you want to know, what to do step by step, click HERE or write in "Free section" board. Status : suspended ; Progress : everything comes to an end... *** >>Let's chat on #T	http://theroomz.19.forumer.com:80/a/
	20071030225128	theroomz	TheRoomz	blems or you want to know, what to do step by step, click HERE or write in "Free section" board. Status : suspended ; Progress : everything comes to an end... *** >>Let's chat on #TheRoomz IRC channel ! More info HERE *** 14 Sep - New release - room 44 awaits. 28 Aug - Bonus Room 4 saw the daylight. 21 Aug - Room 43 is ready. 4 Aug - New release - roomz 41 & 42 are ready. 26 Jul - Room 40 and Bonus Room 3 awaits the challenge. To see whole history - click HERE Check this board often - you'll get up-to-date information about The Room	http://theroomz.19.forumer.com:80/a/
	20071030225128	theroomz	room 44	 write in "Free section" board. Status : suspended ; Progress : everything comes to an end... *** >>Let's chat on #TheRoomz IRC channel ! More info HERE *** 14 Sep - New release - room 44 awaits. 28 Aug - Bonus Room 4 saw the daylight. 21 Aug - Room 43 is ready. 4 Aug - New release - roomz 41 & 42 are ready. 26 Jul - Room 40 and Bonus Room 3 awaits the challenge. To see whole history - click HERE Check this board often - you'll get up-to-date information about The Roomz project. Free section If you are still unregistered and have a	http://theroomz.19.forumer.com:80/a/
	20071030225128	theroomz	Room 4	 Status : suspended ; Progress : everything comes to an end... *** >>Let's chat on #TheRoomz IRC channel ! More info HERE *** 14 Sep - New release - room 44 awaits. 28 Aug - Bonus Room 4 saw the daylight. 21 Aug - Room 43 is ready. 4 Aug - New release - roomz 41 & 42 are ready. 26 Jul - Room 40 and Bonus Room 3 awaits the challenge. To see whole history - click HERE Check this board often - you'll get up-to-date information about The Roomz project. Free section If you are still unregistered and have any questions, write here. The 	http://theroomz.19.forumer.com:80/a/
	20071030225128	theroomz	Room 43	verything comes to an end... *** >>Let's chat on #TheRoomz IRC channel ! More info HERE *** 14 Sep - New release - room 44 awaits. 28 Aug - Bonus Room 4 saw the daylight. 21 Aug - Room 43 is ready. 4 Aug - New release - roomz 41 & 42 are ready. 26 Jul - Room 40 and Bonus Room 3 awaits the challenge. To see whole history - click HERE Check this board often - you'll get up-to-date information about The Roomz project. Free section If you are still unregistered and have any questions, write here. The ROOMZ What is it? General informati	http://theroomz.19.forumer.com:80/a/
	20071030225128	theroomz	Room 40	ore info HERE *** 14 Sep - New release - room 44 awaits. 28 Aug - Bonus Room 4 saw the daylight. 21 Aug - Room 43 is ready. 4 Aug - New release - roomz 41 & 42 are ready. 26 Jul - Room 40 and Bonus Room 3 awaits the challenge. To see whole history - click HERE Check this board often - you'll get up-to-date information about The Roomz project. Free section If you are still unregistered and have any questions, write here. The ROOMZ What is it? General information about THE ROOMZ project and one funny thing . Announcements All the mos	http://theroomz.19.forumer.com:80/a/
	20071030225128	theroomz	Room 3	14 Sep - New release - room 44 awaits. 28 Aug - Bonus Room 4 saw the daylight. 21 Aug - Room 43 is ready. 4 Aug - New release - roomz 41 & 42 are ready. 26 Jul - Room 40 and Bonus Room 3 awaits the challenge. To see whole history - click HERE Check this board often - you'll get up-to-date information about The Roomz project. Free section If you are still unregistered and have any questions, write here. The ROOMZ What is it? General information about THE ROOMZ project and one funny thing . Announcements All the most important infos	http://theroomz.19.forumer.com:80/a/
	20071227152221	theroomz	theroomz	theroomz View Full Version: theroomz Message Board News & infos Join to our community! Register to our foroom and get instant access to all features (like writing posts, shoutbox and more)! If you have problems or you want to know, what to do step by step, click HERE or write in "Free section" board. Status : active ; Progress : none Room 45 is ready to pl	http://theroomz.19.forumer.com:80/a/
	20071227152221	theroomz	theroomz	theroomz View Full Version: theroomz Message Board News & infos Join to our community! Register to our foroom and get instant access to all features (like writing posts, shoutbox and more)! If you have problems or you want to know, what to do step by step, click HERE or write in "Free section" board. Status : active ; Progress : none Room 45 is ready to play! *** >>Let's chat on #The	http://theroomz.19.forumer.com:80/a/
	20071227152221	theroomz	Room 45	riting posts, shoutbox and more)! If you have problems or you want to know, what to do step by step, click HERE or write in "Free section" board. Status : active ; Progress : none Room 45 is ready to play! *** >>Let's chat on #TheRoomz IRC channel ! More info HERE *** *** >>Remember - if u have more than 10 posts, you can PM me (Stachu) or RG365 with a request that u would like to have a possibility to talk in a ShoutBox! *** Test Chat Status : ON ; 26 Dec - Room 45 is done. 14 Sep - New release - room 44 awaits. 28 Aug - Bonus Roo	http://theroomz.19.forumer.com:80/a/
	20071227152221	theroomz	TheRoomz	roblems or you want to know, what to do step by step, click HERE or write in "Free section" board. Status : active ; Progress : none Room 45 is ready to play! *** >>Let's chat on #TheRoomz IRC channel ! More info HERE *** *** >>Remember - if u have more than 10 posts, you can PM me (Stachu) or RG365 with a request that u would like to have a possibility to talk in a ShoutBox! *** Test Chat Status : ON ; 26 Dec - Room 45 is done. 14 Sep - New release - room 44 awaits. 28 Aug - Bonus Room 4 saw the daylight. 21 Aug - Room 43 is ready.	http://theroomz.19.forumer.com:80/a/
	20071227152221	theroomz	Stachu	s : active ; Progress : none Room 45 is ready to play! *** >>Let's chat on #TheRoomz IRC channel ! More info HERE *** *** >>Remember - if u have more than 10 posts, you can PM me (Stachu) or RG365 with a request that u would like to have a possibility to talk in a ShoutBox! *** Test Chat Status : ON ; 26 Dec - Room 45 is done. 14 Sep - New release - room 44 awaits. 28 Aug - Bonus Room 4 saw the daylight. 21 Aug - Room 43 is ready. 4 Aug - New release - roomz 41 & 42 are ready. 26 Jul - Room 40 and Bonus Room 3 awaits the challenge	http://theroomz.19.forumer.com:80/a/
	20071227152221	theroomz	Room 45	 - if u have more than 10 posts, you can PM me (Stachu) or RG365 with a request that u would like to have a possibility to talk in a ShoutBox! *** Test Chat Status : ON ; 26 Dec - Room 45 is done. 14 Sep - New release - room 44 awaits. 28 Aug - Bonus Room 4 saw the daylight. 21 Aug - Room 43 is ready. 4 Aug - New release - roomz 41 & 42 are ready. 26 Jul - Room 40 and Bonus Room 3 awaits the challenge. To see whole history - click HERE Check this board often - you'll get up-to-date information about The Roomz project. Free section 	http://theroomz.19.forumer.com:80/a/
	20071227152221	theroomz	room 44	 PM me (Stachu) or RG365 with a request that u would like to have a possibility to talk in a ShoutBox! *** Test Chat Status : ON ; 26 Dec - Room 45 is done. 14 Sep - New release - room 44 awaits. 28 Aug - Bonus Room 4 saw the daylight. 21 Aug - Room 43 is ready. 4 Aug - New release - roomz 41 & 42 are ready. 26 Jul - Room 40 and Bonus Room 3 awaits the challenge. To see whole history - click HERE Check this board often - you'll get up-to-date information about The Roomz project. Free section If you are still unregistered and have a	http://theroomz.19.forumer.com:80/a/
	20071227152221	theroomz	Room 4	 request that u would like to have a possibility to talk in a ShoutBox! *** Test Chat Status : ON ; 26 Dec - Room 45 is done. 14 Sep - New release - room 44 awaits. 28 Aug - Bonus Room 4 saw the daylight. 21 Aug - Room 43 is ready. 4 Aug - New release - roomz 41 & 42 are ready. 26 Jul - Room 40 and Bonus Room 3 awaits the challenge. To see whole history - click HERE Check this board often - you'll get up-to-date information about The Roomz project. Free section If you are still unregistered and have any questions, write here. The 	http://theroomz.19.forumer.com:80/a/
	20071227152221	theroomz	Room 43	 a possibility to talk in a ShoutBox! *** Test Chat Status : ON ; 26 Dec - Room 45 is done. 14 Sep - New release - room 44 awaits. 28 Aug - Bonus Room 4 saw the daylight. 21 Aug - Room 43 is ready. 4 Aug - New release - roomz 41 & 42 are ready. 26 Jul - Room 40 and Bonus Room 3 awaits the challenge. To see whole history - click HERE Check this board often - you'll get up-to-date information about The Roomz project. Free section If you are still unregistered and have any questions, write here. The ROOMZ What is it? General informati	http://theroomz.19.forumer.com:80/a/
	20071227152221	theroomz	Room 40	 Room 45 is done. 14 Sep - New release - room 44 awaits. 28 Aug - Bonus Room 4 saw the daylight. 21 Aug - Room 43 is ready. 4 Aug - New release - roomz 41 & 42 are ready. 26 Jul - Room 40 and Bonus Room 3 awaits the challenge. To see whole history - click HERE Check this board often - you'll get up-to-date information about The Roomz project. Free section If you are still unregistered and have any questions, write here. The ROOMZ What is it? General information about THE ROOMZ project and one funny thing . Announcements All the mos	http://theroomz.19.forumer.com:80/a/
	20071227152221	theroomz	Room 3	14 Sep - New release - room 44 awaits. 28 Aug - Bonus Room 4 saw the daylight. 21 Aug - Room 43 is ready. 4 Aug - New release - roomz 41 & 42 are ready. 26 Jul - Room 40 and Bonus Room 3 awaits the challenge. To see whole history - click HERE Check this board often - you'll get up-to-date information about The Roomz project. Free section If you are still unregistered and have any questions, write here. The ROOMZ What is it? General information about THE ROOMZ project and one funny thing . Announcements All the most important infos	http://theroomz.19.forumer.com:80/a/
	20080226032406	theroomz	theroomz	theroomz View Full Version: theroomz Message Board News & infos Join to our community! Register to our foroom and get instant access to all features (like writing posts, shoutbox and more)! If you have problems or you want to know, what to do step by step, click HERE or write in "Free section" board. Status : active ; Progress : none We're still having tro	http://theroomz.19.forumer.com:80/a/
	20080226032406	theroomz	theroomz	theroomz View Full Version: theroomz Message Board News & infos Join to our community! Register to our foroom and get instant access to all features (like writing posts, shoutbox and more)! If you have problems or you want to know, what to do step by step, click HERE or write in "Free section" board. Status : active ; Progress : none We're still having troubles with loading TR in Fir	http://theroomz.19.forumer.com:80/a/
	20080226032406	theroomz	TheRoomz	none We're still having troubles with loading TR in FireFox, so please use IE instead (I know, I hate IE too but meh, I can offer you Maxthon browser instead) *** >>Let's chat on #TheRoomz IRC channel ! More info HERE *** *** >>Remember - if u have more than 10 posts, you can PM me (Stachu) or RG365 with a request that u would like to have a possibility to talk in a ShoutBox! *** Test Chat 26 Dec - Room 45 is done. 14 Sep - New release - room 44 awaits. 28 Aug - Bonus Room 4 saw the daylight. To see whole history - click HERE Check 	http://theroomz.19.forumer.com:80/a/
	20080226032406	theroomz	Stachu	 too but meh, I can offer you Maxthon browser instead) *** >>Let's chat on #TheRoomz IRC channel ! More info HERE *** *** >>Remember - if u have more than 10 posts, you can PM me (Stachu) or RG365 with a request that u would like to have a possibility to talk in a ShoutBox! *** Test Chat 26 Dec - Room 45 is done. 14 Sep - New release - room 44 awaits. 28 Aug - Bonus Room 4 saw the daylight. To see whole history - click HERE Check this board often - you'll get up-to-date information about The Roomz project. Free section If you are 	http://theroomz.19.forumer.com:80/a/
	20080226032406	theroomz	Room 45	*** >>Remember - if u have more than 10 posts, you can PM me (Stachu) or RG365 with a request that u would like to have a possibility to talk in a ShoutBox! *** Test Chat 26 Dec - Room 45 is done. 14 Sep - New release - room 44 awaits. 28 Aug - Bonus Room 4 saw the daylight. To see whole history - click HERE Check this board often - you'll get up-to-date information about The Roomz project. Free section If you are still unregistered and have any questions, write here. The ROOMZ What is it? General information about THE ROOMZ projec	http://theroomz.19.forumer.com:80/a/
	20080226032406	theroomz	room 44	posts, you can PM me (Stachu) or RG365 with a request that u would like to have a possibility to talk in a ShoutBox! *** Test Chat 26 Dec - Room 45 is done. 14 Sep - New release - room 44 awaits. 28 Aug - Bonus Room 4 saw the daylight. To see whole history - click HERE Check this board often - you'll get up-to-date information about The Roomz project. Free section If you are still unregistered and have any questions, write here. The ROOMZ What is it? General information about THE ROOMZ project and one funny thing . Announcements Al	http://theroomz.19.forumer.com:80/a/
	20080226032406	theroomz	Room 4	r RG365 with a request that u would like to have a possibility to talk in a ShoutBox! *** Test Chat 26 Dec - Room 45 is done. 14 Sep - New release - room 44 awaits. 28 Aug - Bonus Room 4 saw the daylight. To see whole history - click HERE Check this board often - you'll get up-to-date information about The Roomz project. Free section If you are still unregistered and have any questions, write here. The ROOMZ What is it? General information about THE ROOMZ project and one funny thing . Announcements All the most important infos abo	http://theroomz.19.forumer.com:80/a/
	20081221110346	theroomz	theroomz	theroomz View Full Version: theroomz Message Board News & infos Join to our community! Register to our foroom and get instant access to all features (like writing posts, shoutbox and more)! If you have problems or you want to know, what to do step by step, click HERE or write in "Free section" board. Status : online ; Progress : none ; We're still having t	http://theroomz.19.forumer.com:80/a/
	20081221110346	theroomz	theroomz	theroomz View Full Version: theroomz Message Board News & infos Join to our community! Register to our foroom and get instant access to all features (like writing posts, shoutbox and more)! If you have problems or you want to know, what to do step by step, click HERE or write in "Free section" board. Status : online ; Progress : none ; We're still having troubles with loading TR in F	http://theroomz.19.forumer.com:80/a/
	20081221110346	theroomz	TheRoomz	ne ; We're still having troubles with loading TR in FireFox, so please use IE instead (I know, I hate IE too but meh, I can offer you Maxthon browser instead) *** >>Let's chat on #TheRoomz IRC channel ! More info HERE *** *** >>Remember - if u have more than 10 posts, you can PM me (Stachu) or RG365 with a request that u would like to have a possibility to talk in a ShoutBox! *** Test Chat 1 Jun - Bonus Room 5 is ready. 26 Dec - Room 45 is done. 14 Sep - New release - room 44 awaits. 28 Aug - Bonus Room 4 saw the daylight. To see wh	http://theroomz.19.forumer.com:80/a/
	20081221110346	theroomz	Stachu	 too but meh, I can offer you Maxthon browser instead) *** >>Let's chat on #TheRoomz IRC channel ! More info HERE *** *** >>Remember - if u have more than 10 posts, you can PM me (Stachu) or RG365 with a request that u would like to have a possibility to talk in a ShoutBox! *** Test Chat 1 Jun - Bonus Room 5 is ready. 26 Dec - Room 45 is done. 14 Sep - New release - room 44 awaits. 28 Aug - Bonus Room 4 saw the daylight. To see whole history - click HERE Check this board often - you'll get up-to-date information about The Roomz pr	http://theroomz.19.forumer.com:80/a/
	20081221110346	theroomz	Room 5	>Remember - if u have more than 10 posts, you can PM me (Stachu) or RG365 with a request that u would like to have a possibility to talk in a ShoutBox! *** Test Chat 1 Jun - Bonus Room 5 is ready. 26 Dec - Room 45 is done. 14 Sep - New release - room 44 awaits. 28 Aug - Bonus Room 4 saw the daylight. To see whole history - click HERE Check this board often - you'll get up-to-date information about The Roomz project. Free section If you are still unregistered and have any questions, write here. The ROOMZ What is it? General informa	http://theroomz.19.forumer.com:80/a/
	20081221110346	theroomz	Room 45	 than 10 posts, you can PM me (Stachu) or RG365 with a request that u would like to have a possibility to talk in a ShoutBox! *** Test Chat 1 Jun - Bonus Room 5 is ready. 26 Dec - Room 45 is done. 14 Sep - New release - room 44 awaits. 28 Aug - Bonus Room 4 saw the daylight. To see whole history - click HERE Check this board often - you'll get up-to-date information about The Roomz project. Free section If you are still unregistered and have any questions, write here. The ROOMZ What is it? General information about THE ROOMZ projec	http://theroomz.19.forumer.com:80/a/
	20081221110346	theroomz	room 44	r RG365 with a request that u would like to have a possibility to talk in a ShoutBox! *** Test Chat 1 Jun - Bonus Room 5 is ready. 26 Dec - Room 45 is done. 14 Sep - New release - room 44 awaits. 28 Aug - Bonus Room 4 saw the daylight. To see whole history - click HERE Check this board often - you'll get up-to-date information about The Roomz project. Free section If you are still unregistered and have any questions, write here. The ROOMZ What is it? General information about THE ROOMZ project and one funny thing . Announcements Al	http://theroomz.19.forumer.com:80/a/
	20081221110346	theroomz	Room 4	ould like to have a possibility to talk in a ShoutBox! *** Test Chat 1 Jun - Bonus Room 5 is ready. 26 Dec - Room 45 is done. 14 Sep - New release - room 44 awaits. 28 Aug - Bonus Room 4 saw the daylight. To see whole history - click HERE Check this board often - you'll get up-to-date information about The Roomz project. Free section If you are still unregistered and have any questions, write here. The ROOMZ What is it? General information about THE ROOMZ project and one funny thing . Announcements All the most important infos abo	http://theroomz.19.forumer.com:80/a/
	20090220100015	theroomz	theroomz	theroomz View Full Version: theroomz Message Board News & infos Join to our community! Register to our foroom and get instant access to all features (like writing posts, shoutbox and more)! If you have problems or you want to know, what to do step by step, click HERE or write in "Free section" board. Status : online ; Progress : none ; We're still having t	http://theroomz.19.forumer.com:80/a/
	20090220100015	theroomz	theroomz	theroomz View Full Version: theroomz Message Board News & infos Join to our community! Register to our foroom and get instant access to all features (like writing posts, shoutbox and more)! If you have problems or you want to know, what to do step by step, click HERE or write in "Free section" board. Status : online ; Progress : none ; We're still having troubles with loading TR in F	http://theroomz.19.forumer.com:80/a/
	20090220100015	theroomz	TheRoomz	ne ; We're still having troubles with loading TR in FireFox, so please use IE instead (I know, I hate IE too but meh, I can offer you Maxthon browser instead) *** >>Let's chat on #TheRoomz IRC channel ! More info HERE *** *** >>Remember - if u have more than 10 posts, you can PM me (Stachu) or RG365 with a request that u would like to have a possibility to talk in a ShoutBox! *** Test Chat 1 Jun - Bonus Room 5 is ready. 26 Dec - Room 45 is done. 14 Sep - New release - room 44 awaits. 28 Aug - Bonus Room 4 saw the daylight. To see wh	http://theroomz.19.forumer.com:80/a/
	20090220100015	theroomz	Stachu	 too but meh, I can offer you Maxthon browser instead) *** >>Let's chat on #TheRoomz IRC channel ! More info HERE *** *** >>Remember - if u have more than 10 posts, you can PM me (Stachu) or RG365 with a request that u would like to have a possibility to talk in a ShoutBox! *** Test Chat 1 Jun - Bonus Room 5 is ready. 26 Dec - Room 45 is done. 14 Sep - New release - room 44 awaits. 28 Aug - Bonus Room 4 saw the daylight. To see whole history - click HERE Check this board often - you'll get up-to-date information about The Roomz pr	http://theroomz.19.forumer.com:80/a/
	20090220100015	theroomz	Room 5	>Remember - if u have more than 10 posts, you can PM me (Stachu) or RG365 with a request that u would like to have a possibility to talk in a ShoutBox! *** Test Chat 1 Jun - Bonus Room 5 is ready. 26 Dec - Room 45 is done. 14 Sep - New release - room 44 awaits. 28 Aug - Bonus Room 4 saw the daylight. To see whole history - click HERE Check this board often - you'll get up-to-date information about The Roomz project. Free section If you are still unregistered and have any questions, write here. DONATE PayPal Donations $ ##### $ DON	http://theroomz.19.forumer.com:80/a/
	20090220100015	theroomz	Room 45	 than 10 posts, you can PM me (Stachu) or RG365 with a request that u would like to have a possibility to talk in a ShoutBox! *** Test Chat 1 Jun - Bonus Room 5 is ready. 26 Dec - Room 45 is done. 14 Sep - New release - room 44 awaits. 28 Aug - Bonus Room 4 saw the daylight. To see whole history - click HERE Check this board often - you'll get up-to-date information about The Roomz project. Free section If you are still unregistered and have any questions, write here. DONATE PayPal Donations $ ##### $ DONATE $ ##### $ more info in 	http://theroomz.19.forumer.com:80/a/
	20090220100015	theroomz	room 44	r RG365 with a request that u would like to have a possibility to talk in a ShoutBox! *** Test Chat 1 Jun - Bonus Room 5 is ready. 26 Dec - Room 45 is done. 14 Sep - New release - room 44 awaits. 28 Aug - Bonus Room 4 saw the daylight. To see whole history - click HERE Check this board often - you'll get up-to-date information about The Roomz project. Free section If you are still unregistered and have any questions, write here. DONATE PayPal Donations $ ##### $ DONATE $ ##### $ more info in the topic The ROOMZ What is it? General 	http://theroomz.19.forumer.com:80/a/
	20090220100015	theroomz	Room 4	ould like to have a possibility to talk in a ShoutBox! *** Test Chat 1 Jun - Bonus Room 5 is ready. 26 Dec - Room 45 is done. 14 Sep - New release - room 44 awaits. 28 Aug - Bonus Room 4 saw the daylight. To see whole history - click HERE Check this board often - you'll get up-to-date information about The Roomz project. Free section If you are still unregistered and have any questions, write here. DONATE PayPal Donations $ ##### $ DONATE $ ##### $ more info in the topic The ROOMZ What is it? General information about THE ROOMZ pr	http://theroomz.19.forumer.com:80/a/
	20110618104215	theroomz	theroomz	theroomz View Full Version: theroomz BREAKING NEWS! The Roomz: Eclipse *** PLAY NOW! *** NEWS | FORUM Enjoyed The Roomz? Try it now! Shi *** PLAY! *** Connotizer *** coming soon! *** Message Board News & infos -- NEW ROOMERS -- Join to our community! Register to our foroom and get instant access to all features (like writing posts, shoutbox and more)! If y	http://theroomz.19.forumer.com:80/a/
	20110618104215	theroomz	theroomz	theroomz View Full Version: theroomz BREAKING NEWS! The Roomz: Eclipse *** PLAY NOW! *** NEWS | FORUM Enjoyed The Roomz? Try it now! Shi *** PLAY! *** Connotizer *** coming soon! *** Message Board News & infos -- NEW ROOMERS -- Join to our community! Register to our foroom and get instant access to all features (like writing posts, shoutbox and more)! If you have problems or you want	http://theroomz.19.forumer.com:80/a/
	20110916030608	theroomz	theroomz	theroomz View Full Version: theroomz BREAKING NEWS! The Roomz: Eclipse *** PLAY NOW! *** NEWS | FORUM Enjoyed The Roomz? Try it now! Shi *** PLAY! *** Connotizer *** coming September 2011 *** Message Board News & infos -- NEW ROOMERS -- Join to our community! Register to our foroom and get instant access to all features (like writing posts, shoutbox and mo	http://theroomz.19.forumer.com:80/a/
	20110916030608	theroomz	theroomz	theroomz View Full Version: theroomz BREAKING NEWS! The Roomz: Eclipse *** PLAY NOW! *** NEWS | FORUM Enjoyed The Roomz? Try it now! Shi *** PLAY! *** Connotizer *** coming September 2011 *** Message Board News & infos -- NEW ROOMERS -- Join to our community! Register to our foroom and get instant access to all features (like writing posts, shoutbox and more)! If you have problems or	http://theroomz.19.forumer.com:80/a/
	20120215170558	theroomz	theroomz	theroomz View Full Version: theroomz BREAKING NEWS! The Roomz: Eclipse *** PLAY NOW! *** NEWS | FORUM Enjoyed The Roomz? Try it now! Shi *** PLAY! *** Connotizer *** coming 2011 *** Message Board News & infos -- NEW ROOMERS -- Join to our community! Register to our foroom and get instant access to all features (like writing posts, shoutbox and more)! If yo	http://theroomz.19.forumer.com:80/a/
	20120215170558	theroomz	theroomz	theroomz View Full Version: theroomz BREAKING NEWS! The Roomz: Eclipse *** PLAY NOW! *** NEWS | FORUM Enjoyed The Roomz? Try it now! Shi *** PLAY! *** Connotizer *** coming 2011 *** Message Board News & infos -- NEW ROOMERS -- Join to our community! Register to our foroom and get instant access to all features (like writing posts, shoutbox and more)! If you have problems or you want 	http://theroomz.19.forumer.com:80/a/
	20070310184726	theroomz	theroomz	theroomz View Full Version: theroomz >> topics Free Forum Hosting by Forumer .com ™	http://theroomz.19.forumer.com:80/a/-9/
	20070310184726	theroomz	theroomz	theroomz View Full Version: theroomz >> topics Free Forum Hosting by Forumer .com ™	http://theroomz.19.forumer.com:80/a/-9/
	20070316091824	theroomz What is it?	theroomz	theroomz What is it? View Full Version: What is it? theroomz >> What is it? What is it? topics Name of the song All about THE ROOMZ project How to register on the foroom? Funny Thing Free Forum Hosting by Forumer .com ™	http://theroomz.19.forumer.com:80/a/All-about-THE-ROOMZ-project-4/
	20070316091824	theroomz What is it?	theroomz	theroomz What is it? View Full Version: What is it? theroomz >> What is it? What is it? topics Name of the song All about THE ROOMZ project How to register on the foroom? Funny Thing Free Forum Hosting by Forumer .com ™	http://theroomz.19.forumer.com:80/a/All-about-THE-ROOMZ-project-4/
	20070314005202	All about THE ROOMZ project	theroomz	All about THE ROOMZ project View Full Version: All about THE ROOMZ project theroomz >> What is it? >>All about THE ROOMZ project .:Stachu:. - 09-22-2006 All about THE ROOMZ project Welcome on THE ROOMZ ForOOm - the oficial forum of THE ROOMZ project. We were inspired by internet riddles, such as Zest Riddle and many others which you can find in the web. We didn't want to do next internet riddles, we wanted to do something differe	http://theroomz.19.forumer.com:80/a/all-about-the-roomz-project_post6.html
	20070314005202	All about THE ROOMZ project	Stachu	All about THE ROOMZ project View Full Version: All about THE ROOMZ project theroomz >> What is it? >>All about THE ROOMZ project .:Stachu:. - 09-22-2006 All about THE ROOMZ project Welcome on THE ROOMZ ForOOm - the oficial forum of THE ROOMZ project. We were inspired by internet riddles, such as Zest Riddle and many others which you can find in the web. We didn't want to do next internet riddles, we wanted to do something different. The idea of THE ROOMZ project came to our minds in	http://theroomz.19.forumer.com:80/a/all-about-the-roomz-project_post6.html
	20070314005304	Funny Thing	theroomz	Funny Thing View Full Version: Funny Thing theroomz >> What is it? >>Funny Thing .:Stachu:. - 10-06-2006 Funny Thing What You're searching for here is a ... mistake ;) Free Forum Hosting by Forumer .com ™	http://theroomz.19.forumer.com:80/a/funny-thing_post7.html
	20070314005304	Funny Thing	Stachu	Funny Thing View Full Version: Funny Thing theroomz >> What is it? >>Funny Thing .:Stachu:. - 10-06-2006 Funny Thing What You're searching for here is a ... mistake ;) Free Forum Hosting by Forumer .com ™	http://theroomz.19.forumer.com:80/a/funny-thing_post7.html
	20070314005223	How to register on the foroom?	theroomz	How to register on the foroom? View Full Version: How to register on the foroom? theroomz >> What is it? >>How to register on the foroom? .:Stachu:. - 10-07-2006 How to register on the foroom? 1) Click REGISTER on the top right corner 2) Accept forum agreement 3) Write Your nick , password and e-mail 4) Confirm registering by clicking special link, which was sent to You via e-mail 5) Log in It can' be easier ;) .:Stachu:. - 10-14-2006 	http://theroomz.19.forumer.com:80/a/how-to-register-on-the-foroom_post8.html
	20070314005223	How to register on the foroom?	Stachu	How to register on the foroom? View Full Version: How to register on the foroom? theroomz >> What is it? >>How to register on the foroom? .:Stachu:. - 10-07-2006 How to register on the foroom? 1) Click REGISTER on the top right corner 2) Accept forum agreement 3) Write Your nick , password and e-mail 4) Confirm registering by clicking special link, which was sent to You via e-mail 5) Log in It can' be easier ;) .:Stachu:. - 10-14-2006 I see that some people who are trying to log on have blan	http://theroomz.19.forumer.com:80/a/how-to-register-on-the-foroom_post8.html
	20070314005215	Name of the song	theroomz	Name of the song View Full Version: Name of the song theroomz >> What is it? >>Name of the song Jann86 - 02-14-2007 Name of the song Hey, what's the name of the song that is played in the intro to the page? .:Stachu:. - 02-14-2007 "Wishmaster" by NightWish ;) Free Forum Hosting by Forumer .com ™	http://theroomz.19.forumer.com:80/a/name-of-the-song_post73.html
	20080209130739	Room 3 - shape, shape, shape	Room 3	Room 3 - shape, shape, shape View Full Version: Room 3 - shape, shape, shape theroomz >> Roomz >>Room 3 - shape, shape, shape cinek2004 - 10-14-2006 Room 3 - shape, shape, shape I have no idea what to do here ... I know that number, but what it has in common with those letters? Even the second hint (after typing the name of that mysterious number) didn't	http://theroomz.19.forumer.com:80/a/room-3-shape-shape-shape_post14.html
	20080209130739	Room 3 - shape, shape, shape	Room 3	Room 3 - shape, shape, shape View Full Version: Room 3 - shape, shape, shape theroomz >> Roomz >>Room 3 - shape, shape, shape cinek2004 - 10-14-2006 Room 3 - shape, shape, shape I have no idea what to do here ... I know that number, but what it has in common with those letters? Even the second hint (after typing the name of that mysterious number) didn't help me with this riddle. :help: .:Stachu:. - 1	http://theroomz.19.forumer.com:80/a/room-3-shape-shape-shape_post14.html
	20080209130739	Room 3 - shape, shape, shape	theroomz	Room 3 - shape, shape, shape View Full Version: Room 3 - shape, shape, shape theroomz >> Roomz >>Room 3 - shape, shape, shape cinek2004 - 10-14-2006 Room 3 - shape, shape, shape I have no idea what to do here ... I know that number, but what it has in common with those letters? Even the second hint (after typing the name of that mysterious number) didn't help me with this riddle. :help: .:Stachu:. - 10-14-2006 It's all about shape 	http://theroomz.19.forumer.com:80/a/room-3-shape-shape-shape_post14.html
	20080209130739	Room 3 - shape, shape, shape	Room 3	Room 3 - shape, shape, shape View Full Version: Room 3 - shape, shape, shape theroomz >> Roomz >>Room 3 - shape, shape, shape cinek2004 - 10-14-2006 Room 3 - shape, shape, shape I have no idea what to do here ... I know that number, but what it has in common with those letters? Even the second hint (after typing the name of that mysterious number) didn't help me with this riddle. :help: .:Stachu:. - 10-14-2006 It's all about shape and nothing else :	http://theroomz.19.forumer.com:80/a/room-3-shape-shape-shape_post14.html
	20080209130739	Room 3 - shape, shape, shape	Room 3	Room 3 - shape, shape, shape View Full Version: Room 3 - shape, shape, shape theroomz >> Roomz >>Room 3 - shape, shape, shape cinek2004 - 10-14-2006 Room 3 - shape, shape, shape I have no idea what to do here ... I know that number, but what it has in common with those letters? Even the second hint (after typing the name of that mysterious number) didn't help me with this riddle. :help: .:Stachu:. - 10-14-2006 It's all about shape and nothing else :D If You have a problem, try to look for other hints	http://theroomz.19.forumer.com:80/a/room-3-shape-shape-shape_post14.html
	20080424094151	theroomz Roomz	theroomz	theroomz Roomz View Full Version: Roomz theroomz >> Roomz Roomz topics Room 5 - cloudy clouds ( 1 2 3 4 5 6 7 8 9 ) Room 34 - Evil, Cruel and Sadistic? Not half! ( 1 2 3 4 5 6 7 8 9 10 11 ) Level 4 - forgotten life ( 1 2 3 4 5 6 7 8 9 ) Room 45 - Never ending story... ( 1 2 3 4 5 6 7 ) Room 17 - rain? ( 1 2 3 4 5 6 7 8 ) Room 6 - which wicked witch is whic	http://theroomz.19.forumer.com:80/a/roomz-3/
	20080424094151	theroomz Roomz	theroomz	theroomz Roomz View Full Version: Roomz theroomz >> Roomz Roomz topics Room 5 - cloudy clouds ( 1 2 3 4 5 6 7 8 9 ) Room 34 - Evil, Cruel and Sadistic? Not half! ( 1 2 3 4 5 6 7 8 9 10 11 ) Level 4 - forgotten life ( 1 2 3 4 5 6 7 8 9 ) Room 45 - Never ending story... ( 1 2 3 4 5 6 7 ) Room 17 - rain? ( 1 2 3 4 5 6 7 8 ) Room 6 - which wicked witch is which?! ( 1 2 3 4 5 6 7 8 9 10 11 ) Room 11 	http://theroomz.19.forumer.com:80/a/roomz-3/
	20080424094151	theroomz Roomz	Room 5	theroomz Roomz View Full Version: Roomz theroomz >> Roomz Roomz topics Room 5 - cloudy clouds ( 1 2 3 4 5 6 7 8 9 ) Room 34 - Evil, Cruel and Sadistic? Not half! ( 1 2 3 4 5 6 7 8 9 10 11 ) Level 4 - forgotten life ( 1 2 3 4 5 6 7 8 9 ) Room 45 - Never ending story... ( 1 2 3 4 5 6 7 ) Room 17 - rain? ( 1 2 3 4 5 6 7 8 ) Room 6 - which wicked witch is which?! ( 1 2 3 4 5 6 7 8 9 10 11 ) Room 11 - the balance ( 1 2 3 4 ) Roo	http://theroomz.19.forumer.com:80/a/roomz-3/
	20080424094151	theroomz Roomz	Room 34	theroomz Roomz View Full Version: Roomz theroomz >> Roomz Roomz topics Room 5 - cloudy clouds ( 1 2 3 4 5 6 7 8 9 ) Room 34 - Evil, Cruel and Sadistic? Not half! ( 1 2 3 4 5 6 7 8 9 10 11 ) Level 4 - forgotten life ( 1 2 3 4 5 6 7 8 9 ) Room 45 - Never ending story... ( 1 2 3 4 5 6 7 ) Room 17 - rain? ( 1 2 3 4 5 6 7 8 ) Room 6 - which wicked witch is which?! ( 1 2 3 4 5 6 7 8 9 10 11 ) Room 11 - the balance ( 1 2 3 4 ) Room 33 - Looks Familiar... ( 1 2 3 4 5 6 7 8 9 1	http://theroomz.19.forumer.com:80/a/roomz-3/
	20080424094151	theroomz Roomz	Room 45	 Roomz topics Room 5 - cloudy clouds ( 1 2 3 4 5 6 7 8 9 ) Room 34 - Evil, Cruel and Sadistic? Not half! ( 1 2 3 4 5 6 7 8 9 10 11 ) Level 4 - forgotten life ( 1 2 3 4 5 6 7 8 9 ) Room 45 - Never ending story... ( 1 2 3 4 5 6 7 ) Room 17 - rain? ( 1 2 3 4 5 6 7 8 ) Room 6 - which wicked witch is which?! ( 1 2 3 4 5 6 7 8 9 10 11 ) Room 11 - the balance ( 1 2 3 4 ) Room 33 - Looks Familiar... ( 1 2 3 4 5 6 7 8 9 10 11 12 ) room 30 - my name is fake... ( 1 2 3 4 5 6 7 8 9 10 11 ) Room 12 - the gallery ( 1 2 3 4 ) Room 3 - shape, shap	http://theroomz.19.forumer.com:80/a/roomz-3/
	20080424094151	theroomz Roomz	Room 17	 7 8 9 ) Room 34 - Evil, Cruel and Sadistic? Not half! ( 1 2 3 4 5 6 7 8 9 10 11 ) Level 4 - forgotten life ( 1 2 3 4 5 6 7 8 9 ) Room 45 - Never ending story... ( 1 2 3 4 5 6 7 ) Room 17 - rain? ( 1 2 3 4 5 6 7 8 ) Room 6 - which wicked witch is which?! ( 1 2 3 4 5 6 7 8 9 10 11 ) Room 11 - the balance ( 1 2 3 4 ) Room 33 - Looks Familiar... ( 1 2 3 4 5 6 7 8 9 10 11 12 ) room 30 - my name is fake... ( 1 2 3 4 5 6 7 8 9 10 11 ) Room 12 - the gallery ( 1 2 3 4 ) Room 3 - shape, shape, shape ( 1 2 3 4 5 6 7 8 9 10 ) Room 42 - Riddle	http://theroomz.19.forumer.com:80/a/roomz-3/
	20080424094151	theroomz Roomz	Room 6	adistic? Not half! ( 1 2 3 4 5 6 7 8 9 10 11 ) Level 4 - forgotten life ( 1 2 3 4 5 6 7 8 9 ) Room 45 - Never ending story... ( 1 2 3 4 5 6 7 ) Room 17 - rain? ( 1 2 3 4 5 6 7 8 ) Room 6 - which wicked witch is which?! ( 1 2 3 4 5 6 7 8 9 10 11 ) Room 11 - the balance ( 1 2 3 4 ) Room 33 - Looks Familiar... ( 1 2 3 4 5 6 7 8 9 10 11 12 ) room 30 - my name is fake... ( 1 2 3 4 5 6 7 8 9 10 11 ) Room 12 - the gallery ( 1 2 3 4 ) Room 3 - shape, shape, shape ( 1 2 3 4 5 6 7 8 9 10 ) Room 42 - Riddles in the ROOMZ ( 1 2 3 4 5 6 7 8 9 	http://theroomz.19.forumer.com:80/a/roomz-3/
	20080424094151	theroomz Roomz	Room 11	life ( 1 2 3 4 5 6 7 8 9 ) Room 45 - Never ending story... ( 1 2 3 4 5 6 7 ) Room 17 - rain? ( 1 2 3 4 5 6 7 8 ) Room 6 - which wicked witch is which?! ( 1 2 3 4 5 6 7 8 9 10 11 ) Room 11 - the balance ( 1 2 3 4 ) Room 33 - Looks Familiar... ( 1 2 3 4 5 6 7 8 9 10 11 12 ) room 30 - my name is fake... ( 1 2 3 4 5 6 7 8 9 10 11 ) Room 12 - the gallery ( 1 2 3 4 ) Room 3 - shape, shape, shape ( 1 2 3 4 5 6 7 8 9 10 ) Room 42 - Riddles in the ROOMZ ( 1 2 3 4 5 6 7 8 9 10 11 12 ) Room 44 - A real pain... ( 1 2 3 4 5 6 7 8 ) Room 39 - Ru	http://theroomz.19.forumer.com:80/a/roomz-3/
	20080424094151	theroomz Roomz	Room 33	 - Never ending story... ( 1 2 3 4 5 6 7 ) Room 17 - rain? ( 1 2 3 4 5 6 7 8 ) Room 6 - which wicked witch is which?! ( 1 2 3 4 5 6 7 8 9 10 11 ) Room 11 - the balance ( 1 2 3 4 ) Room 33 - Looks Familiar... ( 1 2 3 4 5 6 7 8 9 10 11 12 ) room 30 - my name is fake... ( 1 2 3 4 5 6 7 8 9 10 11 ) Room 12 - the gallery ( 1 2 3 4 ) Room 3 - shape, shape, shape ( 1 2 3 4 5 6 7 8 9 10 ) Room 42 - Riddles in the ROOMZ ( 1 2 3 4 5 6 7 8 9 10 11 12 ) Room 44 - A real pain... ( 1 2 3 4 5 6 7 8 ) Room 39 - Rufus ( 1 2 3 4 5 6 7 ) Room 31 - Wh	http://theroomz.19.forumer.com:80/a/roomz-3/
	20080424094151	theroomz Roomz	room 30	( 1 2 3 4 5 6 7 8 ) Room 6 - which wicked witch is which?! ( 1 2 3 4 5 6 7 8 9 10 11 ) Room 11 - the balance ( 1 2 3 4 ) Room 33 - Looks Familiar... ( 1 2 3 4 5 6 7 8 9 10 11 12 ) room 30 - my name is fake... ( 1 2 3 4 5 6 7 8 9 10 11 ) Room 12 - the gallery ( 1 2 3 4 ) Room 3 - shape, shape, shape ( 1 2 3 4 5 6 7 8 9 10 ) Room 42 - Riddles in the ROOMZ ( 1 2 3 4 5 6 7 8 9 10 11 12 ) Room 44 - A real pain... ( 1 2 3 4 5 6 7 8 ) Room 39 - Rufus ( 1 2 3 4 5 6 7 ) Room 31 - What the hell?! ( 1 2 3 4 5 6 7 8 9 ) Room 18 - a lot of stuf	http://theroomz.19.forumer.com:80/a/roomz-3/
	20080424094151	theroomz Roomz	Room 12	! ( 1 2 3 4 5 6 7 8 9 10 11 ) Room 11 - the balance ( 1 2 3 4 ) Room 33 - Looks Familiar... ( 1 2 3 4 5 6 7 8 9 10 11 12 ) room 30 - my name is fake... ( 1 2 3 4 5 6 7 8 9 10 11 ) Room 12 - the gallery ( 1 2 3 4 ) Room 3 - shape, shape, shape ( 1 2 3 4 5 6 7 8 9 10 ) Room 42 - Riddles in the ROOMZ ( 1 2 3 4 5 6 7 8 9 10 11 12 ) Room 44 - A real pain... ( 1 2 3 4 5 6 7 8 ) Room 39 - Rufus ( 1 2 3 4 5 6 7 ) Room 31 - What the hell?! ( 1 2 3 4 5 6 7 8 9 ) Room 18 - a lot of stuff ;p ( 1 2 3 4 ) Room 8 - it is time... ( 1 2 3 4 5 ) Roo	http://theroomz.19.forumer.com:80/a/roomz-3/
	20080424094151	theroomz Roomz	Room 3	 11 - the balance ( 1 2 3 4 ) Room 33 - Looks Familiar... ( 1 2 3 4 5 6 7 8 9 10 11 12 ) room 30 - my name is fake... ( 1 2 3 4 5 6 7 8 9 10 11 ) Room 12 - the gallery ( 1 2 3 4 ) Room 3 - shape, shape, shape ( 1 2 3 4 5 6 7 8 9 10 ) Room 42 - Riddles in the ROOMZ ( 1 2 3 4 5 6 7 8 9 10 11 12 ) Room 44 - A real pain... ( 1 2 3 4 5 6 7 8 ) Room 39 - Rufus ( 1 2 3 4 5 6 7 ) Room 31 - What the hell?! ( 1 2 3 4 5 6 7 8 9 ) Room 18 - a lot of stuff ;p ( 1 2 3 4 ) Room 8 - it is time... ( 1 2 3 4 5 ) Room 36 - "In the jungle, the mighty	http://theroomz.19.forumer.com:80/a/roomz-3/
	20080424094151	theroomz Roomz	Room 42	... ( 1 2 3 4 5 6 7 8 9 10 11 12 ) room 30 - my name is fake... ( 1 2 3 4 5 6 7 8 9 10 11 ) Room 12 - the gallery ( 1 2 3 4 ) Room 3 - shape, shape, shape ( 1 2 3 4 5 6 7 8 9 10 ) Room 42 - Riddles in the ROOMZ ( 1 2 3 4 5 6 7 8 9 10 11 12 ) Room 44 - A real pain... ( 1 2 3 4 5 6 7 8 ) Room 39 - Rufus ( 1 2 3 4 5 6 7 ) Room 31 - What the hell?! ( 1 2 3 4 5 6 7 8 9 ) Room 18 - a lot of stuff ;p ( 1 2 3 4 ) Room 8 - it is time... ( 1 2 3 4 5 ) Room 36 - "In the jungle, the mighty jungle..." ( 1 2 3 4 ) Room 38 - The flickering ( 1 2 	http://theroomz.19.forumer.com:80/a/roomz-3/
	20080424094151	theroomz Roomz	Room 44	. ( 1 2 3 4 5 6 7 8 9 10 11 ) Room 12 - the gallery ( 1 2 3 4 ) Room 3 - shape, shape, shape ( 1 2 3 4 5 6 7 8 9 10 ) Room 42 - Riddles in the ROOMZ ( 1 2 3 4 5 6 7 8 9 10 11 12 ) Room 44 - A real pain... ( 1 2 3 4 5 6 7 8 ) Room 39 - Rufus ( 1 2 3 4 5 6 7 ) Room 31 - What the hell?! ( 1 2 3 4 5 6 7 8 9 ) Room 18 - a lot of stuff ;p ( 1 2 3 4 ) Room 8 - it is time... ( 1 2 3 4 5 ) Room 36 - "In the jungle, the mighty jungle..." ( 1 2 3 4 ) Room 38 - The flickering ( 1 2 3 4 5 6 ) Room 14 - red stuff :P Room 9 - @##$... ( 1 2 3 4 5 	http://theroomz.19.forumer.com:80/a/roomz-3/
	20080424094151	theroomz Roomz	Room 39	allery ( 1 2 3 4 ) Room 3 - shape, shape, shape ( 1 2 3 4 5 6 7 8 9 10 ) Room 42 - Riddles in the ROOMZ ( 1 2 3 4 5 6 7 8 9 10 11 12 ) Room 44 - A real pain... ( 1 2 3 4 5 6 7 8 ) Room 39 - Rufus ( 1 2 3 4 5 6 7 ) Room 31 - What the hell?! ( 1 2 3 4 5 6 7 8 9 ) Room 18 - a lot of stuff ;p ( 1 2 3 4 ) Room 8 - it is time... ( 1 2 3 4 5 ) Room 36 - "In the jungle, the mighty jungle..." ( 1 2 3 4 ) Room 38 - The flickering ( 1 2 3 4 5 6 ) Room 14 - red stuff :P Room 9 - @##$... ( 1 2 3 4 5 6 ) Room 43 - Underwater journey ( 1 2 3 4 5 	http://theroomz.19.forumer.com:80/a/roomz-3/
	20080424094151	theroomz Roomz	Room 31	 shape, shape ( 1 2 3 4 5 6 7 8 9 10 ) Room 42 - Riddles in the ROOMZ ( 1 2 3 4 5 6 7 8 9 10 11 12 ) Room 44 - A real pain... ( 1 2 3 4 5 6 7 8 ) Room 39 - Rufus ( 1 2 3 4 5 6 7 ) Room 31 - What the hell?! ( 1 2 3 4 5 6 7 8 9 ) Room 18 - a lot of stuff ;p ( 1 2 3 4 ) Room 8 - it is time... ( 1 2 3 4 5 ) Room 36 - "In the jungle, the mighty jungle..." ( 1 2 3 4 ) Room 38 - The flickering ( 1 2 3 4 5 6 ) Room 14 - red stuff :P Room 9 - @##$... ( 1 2 3 4 5 6 ) Room 43 - Underwater journey ( 1 2 3 4 5 6 7 8 ) Room 32 - Knock, knock, kn	http://theroomz.19.forumer.com:80/a/roomz-3/
	20080424094151	theroomz Roomz	Room 18	 Riddles in the ROOMZ ( 1 2 3 4 5 6 7 8 9 10 11 12 ) Room 44 - A real pain... ( 1 2 3 4 5 6 7 8 ) Room 39 - Rufus ( 1 2 3 4 5 6 7 ) Room 31 - What the hell?! ( 1 2 3 4 5 6 7 8 9 ) Room 18 - a lot of stuff ;p ( 1 2 3 4 ) Room 8 - it is time... ( 1 2 3 4 5 ) Room 36 - "In the jungle, the mighty jungle..." ( 1 2 3 4 ) Room 38 - The flickering ( 1 2 3 4 5 6 ) Room 14 - red stuff :P Room 9 - @##$... ( 1 2 3 4 5 6 ) Room 43 - Underwater journey ( 1 2 3 4 5 6 7 8 ) Room 32 - Knock, knock, knockin' on heaven's door... ( 1 2 3 4 5 6 7 8 9 1	http://theroomz.19.forumer.com:80/a/roomz-3/
	20080424094151	theroomz Roomz	Room 8	9 10 11 12 ) Room 44 - A real pain... ( 1 2 3 4 5 6 7 8 ) Room 39 - Rufus ( 1 2 3 4 5 6 7 ) Room 31 - What the hell?! ( 1 2 3 4 5 6 7 8 9 ) Room 18 - a lot of stuff ;p ( 1 2 3 4 ) Room 8 - it is time... ( 1 2 3 4 5 ) Room 36 - "In the jungle, the mighty jungle..." ( 1 2 3 4 ) Room 38 - The flickering ( 1 2 3 4 5 6 ) Room 14 - red stuff :P Room 9 - @##$... ( 1 2 3 4 5 6 ) Room 43 - Underwater journey ( 1 2 3 4 5 6 7 8 ) Room 32 - Knock, knock, knockin' on heaven's door... ( 1 2 3 4 5 6 7 8 9 10 11 12 13 14 ) Room 7 - challenge time	http://theroomz.19.forumer.com:80/a/roomz-3/
	20080424094151	theroomz Roomz	Room 36	 ( 1 2 3 4 5 6 7 8 ) Room 39 - Rufus ( 1 2 3 4 5 6 7 ) Room 31 - What the hell?! ( 1 2 3 4 5 6 7 8 9 ) Room 18 - a lot of stuff ;p ( 1 2 3 4 ) Room 8 - it is time... ( 1 2 3 4 5 ) Room 36 - "In the jungle, the mighty jungle..." ( 1 2 3 4 ) Room 38 - The flickering ( 1 2 3 4 5 6 ) Room 14 - red stuff :P Room 9 - @##$... ( 1 2 3 4 5 6 ) Room 43 - Underwater journey ( 1 2 3 4 5 6 7 8 ) Room 32 - Knock, knock, knockin' on heaven's door... ( 1 2 3 4 5 6 7 8 9 10 11 12 13 14 ) Room 7 - challenge time ( 1 2 3 4 5 ) Room 37 - Wooooood ( 1 	http://theroomz.19.forumer.com:80/a/roomz-3/
	20080424094151	theroomz Roomz	Room 38	31 - What the hell?! ( 1 2 3 4 5 6 7 8 9 ) Room 18 - a lot of stuff ;p ( 1 2 3 4 ) Room 8 - it is time... ( 1 2 3 4 5 ) Room 36 - "In the jungle, the mighty jungle..." ( 1 2 3 4 ) Room 38 - The flickering ( 1 2 3 4 5 6 ) Room 14 - red stuff :P Room 9 - @##$... ( 1 2 3 4 5 6 ) Room 43 - Underwater journey ( 1 2 3 4 5 6 7 8 ) Room 32 - Knock, knock, knockin' on heaven's door... ( 1 2 3 4 5 6 7 8 9 10 11 12 13 14 ) Room 7 - challenge time ( 1 2 3 4 5 ) Room 37 - Wooooood ( 1 2 3 4 ) Bonus room 4 - The Big Secret. ( 1 2 3 ) Room 13 - s	http://theroomz.19.forumer.com:80/a/roomz-3/
	20080424094151	theroomz Roomz	Room 14	) Room 18 - a lot of stuff ;p ( 1 2 3 4 ) Room 8 - it is time... ( 1 2 3 4 5 ) Room 36 - "In the jungle, the mighty jungle..." ( 1 2 3 4 ) Room 38 - The flickering ( 1 2 3 4 5 6 ) Room 14 - red stuff :P Room 9 - @##$... ( 1 2 3 4 5 6 ) Room 43 - Underwater journey ( 1 2 3 4 5 6 7 8 ) Room 32 - Knock, knock, knockin' on heaven's door... ( 1 2 3 4 5 6 7 8 9 10 11 12 13 14 ) Room 7 - challenge time ( 1 2 3 4 5 ) Room 37 - Wooooood ( 1 2 3 4 ) Bonus room 4 - The Big Secret. ( 1 2 3 ) Room 13 - so white ( 1 2 3 4 5 6 ) On Walkthroughs a	http://theroomz.19.forumer.com:80/a/roomz-3/
	20080424094151	theroomz Roomz	Room 9	uff ;p ( 1 2 3 4 ) Room 8 - it is time... ( 1 2 3 4 5 ) Room 36 - "In the jungle, the mighty jungle..." ( 1 2 3 4 ) Room 38 - The flickering ( 1 2 3 4 5 6 ) Room 14 - red stuff :P Room 9 - @##$... ( 1 2 3 4 5 6 ) Room 43 - Underwater journey ( 1 2 3 4 5 6 7 8 ) Room 32 - Knock, knock, knockin' on heaven's door... ( 1 2 3 4 5 6 7 8 9 10 11 12 13 14 ) Room 7 - challenge time ( 1 2 3 4 5 ) Room 37 - Wooooood ( 1 2 3 4 ) Bonus room 4 - The Big Secret. ( 1 2 3 ) Room 13 - so white ( 1 2 3 4 5 6 ) On Walkthroughs and Cheating room 29 - 	http://theroomz.19.forumer.com:80/a/roomz-3/
	20080424094151	theroomz Roomz	Room 43	 time... ( 1 2 3 4 5 ) Room 36 - "In the jungle, the mighty jungle..." ( 1 2 3 4 ) Room 38 - The flickering ( 1 2 3 4 5 6 ) Room 14 - red stuff :P Room 9 - @##$... ( 1 2 3 4 5 6 ) Room 43 - Underwater journey ( 1 2 3 4 5 6 7 8 ) Room 32 - Knock, knock, knockin' on heaven's door... ( 1 2 3 4 5 6 7 8 9 10 11 12 13 14 ) Room 7 - challenge time ( 1 2 3 4 5 ) Room 37 - Wooooood ( 1 2 3 4 ) Bonus room 4 - The Big Secret. ( 1 2 3 ) Room 13 - so white ( 1 2 3 4 5 6 ) On Walkthroughs and Cheating room 29 - we're one big family ( 1 2 3 4 5 6	http://theroomz.19.forumer.com:80/a/roomz-3/
	20080424094151	theroomz Roomz	Room 32	the mighty jungle..." ( 1 2 3 4 ) Room 38 - The flickering ( 1 2 3 4 5 6 ) Room 14 - red stuff :P Room 9 - @##$... ( 1 2 3 4 5 6 ) Room 43 - Underwater journey ( 1 2 3 4 5 6 7 8 ) Room 32 - Knock, knock, knockin' on heaven's door... ( 1 2 3 4 5 6 7 8 9 10 11 12 13 14 ) Room 7 - challenge time ( 1 2 3 4 5 ) Room 37 - Wooooood ( 1 2 3 4 ) Bonus room 4 - The Big Secret. ( 1 2 3 ) Room 13 - so white ( 1 2 3 4 5 6 ) On Walkthroughs and Cheating room 29 - we're one big family ( 1 2 3 4 5 6 7 ) Room 35 - Not another wingdings ( 1 2 3 4 5 	http://theroomz.19.forumer.com:80/a/roomz-3/
	20080424094151	theroomz Roomz	Room 7	tuff :P Room 9 - @##$... ( 1 2 3 4 5 6 ) Room 43 - Underwater journey ( 1 2 3 4 5 6 7 8 ) Room 32 - Knock, knock, knockin' on heaven's door... ( 1 2 3 4 5 6 7 8 9 10 11 12 13 14 ) Room 7 - challenge time ( 1 2 3 4 5 ) Room 37 - Wooooood ( 1 2 3 4 ) Bonus room 4 - The Big Secret. ( 1 2 3 ) Room 13 - so white ( 1 2 3 4 5 6 ) On Walkthroughs and Cheating room 29 - we're one big family ( 1 2 3 4 5 6 7 ) Room 35 - Not another wingdings ( 1 2 3 4 5 ) room 28 - we love numbers! ( 1 2 3 4 5 6 7 ) Room 2 - the truth of bricks ( 1 2 3 4 5 6	http://theroomz.19.forumer.com:80/a/roomz-3/
	20080424094151	theroomz Roomz	Room 37	 ) Room 43 - Underwater journey ( 1 2 3 4 5 6 7 8 ) Room 32 - Knock, knock, knockin' on heaven's door... ( 1 2 3 4 5 6 7 8 9 10 11 12 13 14 ) Room 7 - challenge time ( 1 2 3 4 5 ) Room 37 - Wooooood ( 1 2 3 4 ) Bonus room 4 - The Big Secret. ( 1 2 3 ) Room 13 - so white ( 1 2 3 4 5 6 ) On Walkthroughs and Cheating room 29 - we're one big family ( 1 2 3 4 5 6 7 ) Room 35 - Not another wingdings ( 1 2 3 4 5 ) room 28 - we love numbers! ( 1 2 3 4 5 6 7 ) Room 2 - the truth of bricks ( 1 2 3 4 5 6 7 8 9 ) Bonus Room 2 - P.E.N.O. ( 1 2 	http://theroomz.19.forumer.com:80/a/roomz-3/
	20080424094151	theroomz Roomz	Room 35	37 - Wooooood ( 1 2 3 4 ) Bonus room 4 - The Big Secret. ( 1 2 3 ) Room 13 - so white ( 1 2 3 4 5 6 ) On Walkthroughs and Cheating room 29 - we're one big family ( 1 2 3 4 5 6 7 ) Room 35 - Not another wingdings ( 1 2 3 4 5 ) room 28 - we love numbers! ( 1 2 3 4 5 6 7 ) Room 2 - the truth of bricks ( 1 2 3 4 5 6 7 8 9 ) Bonus Room 2 - P.E.N.O. ( 1 2 3 4 5 6 7 ) Room 20 - checking... ( 1 2 ) Room 24 - Upside down and sideways ( 1 2 3 4 5 6 7 ) Room 23 - In the basement ( 1 2 3 4 5 6 ) Room 41 - Ready... Aim... (part2) ( 1 2 3 4 5 ) 	http://theroomz.19.forumer.com:80/a/roomz-3/
	20080424094151	theroomz Roomz	room 28	ig Secret. ( 1 2 3 ) Room 13 - so white ( 1 2 3 4 5 6 ) On Walkthroughs and Cheating room 29 - we're one big family ( 1 2 3 4 5 6 7 ) Room 35 - Not another wingdings ( 1 2 3 4 5 ) room 28 - we love numbers! ( 1 2 3 4 5 6 7 ) Room 2 - the truth of bricks ( 1 2 3 4 5 6 7 8 9 ) Bonus Room 2 - P.E.N.O. ( 1 2 3 4 5 6 7 ) Room 20 - checking... ( 1 2 ) Room 24 - Upside down and sideways ( 1 2 3 4 5 6 7 ) Room 23 - In the basement ( 1 2 3 4 5 6 ) Room 41 - Ready... Aim... (part2) ( 1 2 3 4 5 ) Room 1 - the first step ( 1 2 3 4 5 6 ) Room 2	http://theroomz.19.forumer.com:80/a/roomz-3/
	20080424094151	theroomz Roomz	Room 2	 3 4 5 6 ) On Walkthroughs and Cheating room 29 - we're one big family ( 1 2 3 4 5 6 7 ) Room 35 - Not another wingdings ( 1 2 3 4 5 ) room 28 - we love numbers! ( 1 2 3 4 5 6 7 ) Room 2 - the truth of bricks ( 1 2 3 4 5 6 7 8 9 ) Bonus Room 2 - P.E.N.O. ( 1 2 3 4 5 6 7 ) Room 20 - checking... ( 1 2 ) Room 24 - Upside down and sideways ( 1 2 3 4 5 6 7 ) Room 23 - In the basement ( 1 2 3 4 5 6 ) Room 41 - Ready... Aim... (part2) ( 1 2 3 4 5 ) Room 1 - the first step ( 1 2 3 4 5 6 ) Room 21 - Around the paper ( 1 2 3 4 5 ) Level 10 	http://theroomz.19.forumer.com:80/a/roomz-3/
	20080424094151	theroomz Roomz	Room 2	ne big family ( 1 2 3 4 5 6 7 ) Room 35 - Not another wingdings ( 1 2 3 4 5 ) room 28 - we love numbers! ( 1 2 3 4 5 6 7 ) Room 2 - the truth of bricks ( 1 2 3 4 5 6 7 8 9 ) Bonus Room 2 - P.E.N.O. ( 1 2 3 4 5 6 7 ) Room 20 - checking... ( 1 2 ) Room 24 - Upside down and sideways ( 1 2 3 4 5 6 7 ) Room 23 - In the basement ( 1 2 3 4 5 6 ) Room 41 - Ready... Aim... (part2) ( 1 2 3 4 5 ) Room 1 - the first step ( 1 2 3 4 5 6 ) Room 21 - Around the paper ( 1 2 3 4 5 ) Level 10 - darkness ( 1 2 3 ) Bonus Room - the Sphinx ( 1 2 3 ) Ro	http://theroomz.19.forumer.com:80/a/roomz-3/
	20080424094151	theroomz Roomz	Room 20	 35 - Not another wingdings ( 1 2 3 4 5 ) room 28 - we love numbers! ( 1 2 3 4 5 6 7 ) Room 2 - the truth of bricks ( 1 2 3 4 5 6 7 8 9 ) Bonus Room 2 - P.E.N.O. ( 1 2 3 4 5 6 7 ) Room 20 - checking... ( 1 2 ) Room 24 - Upside down and sideways ( 1 2 3 4 5 6 7 ) Room 23 - In the basement ( 1 2 3 4 5 6 ) Room 41 - Ready... Aim... (part2) ( 1 2 3 4 5 ) Room 1 - the first step ( 1 2 3 4 5 6 ) Room 21 - Around the paper ( 1 2 3 4 5 ) Level 10 - darkness ( 1 2 3 ) Bonus Room - the Sphinx ( 1 2 3 ) Room 16 - wood stuff ( 1 2 3 4 ) Room 1	http://theroomz.19.forumer.com:80/a/roomz-3/
	20080424094151	theroomz Roomz	Room 24	1 2 3 4 5 ) room 28 - we love numbers! ( 1 2 3 4 5 6 7 ) Room 2 - the truth of bricks ( 1 2 3 4 5 6 7 8 9 ) Bonus Room 2 - P.E.N.O. ( 1 2 3 4 5 6 7 ) Room 20 - checking... ( 1 2 ) Room 24 - Upside down and sideways ( 1 2 3 4 5 6 7 ) Room 23 - In the basement ( 1 2 3 4 5 6 ) Room 41 - Ready... Aim... (part2) ( 1 2 3 4 5 ) Room 1 - the first step ( 1 2 3 4 5 6 ) Room 21 - Around the paper ( 1 2 3 4 5 ) Level 10 - darkness ( 1 2 3 ) Bonus Room - the Sphinx ( 1 2 3 ) Room 16 - wood stuff ( 1 2 3 4 ) Room 15 - shame :P ( 1 2 3 4 ) Room 	http://theroomz.19.forumer.com:80/a/roomz-3/
	20080424094151	theroomz Roomz	Room 23	7 ) Room 2 - the truth of bricks ( 1 2 3 4 5 6 7 8 9 ) Bonus Room 2 - P.E.N.O. ( 1 2 3 4 5 6 7 ) Room 20 - checking... ( 1 2 ) Room 24 - Upside down and sideways ( 1 2 3 4 5 6 7 ) Room 23 - In the basement ( 1 2 3 4 5 6 ) Room 41 - Ready... Aim... (part2) ( 1 2 3 4 5 ) Room 1 - the first step ( 1 2 3 4 5 6 ) Room 21 - Around the paper ( 1 2 3 4 5 ) Level 10 - darkness ( 1 2 3 ) Bonus Room - the Sphinx ( 1 2 3 ) Room 16 - wood stuff ( 1 2 3 4 ) Room 15 - shame :P ( 1 2 3 4 ) Room 22 - Hot Sun ( 1 2 3 4 ) Room 40 - Not another checki	http://theroomz.19.forumer.com:80/a/roomz-3/
	20080424094151	theroomz Roomz	Room 41	 5 6 7 8 9 ) Bonus Room 2 - P.E.N.O. ( 1 2 3 4 5 6 7 ) Room 20 - checking... ( 1 2 ) Room 24 - Upside down and sideways ( 1 2 3 4 5 6 7 ) Room 23 - In the basement ( 1 2 3 4 5 6 ) Room 41 - Ready... Aim... (part2) ( 1 2 3 4 5 ) Room 1 - the first step ( 1 2 3 4 5 6 ) Room 21 - Around the paper ( 1 2 3 4 5 ) Level 10 - darkness ( 1 2 3 ) Bonus Room - the Sphinx ( 1 2 3 ) Room 16 - wood stuff ( 1 2 3 4 ) Room 15 - shame :P ( 1 2 3 4 ) Room 22 - Hot Sun ( 1 2 3 4 ) Room 40 - Not another checking ( 1 2 3 ) Bonus Room 3 - Lord of the Co	http://theroomz.19.forumer.com:80/a/roomz-3/
	20080424094151	theroomz Roomz	Room 1	 6 7 ) Room 20 - checking... ( 1 2 ) Room 24 - Upside down and sideways ( 1 2 3 4 5 6 7 ) Room 23 - In the basement ( 1 2 3 4 5 6 ) Room 41 - Ready... Aim... (part2) ( 1 2 3 4 5 ) Room 1 - the first step ( 1 2 3 4 5 6 ) Room 21 - Around the paper ( 1 2 3 4 5 ) Level 10 - darkness ( 1 2 3 ) Bonus Room - the Sphinx ( 1 2 3 ) Room 16 - wood stuff ( 1 2 3 4 ) Room 15 - shame :P ( 1 2 3 4 ) Room 22 - Hot Sun ( 1 2 3 4 ) Room 40 - Not another checking ( 1 2 3 ) Bonus Room 3 - Lord of the Colony ( 1 2 3 ) Room 19 - even more stuff ( 1 2 	http://theroomz.19.forumer.com:80/a/roomz-3/
	20080424094151	theroomz Roomz	Room 21	m 24 - Upside down and sideways ( 1 2 3 4 5 6 7 ) Room 23 - In the basement ( 1 2 3 4 5 6 ) Room 41 - Ready... Aim... (part2) ( 1 2 3 4 5 ) Room 1 - the first step ( 1 2 3 4 5 6 ) Room 21 - Around the paper ( 1 2 3 4 5 ) Level 10 - darkness ( 1 2 3 ) Bonus Room - the Sphinx ( 1 2 3 ) Room 16 - wood stuff ( 1 2 3 4 ) Room 15 - shame :P ( 1 2 3 4 ) Room 22 - Hot Sun ( 1 2 3 4 ) Room 40 - Not another checking ( 1 2 3 ) Bonus Room 3 - Lord of the Colony ( 1 2 3 ) Room 19 - even more stuff ( 1 2 3 4 ) Room 45 - When will it come out? ( 	http://theroomz.19.forumer.com:80/a/roomz-3/
	20080424094151	theroomz Roomz	Room 16	dy... Aim... (part2) ( 1 2 3 4 5 ) Room 1 - the first step ( 1 2 3 4 5 6 ) Room 21 - Around the paper ( 1 2 3 4 5 ) Level 10 - darkness ( 1 2 3 ) Bonus Room - the Sphinx ( 1 2 3 ) Room 16 - wood stuff ( 1 2 3 4 ) Room 15 - shame :P ( 1 2 3 4 ) Room 22 - Hot Sun ( 1 2 3 4 ) Room 40 - Not another checking ( 1 2 3 ) Bonus Room 3 - Lord of the Colony ( 1 2 3 ) Room 19 - even more stuff ( 1 2 3 4 ) Room 45 - When will it come out? ( 1 2 ) room 26 - confession time ( 1 2 3 ) Room 25 - point it out! ( 1 2 3 4 ) Posting RULES >>>IMPORTANT!	http://theroomz.19.forumer.com:80/a/roomz-3/
	20080424094151	theroomz Roomz	Room 15	) Room 1 - the first step ( 1 2 3 4 5 6 ) Room 21 - Around the paper ( 1 2 3 4 5 ) Level 10 - darkness ( 1 2 3 ) Bonus Room - the Sphinx ( 1 2 3 ) Room 16 - wood stuff ( 1 2 3 4 ) Room 15 - shame :P ( 1 2 3 4 ) Room 22 - Hot Sun ( 1 2 3 4 ) Room 40 - Not another checking ( 1 2 3 ) Bonus Room 3 - Lord of the Colony ( 1 2 3 ) Room 19 - even more stuff ( 1 2 3 4 ) Room 45 - When will it come out? ( 1 2 ) room 26 - confession time ( 1 2 3 ) Room 25 - point it out! ( 1 2 3 4 ) Posting RULES >>>IMPORTANT!!!<<< Room 27 - password required	http://theroomz.19.forumer.com:80/a/roomz-3/
	20080424094151	theroomz Roomz	Room 22	 3 4 5 6 ) Room 21 - Around the paper ( 1 2 3 4 5 ) Level 10 - darkness ( 1 2 3 ) Bonus Room - the Sphinx ( 1 2 3 ) Room 16 - wood stuff ( 1 2 3 4 ) Room 15 - shame :P ( 1 2 3 4 ) Room 22 - Hot Sun ( 1 2 3 4 ) Room 40 - Not another checking ( 1 2 3 ) Bonus Room 3 - Lord of the Colony ( 1 2 3 ) Room 19 - even more stuff ( 1 2 3 4 ) Room 45 - When will it come out? ( 1 2 ) room 26 - confession time ( 1 2 3 ) Room 25 - point it out! ( 1 2 3 4 ) Posting RULES >>>IMPORTANT!!!<<< Room 27 - password required? ( 1 2 3 4 5 ) RRR - Roomz Ran	http://theroomz.19.forumer.com:80/a/roomz-3/
	20080424094151	theroomz Roomz	Room 40	e paper ( 1 2 3 4 5 ) Level 10 - darkness ( 1 2 3 ) Bonus Room - the Sphinx ( 1 2 3 ) Room 16 - wood stuff ( 1 2 3 4 ) Room 15 - shame :P ( 1 2 3 4 ) Room 22 - Hot Sun ( 1 2 3 4 ) Room 40 - Not another checking ( 1 2 3 ) Bonus Room 3 - Lord of the Colony ( 1 2 3 ) Room 19 - even more stuff ( 1 2 3 4 ) Room 45 - When will it come out? ( 1 2 ) room 26 - confession time ( 1 2 3 ) Room 25 - point it out! ( 1 2 3 4 ) Posting RULES >>>IMPORTANT!!!<<< Room 27 - password required? ( 1 2 3 4 5 ) RRR - Roomz Rankings by Roomers Room 41 - Rea	http://theroomz.19.forumer.com:80/a/roomz-3/
	20080424094151	theroomz Roomz	Room 3	 3 ) Bonus Room - the Sphinx ( 1 2 3 ) Room 16 - wood stuff ( 1 2 3 4 ) Room 15 - shame :P ( 1 2 3 4 ) Room 22 - Hot Sun ( 1 2 3 4 ) Room 40 - Not another checking ( 1 2 3 ) Bonus Room 3 - Lord of the Colony ( 1 2 3 ) Room 19 - even more stuff ( 1 2 3 4 ) Room 45 - When will it come out? ( 1 2 ) room 26 - confession time ( 1 2 3 ) Room 25 - point it out! ( 1 2 3 4 ) Posting RULES >>>IMPORTANT!!!<<< Room 27 - password required? ( 1 2 3 4 5 ) RRR - Roomz Rankings by Roomers Room 41 - Ready..Aim... (part1) ( 1 2 3 ) Forumer ™ is Vote	http://theroomz.19.forumer.com:80/a/roomz-3/
	20080424094151	theroomz Roomz	Room 19	 Room 16 - wood stuff ( 1 2 3 4 ) Room 15 - shame :P ( 1 2 3 4 ) Room 22 - Hot Sun ( 1 2 3 4 ) Room 40 - Not another checking ( 1 2 3 ) Bonus Room 3 - Lord of the Colony ( 1 2 3 ) Room 19 - even more stuff ( 1 2 3 4 ) Room 45 - When will it come out? ( 1 2 ) room 26 - confession time ( 1 2 3 ) Room 25 - point it out! ( 1 2 3 4 ) Posting RULES >>>IMPORTANT!!!<<< Room 27 - password required? ( 1 2 3 4 5 ) RRR - Roomz Rankings by Roomers Room 41 - Ready..Aim... (part1) ( 1 2 3 ) Forumer ™ is Voted #1 Free Forum Hosting provider Build 	http://theroomz.19.forumer.com:80/a/roomz-3/
	20080424094151	theroomz Roomz	Room 45	 15 - shame :P ( 1 2 3 4 ) Room 22 - Hot Sun ( 1 2 3 4 ) Room 40 - Not another checking ( 1 2 3 ) Bonus Room 3 - Lord of the Colony ( 1 2 3 ) Room 19 - even more stuff ( 1 2 3 4 ) Room 45 - When will it come out? ( 1 2 ) room 26 - confession time ( 1 2 3 ) Room 25 - point it out! ( 1 2 3 4 ) Posting RULES >>>IMPORTANT!!!<<< Room 27 - password required? ( 1 2 3 4 5 ) RRR - Roomz Rankings by Roomers Room 41 - Ready..Aim... (part1) ( 1 2 3 ) Forumer ™ is Voted #1 Free Forum Hosting provider Build your own community today with the larg	http://theroomz.19.forumer.com:80/a/roomz-3/
	20080424094151	theroomz Roomz	room 26	Sun ( 1 2 3 4 ) Room 40 - Not another checking ( 1 2 3 ) Bonus Room 3 - Lord of the Colony ( 1 2 3 ) Room 19 - even more stuff ( 1 2 3 4 ) Room 45 - When will it come out? ( 1 2 ) room 26 - confession time ( 1 2 3 ) Room 25 - point it out! ( 1 2 3 4 ) Posting RULES >>>IMPORTANT!!!<<< Room 27 - password required? ( 1 2 3 4 5 ) RRR - Roomz Rankings by Roomers Room 41 - Ready..Aim... (part1) ( 1 2 3 ) Forumer ™ is Voted #1 Free Forum Hosting provider Build your own community today with the largest message board hosting company.	http://theroomz.19.forumer.com:80/a/roomz-3/
	20080424094151	theroomz Roomz	Room 25	r checking ( 1 2 3 ) Bonus Room 3 - Lord of the Colony ( 1 2 3 ) Room 19 - even more stuff ( 1 2 3 4 ) Room 45 - When will it come out? ( 1 2 ) room 26 - confession time ( 1 2 3 ) Room 25 - point it out! ( 1 2 3 4 ) Posting RULES >>>IMPORTANT!!!<<< Room 27 - password required? ( 1 2 3 4 5 ) RRR - Roomz Rankings by Roomers Room 41 - Ready..Aim... (part1) ( 1 2 3 ) Forumer ™ is Voted #1 Free Forum Hosting provider Build your own community today with the largest message board hosting company.	http://theroomz.19.forumer.com:80/a/roomz-3/
	20080424094151	theroomz Roomz	Room 27	 19 - even more stuff ( 1 2 3 4 ) Room 45 - When will it come out? ( 1 2 ) room 26 - confession time ( 1 2 3 ) Room 25 - point it out! ( 1 2 3 4 ) Posting RULES >>>IMPORTANT!!!<<< Room 27 - password required? ( 1 2 3 4 5 ) RRR - Roomz Rankings by Roomers Room 41 - Ready..Aim... (part1) ( 1 2 3 ) Forumer ™ is Voted #1 Free Forum Hosting provider Build your own community today with the largest message board hosting company.	http://theroomz.19.forumer.com:80/a/roomz-3/
	20080424094151	theroomz Roomz	password	 more stuff ( 1 2 3 4 ) Room 45 - When will it come out? ( 1 2 ) room 26 - confession time ( 1 2 3 ) Room 25 - point it out! ( 1 2 3 4 ) Posting RULES >>>IMPORTANT!!!<<< Room 27 - password required? ( 1 2 3 4 5 ) RRR - Roomz Rankings by Roomers Room 41 - Ready..Aim... (part1) ( 1 2 3 ) Forumer ™ is Voted #1 Free Forum Hosting provider Build your own community today with the largest message board hosting company.	http://theroomz.19.forumer.com:80/a/roomz-3/
	20080424094151	theroomz Roomz	Room 41	room 26 - confession time ( 1 2 3 ) Room 25 - point it out! ( 1 2 3 4 ) Posting RULES >>>IMPORTANT!!!<<< Room 27 - password required? ( 1 2 3 4 5 ) RRR - Roomz Rankings by Roomers Room 41 - Ready..Aim... (part1) ( 1 2 3 ) Forumer ™ is Voted #1 Free Forum Hosting provider Build your own community today with the largest message board hosting company.	http://theroomz.19.forumer.com:80/a/roomz-3/
	20090208144429	royalbran	theroomz	royalbran theroomz >> Members >>royalbran Total Cumulative Posts : 0 Joined : 08-02-2007 Last Visit : 08-02-2007 Days Since Join : 556 Posts per Day : 0 Home page : No Information Location : Interests : AIM Name : ICQ Number : Yahoo Identity : MSN Identity : Signature : View Full Version Forumer ™ is Voted #1 Free Forum Hosting provider Build your own community toda	http://theroomz.19.forumer.com:80/a/user_royalbran_1732.html
	20090311071527	royalbran	theroomz	royalbran theroomz >> Members >>royalbran Total Cumulative Posts : 0 Joined : 08-02-2007 Last Visit : 08-02-2007 Days Since Join : 587 Posts per Day : 0 Home page : No Information Location : Interests : AIM Name : ICQ Number : Yahoo Identity : MSN Identity : Signature : View Full Version Forumer ™ is Voted #1 Free Forum Hosting provider Build your own community toda	http://theroomz.19.forumer.com:80/a/user_royalbran_1732.html
	20090412030045	royalbran	theroomz	royalbran theroomz >> Members >>royalbran Total Cumulative Posts : 0 Joined : 08-02-2007 Last Visit : 08-02-2007 Days Since Join : 618 Posts per Day : 0 Home page : No Information Location : Interests : AIM Name : ICQ Number : Yahoo Identity : MSN Identity : Signature : View Full Version Forumer ™ is Voted #1 Free Forum Hosting provider Build your own community toda	http://theroomz.19.forumer.com:80/a/user_royalbran_1732.html
	20090520020615	royalbran	theroomz	royalbran theroomz >> Members >>royalbran Total Cumulative Posts : 0 Joined : 08-02-2007 Last Visit : 08-02-2007 Days Since Join : 656 Posts per Day : 0 Home page : No Information Location : Interests : AIM Name : ICQ Number : Yahoo Identity : MSN Identity : Signature : View Full Version Forumer ™ is Voted #1 Free Forum Hosting provider Build your own community toda	http://theroomz.19.forumer.com:80/a/user_royalbran_1732.html
	20090622124624	royalbran	theroomz	royalbran theroomz >> Members >>royalbran Total Cumulative Posts : 0 Joined : 08-02-2007 Last Visit : 08-02-2007 Days Since Join : 690 Posts per Day : 0 Home page : No Information Location : Interests : AIM Name : ICQ Number : Yahoo Identity : MSN Identity : Signature : View Full Version Forumer ™ is Voted #1 Free Forum Hosting provider Build your own community toda	http://theroomz.19.forumer.com:80/a/user_royalbran_1732.html
	20090723203244	royalbran	theroomz	royalbran theroomz >> Members >>royalbran Total Cumulative Posts : 0 Joined : 08-02-2007 Last Visit : 08-02-2007 Days Since Join : 721 Posts per Day : 0 Home page : No Information Location : Interests : AIM Name : ICQ Number : Yahoo Identity : MSN Identity : Signature : View Full Version Forumer ™ is Voted #1 Free Forum Hosting provider Build your own community toda	http://theroomz.19.forumer.com:80/a/user_royalbran_1732.html
	20090831033646	royalbran	theroomz	royalbran theroomz >> Members >>royalbran Total Cumulative Posts : 0 Joined : 08-02-2007 Last Visit : 08-02-2007 Days Since Join : 759 Posts per Day : 0 Home page : No Information Location : Interests : AIM Name : ICQ Number : Yahoo Identity : MSN Identity : Signature : View Full Version Forumer ™ is Voted #1 Free Forum Hosting provider Build your own community toda	http://theroomz.19.forumer.com:80/a/user_royalbran_1732.html
	20091219030556	royalbran	theroomz	royalbran theroomz >> Members >>royalbran Total Cumulative Posts : 0 Joined : 08-02-2007 Last Visit : 08-02-2007 Days Since Join : 869 Posts per Day : 0 Home page : No Information Location : Interests : AIM Name : ICQ Number : Yahoo Identity : MSN Identity : Signature : View Full Version Forumer ™ is Voted #1 Free Forum Hosting provider Build your own community toda	http://theroomz.19.forumer.com:80/a/user_royalbran_1732.html
	20091220082619	royalbran	theroomz	royalbran theroomz >> Members >>royalbran Total Cumulative Posts : 0 Joined : 08-02-2007 Last Visit : 08-02-2007 Days Since Join : 871 Posts per Day : 0 Home page : No Information Location : Interests : AIM Name : ICQ Number : Yahoo Identity : MSN Identity : Signature : View Full Version Forumer ™ is Voted #1 Free Forum Hosting provider Build your own community toda	http://theroomz.19.forumer.com:80/a/user_royalbran_1732.html
	20100120085121	royalbran	theroomz	royalbran theroomz >> Members >>royalbran Total Cumulative Posts : 0 Joined : 08-02-2007 Last Visit : 08-02-2007 Days Since Join : 902 Posts per Day : 0 Home page : No Information Location : Interests : AIM Name : ICQ Number : Yahoo Identity : MSN Identity : Signature : View Full Version Forumer ™ is Voted #1 Free Forum Hosting provider Build your own community toda	http://theroomz.19.forumer.com:80/a/user_royalbran_1732.html
	20100222064854	royalbran	theroomz	royalbran theroomz >> Members >>royalbran Total Cumulative Posts : 0 Joined : 08-02-2007 Last Visit : 08-02-2007 Days Since Join : 935 Posts per Day : 0 Home page : No Information Location : Interests : AIM Name : ICQ Number : Yahoo Identity : MSN Identity : Signature : View Full Version Forumer ™ is Voted #1 Free Forum Hosting provider Build your own community toda	http://theroomz.19.forumer.com:80/a/user_royalbran_1732.html
	20100325123855	royalbran	theroomz	royalbran theroomz >> Members >>royalbran Total Cumulative Posts : 0 Joined : 08-02-2007 Last Visit : 08-02-2007 Days Since Join : 966 Posts per Day : 0 Home page : No Information Location : Interests : AIM Name : ICQ Number : Yahoo Identity : MSN Identity : Signature : View Full Version Forumer ™ is Voted #1 Free Forum Hosting provider Build your own community toda	http://theroomz.19.forumer.com:80/a/user_royalbran_1732.html
	20100825175355	royalbran	theroomz	royalbran theroomz >> Members >>royalbran Total Cumulative Posts : 0 Joined : 08-02-2007 Last Visit : 08-02-2007 Days Since Join : 1119 Posts per Day : 0 Home page : No Information Location : Interests : AIM Name : ICQ Number : Yahoo Identity : MSN Identity : Signature : View Full Version Forumer ™ is Voted #1 Free Forum Hosting provider Build your own community tod	http://theroomz.19.forumer.com:80/a/user_royalbran_1732.html
	20110618105617	FoROOM ~ View topic - Server problems	ROOM 45	ist Usergroups fChat Log in Register Author Message Archives ~ Server problems nyrak Posted: Fri Dec 11, 2009 5:28 pm --> Roomz fan Joined: 23 Mar 2008 Posts: 36 [TOPIC MOVED FROM ROOM 45 THREAD] can't look as Roomz won't load Back to top Jim Gamma Posted: Fri Dec 11, 2009 7:32 pm --> Appreciated Helper Joined: 17 Oct 2006 Posts: 1017 Location: London, England Hmm... seems to be down. Sorry. I'll nudge Stachu. _________________ PROGRESS: 45/45 BONUS: 1, 2, 3, 4, 5 JAN: 17/17 (Not currently answering PMs. Try TazMind, Stachu or Sas.	http://theroomz.19.forumer.com:80/viewtopic.php?p=11623&sid=4ca32550b505914085a104b27f8a4846
	20110914234818	FoROOM ~ View topic - Server problems	ROOM 45	ist Usergroups fChat Log in Register Author Message Archives ~ Server problems nyrak Posted: Fri Dec 11, 2009 5:28 pm --> Roomz fan Joined: 23 Mar 2008 Posts: 36 [TOPIC MOVED FROM ROOM 45 THREAD] can't look as Roomz won't load Back to top Jim Gamma Posted: Fri Dec 11, 2009 7:32 pm --> Appreciated Helper Joined: 17 Oct 2006 Posts: 1017 Location: London, England Hmm... seems to be down. Sorry. I'll nudge Stachu. _________________ PROGRESS: 45/45 BONUS: 1, 2, 3, 4, 5 JAN: 17/17 (Not currently answering PMs. Try TazMind, Stachu or Sas.	http://theroomz.19.forumer.com:80/viewtopic.php?p=11623&sid=3a26dce90972b24a6567438494a036d9
	20120215135336	FoROOM ~ View topic - Server problems	ROOM 45	ist Usergroups fChat Log in Register Author Message Archives ~ Server problems nyrak Posted: Fri Dec 11, 2009 5:28 pm --> Roomz fan Joined: 23 Mar 2008 Posts: 36 [TOPIC MOVED FROM ROOM 45 THREAD] can't look as Roomz won't load Back to top Jim Gamma Posted: Fri Dec 11, 2009 7:32 pm --> Appreciated Helper Joined: 17 Oct 2006 Posts: 1017 Location: London, England Hmm... seems to be down. Sorry. I'll nudge Stachu. _________________ PROGRESS: 45/45 BONUS: 1, 2, 3, 4, 5 JAN: 17/17 (Not currently answering PMs. Try TazMind, Stachu or Sas.	http://theroomz.19.forumer.com:80/viewtopic.php?p=11623&sid=454fdcfa870628647f68c063eb7b4daf
	20110618113719	FoROOM ~ View topic - SB information	Stachu	 _________________ "Reading Makes Life a Whole Lot Easier!" Rooms Complete 43/45 Bonus Rooms 1&2 Kish 0/4 Jan 0/10 Me 10/10 :p I can help you for rooms 1 to 43. PM me if you want. Stachu, can't you spare us any kindness for future rooms? Good boy :p I'm ignoring you right now... Ok, I'm done. Back to top nyrak Posted: Mon Sep 13, 2010 8:22 am --> Roomz fan Joined: 23 Mar 2008 Posts: 36 most definitely is as I've been stuck in room 45 for the last year Back to top Display posts from previous: All Posts 1 Day 7 Days 2 Weeks 1 Month 	http://theroomz.19.forumer.com:80/viewtopic.php?p=11717&sid=4ca32550b505914085a104b27f8a4846
	20110618113719	FoROOM ~ View topic - SB information	room 45	I'm ignoring you right now... Ok, I'm done. Back to top nyrak Posted: Mon Sep 13, 2010 8:22 am --> Roomz fan Joined: 23 Mar 2008 Posts: 36 most definitely is as I've been stuck in room 45 for the last year Back to top Display posts from previous: All Posts 1 Day 7 Days 2 Weeks 1 Month 3 Months 6 Months 1 Year Oldest First Newest First All times are GMT + 1 Hour View next topic View previous topic Page 1 of 1 FoROOM Forum Index ~ Let's Shout! Jump to: Select a forum BREAKING NEWS! ---------------- The Roomz: Eclipse Enjoyed The Room	http://theroomz.19.forumer.com:80/viewtopic.php?p=11717&sid=4ca32550b505914085a104b27f8a4846
	20110619154346	FoROOM ~ View topic - SB information	Stachu	 _________________ "Reading Makes Life a Whole Lot Easier!" Rooms Complete 43/45 Bonus Rooms 1&2 Kish 0/4 Jan 0/10 Me 10/10 :p I can help you for rooms 1 to 43. PM me if you want. Stachu, can't you spare us any kindness for future rooms? Good boy :p I'm ignoring you right now... Ok, I'm done. Back to top nyrak Posted: Mon Sep 13, 2010 8:22 am --> Roomz fan Joined: 23 Mar 2008 Posts: 36 most definitely is as I've been stuck in room 45 for the last year Back to top Display posts from previous: All Posts 1 Day 7 Days 2 Weeks 1 Month 	http://theroomz.19.forumer.com:80/viewtopic.php?p=11717&sid=4ca32550b505914085a104b27f8a4846
	20110619154346	FoROOM ~ View topic - SB information	room 45	I'm ignoring you right now... Ok, I'm done. Back to top nyrak Posted: Mon Sep 13, 2010 8:22 am --> Roomz fan Joined: 23 Mar 2008 Posts: 36 most definitely is as I've been stuck in room 45 for the last year Back to top Display posts from previous: All Posts 1 Day 7 Days 2 Weeks 1 Month 3 Months 6 Months 1 Year Oldest First Newest First All times are GMT + 1 Hour View next topic View previous topic Page 1 of 1 FoROOM Forum Index ~ Let's Shout! Jump to: Select a forum BREAKING NEWS! ---------------- The Roomz: Eclipse Enjoyed The Room	http://theroomz.19.forumer.com:80/viewtopic.php?p=11717&sid=4ca32550b505914085a104b27f8a4846
	20110819115523	FoROOM ~ View topic - SB information	Stachu	 _________________ "Reading Makes Life a Whole Lot Easier!" Rooms Complete 43/45 Bonus Rooms 1&2 Kish 0/4 Jan 0/10 Me 10/10 :p I can help you for rooms 1 to 43. PM me if you want. Stachu, can't you spare us any kindness for future rooms? Good boy :p I'm ignoring you right now... Ok, I'm done. Back to top nyrak Posted: Mon Sep 13, 2010 8:22 am --> Roomz fan Joined: 23 Mar 2008 Posts: 36 most definitely is as I've been stuck in room 45 for the last year Back to top Display posts from previous: All Posts 1 Day 7 Days 2 Weeks 1 Month 	http://theroomz.19.forumer.com:80/viewtopic.php?p=11717&sid=3a26dce90972b24a6567438494a036d9
	20110819115523	FoROOM ~ View topic - SB information	room 45	I'm ignoring you right now... Ok, I'm done. Back to top nyrak Posted: Mon Sep 13, 2010 8:22 am --> Roomz fan Joined: 23 Mar 2008 Posts: 36 most definitely is as I've been stuck in room 45 for the last year Back to top Display posts from previous: All Posts 1 Day 7 Days 2 Weeks 1 Month 3 Months 6 Months 1 Year Oldest First Newest First All times are GMT + 1 Hour View next topic View previous topic Page 1 of 1 FoROOM Forum Index ~ Let's Shout! Jump to: Select a forum BREAKING NEWS! ---------------- The Roomz: Eclipse Enjoyed The Room	http://theroomz.19.forumer.com:80/viewtopic.php?p=11717&sid=3a26dce90972b24a6567438494a036d9
	20120215154132	FoROOM ~ View topic - SB information	Stachu	 _________________ "Reading Makes Life a Whole Lot Easier!" Rooms Complete 43/45 Bonus Rooms 1&2 Kish 0/4 Jan 0/10 Me 10/10 :p I can help you for rooms 1 to 43. PM me if you want. Stachu, can't you spare us any kindness for future rooms? Good boy :p I'm ignoring you right now... Ok, I'm done. Back to top nyrak Posted: Mon Sep 13, 2010 8:22 am --> Roomz fan Joined: 23 Mar 2008 Posts: 36 most definitely is as I've been stuck in room 45 for the last year Back to top Display posts from previous: All Posts 1 Day 7 Days 2 Weeks 1 Month 	http://theroomz.19.forumer.com:80/viewtopic.php?p=11717&sid=454fdcfa870628647f68c063eb7b4daf
	20120215154132	FoROOM ~ View topic - SB information	room 45	I'm ignoring you right now... Ok, I'm done. Back to top nyrak Posted: Mon Sep 13, 2010 8:22 am --> Roomz fan Joined: 23 Mar 2008 Posts: 36 most definitely is as I've been stuck in room 45 for the last year Back to top Display posts from previous: All Posts 1 Day 7 Days 2 Weeks 1 Month 3 Months 6 Months 1 Year Oldest First Newest First All times are GMT + 1 Hour View next topic View previous topic Page 1 of 1 FoROOM Forum Index ~ Let's Shout! Jump to: Select a forum BREAKING NEWS! ---------------- The Roomz: Eclipse Enjoyed The Room	http://theroomz.19.forumer.com:80/viewtopic.php?p=11717&sid=454fdcfa870628647f68c063eb7b4daf
	20080208153732	FoROOM ~ View topic - RRR - Roomz Rankings by Roomers	hint	re the password is 'death' Progress: Roomz: mine (45/45 +4) :p, eri's (1/2), RG's (2/2), kish's (4/4 with magic :p), jan's (3/3) I'm offering help via PMs only if you like cryptic hints :p Back to top tazmind Posted: Wed Oct 17, 2007 8:45 pm --> Appreciated Helper Joined: 16 Feb 2007 Posts: 373 Location: New Zealand I'll vote soon.... just trying to get out of 44 first get out? from 44? ...*sigh* so we won't see Taz's votes... :p *runs far away* _________________ --------------------------- Status: In room 45, Last step 2/4 ----	http://theroomz.19.forumer.com:80/viewtopic.php?p=7432&sid=0c892ab91f8b899c616578b04962c74f
	20080208153732	FoROOM ~ View topic - RRR - Roomz Rankings by Roomers	room 45	 soon.... just trying to get out of 44 first get out? from 44? ...*sigh* so we won't see Taz's votes... :p *runs far away* _________________ --------------------------- Status: In room 45, Last step 2/4 ------------------------------ Roomz: 44/45 Bonus Roomz: 4/4 Feel Free to PM me. WILL NOT SPOIL --------------------------- Back to top cams Posted: Thu Oct 18, 2007 7:43 am --> Supreme roomer Joined: 10 Jun 2007 Posts: 307 Location: South Korea in that case stachu, you should write something like "there won't be solutions from room	http://theroomz.19.forumer.com:80/viewtopic.php?p=7432&sid=0c892ab91f8b899c616578b04962c74f
	20071102165338	FoROOM ~ View topic - >>>CONTEST: Unique Rufus command	stachu	 to top cams Posted: Mon Aug 20, 2007 6:58 am --> Supreme roomer Joined: 10 Jun 2007 Posts: 225 Location: South Korea command: virus description: rufus infects your computer with "stachu virus". To open the internet broswer, you must solve room 24 first. To play starcraft, you must solve room 13 first. To shut down your computer, you must solve room 42 first. To........ _________________ roomz complete: normal 44/44 bonus 1, 2, 3, 4 kish 2/3 eri 1/2 RG 1 Back to top tazmind Posted: Tue Aug 21, 2007 8:16 am --> Appreciated Helper J	http://theroomz.19.forumer.com:80/viewtopic.php?p=7602&sid=e007b56f22fa0b78887437583b599edb
	20071102165338	FoROOM ~ View topic - >>>CONTEST: Unique Rufus command	room 24	omer Joined: 10 Jun 2007 Posts: 225 Location: South Korea command: virus description: rufus infects your computer with "stachu virus". To open the internet broswer, you must solve room 24 first. To play starcraft, you must solve room 13 first. To shut down your computer, you must solve room 42 first. To........ _________________ roomz complete: normal 44/44 bonus 1, 2, 3, 4 kish 2/3 eri 1/2 RG 1 Back to top tazmind Posted: Tue Aug 21, 2007 8:16 am --> Appreciated Helper Joined: 16 Feb 2007 Posts: 275 Location: New Zealand Lol that 	http://theroomz.19.forumer.com:80/viewtopic.php?p=7602&sid=e007b56f22fa0b78887437583b599edb
	20071102165338	FoROOM ~ View topic - >>>CONTEST: Unique Rufus command	room 13	th Korea command: virus description: rufus infects your computer with "stachu virus". To open the internet broswer, you must solve room 24 first. To play starcraft, you must solve room 13 first. To shut down your computer, you must solve room 42 first. To........ _________________ roomz complete: normal 44/44 bonus 1, 2, 3, 4 kish 2/3 eri 1/2 RG 1 Back to top tazmind Posted: Tue Aug 21, 2007 8:16 am --> Appreciated Helper Joined: 16 Feb 2007 Posts: 275 Location: New Zealand Lol that one made me giggle *writes down steps for all the	http://theroomz.19.forumer.com:80/viewtopic.php?p=7602&sid=e007b56f22fa0b78887437583b599edb
	20071102165338	FoROOM ~ View topic - >>>CONTEST: Unique Rufus command	room 42	mputer with "stachu virus". To open the internet broswer, you must solve room 24 first. To play starcraft, you must solve room 13 first. To shut down your computer, you must solve room 42 first. To........ _________________ roomz complete: normal 44/44 bonus 1, 2, 3, 4 kish 2/3 eri 1/2 RG 1 Back to top tazmind Posted: Tue Aug 21, 2007 8:16 am --> Appreciated Helper Joined: 16 Feb 2007 Posts: 275 Location: New Zealand Lol that one made me giggle *writes down steps for all the roomz* _________________ --------------------------- In 4	http://theroomz.19.forumer.com:80/viewtopic.php?p=7602&sid=e007b56f22fa0b78887437583b599edb
	20080208153746	FoROOM ~ View topic - Posting RULES >>>IMPORTANT!!!<<<	hint	re the password is 'death' Progress: Roomz: mine (45/45 +4) :p, eri's (1/2), RG's (2/2), kish's (4/4 with magic :p), jan's (3/3) I'm offering help via PMs only if you like cryptic hints :p Back to top tazmind Posted: Fri Aug 24, 2007 12:00 am --> Appreciated Helper Joined: 16 Feb 2007 Posts: 373 Location: New Zealand Please read the notes about PM (Private Messages) here http://theroomz.19.forumer.com/viewtopic.php?t=188 _________________ --------------------------- Status: In room 45, Last step 2/4 -----------------------------	http://theroomz.19.forumer.com:80/viewtopic.php?p=8230&sid=0c892ab91f8b899c616578b04962c74f
	20080208153746	FoROOM ~ View topic - Posting RULES >>>IMPORTANT!!!<<<	theroomz	tazmind Posted: Fri Aug 24, 2007 12:00 am --> Appreciated Helper Joined: 16 Feb 2007 Posts: 373 Location: New Zealand Please read the notes about PM (Private Messages) here http://theroomz.19.forumer.com/viewtopic.php?t=188 _________________ --------------------------- Status: In room 45, Last step 2/4 ------------------------------ Roomz: 44/45 Bonus Roomz: 4/4 Feel Free to PM me. WILL NOT SPOIL --------------------------- Back to top switchblade Posted: Wed Sep 19, 2007 8:04 pm --> Little roomer Joined: 19 Sep 2007 Posts: 21 i hop	http://theroomz.19.forumer.com:80/viewtopic.php?p=8230&sid=0c892ab91f8b899c616578b04962c74f
	20080208153746	FoROOM ~ View topic - Posting RULES >>>IMPORTANT!!!<<<	room 45	ion: New Zealand Please read the notes about PM (Private Messages) here http://theroomz.19.forumer.com/viewtopic.php?t=188 _________________ --------------------------- Status: In room 45, Last step 2/4 ------------------------------ Roomz: 44/45 Bonus Roomz: 4/4 Feel Free to PM me. WILL NOT SPOIL --------------------------- Back to top switchblade Posted: Wed Sep 19, 2007 8:04 pm --> Little roomer Joined: 19 Sep 2007 Posts: 21 i hope this works. i've never posted anything and i don't know what i'm doing. can someone help me with t	http://theroomz.19.forumer.com:80/viewtopic.php?p=8230&sid=0c892ab91f8b899c616578b04962c74f
	20080208153806	FoROOM ~ View topic - Bonus room 4 - The Big Secret.	room 45	-> Appreciated Helper Joined: 16 Feb 2007 Posts: 373 Location: New Zealand you sure you are putting it in the right place? _________________ --------------------------- Status: In room 45, Last step 2/4 ------------------------------ Roomz: 44/45 Bonus Roomz: 4/4 Feel Free to PM me. WILL NOT SPOIL --------------------------- Back to top paulcito Posted: Thu Dec 13, 2007 11:15 am --> Junior Helper Joined: 28 Sep 2007 Posts: 155 Location: Montevideo, Uruguay I've tried Hss, locker and quick pass.... Is there another place to do it???	http://theroomz.19.forumer.com:80/viewtopic.php?p=8422&sid=0c892ab91f8b899c616578b04962c74f
	20080208153806	FoROOM ~ View topic - Bonus room 4 - The Big Secret.	hint	 riddles 5/5 RG riddles 1/2 kish rooms 1/3 Back to top tazmind Posted: Thu Dec 13, 2007 12:15 pm --> Appreciated Helper Joined: 16 Feb 2007 Posts: 373 Location: New Zealand just a hint, remember anagram sites dont always give the many variations of order the words could be in for a multiple word anagram... i suggest pen and paper for this one _________________ --------------------------- Status: In room 45, Last step 2/4 ------------------------------ Roomz: 44/45 Bonus Roomz: 4/4 Feel Free to PM me. WILL NOT SPOIL -------------	http://theroomz.19.forumer.com:80/viewtopic.php?p=8422&sid=0c892ab91f8b899c616578b04962c74f
	20080208153806	FoROOM ~ View topic - Bonus room 4 - The Big Secret.	room 45	ive the many variations of order the words could be in for a multiple word anagram... i suggest pen and paper for this one _________________ --------------------------- Status: In room 45, Last step 2/4 ------------------------------ Roomz: 44/45 Bonus Roomz: 4/4 Feel Free to PM me. WILL NOT SPOIL --------------------------- Back to top paulcito Posted: Thu Dec 13, 2007 2:13 pm --> Junior Helper Joined: 28 Sep 2007 Posts: 155 Location: Montevideo, Uruguay You really know how to give hope to my soul.... Edit: I'm REALLY IN the BR4 n	http://theroomz.19.forumer.com:80/viewtopic.php?p=8422&sid=0c892ab91f8b899c616578b04962c74f
	20080208153806	FoROOM ~ View topic - Bonus room 4 - The Big Secret.	ROOM 4	with the paper? :S HELP Back to top tazmind Posted: Fri Dec 14, 2007 10:20 pm --> Appreciated Helper Joined: 16 Feb 2007 Posts: 373 Location: New Zealand Elzy... this is for BONUS ROOM 4... pla post your query in the ROOM 4 thread, thanks _________________ --------------------------- Status: In room 45, Last step 2/4 ------------------------------ Roomz: 44/45 Bonus Roomz: 4/4 Feel Free to PM me. WILL NOT SPOIL --------------------------- Back to top Display posts from previous: All Posts 1 Day 7 Days 2 Weeks 1 Month 3 Months 6 Mo	http://theroomz.19.forumer.com:80/viewtopic.php?p=8422&sid=0c892ab91f8b899c616578b04962c74f
	20080208153806	FoROOM ~ View topic - Bonus room 4 - The Big Secret.	ROOM 4	azmind Posted: Fri Dec 14, 2007 10:20 pm --> Appreciated Helper Joined: 16 Feb 2007 Posts: 373 Location: New Zealand Elzy... this is for BONUS ROOM 4... pla post your query in the ROOM 4 thread, thanks _________________ --------------------------- Status: In room 45, Last step 2/4 ------------------------------ Roomz: 44/45 Bonus Roomz: 4/4 Feel Free to PM me. WILL NOT SPOIL --------------------------- Back to top Display posts from previous: All Posts 1 Day 7 Days 2 Weeks 1 Month 3 Months 6 Months 1 Year Oldest First Newest First	http://theroomz.19.forumer.com:80/viewtopic.php?p=8422&sid=0c892ab91f8b899c616578b04962c74f
	20080208153806	FoROOM ~ View topic - Bonus room 4 - The Big Secret.	room 45	2007 Posts: 373 Location: New Zealand Elzy... this is for BONUS ROOM 4... pla post your query in the ROOM 4 thread, thanks _________________ --------------------------- Status: In room 45, Last step 2/4 ------------------------------ Roomz: 44/45 Bonus Roomz: 4/4 Feel Free to PM me. WILL NOT SPOIL --------------------------- Back to top Display posts from previous: All Posts 1 Day 7 Days 2 Weeks 1 Month 3 Months 6 Months 1 Year Oldest First Newest First All times are GMT + 1 Hour View next topic View previous topic Page 3 of 3 Goto	http://theroomz.19.forumer.com:80/viewtopic.php?p=8422&sid=0c892ab91f8b899c616578b04962c74f
	20080127113246	FoROOM ~ View topic - Moderators	room 45	'm not a moderator... but if anyone needs help Via PM while some of the mod's are away... I'm happy to help. So PM away... _________________ --------------------------- Status: In room 45, Last step 2/4 ------------------------------ Roomz: 44/45 Bonus Roomz: 4/4 Feel Free to PM me. WILL NOT SPOIL --------------------------- Back to top cams Posted: Thu Aug 02, 2007 11:43 am --> Supreme roomer Joined: 10 Jun 2007 Posts: 300 Location: South Korea what on earth have you done sas? why do you have a virus? _________________ roomz compl	http://theroomz.19.forumer.com:80/viewtopic.php?p=8439&sid=7ef5711a0baa9b282c62bad9f68405d2
	20080127113246	FoROOM ~ View topic - Moderators	room 45	eciated Helper Joined: 16 Feb 2007 Posts: 370 Location: New Zealand Not me shouldn't you have thrown this in mod's help??? _________________ --------------------------- Status: In room 45, Last step 2/4 ------------------------------ Roomz: 44/45 Bonus Roomz: 4/4 Feel Free to PM me. WILL NOT SPOIL --------------------------- Back to top sas Posted: Sun Aug 26, 2007 4:36 am --> Appreciated Helper Joined: 30 Oct 2006 Posts: 532 Location: Melbourne, Australia I was using the pink (or violet) as Stachu told me to. Dunno about the blue!	http://theroomz.19.forumer.com:80/viewtopic.php?p=8439&sid=7ef5711a0baa9b282c62bad9f68405d2
	20080127113246	FoROOM ~ View topic - Moderators	hint	re the password is 'death' Progress: Roomz: mine (45/45 +4) :p, eri's (1/2), RG's (2/2), kish's (4/4 with magic :p), jan's (3/3) I'm offering help via PMs only if you like cryptic hints :p Back to top tazmind Posted: Sat Dec 15, 2007 10:55 pm --> Appreciated Helper Joined: 16 Feb 2007 Posts: 370 Location: New Zealand .:Stachu:. wrote: Congratz for Tazmind - our new moderator :p You should choose a color of moderating for urself :p Done _________________ --------------------------- Status: In room 45, Last step 2/4 --------------	http://theroomz.19.forumer.com:80/viewtopic.php?p=8439&sid=7ef5711a0baa9b282c62bad9f68405d2
	20080127113246	FoROOM ~ View topic - Moderators	Stachu	 help via PMs only if you like cryptic hints :p Back to top tazmind Posted: Sat Dec 15, 2007 10:55 pm --> Appreciated Helper Joined: 16 Feb 2007 Posts: 370 Location: New Zealand .:Stachu:. wrote: Congratz for Tazmind - our new moderator :p You should choose a color of moderating for urself :p Done _________________ --------------------------- Status: In room 45, Last step 2/4 ------------------------------ Roomz: 44/45 Bonus Roomz: 4/4 Feel Free to PM me. WILL NOT SPOIL --------------------------- Back to top Display posts from pr	http://theroomz.19.forumer.com:80/viewtopic.php?p=8439&sid=7ef5711a0baa9b282c62bad9f68405d2
	20080127113246	FoROOM ~ View topic - Moderators	room 45	d .:Stachu:. wrote: Congratz for Tazmind - our new moderator :p You should choose a color of moderating for urself :p Done _________________ --------------------------- Status: In room 45, Last step 2/4 ------------------------------ Roomz: 44/45 Bonus Roomz: 4/4 Feel Free to PM me. WILL NOT SPOIL --------------------------- Back to top Display posts from previous: All Posts 1 Day 7 Days 2 Weeks 1 Month 3 Months 6 Months 1 Year Oldest First Newest First All times are GMT + 1 Hour View next topic View previous topic Page 1 of 1 FoRO	http://theroomz.19.forumer.com:80/viewtopic.php?p=8439&sid=7ef5711a0baa9b282c62bad9f68405d2
	20080208153811	FoROOM ~ View topic - Room 45 - When will it come out?	Room 45	FoROOM ~ View topic - Room 45 - When will it come out? FAQ Search Memberlist Usergroups fChat Log in Register Author Message Roomz ~ Room 45 - When will it come out? cams Posted: Mon Nov 05, 2007 7:52 am --> Supreme roomer Joined: 10 Jun 2007 Posts: 307 Location: South Korea I wasn't asking Stachu to release room 45 at this moment. I just misunderstood the progress. I thought 	http://theroomz.19.forumer.com:80/viewtopic.php?p=8462&sid=0c892ab91f8b899c616578b04962c74f
	20080208153811	FoROOM ~ View topic - Room 45 - When will it come out?	Room 45	FoROOM ~ View topic - Room 45 - When will it come out? FAQ Search Memberlist Usergroups fChat Log in Register Author Message Roomz ~ Room 45 - When will it come out? cams Posted: Mon Nov 05, 2007 7:52 am --> Supreme roomer Joined: 10 Jun 2007 Posts: 307 Location: South Korea I wasn't asking Stachu to release room 45 at this moment. I just misunderstood the progress. I thought it changed into none because the room is complete. While it really meant that he's busy again. ________________	http://theroomz.19.forumer.com:80/viewtopic.php?p=8462&sid=0c892ab91f8b899c616578b04962c74f
	20080208153811	FoROOM ~ View topic - Room 45 - When will it come out?	Stachu	thor Message Roomz ~ Room 45 - When will it come out? cams Posted: Mon Nov 05, 2007 7:52 am --> Supreme roomer Joined: 10 Jun 2007 Posts: 307 Location: South Korea I wasn't asking Stachu to release room 45 at this moment. I just misunderstood the progress. I thought it changed into none because the room is complete. While it really meant that he's busy again. _________________ roomz complete: normal 44/45 bonus 1, 2, 3, 4 kish 2/3 eri 2/2 RG 1 jan 5/10 Back to top .:Stachu:. Posted: Tue Dec 18, 2007 1:48 am --> Lord of The Roomz J	http://theroomz.19.forumer.com:80/viewtopic.php?p=8462&sid=0c892ab91f8b899c616578b04962c74f
	20080208153811	FoROOM ~ View topic - Room 45 - When will it come out?	room 45	 ~ Room 45 - When will it come out? cams Posted: Mon Nov 05, 2007 7:52 am --> Supreme roomer Joined: 10 Jun 2007 Posts: 307 Location: South Korea I wasn't asking Stachu to release room 45 at this moment. I just misunderstood the progress. I thought it changed into none because the room is complete. While it really meant that he's busy again. _________________ roomz complete: normal 44/45 bonus 1, 2, 3, 4 kish 2/3 eri 2/2 RG 1 jan 5/10 Back to top .:Stachu:. Posted: Tue Dec 18, 2007 1:48 am --> Lord of The Roomz Joined: 22 Sep 2006 	http://theroomz.19.forumer.com:80/viewtopic.php?p=8462&sid=0c892ab91f8b899c616578b04962c74f
	20080208153811	FoROOM ~ View topic - Room 45 - When will it come out?	Stachu	ause the room is complete. While it really meant that he's busy again. _________________ roomz complete: normal 44/45 bonus 1, 2, 3, 4 kish 2/3 eri 2/2 RG 1 jan 5/10 Back to top .:Stachu:. Posted: Tue Dec 18, 2007 1:48 am --> Lord of The Roomz Joined: 22 Sep 2006 Posts: 1347 Location: Hell Refreshing the topic to announce that room is almost ready. Let's say... 92-93% :p Two-three days, not counting all the tests which have to be finished before the release. So stay tuned, Christmas present is coming... So then what do the testers	http://theroomz.19.forumer.com:80/viewtopic.php?p=8462&sid=0c892ab91f8b899c616578b04962c74f
	20080208153811	FoROOM ~ View topic - Room 45 - When will it come out?	Stachu	 before the release. So stay tuned, Christmas present is coming... So then what do the testers get?? A ban for writing in my post :p *is tempting a ban*... HELLO! Last edited by .:Stachu:. on Tue Dec 18, 2007 6:22 pm; edited 1 time in total _________________ .....:::ENTER THE ROOMZ:::..... Life is a room where the password is 'death' Progress: Roomz: mine (45/45 +4) :p, eri's (1/2), RG's (2/2), kish's (4/4 with magic :p), jan's (3/3) I'm offering help via PMs only if you like cryptic hints :p Back to top cams Posted: Tue Dec 18, 2	http://theroomz.19.forumer.com:80/viewtopic.php?p=8462&sid=0c892ab91f8b899c616578b04962c74f
	20080208153811	FoROOM ~ View topic - Room 45 - When will it come out?	password	 tempting a ban*... HELLO! Last edited by .:Stachu:. on Tue Dec 18, 2007 6:22 pm; edited 1 time in total _________________ .....:::ENTER THE ROOMZ:::..... Life is a room where the password is 'death' Progress: Roomz: mine (45/45 +4) :p, eri's (1/2), RG's (2/2), kish's (4/4 with magic :p), jan's (3/3) I'm offering help via PMs only if you like cryptic hints :p Back to top cams Posted: Tue Dec 18, 2007 7:52 am --> Supreme roomer Joined: 10 Jun 2007 Posts: 307 Location: South Korea It's going to be like "nightmare before christmas" (th	http://theroomz.19.forumer.com:80/viewtopic.php?p=8462&sid=0c892ab91f8b899c616578b04962c74f
	20080208153811	FoROOM ~ View topic - Room 45 - When will it come out?	hint	re the password is 'death' Progress: Roomz: mine (45/45 +4) :p, eri's (1/2), RG's (2/2), kish's (4/4 with magic :p), jan's (3/3) I'm offering help via PMs only if you like cryptic hints :p Back to top cams Posted: Tue Dec 18, 2007 7:52 am --> Supreme roomer Joined: 10 Jun 2007 Posts: 307 Location: South Korea It's going to be like "nightmare before christmas" (that movie was fun " _________________ roomz complete: normal 44/45 bonus 1, 2, 3, 4 kish 2/3 eri 2/2 RG 1 jan 5/10 Back to top Display posts from previous: All Posts 1 Da	http://theroomz.19.forumer.com:80/viewtopic.php?p=8462&sid=0c892ab91f8b899c616578b04962c74f
	20080208153822	FoROOM ~ View topic - Bonus Room 3 - Lord of the Colony	room 45	osts: 373 Location: New Zealand Paulcito... PM me with what your doing... i'll see if i can aim you in the right direction _________________ --------------------------- Status: In room 45, Last step 2/4 ------------------------------ Roomz: 44/45 Bonus Roomz: 4/4 Feel Free to PM me. WILL NOT SPOIL --------------------------- Back to top paulcito Posted: Thu Dec 20, 2007 7:00 pm --> Junior Helper Joined: 28 Sep 2007 Posts: 155 Location: Montevideo, Uruguay Hey, Stachu... You have to install the possibility to "save the game", becaus	http://theroomz.19.forumer.com:80/viewtopic.php?p=8699&sid=0c892ab91f8b899c616578b04962c74f
	20080208153831	FoROOM ~ View topic - On Walkthroughs and Cheating	room 28	07 7:54 pm --> Appreciated Helper Joined: 17 Oct 2006 Posts: 841 Location: London, England We are well aware that there are many walkthroughs on the Web for The Roomz. Some end at room 28, some end at 31 - there may even be some up to room 44. If you want to use a walkthrough, go ahead, but don't then come in here when the walkthrough ends and ask for help. We'll only tell you to go back to room 1 and work out the logic yourself so you know what type of thinking is required. Of course, we prefer that you don't use the walkthroughs 	http://theroomz.19.forumer.com:80/viewtopic.php?p=8967&sid=0c892ab91f8b899c616578b04962c74f
	20080208153831	FoROOM ~ View topic - On Walkthroughs and Cheating	room 44	osts: 841 Location: London, England We are well aware that there are many walkthroughs on the Web for The Roomz. Some end at room 28, some end at 31 - there may even be some up to room 44. If you want to use a walkthrough, go ahead, but don't then come in here when the walkthrough ends and ask for help. We'll only tell you to go back to room 1 and work out the logic yourself so you know what type of thinking is required. Of course, we prefer that you don't use the walkthroughs - it's much more rewarding, in our (mods and AHs) opini	http://theroomz.19.forumer.com:80/viewtopic.php?p=8967&sid=0c892ab91f8b899c616578b04962c74f
	20080208153831	FoROOM ~ View topic - On Walkthroughs and Cheating	room 1	y even be some up to room 44. If you want to use a walkthrough, go ahead, but don't then come in here when the walkthrough ends and ask for help. We'll only tell you to go back to room 1 and work out the logic yourself so you know what type of thinking is required. Of course, we prefer that you don't use the walkthroughs - it's much more rewarding, in our (mods and AHs) opinion, to finish a game yourself. There's nothing better than the feeling of victory once you finish that really hard room or part of a room. So, be warned: If w	http://theroomz.19.forumer.com:80/viewtopic.php?p=8967&sid=0c892ab91f8b899c616578b04962c74f
	20080108024600	FoROOM ~ View topic - Level 4 - forgotten life	Stachu	earer picture so that I can help you. _________________ "Reading Makes Life a Whole Lot Easier!" Rooms Complete 34/45 Kish 0/4 I can help you for rooms 1 to 34. PM me if you want. Stachu, can't you spare us any kindness for future rooms? Back to top tazmind Posted: Fri Jan 04, 2008 2:06 am --> Appreciated Helper Joined: 16 Feb 2007 Posts: 352 Location: New Zealand mz.... look EVERYWHERE _________________ --------------------------- Status: In room 45, Last step 2/4 ON HOLD ------------------------------ Roomz: 44/45 Bonus Roomz: 4	http://theroomz.19.forumer.com:80/viewtopic.php?p=8992&sid=c92bac1fca9dab9682eafd1c1e963b6f
	20080108024600	FoROOM ~ View topic - Level 4 - forgotten life	room 45	ri Jan 04, 2008 2:06 am --> Appreciated Helper Joined: 16 Feb 2007 Posts: 352 Location: New Zealand mz.... look EVERYWHERE _________________ --------------------------- Status: In room 45, Last step 2/4 ON HOLD ------------------------------ Roomz: 44/45 Bonus Roomz: 4/4 Feel Free to PM me. WILL NOT SPOIL Will answer within 24 hours, am having PC problems again --------------------------- Back to top Kaori Posted: Fri Jan 04, 2008 4:31 am --> Wanderer Joined: 03 Jan 2008 Posts: 2 Okay...so yeah...XD I have all four words and I'm pr	http://theroomz.19.forumer.com:80/viewtopic.php?p=8992&sid=c92bac1fca9dab9682eafd1c1e963b6f
	20080208153849	FoROOM ~ View topic - Room 40 - Not another checking	Room 40	FoROOM ~ View topic - Room 40 - Not another checking FAQ Search Memberlist Usergroups fChat Log in Register Author Message Roomz ~ Room 40 - Not another checking curiousgeorgie Posted: Mon Oct 08, 2007 1:56 am --> Little roomer Joined: 02 Jan 2007 Posts: 13 I know, I used BODMAS (or PEMDAS, as I learned it) but my answer still isn't making sense to me. Back to top sas Posted: 	http://theroomz.19.forumer.com:80/viewtopic.php?p=9319&sid=0c892ab91f8b899c616578b04962c74f
	20080208153849	FoROOM ~ View topic - Room 40 - Not another checking	Room 40	FoROOM ~ View topic - Room 40 - Not another checking FAQ Search Memberlist Usergroups fChat Log in Register Author Message Roomz ~ Room 40 - Not another checking curiousgeorgie Posted: Mon Oct 08, 2007 1:56 am --> Little roomer Joined: 02 Jan 2007 Posts: 13 I know, I used BODMAS (or PEMDAS, as I learned it) but my answer still isn't making sense to me. Back to top sas Posted: Mon Oct 08, 2007 2:11 am --> Appreciated Helper Joined: 30 Oct 2006 Posts: 535 Location: Melbourne, Australia	http://theroomz.19.forumer.com:80/viewtopic.php?p=9319&sid=0c892ab91f8b899c616578b04962c74f
	20080208153903	FoROOM ~ View topic - Room 22 - Hot Sun	hint	ll i can say is try _________________ 44/45 Roomz completed 4/4 Bonus completed 1/3 kish rooms completed ############################## If you are stuck, PM me. I will try to give hints, but don't expect ANSWERS from me Back to top tazmind Posted: Tue Sep 18, 2007 2:21 am --> Appreciated Helper Joined: 16 Feb 2007 Posts: 373 Location: New Zealand And try and try and try again... it's a pain but it can be done _________________ --------------------------- Status: In room 45, Last step 2/4 ------------------------------ Roomz: 44/	http://theroomz.19.forumer.com:80/viewtopic.php?p=9447&sid=0c892ab91f8b899c616578b04962c74f
	20080208153903	FoROOM ~ View topic - Room 22 - Hot Sun	room 45	elper Joined: 16 Feb 2007 Posts: 373 Location: New Zealand And try and try and try again... it's a pain but it can be done _________________ --------------------------- Status: In room 45, Last step 2/4 ------------------------------ Roomz: 44/45 Bonus Roomz: 4/4 Feel Free to PM me. WILL NOT SPOIL --------------------------- Back to top Anairda Posted: Fri Oct 05, 2007 7:44 pm --> Little roomer Joined: 20 Sep 2007 Posts: 20 Location: ARGENTINA Please! help! a word appeared. and i've tried a lot of things to continue and i'm still s	http://theroomz.19.forumer.com:80/viewtopic.php?p=9447&sid=0c892ab91f8b899c616578b04962c74f
	20080208153903	FoROOM ~ View topic - Room 22 - Hot Sun	room 45	preciated Helper Joined: 16 Feb 2007 Posts: 373 Location: New Zealand Lord... it is all a case of how you hold your tounge _________________ --------------------------- Status: In room 45, Last step 2/4 ------------------------------ Roomz: 44/45 Bonus Roomz: 4/4 Feel Free to PM me. WILL NOT SPOIL --------------------------- Back to top Display posts from previous: All Posts 1 Day 7 Days 2 Weeks 1 Month 3 Months 6 Months 1 Year Oldest First Newest First All times are GMT + 1 Hour View next topic View previous topic Page 4 of 4 Goto	http://theroomz.19.forumer.com:80/viewtopic.php?p=9447&sid=0c892ab91f8b899c616578b04962c74f
	20080208153913	FoROOM ~ View topic - Room 39 - Rufus	hint	 am --> Appreciated Helper Joined: 16 Feb 2007 Posts: 373 Location: New Zealand cams wrote: Dambo wrote: I got Rufus, but I don't know what to do with the dots although I know the hints! Am I supposed to c****** them , because nothing comes up when I try it (and I have tried many different ways to do it)! unlike taz, if i understood c****** correctly, i think you're doing the right thing. However i think he is trying to do this thing in the wrong way _________________ --------------------------- Status: In room 45, Last step 2/4	http://theroomz.19.forumer.com:80/viewtopic.php?p=9472&sid=0c892ab91f8b899c616578b04962c74f
	20080208153913	FoROOM ~ View topic - Room 39 - Rufus	room 45	od c****** correctly, i think you're doing the right thing. However i think he is trying to do this thing in the wrong way _________________ --------------------------- Status: In room 45, Last step 2/4 ------------------------------ Roomz: 44/45 Bonus Roomz: 4/4 Feel Free to PM me. WILL NOT SPOIL --------------------------- Back to top Dambo Posted: Sat Oct 27, 2007 5:44 pm --> Little roomer Joined: 31 Oct 2006 Posts: 20 What do you mean "in the wrong way"? Could someone please send a pm? I am soooooo stuck with these dots!!!!!!! 	http://theroomz.19.forumer.com:80/viewtopic.php?p=9472&sid=0c892ab91f8b899c616578b04962c74f
	20080208153913	FoROOM ~ View topic - Room 39 - Rufus	room 45	ed: 16 Feb 2007 Posts: 373 Location: New Zealand Hom, on the right track... it's not a code... it's just missing something _________________ --------------------------- Status: In room 45, Last step 2/4 ------------------------------ Roomz: 44/45 Bonus Roomz: 4/4 Feel Free to PM me. WILL NOT SPOIL --------------------------- Back to top hom Posted: Thu Jan 03, 2008 5:32 pm --> Little roomer Joined: 18 Nov 2007 Posts: 11 Thanks tazmid, I think it's missing the l**** between the dots, i'm on the right way? ~ Tazmind Back to top animo	http://theroomz.19.forumer.com:80/viewtopic.php?p=9472&sid=0c892ab91f8b899c616578b04962c74f
	20080208153920	FoROOM ~ View topic - Room 38 - The flickering	Room 38	FoROOM ~ View topic - Room 38 - The flickering FAQ Search Memberlist Usergroups fChat Log in Register Author Message Roomz ~ Room 38 - The flickering tazmind Posted: Sat Nov 24, 2007 4:47 am --> Appreciated Helper Joined: 16 Feb 2007 Posts: 373 Location: New Zealand Lol... annoying yes.. but bet you feel smart now _________________ --------------------------- Status: In room 45, Last step 2/4 ------------------------------ Roomz: 44/45 Bonus Roomz: 4/4 Feel Free to PM me. WILL 	http://theroomz.19.forumer.com:80/viewtopic.php?p=9514&sid=0c892ab91f8b899c616578b04962c74f
	20080208153920	FoROOM ~ View topic - Room 38 - The flickering	room 45	> Appreciated Helper Joined: 16 Feb 2007 Posts: 373 Location: New Zealand Lol... annoying yes.. but bet you feel smart now _________________ --------------------------- Status: In room 45, Last step 2/4 ------------------------------ Roomz: 44/45 Bonus Roomz: 4/4 Feel Free to PM me. WILL NOT SPOIL --------------------------- Back to top Belgarion Posted: Mon Nov 26, 2007 10:38 pm --> Roomz fan Joined: 23 Oct 2007 Posts: 31 Location: La Plata, Buenos Aires, Argentina you could say so, and you'd be right!!!! trying not to remember th	http://theroomz.19.forumer.com:80/viewtopic.php?p=9514&sid=0c892ab91f8b899c616578b04962c74f
	20080208153920	FoROOM ~ View topic - Room 38 - The flickering	Stachu	me foreign characters. Help? _________________ "Reading Makes Life a Whole Lot Easier!" Rooms Complete 38/45 Kish 0/4 Jan 0/10 I can help you for rooms 1 to 38. PM me if you want. Stachu, can't you spare us any kindness for future rooms? Back to top tazmind Posted: Sat Jan 19, 2008 9:08 pm --> Appreciated Helper Joined: 16 Feb 2007 Posts: 373 Location: New Zealand spounds like you are translaing incorrectly _________________ --------------------------- Status: In room 45, Last step 2/4 ------------------------------ Roomz: 44/45 B	http://theroomz.19.forumer.com:80/viewtopic.php?p=9514&sid=0c892ab91f8b899c616578b04962c74f
	20080208153920	FoROOM ~ View topic - Room 38 - The flickering	room 45	pm --> Appreciated Helper Joined: 16 Feb 2007 Posts: 373 Location: New Zealand spounds like you are translaing incorrectly _________________ --------------------------- Status: In room 45, Last step 2/4 ------------------------------ Roomz: 44/45 Bonus Roomz: 4/4 Feel Free to PM me. WILL NOT SPOIL --------------------------- Back to top puzzle_hunter Posted: Sat Jan 19, 2008 9:12 pm --> Junior Helper Joined: 31 Dec 2007 Posts: 210 Location: The Local Library, USA I double-checked the numbers and they're all correct. What's wrong?!?	http://theroomz.19.forumer.com:80/viewtopic.php?p=9514&sid=0c892ab91f8b899c616578b04962c74f
	20080208153920	FoROOM ~ View topic - Room 38 - The flickering	Stachu	all correct. What's wrong?!? _________________ "Reading Makes Life a Whole Lot Easier!" Rooms Complete 38/45 Kish 0/4 Jan 0/10 I can help you for rooms 1 to 38. PM me if you want. Stachu, can't you spare us any kindness for future rooms? Back to top tazmind Posted: Sat Jan 19, 2008 9:18 pm --> Appreciated Helper Joined: 16 Feb 2007 Posts: 373 Location: New Zealand hmmmm open you eyes _________________ --------------------------- Status: In room 45, Last step 2/4 ------------------------------ Roomz: 44/45 Bonus Roomz: 4/4 Feel Fre	http://theroomz.19.forumer.com:80/viewtopic.php?p=9514&sid=0c892ab91f8b899c616578b04962c74f
	20080208153920	FoROOM ~ View topic - Room 38 - The flickering	room 45	: Sat Jan 19, 2008 9:18 pm --> Appreciated Helper Joined: 16 Feb 2007 Posts: 373 Location: New Zealand hmmmm open you eyes _________________ --------------------------- Status: In room 45, Last step 2/4 ------------------------------ Roomz: 44/45 Bonus Roomz: 4/4 Feel Free to PM me. WILL NOT SPOIL --------------------------- Back to top puzzle_hunter Posted: Sat Jan 19, 2008 9:30 pm --> Junior Helper Joined: 31 Dec 2007 Posts: 210 Location: The Local Library, USA I got it!!! I now see what the d*** are for. Now to the next note. U*	http://theroomz.19.forumer.com:80/viewtopic.php?p=9514&sid=0c892ab91f8b899c616578b04962c74f
	20080208153924	FoROOM ~ View topic - Room 15 - shame :P	hint	g for 4th Back to top tazmind Posted: Mon Aug 27, 2007 9:50 pm --> Appreciated Helper Joined: 16 Feb 2007 Posts: 373 Location: New Zealand sarah88t wrote: please help me... i've 3 hints, the hidden words, i think to know how convert but... searching on google i understand the type of conversion but is a numeric one! and there aren't number here! how to do it with letters??? i think you need to focus on what you needto convert _________________ --------------------------- Status: In room 45, Last step 2/4 ------------------------	http://theroomz.19.forumer.com:80/viewtopic.php?p=9520&sid=0c892ab91f8b899c616578b04962c74f
	20080208153924	FoROOM ~ View topic - Room 15 - shame :P	room 45	meric one! and there aren't number here! how to do it with letters??? i think you need to focus on what you needto convert _________________ --------------------------- Status: In room 45, Last step 2/4 ------------------------------ Roomz: 44/45 Bonus Roomz: 4/4 Feel Free to PM me. WILL NOT SPOIL --------------------------- Back to top Q-Idel Posted: Tue Aug 28, 2007 11:12 pm --> Little roomer Joined: 28 Aug 2007 Posts: 16 Location: Rochester, NY took a break, back now. I really liked 14. so unsure what to do now, I think it shoul	http://theroomz.19.forumer.com:80/viewtopic.php?p=9520&sid=0c892ab91f8b899c616578b04962c74f
	20080208153924	FoROOM ~ View topic - Room 15 - shame :P	room 45	73 Location: New Zealand take another look... with fresh eyes.. you may be able to spot some simeralites that wil help you _________________ --------------------------- Status: In room 45, Last step 2/4 ------------------------------ Roomz: 44/45 Bonus Roomz: 4/4 Feel Free to PM me. WILL NOT SPOIL --------------------------- Back to top Q-Idel Posted: Tue Aug 28, 2007 11:31 pm --> Little roomer Joined: 28 Aug 2007 Posts: 16 Location: Rochester, NY ok, I will try again tomorrow edit: oh wait, duh! so obvious next room will wait unti	http://theroomz.19.forumer.com:80/viewtopic.php?p=9520&sid=0c892ab91f8b899c616578b04962c74f
	20080208153924	FoROOM ~ View topic - Room 15 - shame :P	room 45	: New Zealand lol.... good on ya.... but plz dont double post... edit your previous one.... makes the forum look tidyer... _________________ --------------------------- Status: In room 45, Last step 2/4 ------------------------------ Roomz: 44/45 Bonus Roomz: 4/4 Feel Free to PM me. WILL NOT SPOIL --------------------------- Back to top ffh Posted: Fri Sep 14, 2007 12:02 pm --> Wanderer Joined: 12 Sep 2007 Posts: 7 pls help me, pm me, I've found a few things and did a few things, but I can't tell it here, because it would be too sp	http://theroomz.19.forumer.com:80/viewtopic.php?p=9520&sid=0c892ab91f8b899c616578b04962c74f
	20080208153924	FoROOM ~ View topic - Room 15 - shame :P	room 45	 2007 Posts: 373 Location: New Zealand PLease dont double post, edit your previous one (waits for mod to edit it properly) _________________ --------------------------- Status: In room 45, Last step 2/4 ------------------------------ Roomz: 44/45 Bonus Roomz: 4/4 Feel Free to PM me. WILL NOT SPOIL --------------------------- Back to top kitnakatina Posted: Wed Oct 03, 2007 9:33 pm --> Little roomer Joined: 01 Oct 2007 Posts: 10 Location: London I've read all the posts, I've 3 notes, one word and I know the system to convert, but I'	http://theroomz.19.forumer.com:80/viewtopic.php?p=9520&sid=0c892ab91f8b899c616578b04962c74f
	20080208153924	FoROOM ~ View topic - Room 15 - shame :P	room 45	8 9:27 pm --> Appreciated Helper Joined: 16 Feb 2007 Posts: 373 Location: New Zealand open your eyes, its not hard to find _________________ --------------------------- Status: In room 45, Last step 2/4 ------------------------------ Roomz: 44/45 Bonus Roomz: 4/4 Feel Free to PM me. WILL NOT SPOIL --------------------------- Back to top MeLiSsA Posted: Tue Jan 22, 2008 6:16 am --> Wanderer Joined: 18 Jan 2008 Posts: 4 Can someone please PM me? I have 3 notes. I know the system to use but I do not know the word to convert. I think I	http://theroomz.19.forumer.com:80/viewtopic.php?p=9520&sid=0c892ab91f8b899c616578b04962c74f
	20080208153924	FoROOM ~ View topic - Room 15 - shame :P	room 45	n 22, 2008 7:15 am --> Appreciated Helper Joined: 16 Feb 2007 Posts: 373 Location: New Zealand The word is in front of you _________________ --------------------------- Status: In room 45, Last step 2/4 ------------------------------ Roomz: 44/45 Bonus Roomz: 4/4 Feel Free to PM me. WILL NOT SPOIL --------------------------- Back to top Display posts from previous: All Posts 1 Day 7 Days 2 Weeks 1 Month 3 Months 6 Months 1 Year Oldest First Newest First All times are GMT + 1 Hour View next topic View previous topic Page 4 of 4 Goto	http://theroomz.19.forumer.com:80/viewtopic.php?p=9520&sid=0c892ab91f8b899c616578b04962c74f
	20080208153944	FoROOM ~ View topic - Room 6 - which wicked witch is which?!	room 45	Fri Jan 18, 2008 8:53 pm --> Appreciated Helper Joined: 16 Feb 2007 Posts: 373 Location: New Zealand Have you got a space? _________________ --------------------------- Status: In room 45, Last step 2/4 ------------------------------ Roomz: 44/45 Bonus Roomz: 4/4 Feel Free to PM me. WILL NOT SPOIL --------------------------- Back to top alain Posted: Fri Jan 18, 2008 9:00 pm --> Wanderer Joined: 08 Jan 2008 Posts: 6 Ohhh.... I see... I was under the impression that it all had to be together... Thanks Taz! Back to top Tracyann Poste	http://theroomz.19.forumer.com:80/viewtopic.php?p=9584&sid=0c892ab91f8b899c616578b04962c74f
	20080208153948	FoROOM ~ View topic - Room 24 - Upside down and sideways	room 40	Wanderer Joined: 11 Jan 2008 Posts: 3 Can you be more specific about what you mean by 'the d***** bit'? Where exactly are you stuck? The last bit, I think. _________________ On to room 40... Back to top Music is my life Posted: Thu Jan 24, 2008 10:10 pm --> Little roomer Joined: 30 Nov 2007 Posts: 16 Location: AUSTRALIA!!!!! soz if I was spoily I got a note about the p******* in d***** If you could help that would be nice and I dont know which locker to use. should I pm someone with what I am up to? Back to top Jim Gamma Posted: Th	http://theroomz.19.forumer.com:80/viewtopic.php?p=9595&sid=0c892ab91f8b899c616578b04962c74f
	20080208153953	FoROOM ~ View topic - Room 44 - A real pain...	Room 44	FoROOM ~ View topic - Room 44 - A real pain... FAQ Search Memberlist Usergroups fChat Log in Register Author Message Roomz ~ Room 44 - A real pain... .:Stachu:. Posted: Fri Nov 23, 2007 12:25 am --> Lord of The Roomz Joined: 22 Sep 2006 Posts: 1347 Location: Hell Again Jim's help? LOL That smells really bad rawene wrote: Stachu - I'm not sure I like you as much as I used to!! 	http://theroomz.19.forumer.com:80/viewtopic.php?p=9596&sid=0c892ab91f8b899c616578b04962c74f
	20080208153953	FoROOM ~ View topic - Room 44 - A real pain...	Room 44	FoROOM ~ View topic - Room 44 - A real pain... FAQ Search Memberlist Usergroups fChat Log in Register Author Message Roomz ~ Room 44 - A real pain... .:Stachu:. Posted: Fri Nov 23, 2007 12:25 am --> Lord of The Roomz Joined: 22 Sep 2006 Posts: 1347 Location: Hell Again Jim's help? LOL That smells really bad rawene wrote: Stachu - I'm not sure I like you as much as I used to!! _________________ .....:::ENTER THE ROOMZ:::..... Life is a room where the password is 'death' Progress	http://theroomz.19.forumer.com:80/viewtopic.php?p=9596&sid=0c892ab91f8b899c616578b04962c74f
	20080208153953	FoROOM ~ View topic - Room 44 - A real pain...	Stachu	FoROOM ~ View topic - Room 44 - A real pain... FAQ Search Memberlist Usergroups fChat Log in Register Author Message Roomz ~ Room 44 - A real pain... .:Stachu:. Posted: Fri Nov 23, 2007 12:25 am --> Lord of The Roomz Joined: 22 Sep 2006 Posts: 1347 Location: Hell Again Jim's help? LOL That smells really bad rawene wrote: Stachu - I'm not sure I like you as much as I used to!! _________________ .....:::ENTER THE ROOMZ:::..... Life is a room where the password is 'death' Progress: Roomz: mine (45/45 +4) :	http://theroomz.19.forumer.com:80/viewtopic.php?p=9596&sid=0c892ab91f8b899c616578b04962c74f
	20080208153953	FoROOM ~ View topic - Room 44 - A real pain...	Stachu	ain... .:Stachu:. Posted: Fri Nov 23, 2007 12:25 am --> Lord of The Roomz Joined: 22 Sep 2006 Posts: 1347 Location: Hell Again Jim's help? LOL That smells really bad rawene wrote: Stachu - I'm not sure I like you as much as I used to!! _________________ .....:::ENTER THE ROOMZ:::..... Life is a room where the password is 'death' Progress: Roomz: mine (45/45 +4) :p, eri's (1/2), RG's (2/2), kish's (4/4 with magic :p), jan's (3/3) I'm offering help via PMs only if you like cryptic hints :p Back to top sas Posted: Fri Nov 23, 2007 12	http://theroomz.19.forumer.com:80/viewtopic.php?p=9596&sid=0c892ab91f8b899c616578b04962c74f
	20080208153953	FoROOM ~ View topic - Room 44 - A real pain...	password	s help? LOL That smells really bad rawene wrote: Stachu - I'm not sure I like you as much as I used to!! _________________ .....:::ENTER THE ROOMZ:::..... Life is a room where the password is 'death' Progress: Roomz: mine (45/45 +4) :p, eri's (1/2), RG's (2/2), kish's (4/4 with magic :p), jan's (3/3) I'm offering help via PMs only if you like cryptic hints :p Back to top sas Posted: Fri Nov 23, 2007 12:27 am --> Appreciated Helper Joined: 30 Oct 2006 Posts: 535 Location: Melbourne, Australia YAY rawene and Taz! Congrats! ___________	http://theroomz.19.forumer.com:80/viewtopic.php?p=9596&sid=0c892ab91f8b899c616578b04962c74f
	20080208153953	FoROOM ~ View topic - Room 44 - A real pain...	hint	re the password is 'death' Progress: Roomz: mine (45/45 +4) :p, eri's (1/2), RG's (2/2), kish's (4/4 with magic :p), jan's (3/3) I'm offering help via PMs only if you like cryptic hints :p Back to top sas Posted: Fri Nov 23, 2007 12:27 am --> Appreciated Helper Joined: 30 Oct 2006 Posts: 535 Location: Melbourne, Australia YAY rawene and Taz! Congrats! _________________ Progress: 45/45 + Bonus 4/4 PM if you need help! (include details of where/what you are stuck on) - I don't give out answers though. Back to top tazmind Posted: F	http://theroomz.19.forumer.com:80/viewtopic.php?p=9596&sid=0c892ab91f8b899c616578b04962c74f
	20080208153953	FoROOM ~ View topic - Room 44 - A real pain...	Stachu	are stuck on) - I don't give out answers though. Back to top tazmind Posted: Fri Nov 23, 2007 3:31 am --> Appreciated Helper Joined: 16 Feb 2007 Posts: 373 Location: New Zealand .:Stachu:. wrote: Again Jim's help? LOL That smells really bad rawene wrote: Stachu - I'm not sure I like you as much as I used to!! Lol... well IRC might need a bit of a clean up before anyone else goes in there... I was just finishing with Jimmy as Rawene arrived for her turn _________________ --------------------------- Status: In room 45, Last step 2/4	http://theroomz.19.forumer.com:80/viewtopic.php?p=9596&sid=0c892ab91f8b899c616578b04962c74f
	20080208153953	FoROOM ~ View topic - Room 44 - A real pain...	Stachu	: Fri Nov 23, 2007 3:31 am --> Appreciated Helper Joined: 16 Feb 2007 Posts: 373 Location: New Zealand .:Stachu:. wrote: Again Jim's help? LOL That smells really bad rawene wrote: Stachu - I'm not sure I like you as much as I used to!! Lol... well IRC might need a bit of a clean up before anyone else goes in there... I was just finishing with Jimmy as Rawene arrived for her turn _________________ --------------------------- Status: In room 45, Last step 2/4 ------------------------------ Roomz: 44/45 Bonus Roomz: 4/4 Feel Free to 	http://theroomz.19.forumer.com:80/viewtopic.php?p=9596&sid=0c892ab91f8b899c616578b04962c74f
	20080208153953	FoROOM ~ View topic - Room 44 - A real pain...	room 45	eed a bit of a clean up before anyone else goes in there... I was just finishing with Jimmy as Rawene arrived for her turn _________________ --------------------------- Status: In room 45, Last step 2/4 ------------------------------ Roomz: 44/45 Bonus Roomz: 4/4 Feel Free to PM me. WILL NOT SPOIL --------------------------- Back to top rawene Posted: Fri Nov 23, 2007 8:27 am --> Roomz addict Joined: 18 Oct 2006 Posts: 59 Location: New Zealand Jim Gamma is the greatest Helpful NON-SPOILY Encouraging/Speaks my language AND... he lis	http://theroomz.19.forumer.com:80/viewtopic.php?p=9596&sid=0c892ab91f8b899c616578b04962c74f
	20080208153953	FoROOM ~ View topic - Room 44 - A real pain...	Stachu	dict Joined: 18 Oct 2006 Posts: 59 Location: New Zealand Jim Gamma is the greatest Helpful NON-SPOILY Encouraging/Speaks my language AND... he listens. Girls move over - he's mine Stachu - stop knocking Basically - R44 4th note - read carefully - do what it says - *knock knock* - who's there? - me, I'll kill you :p ("Achmed the death terrorist" on youtube if anybody asks :p) _________________ PROGRESS: Room 44/45 BONUS Room 4/4 (Bonus 3 - was the best!!) (Bonus 4 - ROFL!!) Back to top oray Posted: Fri Nov 23, 2007 2:06 pm --> Litt	http://theroomz.19.forumer.com:80/viewtopic.php?p=9596&sid=0c892ab91f8b899c616578b04962c74f
	20080208153953	FoROOM ~ View topic - Room 44 - A real pain...	Room 44	e - read carefully - do what it says - *knock knock* - who's there? - me, I'll kill you :p ("Achmed the death terrorist" on youtube if anybody asks :p) _________________ PROGRESS: Room 44/45 BONUS Room 4/4 (Bonus 3 - was the best!!) (Bonus 4 - ROFL!!) Back to top oray Posted: Fri Nov 23, 2007 2:06 pm --> Little roomer Joined: 23 Aug 2007 Posts: 16 .:Stachu:. wrote: Look who's writing? :p Hiding in the shadows and waiting when 45 comes out? exactly!!! _________________ 44/44 if u pm me, u will get the answer for that room Back to to	http://theroomz.19.forumer.com:80/viewtopic.php?p=9596&sid=0c892ab91f8b899c616578b04962c74f
	20080208153953	FoROOM ~ View topic - Room 44 - A real pain...	Room 4	y - do what it says - *knock knock* - who's there? - me, I'll kill you :p ("Achmed the death terrorist" on youtube if anybody asks :p) _________________ PROGRESS: Room 44/45 BONUS Room 4/4 (Bonus 3 - was the best!!) (Bonus 4 - ROFL!!) Back to top oray Posted: Fri Nov 23, 2007 2:06 pm --> Little roomer Joined: 23 Aug 2007 Posts: 16 .:Stachu:. wrote: Look who's writing? :p Hiding in the shadows and waiting when 45 comes out? exactly!!! _________________ 44/44 if u pm me, u will get the answer for that room Back to top Jim Gamma Post	http://theroomz.19.forumer.com:80/viewtopic.php?p=9596&sid=0c892ab91f8b899c616578b04962c74f
	20080208153953	FoROOM ~ View topic - Room 44 - A real pain...	Stachu	OGRESS: Room 44/45 BONUS Room 4/4 (Bonus 3 - was the best!!) (Bonus 4 - ROFL!!) Back to top oray Posted: Fri Nov 23, 2007 2:06 pm --> Little roomer Joined: 23 Aug 2007 Posts: 16 .:Stachu:. wrote: Look who's writing? :p Hiding in the shadows and waiting when 45 comes out? exactly!!! _________________ 44/44 if u pm me, u will get the answer for that room Back to top Jim Gamma Posted: Fri Nov 23, 2007 3:59 pm --> Appreciated Helper Joined: 17 Oct 2006 Posts: 841 Location: London, England *blush* Thanks Rawene Glad you both made it! A	http://theroomz.19.forumer.com:80/viewtopic.php?p=9596&sid=0c892ab91f8b899c616578b04962c74f
	20080208153953	FoROOM ~ View topic - Room 44 - A real pain...	Stachu	 to top Jim Gamma Posted: Fri Nov 23, 2007 3:59 pm --> Appreciated Helper Joined: 17 Oct 2006 Posts: 841 Location: London, England *blush* Thanks Rawene Glad you both made it! And Stachu, all I did was be encouraging. :p I spoiled nothing. Heck, I encouraged at least ONE wrong path just to get Taz and Rawene to explore all options. :p _________________ I am available to answer PMs requesting hints. I will NOT give out answers, just major hints. PROGRESS: 45/45 BONUS: 1-4 KISH: 1-2 ERI: 1 (3rd note) JAN: 5 Back to top .:Stachu:. Po	http://theroomz.19.forumer.com:80/viewtopic.php?p=9596&sid=0c892ab91f8b899c616578b04962c74f
	20080208153953	FoROOM ~ View topic - Room 44 - A real pain...	hint	g. :p I spoiled nothing. Heck, I encouraged at least ONE wrong path just to get Taz and Rawene to explore all options. :p _________________ I am available to answer PMs requesting hints. I will NOT give out answers, just major hints. PROGRESS: 45/45 BONUS: 1-4 KISH: 1-2 ERI: 1 (3rd note) JAN: 5 Back to top .:Stachu:. Posted: Fri Nov 23, 2007 4:47 pm --> Lord of The Roomz Joined: 22 Sep 2006 Posts: 1347 Location: Hell I know Jim, I'm teasing a bit :p But I know that u CAN give spoily hints, I saw that :p I know you're messing aro	http://theroomz.19.forumer.com:80/viewtopic.php?p=9596&sid=0c892ab91f8b899c616578b04962c74f
	20080208153953	FoROOM ~ View topic - Room 44 - A real pain...	hint	least ONE wrong path just to get Taz and Rawene to explore all options. :p _________________ I am available to answer PMs requesting hints. I will NOT give out answers, just major hints. PROGRESS: 45/45 BONUS: 1-4 KISH: 1-2 ERI: 1 (3rd note) JAN: 5 Back to top .:Stachu:. Posted: Fri Nov 23, 2007 4:47 pm --> Lord of The Roomz Joined: 22 Sep 2006 Posts: 1347 Location: Hell I know Jim, I'm teasing a bit :p But I know that u CAN give spoily hints, I saw that :p I know you're messing around. And yeah, sometimes I do spoil a bit, but 	http://theroomz.19.forumer.com:80/viewtopic.php?p=9596&sid=0c892ab91f8b899c616578b04962c74f
	20080208153953	FoROOM ~ View topic - Room 44 - A real pain...	Stachu	_________ I am available to answer PMs requesting hints. I will NOT give out answers, just major hints. PROGRESS: 45/45 BONUS: 1-4 KISH: 1-2 ERI: 1 (3rd note) JAN: 5 Back to top .:Stachu:. Posted: Fri Nov 23, 2007 4:47 pm --> Lord of The Roomz Joined: 22 Sep 2006 Posts: 1347 Location: Hell I know Jim, I'm teasing a bit :p But I know that u CAN give spoily hints, I saw that :p I know you're messing around. And yeah, sometimes I do spoil a bit, but it takes a LOT of wrong answers before I get that far. _________________ .....:::ENTE	http://theroomz.19.forumer.com:80/viewtopic.php?p=9596&sid=0c892ab91f8b899c616578b04962c74f
	20080208153953	FoROOM ~ View topic - Room 44 - A real pain...	hint	.:Stachu:. Posted: Fri Nov 23, 2007 4:47 pm --> Lord of The Roomz Joined: 22 Sep 2006 Posts: 1347 Location: Hell I know Jim, I'm teasing a bit :p But I know that u CAN give spoily hints, I saw that :p I know you're messing around. And yeah, sometimes I do spoil a bit, but it takes a LOT of wrong answers before I get that far. _________________ .....:::ENTER THE ROOMZ:::..... Life is a room where the password is 'death' Progress: Roomz: mine (45/45 +4) :p, eri's (1/2), RG's (2/2), kish's (4/4 with magic :p), jan's (3/3) I'm offer	http://theroomz.19.forumer.com:80/viewtopic.php?p=9596&sid=0c892ab91f8b899c616578b04962c74f
	20080208153953	FoROOM ~ View topic - Room 44 - A real pain...	password	around. And yeah, sometimes I do spoil a bit, but it takes a LOT of wrong answers before I get that far. _________________ .....:::ENTER THE ROOMZ:::..... Life is a room where the password is 'death' Progress: Roomz: mine (45/45 +4) :p, eri's (1/2), RG's (2/2), kish's (4/4 with magic :p), jan's (3/3) I'm offering help via PMs only if you like cryptic hints :p Back to top plzhelpme Posted: Tue Nov 27, 2007 2:09 am --> Wanderer Joined: 05 Sep 2007 Posts: 9 I believe I have done this room. Thanks for everyone who helped me!!! The end p	http://theroomz.19.forumer.com:80/viewtopic.php?p=9596&sid=0c892ab91f8b899c616578b04962c74f
	20080208153953	FoROOM ~ View topic - Room 44 - A real pain...	hint	re the password is 'death' Progress: Roomz: mine (45/45 +4) :p, eri's (1/2), RG's (2/2), kish's (4/4 with magic :p), jan's (3/3) I'm offering help via PMs only if you like cryptic hints :p Back to top plzhelpme Posted: Tue Nov 27, 2007 2:09 am --> Wanderer Joined: 05 Sep 2007 Posts: 9 I believe I have done this room. Thanks for everyone who helped me!!! The end part still make me confused little bit. Feel really lost... Waiting for r45. Thanks for Stachu's effort! _________________ normal roomz: 44 completed. bonus rooms: 1/4 co	http://theroomz.19.forumer.com:80/viewtopic.php?p=9596&sid=0c892ab91f8b899c616578b04962c74f
	20080208153953	FoROOM ~ View topic - Room 44 - A real pain...	Stachu	2007 Posts: 9 I believe I have done this room. Thanks for everyone who helped me!!! The end part still make me confused little bit. Feel really lost... Waiting for r45. Thanks for Stachu's effort! _________________ normal roomz: 44 completed. bonus rooms: 1/4 complete kish: 0/3 eri 0/2,got the "feel ..."note; Back to top sas Posted: Tue Nov 27, 2007 3:05 am --> Appreciated Helper Joined: 30 Oct 2006 Posts: 535 Location: Melbourne, Australia Did you get the usual transmission lost screen? If so then you made it to the end _________	http://theroomz.19.forumer.com:80/viewtopic.php?p=9596&sid=0c892ab91f8b899c616578b04962c74f
	20080208153953	FoROOM ~ View topic - Room 44 - A real pain...	hint	Back to top Silent Roomer Posted: Fri Dec 14, 2007 5:33 pm --> Wanderer Joined: 02 Nov 2007 Posts: 3 Location: 45°35'42.31"N; 8°56'30.83"E 4th note. Found the b* and the connected hint. But I don't see any track of the thing to be found (well, I however found some of the previous words). Or this awesome roomz are getting really exigent or I'm becoming less perspicacious... So, I've got this half thougth.... yes, I could ask the help of some pious guy/gal reading this message. Completely off-topic: nice new avatar Stachu. But the	http://theroomz.19.forumer.com:80/viewtopic.php?p=9596&sid=0c892ab91f8b899c616578b04962c74f
	20080208153953	FoROOM ~ View topic - Room 44 - A real pain...	Stachu	r I'm becoming less perspicacious... So, I've got this half thougth.... yes, I could ask the help of some pious guy/gal reading this message. Completely off-topic: nice new avatar Stachu. But the old one was more realistic. Back to top paulcito Posted: Mon Dec 17, 2007 7:03 pm --> Junior Helper Joined: 28 Sep 2007 Posts: 155 Location: Montevideo, Uruguay Stuck on the 4th note,.. Goit the b* and the "!"... Got the connection... and the words to look for... but it's a really big b*... where exactly do I have to look???? Stachu... Yo	http://theroomz.19.forumer.com:80/viewtopic.php?p=9596&sid=0c892ab91f8b899c616578b04962c74f
	20080208153953	FoROOM ~ View topic - Room 44 - A real pain...	Stachu	deo, Uruguay Stuck on the 4th note,.. Goit the b* and the "!"... Got the connection... and the words to look for... but it's a really big b*... where exactly do I have to look???? Stachu... Your old image is mor appropriate for your evil spirit... that's only ur imagination, dear friend :p _________________ One Roomz, to rule them all.... Roomz 44/45 Bonus Roomz 1,2,4 (won't do 3, don't like its kind...) jan's riddles 5/5 RG riddles 1/2 kish rooms 1/3 Back to top tazmind Posted: Mon Dec 17, 2007 10:18 pm --> Appreciated Helper Joi	http://theroomz.19.forumer.com:80/viewtopic.php?p=9596&sid=0c892ab91f8b899c616578b04962c74f
	20080208153953	FoROOM ~ View topic - Room 44 - A real pain...	room 45	ppreciated Helper Joined: 16 Feb 2007 Posts: 373 Location: New Zealand Paulcito, Silent Roomer... PM me with what you have _________________ --------------------------- Status: In room 45, Last step 2/4 ------------------------------ Roomz: 44/45 Bonus Roomz: 4/4 Feel Free to PM me. WILL NOT SPOIL --------------------------- Back to top paulcito Posted: Tue Dec 18, 2007 4:58 pm --> Junior Helper Joined: 28 Sep 2007 Posts: 155 Location: Montevideo, Uruguay sas wrote: Did you get the usual transmission lost screen? If so then you mad	http://theroomz.19.forumer.com:80/viewtopic.php?p=9596&sid=0c892ab91f8b899c616578b04962c74f
	20080208153953	FoROOM ~ View topic - Room 44 - A real pain...	room 44	n's riddles 5/5 RG riddles 1/2 kish rooms 1/3 Back to top ThemePark Posted: Thu Dec 27, 2007 2:06 pm --> Roomz addict Joined: 01 Jul 2007 Posts: 56 Well, I am, of course, stuck on room 44 again. All I have left to decode are the letters and the pink note. I know what the pink note refers to, and have decoded it all, but I don't know what the very last line refers to. Or well, I have a suspicion that turned out to not work. And as for the letters, I had a few ideas, but none of them gave me anything useful, or anything that makes se	http://theroomz.19.forumer.com:80/viewtopic.php?p=9596&sid=0c892ab91f8b899c616578b04962c74f
	20080208153953	FoROOM ~ View topic - Room 44 - A real pain...	hint	o. Or well, I have a suspicion that turned out to not work. And as for the letters, I had a few ideas, but none of them gave me anything useful, or anything that makes sense. So a hint of some sort would be appreciated. Back to top paulcito Posted: Thu Dec 27, 2007 6:58 pm --> Junior Helper Joined: 28 Sep 2007 Posts: 155 Location: Montevideo, Uruguay Focus on the letters.... Carefully... Very carefully... _________________ One Roomz, to rule them all.... Roomz 44/45 Bonus Roomz 1,2,4 (won't do 3, don't like its kind...) jan's ri	http://theroomz.19.forumer.com:80/viewtopic.php?p=9596&sid=0c892ab91f8b899c616578b04962c74f
	20080208153953	FoROOM ~ View topic - Room 44 - A real pain...	hint	 trick, Oh Evil One. Oh Evil One? Was it aimed at satan? :p *puts on saint cross* :p EDIT 2: note 4. I should add "thanks sas" to my signature EDIT 3: finally out, with a thousand hints from sas. What will do I on R45 where sas cannot give hints? 41.48. Back to top Display posts from previous: All Posts 1 Day 7 Days 2 Weeks 1 Month 3 Months 6 Months 1 Year Oldest First Newest First All times are GMT + 1 Hour View next topic View previous topic Page 6 of 6 Goto page Previous 1 , 2 , 3 , 4 , 5 , 6 FoROOM Forum Index ~ Roomz Jump t	http://theroomz.19.forumer.com:80/viewtopic.php?p=9596&sid=0c892ab91f8b899c616578b04962c74f
	20080208153953	FoROOM ~ View topic - Room 44 - A real pain...	hint	*puts on saint cross* :p EDIT 2: note 4. I should add "thanks sas" to my signature EDIT 3: finally out, with a thousand hints from sas. What will do I on R45 where sas cannot give hints? 41.48. Back to top Display posts from previous: All Posts 1 Day 7 Days 2 Weeks 1 Month 3 Months 6 Months 1 Year Oldest First Newest First All times are GMT + 1 Hour View next topic View previous topic Page 6 of 6 Goto page Previous 1 , 2 , 3 , 4 , 5 , 6 FoROOM Forum Index ~ Roomz Jump to: Select a forum Message Board ---------------- News & info	http://theroomz.19.forumer.com:80/viewtopic.php?p=9596&sid=0c892ab91f8b899c616578b04962c74f
	20080208154001	FoROOM ~ View topic - Room 41 - Ready... Aim... (part2)	Room 41	FoROOM ~ View topic - Room 41 - Ready... Aim... (part2) FAQ Search Memberlist Usergroups fChat Log in Register Author Message Roomz ~ Room 41 - Ready... Aim... (part2) animoose Posted: Tue Jan 15, 2008 5:13 am --> Roomz fan Joined: 01 Jan 2008 Posts: 30 Location: Venice, California I was just about to ask for a hint on the last note. Then the great god DUH reached down and thw	http://theroomz.19.forumer.com:80/viewtopic.php?p=9611&sid=0c892ab91f8b899c616578b04962c74f
	20080208154001	FoROOM ~ View topic - Room 41 - Ready... Aim... (part2)	Room 41	FoROOM ~ View topic - Room 41 - Ready... Aim... (part2) FAQ Search Memberlist Usergroups fChat Log in Register Author Message Roomz ~ Room 41 - Ready... Aim... (part2) animoose Posted: Tue Jan 15, 2008 5:13 am --> Roomz fan Joined: 01 Jan 2008 Posts: 30 Location: Venice, California I was just about to ask for a hint on the last note. Then the great god DUH reached down and thwacked me on the head. DUH! Back to top pattysan82 Posted: Wed Jan 16, 2008 2:45 pm --> Wanderer Joined: 12 Dec 2	http://theroomz.19.forumer.com:80/viewtopic.php?p=9611&sid=0c892ab91f8b899c616578b04962c74f
	20080208154001	FoROOM ~ View topic - Room 41 - Ready... Aim... (part2)	hint	 Room 41 - Ready... Aim... (part2) animoose Posted: Tue Jan 15, 2008 5:13 am --> Roomz fan Joined: 01 Jan 2008 Posts: 30 Location: Venice, California I was just about to ask for a hint on the last note. Then the great god DUH reached down and thwacked me on the head. DUH! Back to top pattysan82 Posted: Wed Jan 16, 2008 2:45 pm --> Wanderer Joined: 12 Dec 2007 Posts: 2 Location: Santiago, Chile Hi!!! I need some help in this room or maybe a PM What should I do with the l******of the t** f***?? and what does the s***** means? Back	http://theroomz.19.forumer.com:80/viewtopic.php?p=9611&sid=0c892ab91f8b899c616578b04962c74f
	20080208154009	FoROOM ~ View topic - Bonus Room - the Sphinx	room 45	m --> Appreciated Helper Joined: 16 Feb 2007 Posts: 373 Location: New Zealand PM me with what you have done so far Kalaius _________________ --------------------------- Status: In room 45, Last step 2/4 ------------------------------ Roomz: 44/45 Bonus Roomz: 4/4 Feel Free to PM me. WILL NOT SPOIL --------------------------- Back to top unicornseraph Posted: Fri Aug 17, 2007 2:43 pm --> Roomz addict Joined: 24 Oct 2006 Posts: 72 ok letters are used to form(i know what) but i can't seem to find the right 1.any clues plz. PM sent by 	http://theroomz.19.forumer.com:80/viewtopic.php?p=9628&sid=0c892ab91f8b899c616578b04962c74f
	20080208154039	FoROOM ~ View topic - Room 18 - a lot of stuff ;p	hint	up on the spot. Back to top tazmind Posted: Thu Jan 10, 2008 4:27 am --> Appreciated Helper Joined: 16 Feb 2007 Posts: 373 Location: New Zealand Krabs... Jim has given you a large hint, as he got out of the room without knowing what that picture was... Simlify _________________ --------------------------- Status: In room 45, Last step 2/4 ------------------------------ Roomz: 44/45 Bonus Roomz: 4/4 Feel Free to PM me. WILL NOT SPOIL --------------------------- Back to top paulcito Posted: Thu Jan 10, 2008 11:41 am --> Junior Hel	http://theroomz.19.forumer.com:80/viewtopic.php?p=9696&sid=0c892ab91f8b899c616578b04962c74f
	20080208154039	FoROOM ~ View topic - Room 18 - a lot of stuff ;p	room 45	ealand Krabs... Jim has given you a large hint, as he got out of the room without knowing what that picture was... Simlify _________________ --------------------------- Status: In room 45, Last step 2/4 ------------------------------ Roomz: 44/45 Bonus Roomz: 4/4 Feel Free to PM me. WILL NOT SPOIL --------------------------- Back to top paulcito Posted: Thu Jan 10, 2008 11:41 am --> Junior Helper Joined: 28 Sep 2007 Posts: 155 Location: Montevideo, Uruguay Taz is right... You can progress here without knowing the word of that pictu	http://theroomz.19.forumer.com:80/viewtopic.php?p=9696&sid=0c892ab91f8b899c616578b04962c74f
	20080208154050	FoROOM ~ View topic - Room 33 - Looks Familiar...	room 45	14 pm --> Appreciated Helper Joined: 16 Feb 2007 Posts: 373 Location: New Zealand Twtich... work out what is simaler first _________________ --------------------------- Status: In room 45, Last step 2/4 ------------------------------ Roomz: 44/45 Bonus Roomz: 4/4 Feel Free to PM me. WILL NOT SPOIL --------------------------- Back to top johnp74 Posted: Thu Jan 03, 2008 3:51 am --> Banned :/ Joined: 02 Jan 2008 Posts: 21 Ya know what... i have spent nearly 8 hours trying to figure this out. And i cant even seem to get started. I hav	http://theroomz.19.forumer.com:80/viewtopic.php?p=9703&sid=0c892ab91f8b899c616578b04962c74f
	20080208154103	FoROOM ~ View topic - Room 12 - the gallery	hint	, 2008 12:26 am --> Wanderer Joined: 27 Jan 2008 Posts: 5 Location: Behind You Hehe...got through this room by myself, just wanted to post...GREAT ROOM! Btw...I picked up an extra hint with an additional riddle on it. Solving this does what? _________________ Don't look now...but I'm right behind you. Back to top tazmind Posted: Tue Jan 29, 2008 12:47 am --> Appreciated Helper Joined: 16 Feb 2007 Posts: 373 Location: New Zealand Guy.. pm me with it plz _________________ --------------------------- Status: In room 45, Last step 2	http://theroomz.19.forumer.com:80/viewtopic.php?p=9726&sid=0c892ab91f8b899c616578b04962c74f
	20080208154103	FoROOM ~ View topic - Room 12 - the gallery	room 45	 Jan 29, 2008 12:47 am --> Appreciated Helper Joined: 16 Feb 2007 Posts: 373 Location: New Zealand Guy.. pm me with it plz _________________ --------------------------- Status: In room 45, Last step 2/4 ------------------------------ Roomz: 44/45 Bonus Roomz: 4/4 Feel Free to PM me. WILL NOT SPOIL --------------------------- Back to top natz Posted: Wed Jan 30, 2008 10:57 pm --> Wanderer Joined: 11 Jan 2008 Posts: 3 hi can anyone help me please, i have got the first note thing by putting in 'w********e' but am not sure on what to d	http://theroomz.19.forumer.com:80/viewtopic.php?p=9726&sid=0c892ab91f8b899c616578b04962c74f
	20080208154115	FoROOM ~ View topic - Room 45 - Never ending story...	Room 45	FoROOM ~ View topic - Room 45 - Never ending story... FAQ Search Memberlist Usergroups fChat Log in Register Author Message Roomz ~ Room 45 - Never ending story... animoose Posted: Tue Feb 05, 2008 3:19 am --> Roomz fan Joined: 01 Jan 2008 Posts: 30 Location: Venice, California Onwards! (Thanks rawene). It's all gone dark. But it doesn't hurt any more... EDIT: through the firs	http://theroomz.19.forumer.com:80/viewtopic.php?p=9769&sid=0c892ab91f8b899c616578b04962c74f
	20080208154115	FoROOM ~ View topic - Room 45 - Never ending story...	Room 45	FoROOM ~ View topic - Room 45 - Never ending story... FAQ Search Memberlist Usergroups fChat Log in Register Author Message Roomz ~ Room 45 - Never ending story... animoose Posted: Tue Feb 05, 2008 3:19 am --> Roomz fan Joined: 01 Jan 2008 Posts: 30 Location: Venice, California Onwards! (Thanks rawene). It's all gone dark. But it doesn't hurt any more... EDIT: through the first gate! Back to top paulcito Posted: Thu Feb 07, 2008 6:01 pm --> Junior Helper Joined: 28 Sep 2007 Posts: 155	http://theroomz.19.forumer.com:80/viewtopic.php?p=9769&sid=0c892ab91f8b899c616578b04962c74f
	20080208154115	FoROOM ~ View topic - Room 45 - Never ending story...	hint	5 RG riddles 1/2 kish rooms 1/3 Back to top animoose Posted: Fri Feb 08, 2008 5:13 am --> Roomz fan Joined: 01 Jan 2008 Posts: 30 Location: Venice, California Could anyone PM me a hint on the P******* R*****? I assume I need to do something with the annotations on the T**** to form a key, but after two days (and even trying a brute force dictionary attack on it), I ain't getting nowhere. Back to top Display posts from previous: All Posts 1 Day 7 Days 2 Weeks 1 Month 3 Months 6 Months 1 Year Oldest First Newest First All times ar	http://theroomz.19.forumer.com:80/viewtopic.php?p=9769&sid=0c892ab91f8b899c616578b04962c74f
	20080208154129	FoROOM ~ View topic - Room 42 - Riddles in the ROOMZ	Room 42	FoROOM ~ View topic - Room 42 - Riddles in the ROOMZ FAQ Search Memberlist Usergroups fChat Log in Register Author Message Roomz ~ Room 42 - Riddles in the ROOMZ paradise17 Posted: Fri Feb 01, 2008 9:33 pm --> Roomz fan Joined: 07 Jun 2007 Posts: 42 follow the yellow big road Back to top RoomzF Posted: Sat Feb 02, 2008 8:04 pm --> Wanderer Joined: 31 Jan 2008 Posts: 4 Sorry,bu	http://theroomz.19.forumer.com:80/viewtopic.php?p=9780&sid=0c892ab91f8b899c616578b04962c74f
	20080208154129	FoROOM ~ View topic - Room 42 - Riddles in the ROOMZ	Room 42	FoROOM ~ View topic - Room 42 - Riddles in the ROOMZ FAQ Search Memberlist Usergroups fChat Log in Register Author Message Roomz ~ Room 42 - Riddles in the ROOMZ paradise17 Posted: Fri Feb 01, 2008 9:33 pm --> Roomz fan Joined: 07 Jun 2007 Posts: 42 follow the yellow big road Back to top RoomzF Posted: Sat Feb 02, 2008 8:04 pm --> Wanderer Joined: 31 Jan 2008 Posts: 4 Sorry,but i can't understand you.Where is yellow big road and How can we follow it?(I found connection of first pyram	http://theroomz.19.forumer.com:80/viewtopic.php?p=9780&sid=0c892ab91f8b899c616578b04962c74f
	20080208154129	FoROOM ~ View topic - Room 42 - Riddles in the ROOMZ	hint	: Tue Feb 05, 2008 5:52 pm --> Wanderer Joined: 31 Jan 2008 Posts: 4 I'm on 4th Cd too.I have "M*****" and i put it on line of x.How can it help me?I can't find anything.And i saw hint on t** r**** too. Back to top Display posts from previous: All Posts 1 Day 7 Days 2 Weeks 1 Month 3 Months 6 Months 1 Year Oldest First Newest First All times are GMT + 1 Hour View next topic View previous topic Page 12 of 12 Goto page Previous 1 , 2 , 3 ... 10 , 11 , 12 FoROOM Forum Index ~ Roomz Jump to: Select a forum Message Board ------------	http://theroomz.19.forumer.com:80/viewtopic.php?p=9780&sid=0c892ab91f8b899c616578b04962c74f
	20080208154145	FoROOM ~ View topic - Room 35 - Not another wingdings	hint	k out which bits you can read partially, work out what your options are... _________________ I am available to answer PMs requesting hints. I will NOT give out answers, just major hints. PROGRESS: 45/45 BONUS: 1-4 KISH: 1-2 ERI: 1 (3rd note) JAN: 5 Back to top tazmind Posted: Sun Nov 04, 2007 9:47 pm --> Appreciated Helper Joined: 16 Feb 2007 Posts: 373 Location: New Zealand The piece above the door may be helpfull here _________________ --------------------------- Status: In room 45, Last step 2/4 ------------------------------	http://theroomz.19.forumer.com:80/viewtopic.php?p=9799&sid=0c892ab91f8b899c616578b04962c74f
	20080208154145	FoROOM ~ View topic - Room 35 - Not another wingdings	room 45	 --> Appreciated Helper Joined: 16 Feb 2007 Posts: 373 Location: New Zealand The piece above the door may be helpfull here _________________ --------------------------- Status: In room 45, Last step 2/4 ------------------------------ Roomz: 44/45 Bonus Roomz: 4/4 Feel Free to PM me. WILL NOT SPOIL --------------------------- Back to top paulcito Posted: Tue Nov 13, 2007 8:46 pm --> Junior Helper Joined: 28 Sep 2007 Posts: 155 Location: Montevideo, Uruguay Yeah, tazmind... A lot... When you knwo the secret, (as always) this room is 	http://theroomz.19.forumer.com:80/viewtopic.php?p=9799&sid=0c892ab91f8b899c616578b04962c74f
	20080208154145	FoROOM ~ View topic - Room 35 - Not another wingdings	room 45	elper Joined: 16 Feb 2007 Posts: 373 Location: New Zealand your not thinking.... take your time... colours are your friend _________________ --------------------------- Status: In room 45, Last step 2/4 ------------------------------ Roomz: 44/45 Bonus Roomz: 4/4 Feel Free to PM me. WILL NOT SPOIL --------------------------- Back to top Lusi Posted: Fri Nov 16, 2007 8:43 pm --> Little roomer Joined: 06 Oct 2007 Posts: 16 Me too please!!! I understand the colours bit and can 'sort of' translate but cant find anything that makes much	http://theroomz.19.forumer.com:80/viewtopic.php?p=9799&sid=0c892ab91f8b899c616578b04962c74f
	20080208154150	FoROOM ~ View topic - Room 43 - Underwater journey	Room 43	FoROOM ~ View topic - Room 43 - Underwater journey FAQ Search Memberlist Usergroups fChat Log in Register Author Message Roomz ~ Room 43 - Underwater journey RedneckGrl56 Posted: Tue Feb 05, 2008 11:29 pm --> Roomz fan Joined: 27 Jun 2007 Posts: 29 Location: Texas Hi. Been busy for a while, decided to come back and try this room again...lost all my notes so I had to start over	http://theroomz.19.forumer.com:80/viewtopic.php?p=9800&sid=0c892ab91f8b899c616578b04962c74f
	20080208154150	FoROOM ~ View topic - Room 43 - Underwater journey	Room 43	FoROOM ~ View topic - Room 43 - Underwater journey FAQ Search Memberlist Usergroups fChat Log in Register Author Message Roomz ~ Room 43 - Underwater journey RedneckGrl56 Posted: Tue Feb 05, 2008 11:29 pm --> Roomz fan Joined: 27 Jun 2007 Posts: 29 Location: Texas Hi. Been busy for a while, decided to come back and try this room again...lost all my notes so I had to start over, but I'm still stuck in the same spot as before... At the door. I know m******. Can't get anything from th	http://theroomz.19.forumer.com:80/viewtopic.php?p=9800&sid=0c892ab91f8b899c616578b04962c74f
	20080208154150	FoROOM ~ View topic - Room 43 - Underwater journey	room 45	-> Appreciated Helper Joined: 16 Feb 2007 Posts: 373 Location: New Zealand if you have found them use them... think simple _________________ --------------------------- Status: In room 45, Last step 2/4 ------------------------------ Roomz: 44/45 Bonus Roomz: 4/4 Feel Free to PM me. WILL NOT SPOIL --------------------------- Back to top Display posts from previous: All Posts 1 Day 7 Days 2 Weeks 1 Month 3 Months 6 Months 1 Year Oldest First Newest First All times are GMT + 1 Hour View next topic View previous topic Page 7 of 7 Goto	http://theroomz.19.forumer.com:80/viewtopic.php?p=9800&sid=0c892ab91f8b899c616578b04962c74f
14	20080213040828	FoROOM ~ View topic - Room 3 - shape, shape, shape	room 45	 10:33 pm --> Appreciated Helper Joined: 16 Feb 2007 Posts: 380 Location: New Zealand Asilboz, PM me with what you have... _________________ --------------------------- Status: In room 45, Last step 2/4 ------------------------------ Roomz: 44/45 Bonus Roomz: 4/4 Feel Free to PM me. WILL NOT SPOIL --------------------------- Back to top irvine Posted: Tue Aug 14, 2007 3:57 pm --> Little roomer Joined: 14 Aug 2007 Posts: 12 please someone help me......i'm italian and i don't understand nothing about this level...can anyone sent me a	http://theroomz.19.forumer.com:80/viewtopic.php?t=14&postdays=0&postorder=asc&start=100&sid=a0d919c36a91fc76cc6721e2290ee305
14	20080213040832	FoROOM ~ View topic - Room 3 - shape, shape, shape	room 45	7 Posts: 380 Location: New Zealand If you have Q***** you should know what K is.... If not, maybe some research could help _________________ --------------------------- Status: In room 45, Last step 2/4 ------------------------------ Roomz: 44/45 Bonus Roomz: 4/4 Feel Free to PM me. WILL NOT SPOIL --------------------------- Back to top khenya21 Posted: Wed Aug 15, 2007 9:45 pm --> Wanderer Joined: 15 Aug 2007 Posts: 5 can somebody pm me pls about room 3 thank you Back to top lindylou Posted: Wed Aug 15, 2007 9:55 pm --> Roomz addi	http://theroomz.19.forumer.com:80/viewtopic.php?t=14&postdays=0&postorder=asc&start=125&sid=a0d919c36a91fc76cc6721e2290ee305
14	20080213040832	FoROOM ~ View topic - Room 3 - shape, shape, shape	room 45	ed Helper Joined: 16 Feb 2007 Posts: 380 Location: New Zealand you are on the wrong track...PM me with what ya done so far _________________ --------------------------- Status: In room 45, Last step 2/4 ------------------------------ Roomz: 44/45 Bonus Roomz: 4/4 Feel Free to PM me. WILL NOT SPOIL --------------------------- Back to top mirlenyi Posted: Sun Aug 26, 2007 10:02 pm --> Wanderer Joined: 26 Aug 2007 Posts: 1 hola, soy de venezuela y necesito ayuda con el nivel tres.. is very hard, plis help me please only use english th	http://theroomz.19.forumer.com:80/viewtopic.php?t=14&postdays=0&postorder=asc&start=125&sid=a0d919c36a91fc76cc6721e2290ee305
14	20080213040832	FoROOM ~ View topic - Room 3 - shape, shape, shape	room 45	con el nivel tres.. is very hard, plis help me Could someone translate this for me so i can help? My spanish is very rusty _________________ --------------------------- Status: In room 45, Last step 2/4 ------------------------------ Roomz: 44/45 Bonus Roomz: 4/4 Feel Free to PM me. WILL NOT SPOIL --------------------------- Back to top Display posts from previous: All Posts 1 Day 7 Days 2 Weeks 1 Month 3 Months 6 Months 1 Year Oldest First Newest First All times are GMT + 1 Hour View next topic View previous topic Page 6 of 10 Got	http://theroomz.19.forumer.com:80/viewtopic.php?t=14&postdays=0&postorder=asc&start=125&sid=a0d919c36a91fc76cc6721e2290ee305
14	20080213040838	FoROOM ~ View topic - Room 3 - shape, shape, shape	room 45	nd Ok... Have you read the posts in this forum??? LOTS of helpful info... Also look around... you may be missing something _________________ --------------------------- Status: In room 45, Last step 2/4 ------------------------------ Roomz: 44/45 Bonus Roomz: 4/4 Feel Free to PM me. WILL NOT SPOIL --------------------------- Back to top tpruden014 Posted: Sun Sep 02, 2007 11:17 pm --> Wanderer Joined: 02 Sep 2007 Posts: 5 I have read all the posts in this forum and finally figured out the letter I needed for the clue but I don't kn	http://theroomz.19.forumer.com:80/viewtopic.php?t=14&postdays=0&postorder=asc&start=150&sid=a0d919c36a91fc76cc6721e2290ee305
14	20080213040838	FoROOM ~ View topic - Room 3 - shape, shape, shape	room 45	r Joined: 16 Feb 2007 Posts: 380 Location: New Zealand Think outside the room... where abouts in the world are you from??? _________________ --------------------------- Status: In room 45, Last step 2/4 ------------------------------ Roomz: 44/45 Bonus Roomz: 4/4 Feel Free to PM me. WILL NOT SPOIL --------------------------- Back to top tpruden014 Posted: Sun Sep 02, 2007 11:26 pm --> Wanderer Joined: 02 Sep 2007 Posts: 5 can someone please give me a hint for room three? Taz just DID. And not only once. edit: I am completely stuck 	http://theroomz.19.forumer.com:80/viewtopic.php?t=14&postdays=0&postorder=asc&start=150&sid=a0d919c36a91fc76cc6721e2290ee305
14	20080213040838	FoROOM ~ View topic - Room 3 - shape, shape, shape	room 45	DONT DOUBLE POST (me pretending to be mod ) (and me backing you up. -Jim) (and me saying "suuuuuuuuuuuuuuuuuure :p" - TEO) _________________ --------------------------- Status: In room 45, Last step 2/4 ------------------------------ Roomz: 44/45 Bonus Roomz: 4/4 Feel Free to PM me. WILL NOT SPOIL --------------------------- Back to top TOM-REDAL Posted: Sat Sep 08, 2007 2:27 pm --> Wanderer Joined: 08 Sep 2007 Posts: 4 i know the k.......... and i know how to make the letters but it still dont work can anyone pm me plz Back to top	http://theroomz.19.forumer.com:80/viewtopic.php?t=14&postdays=0&postorder=asc&start=150&sid=a0d919c36a91fc76cc6721e2290ee305
14	20080213040838	FoROOM ~ View topic - Room 3 - shape, shape, shape	room 45	ew Zealand Dont need to PM for this.... Just make sure you are using the right K******** and keep going till it make sence _________________ --------------------------- Status: In room 45, Last step 2/4 ------------------------------ Roomz: 44/45 Bonus Roomz: 4/4 Feel Free to PM me. WILL NOT SPOIL --------------------------- Back to top Randomino Posted: Mon Sep 10, 2007 7:50 am --> Wanderer Joined: 10 Sep 2007 Posts: 2 GAH! i need some help guys, can someone plz PM me tellin me what the letters are! PLZ! i kno wat the 'k' is, i kn	http://theroomz.19.forumer.com:80/viewtopic.php?t=14&postdays=0&postorder=asc&start=150&sid=a0d919c36a91fc76cc6721e2290ee305
14	20080213040838	FoROOM ~ View topic - Room 3 - shape, shape, shape	room 45	at Nov 17, 2007 9:14 pm --> Appreciated Helper Joined: 16 Feb 2007 Posts: 380 Location: New Zealand Think outside the room _________________ --------------------------- Status: In room 45, Last step 2/4 ------------------------------ Roomz: 44/45 Bonus Roomz: 4/4 Feel Free to PM me. WILL NOT SPOIL --------------------------- Back to top Thagra Posted: Sat Nov 17, 2007 10:09 pm --> Wanderer Joined: 17 Nov 2007 Posts: 5 T____T then i must be a stupid.... please, help.! [Edit]: Hey, i think i found something , who can i ask if i'm rig	http://theroomz.19.forumer.com:80/viewtopic.php?t=14&postdays=0&postorder=asc&start=150&sid=a0d919c36a91fc76cc6721e2290ee305
14	20080213040848	FoROOM ~ View topic - Room 3 - shape, shape, shape	room 45	07 Posts: 380 Location: New Zealand tomboy, if you have some shapes, the rest should be easy. pm me if you are still stuck _________________ --------------------------- Status: In room 45, Last step 2/4 ------------------------------ Roomz: 44/45 Bonus Roomz: 4/4 Feel Free to PM me. WILL NOT SPOIL --------------------------- Back to top Zed Posted: Thu Jan 24, 2008 1:41 am --> Wanderer Joined: 24 Jan 2008 Posts: 1 This "K" thing is confusing me...all I see is a hook in the game...and also looking at my hands the only thing I see re	http://theroomz.19.forumer.com:80/viewtopic.php?t=14&postdays=0&postorder=asc&start=200&sid=a0d919c36a91fc76cc6721e2290ee305
14	20080213040859	FoROOM ~ View topic - Room 3 - shape, shape, shape	hint	 Jun 23, 2007 5:19 am --> Appreciated Helper Joined: 16 Feb 2007 Posts: 380 Location: New Zealand i think you are refering to the way people put up K******* when they just want to hint not spoil. Think carefully, and outside the square(room?), K will become very obivoius... then just follow the intructions on the wall. If this is too spoily edit it plz Last edited by tazmind on Wed Aug 01, 2007 7:33 am; edited 1 time in total _________________ --------------------------- Status: In room 45, Last step 2/4 ------------------------	http://theroomz.19.forumer.com:80/viewtopic.php?t=14&postdays=0&postorder=asc&start=75&sid=a0d919c36a91fc76cc6721e2290ee305
14	20080213040859	FoROOM ~ View topic - Room 3 - shape, shape, shape	room 45	 on the wall. If this is too spoily edit it plz Last edited by tazmind on Wed Aug 01, 2007 7:33 am; edited 1 time in total _________________ --------------------------- Status: In room 45, Last step 2/4 ------------------------------ Roomz: 44/45 Bonus Roomz: 4/4 Feel Free to PM me. WILL NOT SPOIL --------------------------- Back to top sk1nnypig Posted: Sat Jun 23, 2007 7:12 pm --> Wanderer Joined: 23 Jun 2007 Posts: 2 yea im still working on the room ...but i still dont get what the letters mean....shapes??!?!? the letters have n	http://theroomz.19.forumer.com:80/viewtopic.php?t=14&postdays=0&postorder=asc&start=75&sid=a0d919c36a91fc76cc6721e2290ee305
121	20080208154315	FoROOM ~ View topic - Room 31 - What the hell?!	room 45	6 Feb 2007 Posts: 373 Location: New Zealand YAYYAYAYYAYAY More rooms... bye bye bonus room you can wait till another day!! _________________ --------------------------- Status: In room 45, Last step 2/4 ------------------------------ Roomz: 44/45 Bonus Roomz: 4/4 Feel Free to PM me. WILL NOT SPOIL --------------------------- Back to top sas Posted: Thu Jun 07, 2007 8:47 am --> Appreciated Helper Joined: 30 Oct 2006 Posts: 535 Location: Melbourne, Australia I am one note past the math, but am stuck for what to do next... So far I ha	http://theroomz.19.forumer.com:80/viewtopic.php?t=121&start=0&sid=0c892ab91f8b899c616578b04962c74f
121	20080208154315	FoROOM ~ View topic - Room 31 - What the hell?!	room 45	am --> Appreciated Helper Joined: 16 Feb 2007 Posts: 373 Location: New Zealand Ok, so maybe YAY wasn't the term to use.... _________________ --------------------------- Status: In room 45, Last step 2/4 ------------------------------ Roomz: 44/45 Bonus Roomz: 4/4 Feel Free to PM me. WILL NOT SPOIL --------------------------- Back to top sas Posted: Thu Jun 07, 2007 9:25 am --> Appreciated Helper Joined: 30 Oct 2006 Posts: 535 Location: Melbourne, Australia Ok all done. Tks Jim for your nudge in the right direction. So obvious in re	http://theroomz.19.forumer.com:80/viewtopic.php?t=121&start=0&sid=0c892ab91f8b899c616578b04962c74f
121	20080208154315	FoROOM ~ View topic - Room 31 - What the hell?!	hint	England Always is. Room 32 is... interesting. Good luck with the studying! _________________ I am available to answer PMs requesting hints. I will NOT give out answers, just major hints. PROGRESS: 45/45 BONUS: 1-4 KISH: 1-2 ERI: 1 (3rd note) JAN: 5 Back to top tazmind Posted: Thu Jun 07, 2007 9:58 am --> Appreciated Helper Joined: 16 Feb 2007 Posts: 373 Location: New Zealand Hmmmmmm Ignoring the fact that my eye's hurt.... ARGHHH this is just NOT NICE _________________ --------------------------- Status: In room 45, Last step 2/	http://theroomz.19.forumer.com:80/viewtopic.php?t=121&start=0&sid=0c892ab91f8b899c616578b04962c74f
121	20080208154315	FoROOM ~ View topic - Room 31 - What the hell?!	room 45	16 Feb 2007 Posts: 373 Location: New Zealand Hmmmmmm Ignoring the fact that my eye's hurt.... ARGHHH this is just NOT NICE _________________ --------------------------- Status: In room 45, Last step 2/4 ------------------------------ Roomz: 44/45 Bonus Roomz: 4/4 Feel Free to PM me. WILL NOT SPOIL --------------------------- Back to top rawene Posted: Thu Jun 07, 2007 10:04 am --> Roomz addict Joined: 18 Oct 2006 Posts: 59 Location: New Zealand Same as you Sas- I am one note past the math, but am stuck for what to do next... Read t	http://theroomz.19.forumer.com:80/viewtopic.php?t=121&start=0&sid=0c892ab91f8b899c616578b04962c74f
121	20080208154315	FoROOM ~ View topic - Room 31 - What the hell?!	Room 44	IT: Oh - I really really looked at the note (and thnx Sas) I'm out. On to 32 Last edited by rawene on Thu Jun 07, 2007 11:12 am; edited 1 time in total _________________ PROGRESS: Room 44/45 BONUS Room 4/4 (Bonus 3 - was the best!!) (Bonus 4 - ROFL!!) Back to top tazmind Posted: Thu Jun 07, 2007 10:15 am --> Appreciated Helper Joined: 16 Feb 2007 Posts: 373 Location: New Zealand Math... What math?? i'm still stuck on the note on the wall EDIT: Ok, onto i think the last step :S EDIT: OMG, if i look any harder i'll go cross eyed Back	http://theroomz.19.forumer.com:80/viewtopic.php?t=121&start=0&sid=0c892ab91f8b899c616578b04962c74f
121	20080208154315	FoROOM ~ View topic - Room 31 - What the hell?!	Room 4	 really looked at the note (and thnx Sas) I'm out. On to 32 Last edited by rawene on Thu Jun 07, 2007 11:12 am; edited 1 time in total _________________ PROGRESS: Room 44/45 BONUS Room 4/4 (Bonus 3 - was the best!!) (Bonus 4 - ROFL!!) Back to top tazmind Posted: Thu Jun 07, 2007 10:15 am --> Appreciated Helper Joined: 16 Feb 2007 Posts: 373 Location: New Zealand Math... What math?? i'm still stuck on the note on the wall EDIT: Ok, onto i think the last step :S EDIT: OMG, if i look any harder i'll go cross eyed Back to top .:Stachu	http://theroomz.19.forumer.com:80/viewtopic.php?t=121&start=0&sid=0c892ab91f8b899c616578b04962c74f
121	20080208154315	FoROOM ~ View topic - Room 31 - What the hell?!	hint	re the password is 'death' Progress: Roomz: mine (45/45 +4) :p, eri's (1/2), RG's (2/2), kish's (4/4 with magic :p), jan's (3/3) I'm offering help via PMs only if you like cryptic hints :p Back to top tazmind Posted: Thu Jun 07, 2007 11:54 am --> Appreciated Helper Joined: 16 Feb 2007 Posts: 373 Location: New Zealand I know what i need to do... i think... but nothing i'm stuffing in the HS is working... _________________ --------------------------- Status: In room 45, Last step 2/4 ------------------------------ Roomz: 44/45 Bon	http://theroomz.19.forumer.com:80/viewtopic.php?t=121&start=0&sid=0c892ab91f8b899c616578b04962c74f
121	20080208154315	FoROOM ~ View topic - Room 31 - What the hell?!	room 45	7 Posts: 373 Location: New Zealand I know what i need to do... i think... but nothing i'm stuffing in the HS is working... _________________ --------------------------- Status: In room 45, Last step 2/4 ------------------------------ Roomz: 44/45 Bonus Roomz: 4/4 Feel Free to PM me. WILL NOT SPOIL --------------------------- Back to top RG365 Posted: Thu Jun 07, 2007 3:08 pm --> Appreciated Helper Joined: 13 Feb 2007 Posts: 182 Location: Madison, WI, USA ok, up to the note after the math... Tried repeating the room but don't see an	http://theroomz.19.forumer.com:80/viewtopic.php?t=121&start=0&sid=0c892ab91f8b899c616578b04962c74f
124	20080208154356	FoROOM ~ View topic - Room 33 - Looks Familiar...	room 45	Zealand OMFG... what happened to no more math???? EDIT: Ok you guys are evil and cruel... this might take a couple of days _________________ --------------------------- Status: In room 45, Last step 2/4 ------------------------------ Roomz: 44/45 Bonus Roomz: 4/4 Feel Free to PM me. WILL NOT SPOIL --------------------------- Back to top sas Posted: Mon Jun 11, 2007 9:10 am --> Appreciated Helper Joined: 30 Oct 2006 Posts: 535 Location: Melbourne, Australia The maths is *really* easy, don't worry! _________________ Progress: 45/45 +	http://theroomz.19.forumer.com:80/viewtopic.php?t=124&start=0&sid=0c892ab91f8b899c616578b04962c74f
142	20080208154623	FoROOM ~ View topic - Room 37 - Wooooood	Room 44	Joined: 18 Oct 2006 Posts: 59 Location: New Zealand Not so easy - not so nice Stuck in a bare wood and can't move on. Have I seen these l****** before? _________________ PROGRESS: Room 44/45 BONUS Room 4/4 (Bonus 3 - was the best!!) (Bonus 4 - ROFL!!) Back to top Ayeon Posted: Tue Jun 26, 2007 8:47 am --> Roomz fan Joined: 14 Feb 2007 Posts: 36 yes, you have seen it before. stuck on the u*-a**-d*** note... _________________ 44/R44 3/rB3 Back to top .:Stachu:. Posted: Tue Jun 26, 2007 8:57 am --> Lord of The Roomz Joined: 22 Sep 200	http://theroomz.19.forumer.com:80/viewtopic.php?t=142&start=0&sid=0c892ab91f8b899c616578b04962c74f
142	20080208154623	FoROOM ~ View topic - Room 37 - Wooooood	Room 4	06 Posts: 59 Location: New Zealand Not so easy - not so nice Stuck in a bare wood and can't move on. Have I seen these l****** before? _________________ PROGRESS: Room 44/45 BONUS Room 4/4 (Bonus 3 - was the best!!) (Bonus 4 - ROFL!!) Back to top Ayeon Posted: Tue Jun 26, 2007 8:47 am --> Roomz fan Joined: 14 Feb 2007 Posts: 36 yes, you have seen it before. stuck on the u*-a**-d*** note... _________________ 44/R44 3/rB3 Back to top .:Stachu:. Posted: Tue Jun 26, 2007 8:57 am --> Lord of The Roomz Joined: 22 Sep 2006 Posts: 1347 Lo	http://theroomz.19.forumer.com:80/viewtopic.php?t=142&start=0&sid=0c892ab91f8b899c616578b04962c74f
152	20080208154703	FoROOM ~ View topic - Room 38 - The flickering	room 45	r Joined: 16 Feb 2007 Posts: 373 Location: New Zealand hmmmm i think i'm on last step... no help plz... wanna di it myself _________________ --------------------------- Status: In room 45, Last step 2/4 ------------------------------ Roomz: 44/45 Bonus Roomz: 4/4 Feel Free to PM me. WILL NOT SPOIL --------------------------- Back to top Display posts from previous: All Posts 1 Day 7 Days 2 Weeks 1 Month 3 Months 6 Months 1 Year Oldest First Newest First All times are GMT + 1 Hour View next topic View previous topic Page 1 of 6 Goto	http://theroomz.19.forumer.com:80/viewtopic.php?t=152&start=0&sid=0c892ab91f8b899c616578b04962c74f
153	20080208154732	FoROOM ~ View topic - Room 39 - Rufus	room 45	16 Feb 2007 Posts: 373 Location: New Zealand Ok, well i'm here... looks great... gotta do some housewok, so maybe tomorrow _________________ --------------------------- Status: In room 45, Last step 2/4 ------------------------------ Roomz: 44/45 Bonus Roomz: 4/4 Feel Free to PM me. WILL NOT SPOIL --------------------------- Back to top shpwnz Posted: Sat Jul 07, 2007 3:31 am --> Supreme roomer Joined: 23 May 2007 Posts: 263 Location: Following Stachu In HELL! wow its so late here now... anyway i got the a***** note... took me a wh	http://theroomz.19.forumer.com:80/viewtopic.php?t=153&start=0&sid=0c892ab91f8b899c616578b04962c74f
164	20080208154822	FoROOM ~ View topic - Room 40 - Not another checking	Room 40	FoROOM ~ View topic - Room 40 - Not another checking FAQ Search Memberlist Usergroups fChat Log in Register Author Message Roomz ~ Room 40 - Not another checking .:Stachu:. Posted: Thu Jul 26, 2007 10:05 pm --> Lord of The Roomz Joined: 22 Sep 2006 Posts: 1347 Location: Hell Let's check again how are you all prepared for the cheater-killing room :p _________________ .....:::EN	http://theroomz.19.forumer.com:80/viewtopic.php?t=164&start=0&sid=0c892ab91f8b899c616578b04962c74f
164	20080208154822	FoROOM ~ View topic - Room 40 - Not another checking	Room 40	FoROOM ~ View topic - Room 40 - Not another checking FAQ Search Memberlist Usergroups fChat Log in Register Author Message Roomz ~ Room 40 - Not another checking .:Stachu:. Posted: Thu Jul 26, 2007 10:05 pm --> Lord of The Roomz Joined: 22 Sep 2006 Posts: 1347 Location: Hell Let's check again how are you all prepared for the cheater-killing room :p _________________ .....:::ENTER THE ROOMZ:::..... Life is a room where the password is 'death' Progress: Roomz: mine (45/45 +4) :p, eri's	http://theroomz.19.forumer.com:80/viewtopic.php?t=164&start=0&sid=0c892ab91f8b899c616578b04962c74f
164	20080208154822	FoROOM ~ View topic - Room 40 - Not another checking	Stachu	FoROOM ~ View topic - Room 40 - Not another checking FAQ Search Memberlist Usergroups fChat Log in Register Author Message Roomz ~ Room 40 - Not another checking .:Stachu:. Posted: Thu Jul 26, 2007 10:05 pm --> Lord of The Roomz Joined: 22 Sep 2006 Posts: 1347 Location: Hell Let's check again how are you all prepared for the cheater-killing room :p _________________ .....:::ENTER THE ROOMZ:::..... Life is a room where the password is 'death' Progress: Roomz: mine (45/45 +4) :p, eri's (1/2), RG's (2/2), kish's (4/4 	http://theroomz.19.forumer.com:80/viewtopic.php?t=164&start=0&sid=0c892ab91f8b899c616578b04962c74f
164	20080208154822	FoROOM ~ View topic - Room 40 - Not another checking	password	06 Posts: 1347 Location: Hell Let's check again how are you all prepared for the cheater-killing room :p _________________ .....:::ENTER THE ROOMZ:::..... Life is a room where the password is 'death' Progress: Roomz: mine (45/45 +4) :p, eri's (1/2), RG's (2/2), kish's (4/4 with magic :p), jan's (3/3) I'm offering help via PMs only if you like cryptic hints :p Back to top Jim Gamma Posted: Thu Jul 26, 2007 10:18 pm --> Appreciated Helper Joined: 17 Oct 2006 Posts: 841 Location: London, England This room was nice. :p _________________	http://theroomz.19.forumer.com:80/viewtopic.php?t=164&start=0&sid=0c892ab91f8b899c616578b04962c74f
164	20080208154822	FoROOM ~ View topic - Room 40 - Not another checking	hint	re the password is 'death' Progress: Roomz: mine (45/45 +4) :p, eri's (1/2), RG's (2/2), kish's (4/4 with magic :p), jan's (3/3) I'm offering help via PMs only if you like cryptic hints :p Back to top Jim Gamma Posted: Thu Jul 26, 2007 10:18 pm --> Appreciated Helper Joined: 17 Oct 2006 Posts: 841 Location: London, England This room was nice. :p _________________ I am available to answer PMs requesting hints. I will NOT give out answers, just major hints. PROGRESS: 45/45 BONUS: 1-4 KISH: 1-2 ERI: 1 (3rd note) JAN: 5 Back to top 	http://theroomz.19.forumer.com:80/viewtopic.php?t=164&start=0&sid=0c892ab91f8b899c616578b04962c74f
164	20080208154822	FoROOM ~ View topic - Room 40 - Not another checking	hint	 26, 2007 10:18 pm --> Appreciated Helper Joined: 17 Oct 2006 Posts: 841 Location: London, England This room was nice. :p _________________ I am available to answer PMs requesting hints. I will NOT give out answers, just major hints. PROGRESS: 45/45 BONUS: 1-4 KISH: 1-2 ERI: 1 (3rd note) JAN: 5 Back to top sandandsun613 Posted: Thu Jul 26, 2007 11:46 pm --> Roomz fan Joined: 17 May 2007 Posts: 37 i dont know if its my comp or not but it will only load to 12%?.... EDIT.....NVM its going now! sorry Last edited by sandandsun613 on 	http://theroomz.19.forumer.com:80/viewtopic.php?t=164&start=0&sid=0c892ab91f8b899c616578b04962c74f
164	20080208154822	FoROOM ~ View topic - Room 40 - Not another checking	hint	d: 17 Oct 2006 Posts: 841 Location: London, England This room was nice. :p _________________ I am available to answer PMs requesting hints. I will NOT give out answers, just major hints. PROGRESS: 45/45 BONUS: 1-4 KISH: 1-2 ERI: 1 (3rd note) JAN: 5 Back to top sandandsun613 Posted: Thu Jul 26, 2007 11:46 pm --> Roomz fan Joined: 17 May 2007 Posts: 37 i dont know if its my comp or not but it will only load to 12%?.... EDIT.....NVM its going now! sorry Last edited by sandandsun613 on Thu Jul 26, 2007 11:48 pm; edited 1 time in tot	http://theroomz.19.forumer.com:80/viewtopic.php?t=164&start=0&sid=0c892ab91f8b899c616578b04962c74f
164	20080208154822	FoROOM ~ View topic - Room 40 - Not another checking	hint	m --> Appreciated Helper Joined: 17 Oct 2006 Posts: 841 Location: London, England It's being reuploaded, there was a bug. _________________ I am available to answer PMs requesting hints. I will NOT give out answers, just major hints. PROGRESS: 45/45 BONUS: 1-4 KISH: 1-2 ERI: 1 (3rd note) JAN: 5 Back to top sandandsun613 Posted: Fri Jul 27, 2007 4:11 am --> Roomz fan Joined: 17 May 2007 Posts: 37 could somebody pm me .....i lost all of my passwords and had to start all over...im severly stuck on rm 33....please help! Back to top 	http://theroomz.19.forumer.com:80/viewtopic.php?t=164&start=0&sid=0c892ab91f8b899c616578b04962c74f
164	20080208154822	FoROOM ~ View topic - Room 40 - Not another checking	hint	sts: 841 Location: London, England It's being reuploaded, there was a bug. _________________ I am available to answer PMs requesting hints. I will NOT give out answers, just major hints. PROGRESS: 45/45 BONUS: 1-4 KISH: 1-2 ERI: 1 (3rd note) JAN: 5 Back to top sandandsun613 Posted: Fri Jul 27, 2007 4:11 am --> Roomz fan Joined: 17 May 2007 Posts: 37 could somebody pm me .....i lost all of my passwords and had to start all over...im severly stuck on rm 33....please help! Back to top rawene Posted: Fri Jul 27, 2007 6:02 am --> Roo	http://theroomz.19.forumer.com:80/viewtopic.php?t=164&start=0&sid=0c892ab91f8b899c616578b04962c74f
164	20080208154822	FoROOM ~ View topic - Room 40 - Not another checking	password	ISH: 1-2 ERI: 1 (3rd note) JAN: 5 Back to top sandandsun613 Posted: Fri Jul 27, 2007 4:11 am --> Roomz fan Joined: 17 May 2007 Posts: 37 could somebody pm me .....i lost all of my passwords and had to start all over...im severly stuck on rm 33....please help! Back to top rawene Posted: Fri Jul 27, 2007 6:02 am --> Roomz addict Joined: 18 Oct 2006 Posts: 59 Location: New Zealand Pm'd you Sand and sun!! _________________ PROGRESS: Room 44/45 BONUS Room 4/4 (Bonus 3 - was the best!!) (Bonus 4 - ROFL!!) Back to top sas Posted: Fri Jul 2	http://theroomz.19.forumer.com:80/viewtopic.php?t=164&start=0&sid=0c892ab91f8b899c616578b04962c74f
164	20080208154822	FoROOM ~ View topic - Room 40 - Not another checking	Room 44	 help! Back to top rawene Posted: Fri Jul 27, 2007 6:02 am --> Roomz addict Joined: 18 Oct 2006 Posts: 59 Location: New Zealand Pm'd you Sand and sun!! _________________ PROGRESS: Room 44/45 BONUS Room 4/4 (Bonus 3 - was the best!!) (Bonus 4 - ROFL!!) Back to top sas Posted: Fri Jul 27, 2007 2:52 pm --> Appreciated Helper Joined: 30 Oct 2006 Posts: 535 Location: Melbourne, Australia Damn 39 was one room I should have saved the password for... _________________ Progress: 45/45 + Bonus 4/4 PM if you need help! (include details of whe	http://theroomz.19.forumer.com:80/viewtopic.php?t=164&start=0&sid=0c892ab91f8b899c616578b04962c74f
164	20080208154822	FoROOM ~ View topic - Room 40 - Not another checking	Room 4	p rawene Posted: Fri Jul 27, 2007 6:02 am --> Roomz addict Joined: 18 Oct 2006 Posts: 59 Location: New Zealand Pm'd you Sand and sun!! _________________ PROGRESS: Room 44/45 BONUS Room 4/4 (Bonus 3 - was the best!!) (Bonus 4 - ROFL!!) Back to top sas Posted: Fri Jul 27, 2007 2:52 pm --> Appreciated Helper Joined: 30 Oct 2006 Posts: 535 Location: Melbourne, Australia Damn 39 was one room I should have saved the password for... _________________ Progress: 45/45 + Bonus 4/4 PM if you need help! (include details of where/what you are 	http://theroomz.19.forumer.com:80/viewtopic.php?t=164&start=0&sid=0c892ab91f8b899c616578b04962c74f
164	20080208154822	FoROOM ~ View topic - Room 40 - Not another checking	password	 Back to top sas Posted: Fri Jul 27, 2007 2:52 pm --> Appreciated Helper Joined: 30 Oct 2006 Posts: 535 Location: Melbourne, Australia Damn 39 was one room I should have saved the password for... _________________ Progress: 45/45 + Bonus 4/4 PM if you need help! (include details of where/what you are stuck on) - I don't give out answers though. Back to top kish Posted: Fri Jul 27, 2007 3:02 pm --> Roomz addict Joined: 30 May 2007 Posts: 92 it IS another checking.. >_< Back to top sandandsun613 Posted: Fri Jul 27, 2007 5:13 pm --> Ro	http://theroomz.19.forumer.com:80/viewtopic.php?t=164&start=0&sid=0c892ab91f8b899c616578b04962c74f
164	20080208154822	FoROOM ~ View topic - Room 40 - Not another checking	Stachu	eed both the roomz and the math. PM sent by sandandsun613 _________________ Progress: Roomz completed 42/43 Bonus roomz completed 3/4 Kish roomz 1/3 PM's are welcome Back to top .:Stachu:. Posted: Fri Jul 27, 2007 5:18 pm --> Lord of The Roomz Joined: 22 Sep 2006 Posts: 1347 Location: Hell sandandsun613 wrote: i have gone through all the roomz and found what i think i need....and i have no idea what to do with them..... Nothing different :p _________________ .....:::ENTER THE ROOMZ:::..... Life is a room where the password is 'dea	http://theroomz.19.forumer.com:80/viewtopic.php?t=164&start=0&sid=0c892ab91f8b899c616578b04962c74f
164	20080208154822	FoROOM ~ View topic - Room 40 - Not another checking	password	roomz and found what i think i need....and i have no idea what to do with them..... Nothing different :p _________________ .....:::ENTER THE ROOMZ:::..... Life is a room where the password is 'death' Progress: Roomz: mine (45/45 +4) :p, eri's (1/2), RG's (2/2), kish's (4/4 with magic :p), jan's (3/3) I'm offering help via PMs only if you like cryptic hints :p Back to top tazmind Posted: Fri Jul 27, 2007 10:22 pm --> Appreciated Helper Joined: 16 Feb 2007 Posts: 373 Location: New Zealand Stachu this math is still getting the better o	http://theroomz.19.forumer.com:80/viewtopic.php?t=164&start=0&sid=0c892ab91f8b899c616578b04962c74f
164	20080208154822	FoROOM ~ View topic - Room 40 - Not another checking	hint	re the password is 'death' Progress: Roomz: mine (45/45 +4) :p, eri's (1/2), RG's (2/2), kish's (4/4 with magic :p), jan's (3/3) I'm offering help via PMs only if you like cryptic hints :p Back to top tazmind Posted: Fri Jul 27, 2007 10:22 pm --> Appreciated Helper Joined: 16 Feb 2007 Posts: 373 Location: New Zealand Stachu this math is still getting the better of me... ah well _________________ --------------------------- Status: In room 45, Last step 2/4 ------------------------------ Roomz: 44/45 Bonus Roomz: 4/4 Feel Free to	http://theroomz.19.forumer.com:80/viewtopic.php?t=164&start=0&sid=0c892ab91f8b899c616578b04962c74f
164	20080208154822	FoROOM ~ View topic - Room 40 - Not another checking	Stachu	ng help via PMs only if you like cryptic hints :p Back to top tazmind Posted: Fri Jul 27, 2007 10:22 pm --> Appreciated Helper Joined: 16 Feb 2007 Posts: 373 Location: New Zealand Stachu this math is still getting the better of me... ah well _________________ --------------------------- Status: In room 45, Last step 2/4 ------------------------------ Roomz: 44/45 Bonus Roomz: 4/4 Feel Free to PM me. WILL NOT SPOIL --------------------------- Back to top yoavhayun Posted: Sat Jul 28, 2007 10:07 am --> Roomz addict Joined: 27 May 20	http://theroomz.19.forumer.com:80/viewtopic.php?t=164&start=0&sid=0c892ab91f8b899c616578b04962c74f
164	20080208154822	FoROOM ~ View topic - Room 40 - Not another checking	room 45	 Helper Joined: 16 Feb 2007 Posts: 373 Location: New Zealand Stachu this math is still getting the better of me... ah well _________________ --------------------------- Status: In room 45, Last step 2/4 ------------------------------ Roomz: 44/45 Bonus Roomz: 4/4 Feel Free to PM me. WILL NOT SPOIL --------------------------- Back to top yoavhayun Posted: Sat Jul 28, 2007 10:07 am --> Roomz addict Joined: 27 May 2007 Posts: 73 I got all the math... but can't find the connection to the roomz... _________________ Roomz Complete: 44/44	http://theroomz.19.forumer.com:80/viewtopic.php?t=164&start=0&sid=0c892ab91f8b899c616578b04962c74f
164	20080208154822	FoROOM ~ View topic - Room 40 - Not another checking	hint	mplete: 4/4 Kish Complete: 4/4 RG: 1/2 Eri: 0/1 ______________________________________________________________________ If you need any help you are welcomed to PM me. (I only give hints! not answers) Back to top .:Stachu:. Posted: Sat Jul 28, 2007 2:31 pm --> Lord of The Roomz Joined: 22 Sep 2006 Posts: 1347 Location: Hell yoavhayun wrote: I got all the math... but can't find the connection to the roomz... Really? O_o I think that what you see is obvious... _________________ .....:::ENTER THE ROOMZ:::..... Life is a room where t	http://theroomz.19.forumer.com:80/viewtopic.php?t=164&start=0&sid=0c892ab91f8b899c616578b04962c74f
164	20080208154822	FoROOM ~ View topic - Room 40 - Not another checking	Stachu	 1/2 Eri: 0/1 ______________________________________________________________________ If you need any help you are welcomed to PM me. (I only give hints! not answers) Back to top .:Stachu:. Posted: Sat Jul 28, 2007 2:31 pm --> Lord of The Roomz Joined: 22 Sep 2006 Posts: 1347 Location: Hell yoavhayun wrote: I got all the math... but can't find the connection to the roomz... Really? O_o I think that what you see is obvious... _________________ .....:::ENTER THE ROOMZ:::..... Life is a room where the password is 'death' Progress: Roo	http://theroomz.19.forumer.com:80/viewtopic.php?t=164&start=0&sid=0c892ab91f8b899c616578b04962c74f
164	20080208154822	FoROOM ~ View topic - Room 40 - Not another checking	password	ath... but can't find the connection to the roomz... Really? O_o I think that what you see is obvious... _________________ .....:::ENTER THE ROOMZ:::..... Life is a room where the password is 'death' Progress: Roomz: mine (45/45 +4) :p, eri's (1/2), RG's (2/2), kish's (4/4 with magic :p), jan's (3/3) I'm offering help via PMs only if you like cryptic hints :p Back to top shpwnz Posted: Sat Jul 28, 2007 3:32 pm --> Supreme roomer Joined: 23 May 2007 Posts: 263 Location: Following Stachu In HELL! yoav... its a well known method we use	http://theroomz.19.forumer.com:80/viewtopic.php?t=164&start=0&sid=0c892ab91f8b899c616578b04962c74f
164	20080208154822	FoROOM ~ View topic - Room 40 - Not another checking	hint	re the password is 'death' Progress: Roomz: mine (45/45 +4) :p, eri's (1/2), RG's (2/2), kish's (4/4 with magic :p), jan's (3/3) I'm offering help via PMs only if you like cryptic hints :p Back to top shpwnz Posted: Sat Jul 28, 2007 3:32 pm --> Supreme roomer Joined: 23 May 2007 Posts: 263 Location: Following Stachu In HELL! yoav... its a well known method we used before try to remember... once you remember how we used this before it will be anoyying but easy... _________________ Progress : (Roomz : 44/44) (Roomz Bonuses : 4/4) 	http://theroomz.19.forumer.com:80/viewtopic.php?t=164&start=0&sid=0c892ab91f8b899c616578b04962c74f
164	20080208154822	FoROOM ~ View topic - Room 40 - Not another checking	Stachu	m offering help via PMs only if you like cryptic hints :p Back to top shpwnz Posted: Sat Jul 28, 2007 3:32 pm --> Supreme roomer Joined: 23 May 2007 Posts: 263 Location: Following Stachu In HELL! yoav... its a well known method we used before try to remember... once you remember how we used this before it will be anoyying but easy... _________________ Progress : (Roomz : 44/44) (Roomz Bonuses : 4/4) (Kish : 4/4) (RG's Puzzles : 1/2) (Eri : 0/2) (cams : 0/2) Back to top rawene Posted: Sun Jul 29, 2007 10:15 am --> Roomz addict Join	http://theroomz.19.forumer.com:80/viewtopic.php?t=164&start=0&sid=0c892ab91f8b899c616578b04962c74f
164	20080208154822	FoROOM ~ View topic - Room 40 - Not another checking	Room 44	osts: 59 Location: New Zealand Where am I going wrong? - I have every one except the last one - what is it? Edit: Oh silly me!! - All done - good one!! _________________ PROGRESS: Room 44/45 BONUS Room 4/4 (Bonus 3 - was the best!!) (Bonus 4 - ROFL!!) Back to top Scotty Posted: Mon Jul 30, 2007 2:55 pm --> Wanderer Joined: 17 Jul 2007 Posts: 6 yeah i caught up to the end of the roomz so far well except for bonus roomz Back to top Ayeon Posted: Tue Jul 31, 2007 2:53 am --> Roomz fan Joined: 14 Feb 2007 Posts: 36 hrm, i'm having trou	http://theroomz.19.forumer.com:80/viewtopic.php?t=164&start=0&sid=0c892ab91f8b899c616578b04962c74f
164	20080208154822	FoROOM ~ View topic - Room 40 - Not another checking	Room 4	: New Zealand Where am I going wrong? - I have every one except the last one - what is it? Edit: Oh silly me!! - All done - good one!! _________________ PROGRESS: Room 44/45 BONUS Room 4/4 (Bonus 3 - was the best!!) (Bonus 4 - ROFL!!) Back to top Scotty Posted: Mon Jul 30, 2007 2:55 pm --> Wanderer Joined: 17 Jul 2007 Posts: 6 yeah i caught up to the end of the roomz so far well except for bonus roomz Back to top Ayeon Posted: Tue Jul 31, 2007 2:53 am --> Roomz fan Joined: 14 Feb 2007 Posts: 36 hrm, i'm having trouble finding the 	http://theroomz.19.forumer.com:80/viewtopic.php?t=164&start=0&sid=0c892ab91f8b899c616578b04962c74f
164	20080208154822	FoROOM ~ View topic - Room 40 - Not another checking	Stachu	am --> Roomz fan Joined: 14 Feb 2007 Posts: 36 hrm, i'm having trouble finding the room to the 6th and 13th background... please help? _________________ 44/R44 3/rB3 Back to top .:Stachu:. Posted: Tue Jul 31, 2007 4:37 am --> Lord of The Roomz Joined: 22 Sep 2006 Posts: 1347 Location: Hell 6th - it is very magical one ;] 13th - first count the number, than think why it's tricky _________________ .....:::ENTER THE ROOMZ:::..... Life is a room where the password is 'death' Progress: Roomz: mine (45/45 +4) :p, eri's (1/2), RG's (2/2)	http://theroomz.19.forumer.com:80/viewtopic.php?t=164&start=0&sid=0c892ab91f8b899c616578b04962c74f
164	20080208154822	FoROOM ~ View topic - Room 40 - Not another checking	password	Location: Hell 6th - it is very magical one ;] 13th - first count the number, than think why it's tricky _________________ .....:::ENTER THE ROOMZ:::..... Life is a room where the password is 'death' Progress: Roomz: mine (45/45 +4) :p, eri's (1/2), RG's (2/2), kish's (4/4 with magic :p), jan's (3/3) I'm offering help via PMs only if you like cryptic hints :p Back to top Ayeon Posted: Tue Jul 31, 2007 4:46 am --> Roomz fan Joined: 14 Feb 2007 Posts: 36 thanks for the first hint, and i know the last one is in reference to, but how do	http://theroomz.19.forumer.com:80/viewtopic.php?t=164&start=0&sid=0c892ab91f8b899c616578b04962c74f
164	20080208154822	FoROOM ~ View topic - Room 40 - Not another checking	hint	re the password is 'death' Progress: Roomz: mine (45/45 +4) :p, eri's (1/2), RG's (2/2), kish's (4/4 with magic :p), jan's (3/3) I'm offering help via PMs only if you like cryptic hints :p Back to top Ayeon Posted: Tue Jul 31, 2007 4:46 am --> Roomz fan Joined: 14 Feb 2007 Posts: 36 thanks for the first hint, and i know the last one is in reference to, but how do i find this one out... _________________ 44/R44 3/rB3 Back to top kselvage Posted: Tue Jul 31, 2007 7:49 pm --> Wanderer Joined: 14 Jun 2007 Posts: 4 That was a great r	http://theroomz.19.forumer.com:80/viewtopic.php?t=164&start=0&sid=0c892ab91f8b899c616578b04962c74f
164	20080208154822	FoROOM ~ View topic - Room 40 - Not another checking	hint	/3) I'm offering help via PMs only if you like cryptic hints :p Back to top Ayeon Posted: Tue Jul 31, 2007 4:46 am --> Roomz fan Joined: 14 Feb 2007 Posts: 36 thanks for the first hint, and i know the last one is in reference to, but how do i find this one out... _________________ 44/R44 3/rB3 Back to top kselvage Posted: Tue Jul 31, 2007 7:49 pm --> Wanderer Joined: 14 Jun 2007 Posts: 4 That was a great room! Out and about looking for bonus 3 Back to top tazmind Posted: Thu Aug 02, 2007 11:42 am --> Appreciated Helper Joined: 1	http://theroomz.19.forumer.com:80/viewtopic.php?t=164&start=0&sid=0c892ab91f8b899c616578b04962c74f
164	20080208154822	FoROOM ~ View topic - Room 40 - Not another checking	room 45	-> Appreciated Helper Joined: 16 Feb 2007 Posts: 373 Location: New Zealand Ok i'm out finally... DAMN MATH arghhhh ah well _________________ --------------------------- Status: In room 45, Last step 2/4 ------------------------------ Roomz: 44/45 Bonus Roomz: 4/4 Feel Free to PM me. WILL NOT SPOIL --------------------------- Back to top yoavhayun Posted: Thu Aug 02, 2007 7:37 pm --> Roomz addict Joined: 27 May 2007 Posts: 73 ok I understand what is the connection to the other roomz... but what about the last one? every room has thi	http://theroomz.19.forumer.com:80/viewtopic.php?t=164&start=0&sid=0c892ab91f8b899c616578b04962c74f
164	20080208154822	FoROOM ~ View topic - Room 40 - Not another checking	hint	mplete: 4/4 Kish Complete: 4/4 RG: 1/2 Eri: 0/1 ______________________________________________________________________ If you need any help you are welcomed to PM me. (I only give hints! not answers) Back to top Jim Gamma Posted: Thu Aug 02, 2007 7:53 pm --> Appreciated Helper Joined: 17 Oct 2006 Posts: 841 Location: London, England THINK! :p _________________ I am available to answer PMs requesting hints. I will NOT give out answers, just major hints. PROGRESS: 45/45 BONUS: 1-4 KISH: 1-2 ERI: 1 (3rd note) JAN: 5 Back to top yoa	http://theroomz.19.forumer.com:80/viewtopic.php?t=164&start=0&sid=0c892ab91f8b899c616578b04962c74f
164	20080208154822	FoROOM ~ View topic - Room 40 - Not another checking	hint	osted: Thu Aug 02, 2007 7:53 pm --> Appreciated Helper Joined: 17 Oct 2006 Posts: 841 Location: London, England THINK! :p _________________ I am available to answer PMs requesting hints. I will NOT give out answers, just major hints. PROGRESS: 45/45 BONUS: 1-4 KISH: 1-2 ERI: 1 (3rd note) JAN: 5 Back to top yoavhayun Posted: Thu Aug 02, 2007 8:13 pm --> Roomz addict Joined: 27 May 2007 Posts: 73 jim pm sent done! I'm out! 2 numbers were a mistake :S _________________ Roomz Complete: 44/44 Bonus Complete: 4/4 Kish Complete: 4/4 RG	http://theroomz.19.forumer.com:80/viewtopic.php?t=164&start=0&sid=0c892ab91f8b899c616578b04962c74f
164	20080208154822	FoROOM ~ View topic - Room 40 - Not another checking	hint	 Helper Joined: 17 Oct 2006 Posts: 841 Location: London, England THINK! :p _________________ I am available to answer PMs requesting hints. I will NOT give out answers, just major hints. PROGRESS: 45/45 BONUS: 1-4 KISH: 1-2 ERI: 1 (3rd note) JAN: 5 Back to top yoavhayun Posted: Thu Aug 02, 2007 8:13 pm --> Roomz addict Joined: 27 May 2007 Posts: 73 jim pm sent done! I'm out! 2 numbers were a mistake :S _________________ Roomz Complete: 44/44 Bonus Complete: 4/4 Kish Complete: 4/4 RG: 1/2 Eri: 0/1 ________________________________	http://theroomz.19.forumer.com:80/viewtopic.php?t=164&start=0&sid=0c892ab91f8b899c616578b04962c74f
164	20080208154822	FoROOM ~ View topic - Room 40 - Not another checking	hint	mplete: 4/4 Kish Complete: 4/4 RG: 1/2 Eri: 0/1 ______________________________________________________________________ If you need any help you are welcomed to PM me. (I only give hints! not answers) Back to top Display posts from previous: All Posts 1 Day 7 Days 2 Weeks 1 Month 3 Months 6 Months 1 Year Oldest First Newest First All times are GMT + 1 Hour View next topic View previous topic Page 1 of 3 Goto page 1 , 2 , 3 Next FoROOM Forum Index ~ Roomz Jump to: Select a forum Message Board ---------------- News & infos Free sec	http://theroomz.19.forumer.com:80/viewtopic.php?t=164&start=0&sid=0c892ab91f8b899c616578b04962c74f
165	20080208154833	FoROOM ~ View topic - Bonus Room 3 - Lord of the Colony	hint	t this sort of thing! Jim, I did that, you just worked on the old file LOL _________________ I am available to answer PMs requesting hints. I will NOT give out answers, just major hints. PROGRESS: 45/45 BONUS: 1-4 KISH: 1-2 ERI: 1 (3rd note) JAN: 5 Back to top tazmind Posted: Fri Jul 27, 2007 12:31 am --> Appreciated Helper Joined: 16 Feb 2007 Posts: 373 Location: New Zealand Found it... looks um.. hmmm i'll get back to ya _________________ --------------------------- Status: In room 45, Last step 2/4 ---------------------------	http://theroomz.19.forumer.com:80/viewtopic.php?t=165&start=0&sid=0c892ab91f8b899c616578b04962c74f
165	20080208154833	FoROOM ~ View topic - Bonus Room 3 - Lord of the Colony	room 45	-> Appreciated Helper Joined: 16 Feb 2007 Posts: 373 Location: New Zealand Found it... looks um.. hmmm i'll get back to ya _________________ --------------------------- Status: In room 45, Last step 2/4 ------------------------------ Roomz: 44/45 Bonus Roomz: 4/4 Feel Free to PM me. WILL NOT SPOIL --------------------------- Back to top ashman Posted: Fri Jul 27, 2007 10:22 am --> Roomz addict Joined: 13 Mar 2007 Posts: 62 found it :d i hpoe this one dont hurt my head :s _________________ Roomz 42/42 Completed Bonus Rooms 3/3 Compl	http://theroomz.19.forumer.com:80/viewtopic.php?t=165&start=0&sid=0c892ab91f8b899c616578b04962c74f
165	20080208154833	FoROOM ~ View topic - Bonus Room 3 - Lord of the Colony	room 45	Appreciated Helper Joined: 16 Feb 2007 Posts: 373 Location: New Zealand ok so i must be dumb... i'm stuck on the first bit _________________ --------------------------- Status: In room 45, Last step 2/4 ------------------------------ Roomz: 44/45 Bonus Roomz: 4/4 Feel Free to PM me. WILL NOT SPOIL --------------------------- Back to top akko Posted: Sat Jul 28, 2007 1:46 pm --> Roomz fan Joined: 18 Oct 2006 Posts: 27 hey i have enough resources but can't get the tools to be made. why?? also, i have enough woods and stones to build 	http://theroomz.19.forumer.com:80/viewtopic.php?t=165&start=0&sid=0c892ab91f8b899c616578b04962c74f
165	20080208154833	FoROOM ~ View topic - Bonus Room 3 - Lord of the Colony	room 45	osts: 373 Location: New Zealand lol, nevermind, i got it.... only faced the enemy once in 4 hours... OMG that was not nice _________________ --------------------------- Status: In room 45, Last step 2/4 ------------------------------ Roomz: 44/45 Bonus Roomz: 4/4 Feel Free to PM me. WILL NOT SPOIL --------------------------- Back to top Display posts from previous: All Posts 1 Day 7 Days 2 Weeks 1 Month 3 Months 6 Months 1 Year Oldest First Newest First All times are GMT + 1 Hour View next topic View previous topic Page 1 of 3 Goto	http://theroomz.19.forumer.com:80/viewtopic.php?t=165&start=0&sid=0c892ab91f8b899c616578b04962c74f
187	20080208155031	FoROOM ~ View topic - Room 42 - Riddles in the ROOMZ	Room 42	FoROOM ~ View topic - Room 42 - Riddles in the ROOMZ FAQ Search Memberlist Usergroups fChat Log in Register Author Message Roomz ~ Room 42 - Riddles in the ROOMZ RG365 Posted: Sat Aug 04, 2007 5:01 pm --> Appreciated Helper Joined: 13 Feb 2007 Posts: 182 Location: Madison, WI, USA Have fun, this one should keep Stachu and the AH's busy Please don't use ** words (in this thread	http://theroomz.19.forumer.com:80/viewtopic.php?t=187&start=0&sid=0c892ab91f8b899c616578b04962c74f
187	20080208155031	FoROOM ~ View topic - Room 42 - Riddles in the ROOMZ	Room 42	FoROOM ~ View topic - Room 42 - Riddles in the ROOMZ FAQ Search Memberlist Usergroups fChat Log in Register Author Message Roomz ~ Room 42 - Riddles in the ROOMZ RG365 Posted: Sat Aug 04, 2007 5:01 pm --> Appreciated Helper Joined: 13 Feb 2007 Posts: 182 Location: Madison, WI, USA Have fun, this one should keep Stachu and the AH's busy Please don't use ** words (in this thread) as a cover for the a****** {answers}; it may be give something away to others.. _________________ Roomz Com	http://theroomz.19.forumer.com:80/viewtopic.php?t=187&start=0&sid=0c892ab91f8b899c616578b04962c74f
187	20080208155031	FoROOM ~ View topic - Room 42 - Riddles in the ROOMZ	Stachu	om 42 - Riddles in the ROOMZ RG365 Posted: Sat Aug 04, 2007 5:01 pm --> Appreciated Helper Joined: 13 Feb 2007 Posts: 182 Location: Madison, WI, USA Have fun, this one should keep Stachu and the AH's busy Please don't use ** words (in this thread) as a cover for the a****** {answers}; it may be give something away to others.. _________________ Roomz Complete: 44 + 4 Back to top RedneckGrl56 Posted: Sat Aug 04, 2007 10:07 pm --> Roomz fan Joined: 27 Jun 2007 Posts: 29 Location: Texas EDIT: Just one more... And I'm completely out of	http://theroomz.19.forumer.com:80/viewtopic.php?t=187&start=0&sid=0c892ab91f8b899c616578b04962c74f
187	20080208155031	FoROOM ~ View topic - Room 42 - Riddles in the ROOMZ	Room 44	aland There might be a little bug here - my CD don't work!! Will try again. Edit: Ok - Cancel the panic!! No bug - it only works when you get it right! _________________ PROGRESS: Room 44/45 BONUS Room 4/4 (Bonus 3 - was the best!!) (Bonus 4 - ROFL!!) Back to top shpwnz Posted: Tue Aug 07, 2007 2:52 am --> Supreme roomer Joined: 23 May 2007 Posts: 263 Location: Following Stachu In HELL! ok r42 here i come -.- after i've put the cd, the first hint paper i got... does all the things written in it supposed to point out to the same thi	http://theroomz.19.forumer.com:80/viewtopic.php?t=187&start=0&sid=0c892ab91f8b899c616578b04962c74f
187	20080208155031	FoROOM ~ View topic - Room 42 - Riddles in the ROOMZ	Room 4	 be a little bug here - my CD don't work!! Will try again. Edit: Ok - Cancel the panic!! No bug - it only works when you get it right! _________________ PROGRESS: Room 44/45 BONUS Room 4/4 (Bonus 3 - was the best!!) (Bonus 4 - ROFL!!) Back to top shpwnz Posted: Tue Aug 07, 2007 2:52 am --> Supreme roomer Joined: 23 May 2007 Posts: 263 Location: Following Stachu In HELL! ok r42 here i come -.- after i've put the cd, the first hint paper i got... does all the things written in it supposed to point out to the same thing. or is each o	http://theroomz.19.forumer.com:80/viewtopic.php?t=187&start=0&sid=0c892ab91f8b899c616578b04962c74f
187	20080208155031	FoROOM ~ View topic - Room 42 - Riddles in the ROOMZ	Stachu	US Room 4/4 (Bonus 3 - was the best!!) (Bonus 4 - ROFL!!) Back to top shpwnz Posted: Tue Aug 07, 2007 2:52 am --> Supreme roomer Joined: 23 May 2007 Posts: 263 Location: Following Stachu In HELL! ok r42 here i come -.- after i've put the cd, the first hint paper i got... does all the things written in it supposed to point out to the same thing. or is each one a riddle on its own? _________________ Progress : (Roomz : 44/44) (Roomz Bonuses : 4/4) (Kish : 4/4) (RG's Puzzles : 1/2) (Eri : 0/2) (cams : 0/2) Back to top RedneckGrl56 Po	http://theroomz.19.forumer.com:80/viewtopic.php?t=187&start=0&sid=0c892ab91f8b899c616578b04962c74f
187	20080208155031	FoROOM ~ View topic - Room 42 - Riddles in the ROOMZ	hint	pwnz Posted: Tue Aug 07, 2007 2:52 am --> Supreme roomer Joined: 23 May 2007 Posts: 263 Location: Following Stachu In HELL! ok r42 here i come -.- after i've put the cd, the first hint paper i got... does all the things written in it supposed to point out to the same thing. or is each one a riddle on its own? _________________ Progress : (Roomz : 44/44) (Roomz Bonuses : 4/4) (Kish : 4/4) (RG's Puzzles : 1/2) (Eri : 0/2) (cams : 0/2) Back to top RedneckGrl56 Posted: Tue Aug 07, 2007 3:20 am --> Roomz fan Joined: 27 Jun 2007 Posts	http://theroomz.19.forumer.com:80/viewtopic.php?t=187&start=0&sid=0c892ab91f8b899c616578b04962c74f
187	20080208155031	FoROOM ~ View topic - Room 42 - Riddles in the ROOMZ	Room 44	others Edit: Have 2. Must have put in about 100 others though - all rejected. Last edited by rawene on Wed Aug 08, 2007 7:32 am; edited 1 time in total _________________ PROGRESS: Room 44/45 BONUS Room 4/4 (Bonus 3 - was the best!!) (Bonus 4 - ROFL!!) Back to top shpwnz Posted: Tue Aug 07, 2007 1:11 pm --> Supreme roomer Joined: 23 May 2007 Posts: 263 Location: Following Stachu In HELL! this doesnt make any sense... im supposed to answer those riddles from the upper one to the bottom one right? anyway i tried everything that can be	http://theroomz.19.forumer.com:80/viewtopic.php?t=187&start=0&sid=0c892ab91f8b899c616578b04962c74f
187	20080208155031	FoROOM ~ View topic - Room 42 - Riddles in the ROOMZ	Room 4	 2. Must have put in about 100 others though - all rejected. Last edited by rawene on Wed Aug 08, 2007 7:32 am; edited 1 time in total _________________ PROGRESS: Room 44/45 BONUS Room 4/4 (Bonus 3 - was the best!!) (Bonus 4 - ROFL!!) Back to top shpwnz Posted: Tue Aug 07, 2007 1:11 pm --> Supreme roomer Joined: 23 May 2007 Posts: 263 Location: Following Stachu In HELL! this doesnt make any sense... im supposed to answer those riddles from the upper one to the bottom one right? anyway i tried everything that can be found undergrou	http://theroomz.19.forumer.com:80/viewtopic.php?t=187&start=0&sid=0c892ab91f8b899c616578b04962c74f
187	20080208155031	FoROOM ~ View topic - Room 42 - Riddles in the ROOMZ	Stachu	US Room 4/4 (Bonus 3 - was the best!!) (Bonus 4 - ROFL!!) Back to top shpwnz Posted: Tue Aug 07, 2007 1:11 pm --> Supreme roomer Joined: 23 May 2007 Posts: 263 Location: Following Stachu In HELL! this doesnt make any sense... im supposed to answer those riddles from the upper one to the bottom one right? anyway i tried everything that can be found underground and has 6 letters... btw i write it in guesses right? _________________ Progress : (Roomz : 44/44) (Roomz Bonuses : 4/4) (Kish : 4/4) (RG's Puzzles : 1/2) (Eri : 0/2) (cams :	http://theroomz.19.forumer.com:80/viewtopic.php?t=187&start=0&sid=0c892ab91f8b899c616578b04962c74f
187	20080208155031	FoROOM ~ View topic - Room 42 - Riddles in the ROOMZ	Stachu	red in HSs. _________________ (Roomz: 42/45) (Bonus: 4/4) Back to top shpwnz Posted: Tue Aug 07, 2007 1:23 pm --> Supreme roomer Joined: 23 May 2007 Posts: 263 Location: Following Stachu In HELL! edit : nevermind, i got it. _________________ Progress : (Roomz : 44/44) (Roomz Bonuses : 4/4) (Kish : 4/4) (RG's Puzzles : 1/2) (Eri : 0/2) (cams : 0/2) Back to top RedneckGrl56 Posted: Tue Aug 07, 2007 1:27 pm --> Roomz fan Joined: 27 Jun 2007 Posts: 29 Location: Texas Trickery...make the second bit fun then lead us to our doom in the t	http://theroomz.19.forumer.com:80/viewtopic.php?t=187&start=0&sid=0c892ab91f8b899c616578b04962c74f
187	20080208155031	FoROOM ~ View topic - Room 42 - Riddles in the ROOMZ	Stachu	es in total _________________ (Roomz: 42/45) (Bonus: 4/4) Back to top shpwnz Posted: Tue Aug 07, 2007 2:15 pm --> Supreme roomer Joined: 23 May 2007 Posts: 263 Location: Following Stachu In HELL! ok i have 3 correct, 1, 5 and 6. the rest are hard ok i got all of them besides the 31+5, and i guessed the password... anyway, you should really tell people how many words are in that puzzle(second cd)... -.- edit: i must say... this room is EVIL! anyway i could use a hint on third disk... i didnt understand which connection i need to fi	http://theroomz.19.forumer.com:80/viewtopic.php?t=187&start=0&sid=0c892ab91f8b899c616578b04962c74f
187	20080208155031	FoROOM ~ View topic - Room 42 - Riddles in the ROOMZ	password	omer Joined: 23 May 2007 Posts: 263 Location: Following Stachu In HELL! ok i have 3 correct, 1, 5 and 6. the rest are hard ok i got all of them besides the 31+5, and i guessed the password... anyway, you should really tell people how many words are in that puzzle(second cd)... -.- edit: i must say... this room is EVIL! anyway i could use a hint on third disk... i didnt understand which connection i need to find is it the connection between each row? i mean pay -> year -> rumba? or is it each line pay -> *** -> oak -> sin... and does	http://theroomz.19.forumer.com:80/viewtopic.php?t=187&start=0&sid=0c892ab91f8b899c616578b04962c74f
187	20080208155031	FoROOM ~ View topic - Room 42 - Riddles in the ROOMZ	hint	and i guessed the password... anyway, you should really tell people how many words are in that puzzle(second cd)... -.- edit: i must say... this room is EVIL! anyway i could use a hint on third disk... i didnt understand which connection i need to find is it the connection between each row? i mean pay -> year -> rumba? or is it each line pay -> *** -> oak -> sin... and does it continues or just line itself i mean does sin supposed to show us something about year? im confused c'mon shpwnz, double post? no help for you! edit: the 	http://theroomz.19.forumer.com:80/viewtopic.php?t=187&start=0&sid=0c892ab91f8b899c616578b04962c74f
187	20080208155031	FoROOM ~ View topic - Room 42 - Riddles in the ROOMZ	hint	just line itself i mean does sin supposed to show us something about year? when you see this post delete it... im just trying to get you to help me ^^ didn't work, I'll give you a hint when you work out what 31+5 is rofl, thats not fair ^^ no one besides you stachu succeded the 31+5 part... :S _________________ Progress : (Roomz : 44/44) (Roomz Bonuses : 4/4) (Kish : 4/4) (RG's Puzzles : 1/2) (Eri : 0/2) (cams : 0/2) Back to top RG365 Posted: Wed Aug 08, 2007 12:59 am --> Appreciated Helper Joined: 13 Feb 2007 Posts: 182 Locatio	http://theroomz.19.forumer.com:80/viewtopic.php?t=187&start=0&sid=0c892ab91f8b899c616578b04962c74f
187	20080208155031	FoROOM ~ View topic - Room 42 - Riddles in the ROOMZ	stachu	 you see this post delete it... im just trying to get you to help me ^^ didn't work, I'll give you a hint when you work out what 31+5 is rofl, thats not fair ^^ no one besides you stachu succeded the 31+5 part... :S _________________ Progress : (Roomz : 44/44) (Roomz Bonuses : 4/4) (Kish : 4/4) (RG's Puzzles : 1/2) (Eri : 0/2) (cams : 0/2) Back to top RG365 Posted: Wed Aug 08, 2007 12:59 am --> Appreciated Helper Joined: 13 Feb 2007 Posts: 182 Location: Madison, WI, USA yeah, but Stachu got it almost right away, so this isn't impo	http://theroomz.19.forumer.com:80/viewtopic.php?t=187&start=0&sid=0c892ab91f8b899c616578b04962c74f
187	20080208155031	FoROOM ~ View topic - Room 42 - Riddles in the ROOMZ	Stachu	zles : 1/2) (Eri : 0/2) (cams : 0/2) Back to top RG365 Posted: Wed Aug 08, 2007 12:59 am --> Appreciated Helper Joined: 13 Feb 2007 Posts: 182 Location: Madison, WI, USA yeah, but Stachu got it almost right away, so this isn't impossible _________________ Roomz Complete: 44 + 4 Back to top .:Stachu:. Posted: Wed Aug 08, 2007 1:00 am --> Lord of The Roomz Joined: 22 Sep 2006 Posts: 1347 Location: Hell Shpwnz is just too lazy, that's the truth :p amen _________________ .....:::ENTER THE ROOMZ:::..... Life is a room where the passwor	http://theroomz.19.forumer.com:80/viewtopic.php?t=187&start=0&sid=0c892ab91f8b899c616578b04962c74f
187	20080208155031	FoROOM ~ View topic - Room 42 - Riddles in the ROOMZ	Stachu	oined: 13 Feb 2007 Posts: 182 Location: Madison, WI, USA yeah, but Stachu got it almost right away, so this isn't impossible _________________ Roomz Complete: 44 + 4 Back to top .:Stachu:. Posted: Wed Aug 08, 2007 1:00 am --> Lord of The Roomz Joined: 22 Sep 2006 Posts: 1347 Location: Hell Shpwnz is just too lazy, that's the truth :p amen _________________ .....:::ENTER THE ROOMZ:::..... Life is a room where the password is 'death' Progress: Roomz: mine (45/45 +4) :p, eri's (1/2), RG's (2/2), kish's (4/4 with magic :p), jan's (3/3	http://theroomz.19.forumer.com:80/viewtopic.php?t=187&start=0&sid=0c892ab91f8b899c616578b04962c74f
187	20080208155031	FoROOM ~ View topic - Room 42 - Riddles in the ROOMZ	password	e Roomz Joined: 22 Sep 2006 Posts: 1347 Location: Hell Shpwnz is just too lazy, that's the truth :p amen _________________ .....:::ENTER THE ROOMZ:::..... Life is a room where the password is 'death' Progress: Roomz: mine (45/45 +4) :p, eri's (1/2), RG's (2/2), kish's (4/4 with magic :p), jan's (3/3) I'm offering help via PMs only if you like cryptic hints :p Back to top tazmind Posted: Wed Aug 08, 2007 2:47 am --> Appreciated Helper Joined: 16 Feb 2007 Posts: 373 Location: New Zealand OMG just got in here.... I have a HUGE problem 	http://theroomz.19.forumer.com:80/viewtopic.php?t=187&start=0&sid=0c892ab91f8b899c616578b04962c74f
187	20080208155031	FoROOM ~ View topic - Room 42 - Riddles in the ROOMZ	hint	re the password is 'death' Progress: Roomz: mine (45/45 +4) :p, eri's (1/2), RG's (2/2), kish's (4/4 with magic :p), jan's (3/3) I'm offering help via PMs only if you like cryptic hints :p Back to top tazmind Posted: Wed Aug 08, 2007 2:47 am --> Appreciated Helper Joined: 16 Feb 2007 Posts: 373 Location: New Zealand OMG just got in here.... I have a HUGE problem with the first bit.... I'm sure i'm doing the right thing... but its not working... _________________ --------------------------- Status: In room 45, Last step 2/4 -----	http://theroomz.19.forumer.com:80/viewtopic.php?t=187&start=0&sid=0c892ab91f8b899c616578b04962c74f
187	20080208155031	FoROOM ~ View topic - Room 42 - Riddles in the ROOMZ	room 45	 got in here.... I have a HUGE problem with the first bit.... I'm sure i'm doing the right thing... but its not working... _________________ --------------------------- Status: In room 45, Last step 2/4 ------------------------------ Roomz: 44/45 Bonus Roomz: 4/4 Feel Free to PM me. WILL NOT SPOIL --------------------------- Back to top liat Posted: Wed Aug 08, 2007 8:37 am --> Little roomer Joined: 14 Jul 2007 Posts: 15 can someone plz help me with 2 and 4 on the first note? i've tried almost everything Back to top tazmind Posted:	http://theroomz.19.forumer.com:80/viewtopic.php?t=187&start=0&sid=0c892ab91f8b899c616578b04962c74f
187	20080208155031	FoROOM ~ View topic - Room 42 - Riddles in the ROOMZ	room 45	16 Feb 2007 Posts: 373 Location: New Zealand I would, but i cant even get past the very first bit when you get in the room _________________ --------------------------- Status: In room 45, Last step 2/4 ------------------------------ Roomz: 44/45 Bonus Roomz: 4/4 Feel Free to PM me. WILL NOT SPOIL --------------------------- Back to top yoavhayun Posted: Wed Aug 08, 2007 9:22 am --> Roomz addict Joined: 27 May 2007 Posts: 73 I need help on the 3rd note myself! this is hard! I cannot see the connection. _________________ Roomz Compl	http://theroomz.19.forumer.com:80/viewtopic.php?t=187&start=0&sid=0c892ab91f8b899c616578b04962c74f
187	20080208155031	FoROOM ~ View topic - Room 42 - Riddles in the ROOMZ	hint	mplete: 4/4 Kish Complete: 4/4 RG: 1/2 Eri: 0/1 ______________________________________________________________________ If you need any help you are welcomed to PM me. (I only give hints! not answers) Back to top rawene Posted: Wed Aug 08, 2007 9:44 am --> Roomz addict Joined: 18 Oct 2006 Posts: 59 Location: New Zealand What on earth is the 5th one on the first note? Edit: And while you're there - how about a clue for 1,2,3,4, and 8??? and maybe a cure for insomnia?? Spending far too much time here. _________________ PROGRESS: Ro	http://theroomz.19.forumer.com:80/viewtopic.php?t=187&start=0&sid=0c892ab91f8b899c616578b04962c74f
187	20080208155031	FoROOM ~ View topic - Room 42 - Riddles in the ROOMZ	Room 44	 the first note? Edit: And while you're there - how about a clue for 1,2,3,4, and 8??? and maybe a cure for insomnia?? Spending far too much time here. _________________ PROGRESS: Room 44/45 BONUS Room 4/4 (Bonus 3 - was the best!!) (Bonus 4 - ROFL!!) Back to top RedneckGrl56 Posted: Wed Aug 08, 2007 9:06 pm --> Roomz fan Joined: 27 Jun 2007 Posts: 29 Location: Texas After hours of working on, I declare that I am completely stumped on the third part. Only noticed one connection between everything, and I'm not sure it's actually imp	http://theroomz.19.forumer.com:80/viewtopic.php?t=187&start=0&sid=0c892ab91f8b899c616578b04962c74f
187	20080208155031	FoROOM ~ View topic - Room 42 - Riddles in the ROOMZ	Room 4	Edit: And while you're there - how about a clue for 1,2,3,4, and 8??? and maybe a cure for insomnia?? Spending far too much time here. _________________ PROGRESS: Room 44/45 BONUS Room 4/4 (Bonus 3 - was the best!!) (Bonus 4 - ROFL!!) Back to top RedneckGrl56 Posted: Wed Aug 08, 2007 9:06 pm --> Roomz fan Joined: 27 Jun 2007 Posts: 29 Location: Texas After hours of working on, I declare that I am completely stumped on the third part. Only noticed one connection between everything, and I'm not sure it's actually important. ________	http://theroomz.19.forumer.com:80/viewtopic.php?t=187&start=0&sid=0c892ab91f8b899c616578b04962c74f
187	20080208155031	FoROOM ~ View topic - Room 42 - Riddles in the ROOMZ	Stachu	note (my 2nd) always love roomz!!!! (and their creators) Back to top shpwnz Posted: Thu Aug 09, 2007 12:31 pm --> Supreme roomer Joined: 23 May 2007 Posts: 263 Location: Following Stachu In HELL! the third part is impossible ^^ so is this 31+5 !!! i dont care if stachu saw it right away... I TRIED EVERYTHING! _________________ Progress : (Roomz : 44/44) (Roomz Bonuses : 4/4) (Kish : 4/4) (RG's Puzzles : 1/2) (Eri : 0/2) (cams : 0/2) Back to top cuki Posted: Thu Aug 09, 2007 2:21 pm --> Roomer of roomers Joined: 02 Jan 2007 Posts: 	http://theroomz.19.forumer.com:80/viewtopic.php?t=187&start=0&sid=0c892ab91f8b899c616578b04962c74f
187	20080208155031	FoROOM ~ View topic - Room 42 - Riddles in the ROOMZ	stachu	 Thu Aug 09, 2007 12:31 pm --> Supreme roomer Joined: 23 May 2007 Posts: 263 Location: Following Stachu In HELL! the third part is impossible ^^ so is this 31+5 !!! i dont care if stachu saw it right away... I TRIED EVERYTHING! _________________ Progress : (Roomz : 44/44) (Roomz Bonuses : 4/4) (Kish : 4/4) (RG's Puzzles : 1/2) (Eri : 0/2) (cams : 0/2) Back to top cuki Posted: Thu Aug 09, 2007 2:21 pm --> Roomer of roomers Joined: 02 Jan 2007 Posts: 128 Location: Torino, Italy pm sent, shpwnz... for the 3rd part... hard but not imp	http://theroomz.19.forumer.com:80/viewtopic.php?t=187&start=0&sid=0c892ab91f8b899c616578b04962c74f
187	20080208155031	FoROOM ~ View topic - Room 42 - Riddles in the ROOMZ	Stachu	 to 44 finished bonus: 1,2&4 completed (br3 no thanks :p) kish roomz: 1/3 stuck on 2nd eri's miniR: A....... note (my 2nd) always love roomz!!!! (and their creators) Back to top .:Stachu:. Posted: Thu Aug 09, 2007 2:28 pm --> Lord of The Roomz Joined: 22 Sep 2006 Posts: 1347 Location: Hell shpwnz wrote: the third part is impossible ^^ so is this 31+5 !!! i dont care if stachu saw it right away... I TRIED EVERYTHING! I don't care if shpwnz tried everything - BECAUSE HE DIDN'T! _________________ .....:::ENTER THE ROOMZ:::..... Life 	http://theroomz.19.forumer.com:80/viewtopic.php?t=187&start=0&sid=0c892ab91f8b899c616578b04962c74f
187	20080208155031	FoROOM ~ View topic - Room 42 - Riddles in the ROOMZ	stachu	ted: Thu Aug 09, 2007 2:28 pm --> Lord of The Roomz Joined: 22 Sep 2006 Posts: 1347 Location: Hell shpwnz wrote: the third part is impossible ^^ so is this 31+5 !!! i dont care if stachu saw it right away... I TRIED EVERYTHING! I don't care if shpwnz tried everything - BECAUSE HE DIDN'T! _________________ .....:::ENTER THE ROOMZ:::..... Life is a room where the password is 'death' Progress: Roomz: mine (45/45 +4) :p, eri's (1/2), RG's (2/2), kish's (4/4 with magic :p), jan's (3/3) I'm offering help via PMs only if you like cryptic	http://theroomz.19.forumer.com:80/viewtopic.php?t=187&start=0&sid=0c892ab91f8b899c616578b04962c74f
187	20080208155031	FoROOM ~ View topic - Room 42 - Riddles in the ROOMZ	password	hu saw it right away... I TRIED EVERYTHING! I don't care if shpwnz tried everything - BECAUSE HE DIDN'T! _________________ .....:::ENTER THE ROOMZ:::..... Life is a room where the password is 'death' Progress: Roomz: mine (45/45 +4) :p, eri's (1/2), RG's (2/2), kish's (4/4 with magic :p), jan's (3/3) I'm offering help via PMs only if you like cryptic hints :p Back to top avi Posted: Thu Aug 09, 2007 3:38 pm --> Roomz fan Joined: 12 Jul 2007 Posts: 39 Location: Israel stumped on the 1st bit... didn't say i've tried everything but i h	http://theroomz.19.forumer.com:80/viewtopic.php?t=187&start=0&sid=0c892ab91f8b899c616578b04962c74f
187	20080208155031	FoROOM ~ View topic - Room 42 - Riddles in the ROOMZ	hint	re the password is 'death' Progress: Roomz: mine (45/45 +4) :p, eri's (1/2), RG's (2/2), kish's (4/4 with magic :p), jan's (3/3) I'm offering help via PMs only if you like cryptic hints :p Back to top avi Posted: Thu Aug 09, 2007 3:38 pm --> Roomz fan Joined: 12 Jul 2007 Posts: 39 Location: Israel stumped on the 1st bit... didn't say i've tried everything but i have no idea on how to even start _________________ 43+4 Roomz Completed Back to top Display posts from previous: All Posts 1 Day 7 Days 2 Weeks 1 Month 3 Months 6 Months	http://theroomz.19.forumer.com:80/viewtopic.php?t=187&start=0&sid=0c892ab91f8b899c616578b04962c74f
212	20080208155111	FoROOM ~ View topic - Room 43 - Underwater journey	Room 43	FoROOM ~ View topic - Room 43 - Underwater journey FAQ Search Memberlist Usergroups fChat Log in Register Author Message Roomz ~ Room 43 - Underwater journey .:Stachu:. Posted: Tue Aug 21, 2007 7:51 pm --> Lord of The Roomz Joined: 22 Sep 2006 Posts: 1347 Location: Hell Don't think this room is easier than the previous one Ask RG or sas :p Anyway, I wish you good luck, you wil	http://theroomz.19.forumer.com:80/viewtopic.php?t=212&start=0&sid=0c892ab91f8b899c616578b04962c74f
212	20080208155111	FoROOM ~ View topic - Room 43 - Underwater journey	Room 43	FoROOM ~ View topic - Room 43 - Underwater journey FAQ Search Memberlist Usergroups fChat Log in Register Author Message Roomz ~ Room 43 - Underwater journey .:Stachu:. Posted: Tue Aug 21, 2007 7:51 pm --> Lord of The Roomz Joined: 22 Sep 2006 Posts: 1347 Location: Hell Don't think this room is easier than the previous one Ask RG or sas :p Anyway, I wish you good luck, you will need it (a lot) _________________ .....:::ENTER THE ROOMZ:::..... Life is a room where the password is 'd	http://theroomz.19.forumer.com:80/viewtopic.php?t=212&start=0&sid=0c892ab91f8b899c616578b04962c74f
212	20080208155111	FoROOM ~ View topic - Room 43 - Underwater journey	Stachu	FoROOM ~ View topic - Room 43 - Underwater journey FAQ Search Memberlist Usergroups fChat Log in Register Author Message Roomz ~ Room 43 - Underwater journey .:Stachu:. Posted: Tue Aug 21, 2007 7:51 pm --> Lord of The Roomz Joined: 22 Sep 2006 Posts: 1347 Location: Hell Don't think this room is easier than the previous one Ask RG or sas :p Anyway, I wish you good luck, you will need it (a lot) _________________ .....:::ENTER THE ROOMZ:::..... Life is a room where the password is 'death' Progress: Roomz: mine (4	http://theroomz.19.forumer.com:80/viewtopic.php?t=212&start=0&sid=0c892ab91f8b899c616578b04962c74f
212	20080208155111	FoROOM ~ View topic - Room 43 - Underwater journey	password	 is easier than the previous one Ask RG or sas :p Anyway, I wish you good luck, you will need it (a lot) _________________ .....:::ENTER THE ROOMZ:::..... Life is a room where the password is 'death' Progress: Roomz: mine (45/45 +4) :p, eri's (1/2), RG's (2/2), kish's (4/4 with magic :p), jan's (3/3) I'm offering help via PMs only if you like cryptic hints :p Back to top cuki Posted: Tue Aug 21, 2007 10:09 pm --> Roomer of roomers Joined: 02 Jan 2007 Posts: 128 Location: Torino, Italy Yay! this room is awesome! and I like very much 	http://theroomz.19.forumer.com:80/viewtopic.php?t=212&start=0&sid=0c892ab91f8b899c616578b04962c74f
212	20080208155111	FoROOM ~ View topic - Room 43 - Underwater journey	hint	re the password is 'death' Progress: Roomz: mine (45/45 +4) :p, eri's (1/2), RG's (2/2), kish's (4/4 with magic :p), jan's (3/3) I'm offering help via PMs only if you like cryptic hints :p Back to top cuki Posted: Tue Aug 21, 2007 10:09 pm --> Roomer of roomers Joined: 02 Jan 2007 Posts: 128 Location: Torino, Italy Yay! this room is awesome! and I like very much the sounds... now I wrote only the 1st hss, but ... I've already seen "it"! now? stuck! ok, now I'm swimming, and I've to solve these things. I think I know what they ar	http://theroomz.19.forumer.com:80/viewtopic.php?t=212&start=0&sid=0c892ab91f8b899c616578b04962c74f
212	20080208155111	FoROOM ~ View topic - Room 43 - Underwater journey	stachu	uch the sounds... now I wrote only the 1st hss, but ... I've already seen "it"! now? stuck! ok, now I'm swimming, and I've to solve these things. I think I know what they are, but stachu on IRC said me "dunno"... STACHU, YOU ARE A C.A.S.M.!!! cuki slaps stachu around a bit with a chair Last edited by cuki on Wed Aug 22, 2007 9:30 pm; edited 1 time in total _________________ r1 to 44 finished bonus: 1,2&4 completed (br3 no thanks :p) kish roomz: 1/3 stuck on 2nd eri's miniR: A....... note (my 2nd) always love roomz!!!! (and their c	http://theroomz.19.forumer.com:80/viewtopic.php?t=212&start=0&sid=0c892ab91f8b899c616578b04962c74f
212	20080208155111	FoROOM ~ View topic - Room 43 - Underwater journey	STACHU	y the 1st hss, but ... I've already seen "it"! now? stuck! ok, now I'm swimming, and I've to solve these things. I think I know what they are, but stachu on IRC said me "dunno"... STACHU, YOU ARE A C.A.S.M.!!! cuki slaps stachu around a bit with a chair Last edited by cuki on Wed Aug 22, 2007 9:30 pm; edited 1 time in total _________________ r1 to 44 finished bonus: 1,2&4 completed (br3 no thanks :p) kish roomz: 1/3 stuck on 2nd eri's miniR: A....... note (my 2nd) always love roomz!!!! (and their creators) Back to top kish Posted:	http://theroomz.19.forumer.com:80/viewtopic.php?t=212&start=0&sid=0c892ab91f8b899c616578b04962c74f
212	20080208155111	FoROOM ~ View topic - Room 43 - Underwater journey	stachu	"it"! now? stuck! ok, now I'm swimming, and I've to solve these things. I think I know what they are, but stachu on IRC said me "dunno"... STACHU, YOU ARE A C.A.S.M.!!! cuki slaps stachu around a bit with a chair Last edited by cuki on Wed Aug 22, 2007 9:30 pm; edited 1 time in total _________________ r1 to 44 finished bonus: 1,2&4 completed (br3 no thanks :p) kish roomz: 1/3 stuck on 2nd eri's miniR: A....... note (my 2nd) always love roomz!!!! (and their creators) Back to top kish Posted: Tue Aug 21, 2007 10:35 pm --> Roomz addi	http://theroomz.19.forumer.com:80/viewtopic.php?t=212&start=0&sid=0c892ab91f8b899c616578b04962c74f
212	20080208155111	FoROOM ~ View topic - Room 43 - Underwater journey	hint	will rock this room _________________ 44/45 Roomz completed 4/4 Bonus completed 1/3 kish rooms completed ############################## If you are stuck, PM me. I will try to give hints, but don't expect ANSWERS from me Back to top .:Stachu:. Posted: Tue Aug 21, 2007 11:39 pm --> Lord of The Roomz Joined: 22 Sep 2006 Posts: 1347 Location: Hell Having a little technical problems... Those who played this room so far - pls CTIF and refresh. Thx ;] _________________ .....:::ENTER THE ROOMZ:::..... Life is a room where the password i	http://theroomz.19.forumer.com:80/viewtopic.php?t=212&start=0&sid=0c892ab91f8b899c616578b04962c74f
212	20080208155111	FoROOM ~ View topic - Room 43 - Underwater journey	Stachu	leted 4/4 Bonus completed 1/3 kish rooms completed ############################## If you are stuck, PM me. I will try to give hints, but don't expect ANSWERS from me Back to top .:Stachu:. Posted: Tue Aug 21, 2007 11:39 pm --> Lord of The Roomz Joined: 22 Sep 2006 Posts: 1347 Location: Hell Having a little technical problems... Those who played this room so far - pls CTIF and refresh. Thx ;] _________________ .....:::ENTER THE ROOMZ:::..... Life is a room where the password is 'death' Progress: Roomz: mine (45/45 +4) :p, eri's (1/	http://theroomz.19.forumer.com:80/viewtopic.php?t=212&start=0&sid=0c892ab91f8b899c616578b04962c74f
212	20080208155111	FoROOM ~ View topic - Room 43 - Underwater journey	password	l Having a little technical problems... Those who played this room so far - pls CTIF and refresh. Thx ;] _________________ .....:::ENTER THE ROOMZ:::..... Life is a room where the password is 'death' Progress: Roomz: mine (45/45 +4) :p, eri's (1/2), RG's (2/2), kish's (4/4 with magic :p), jan's (3/3) I'm offering help via PMs only if you like cryptic hints :p Back to top ThemePark Posted: Tue Aug 21, 2007 11:40 pm --> Roomz addict Joined: 01 Jul 2007 Posts: 56 The room is looking good so far, Stachu. And finally I'm amongst the firs	http://theroomz.19.forumer.com:80/viewtopic.php?t=212&start=0&sid=0c892ab91f8b899c616578b04962c74f
212	20080208155111	FoROOM ~ View topic - Room 43 - Underwater journey	hint	re the password is 'death' Progress: Roomz: mine (45/45 +4) :p, eri's (1/2), RG's (2/2), kish's (4/4 with magic :p), jan's (3/3) I'm offering help via PMs only if you like cryptic hints :p Back to top ThemePark Posted: Tue Aug 21, 2007 11:40 pm --> Roomz addict Joined: 01 Jul 2007 Posts: 56 The room is looking good so far, Stachu. And finally I'm amongst the first to play it! Hmm, finding a couple of the things on the first HS note using that place is turning out to be harder than expected. Back to top shpwnz Posted: Wed Aug 22,	http://theroomz.19.forumer.com:80/viewtopic.php?t=212&start=0&sid=0c892ab91f8b899c616578b04962c74f
212	20080208155111	FoROOM ~ View topic - Room 43 - Underwater journey	Stachu	p via PMs only if you like cryptic hints :p Back to top ThemePark Posted: Tue Aug 21, 2007 11:40 pm --> Roomz addict Joined: 01 Jul 2007 Posts: 56 The room is looking good so far, Stachu. And finally I'm amongst the first to play it! Hmm, finding a couple of the things on the first HS note using that place is turning out to be harder than expected. Back to top shpwnz Posted: Wed Aug 22, 2007 9:27 am --> Supreme roomer Joined: 23 May 2007 Posts: 263 Location: Following Stachu In HELL! just got back from a karate camp 4 days of phys	http://theroomz.19.forumer.com:80/viewtopic.php?t=212&start=0&sid=0c892ab91f8b899c616578b04962c74f
212	20080208155111	FoROOM ~ View topic - Room 43 - Underwater journey	Stachu	ing that place is turning out to be harder than expected. Back to top shpwnz Posted: Wed Aug 22, 2007 9:27 am --> Supreme roomer Joined: 23 May 2007 Posts: 263 Location: Following Stachu In HELL! just got back from a karate camp 4 days of physical abuse at first glance i got the first hs word, and the first hs note. im going to get a good sleep because i havnt slept enough in the past few days. will think about it when i wake up _________________ Progress : (Roomz : 44/44) (Roomz Bonuses : 4/4) (Kish : 4/4) (RG's Puzzles : 1/2) (E	http://theroomz.19.forumer.com:80/viewtopic.php?t=212&start=0&sid=0c892ab91f8b899c616578b04962c74f
212	20080208155111	FoROOM ~ View topic - Room 43 - Underwater journey	stachu	 (Roomz Bonuses : 4/4) (Kish : 4/4) (RG's Puzzles : 1/2) (Eri : 0/2) (cams : 0/2) Back to top kish Posted: Wed Aug 22, 2007 11:07 am --> Roomz addict Joined: 30 May 2007 Posts: 92 stachu i found a big bug.. pmed u Back to top tazmind Posted: Wed Aug 22, 2007 11:59 am --> Appreciated Helper Joined: 16 Feb 2007 Posts: 373 Location: New Zealand Hmmm... on first HSS too... must get to bed... argh _________________ --------------------------- Status: In room 45, Last step 2/4 ------------------------------ Roomz: 44/45 Bonus Roomz: 4/4	http://theroomz.19.forumer.com:80/viewtopic.php?t=212&start=0&sid=0c892ab91f8b899c616578b04962c74f
212	20080208155111	FoROOM ~ View topic - Room 43 - Underwater journey	room 45	ppreciated Helper Joined: 16 Feb 2007 Posts: 373 Location: New Zealand Hmmm... on first HSS too... must get to bed... argh _________________ --------------------------- Status: In room 45, Last step 2/4 ------------------------------ Roomz: 44/45 Bonus Roomz: 4/4 Feel Free to PM me. WILL NOT SPOIL --------------------------- Back to top cams Posted: Wed Aug 22, 2007 12:03 pm --> Supreme roomer Joined: 10 Jun 2007 Posts: 307 Location: South Korea shpwnz wrote: just got back from a karate camp 4 days of physical abuse at first glance	http://theroomz.19.forumer.com:80/viewtopic.php?t=212&start=0&sid=0c892ab91f8b899c616578b04962c74f
212	20080208155111	FoROOM ~ View topic - Room 43 - Underwater journey	Stachu	k about it when i wake up How about thinking about the note in dreams? _________________ roomz complete: normal 44/45 bonus 1, 2, 3, 4 kish 2/3 eri 2/2 RG 1 jan 5/10 Back to top .:Stachu:. Posted: Wed Aug 22, 2007 2:35 pm --> Lord of The Roomz Joined: 22 Sep 2006 Posts: 1347 Location: Hell I made a little add: you can switch off/on background sounds if ya want. Just type SOUND ON or SOUND OFF in HSs ;] _________________ .....:::ENTER THE ROOMZ:::..... Life is a room where the password is 'death' Progress: Roomz: mine (45/45 +4) :p	http://theroomz.19.forumer.com:80/viewtopic.php?t=212&start=0&sid=0c892ab91f8b899c616578b04962c74f
212	20080208155111	FoROOM ~ View topic - Room 43 - Underwater journey	password	ittle add: you can switch off/on background sounds if ya want. Just type SOUND ON or SOUND OFF in HSs ;] _________________ .....:::ENTER THE ROOMZ:::..... Life is a room where the password is 'death' Progress: Roomz: mine (45/45 +4) :p, eri's (1/2), RG's (2/2), kish's (4/4 with magic :p), jan's (3/3) I'm offering help via PMs only if you like cryptic hints :p Back to top shpwnz Posted: Wed Aug 22, 2007 2:35 pm --> Supreme roomer Joined: 23 May 2007 Posts: 263 Location: Following Stachu In HELL! yea, i thought about it in my dreams .	http://theroomz.19.forumer.com:80/viewtopic.php?t=212&start=0&sid=0c892ab91f8b899c616578b04962c74f
212	20080208155111	FoROOM ~ View topic - Room 43 - Underwater journey	hint	re the password is 'death' Progress: Roomz: mine (45/45 +4) :p, eri's (1/2), RG's (2/2), kish's (4/4 with magic :p), jan's (3/3) I'm offering help via PMs only if you like cryptic hints :p Back to top shpwnz Posted: Wed Aug 22, 2007 2:35 pm --> Supreme roomer Joined: 23 May 2007 Posts: 263 Location: Following Stachu In HELL! yea, i thought about it in my dreams . note 3. me and kish will solve this room stachu, dont you worry. edit : btw stachu this new picture suits you well ^^ I hope :p (at last, yay!) _________________ Progre	http://theroomz.19.forumer.com:80/viewtopic.php?t=212&start=0&sid=0c892ab91f8b899c616578b04962c74f
212	20080208155111	FoROOM ~ View topic - Room 43 - Underwater journey	Stachu	m offering help via PMs only if you like cryptic hints :p Back to top shpwnz Posted: Wed Aug 22, 2007 2:35 pm --> Supreme roomer Joined: 23 May 2007 Posts: 263 Location: Following Stachu In HELL! yea, i thought about it in my dreams . note 3. me and kish will solve this room stachu, dont you worry. edit : btw stachu this new picture suits you well ^^ I hope :p (at last, yay!) _________________ Progress : (Roomz : 44/44) (Roomz Bonuses : 4/4) (Kish : 4/4) (RG's Puzzles : 1/2) (Eri : 0/2) (cams : 0/2) Back to top liat Posted: Wed Au	http://theroomz.19.forumer.com:80/viewtopic.php?t=212&start=0&sid=0c892ab91f8b899c616578b04962c74f
212	20080208155111	FoROOM ~ View topic - Room 43 - Underwater journey	stachu	 2007 2:35 pm --> Supreme roomer Joined: 23 May 2007 Posts: 263 Location: Following Stachu In HELL! yea, i thought about it in my dreams . note 3. me and kish will solve this room stachu, dont you worry. edit : btw stachu this new picture suits you well ^^ I hope :p (at last, yay!) _________________ Progress : (Roomz : 44/44) (Roomz Bonuses : 4/4) (Kish : 4/4) (RG's Puzzles : 1/2) (Eri : 0/2) (cams : 0/2) Back to top liat Posted: Wed Aug 22, 2007 3:42 pm --> Little roomer Joined: 14 Jul 2007 Posts: 15 just got in....hmmm looks int	http://theroomz.19.forumer.com:80/viewtopic.php?t=212&start=0&sid=0c892ab91f8b899c616578b04962c74f
212	20080208155111	FoROOM ~ View topic - Room 43 - Underwater journey	stachu	ined: 23 May 2007 Posts: 263 Location: Following Stachu In HELL! yea, i thought about it in my dreams . note 3. me and kish will solve this room stachu, dont you worry. edit : btw stachu this new picture suits you well ^^ I hope :p (at last, yay!) _________________ Progress : (Roomz : 44/44) (Roomz Bonuses : 4/4) (Kish : 4/4) (RG's Puzzles : 1/2) (Eri : 0/2) (cams : 0/2) Back to top liat Posted: Wed Aug 22, 2007 3:42 pm --> Little roomer Joined: 14 Jul 2007 Posts: 15 just got in....hmmm looks interesting...i'll get to work ok got 	http://theroomz.19.forumer.com:80/viewtopic.php?t=212&start=0&sid=0c892ab91f8b899c616578b04962c74f
212	20080208155111	FoROOM ~ View topic - Room 43 - Underwater journey	hint	te's contents but they still make no sense. The T doesn't seem to work on either what's on the note or what's in the sea. _________________ I am available to answer PMs requesting hints. I will NOT give out answers, just major hints. PROGRESS: 45/45 BONUS: 1-4 KISH: 1-2 ERI: 1 (3rd note) JAN: 5 Back to top The Storm Posted: Wed Aug 22, 2007 7:19 pm --> Roomz addict Joined: 29 Nov 2006 Posts: 66 Location: Brisbane, Australia I'm in the same boat you are Jim. I thought i lined it up to something which seemed logical but something 	http://theroomz.19.forumer.com:80/viewtopic.php?t=212&start=0&sid=0c892ab91f8b899c616578b04962c74f
212	20080208155111	FoROOM ~ View topic - Room 43 - Underwater journey	hint	 T doesn't seem to work on either what's on the note or what's in the sea. _________________ I am available to answer PMs requesting hints. I will NOT give out answers, just major hints. PROGRESS: 45/45 BONUS: 1-4 KISH: 1-2 ERI: 1 (3rd note) JAN: 5 Back to top The Storm Posted: Wed Aug 22, 2007 7:19 pm --> Roomz addict Joined: 29 Nov 2006 Posts: 66 Location: Brisbane, Australia I'm in the same boat you are Jim. I thought i lined it up to something which seemed logical but something was missing. I think this is one i'm going to h	http://theroomz.19.forumer.com:80/viewtopic.php?t=212&start=0&sid=0c892ab91f8b899c616578b04962c74f
212	20080208155111	FoROOM ~ View topic - Room 43 - Underwater journey	Stachu	ssing. I think this is one i'm going to have to sleep on. _________________ Progress: Roomz completed 42/43 Bonus roomz completed 3/4 Kish roomz 1/3 PM's are welcome Back to top .:Stachu:. Posted: Wed Aug 22, 2007 7:22 pm --> Lord of The Roomz Joined: 22 Sep 2006 Posts: 1347 Location: Hell Hmm... I see nobody on that boat I hope u r not drunk with sea water :p _________________ .....:::ENTER THE ROOMZ:::..... Life is a room where the password is 'death' Progress: Roomz: mine (45/45 +4) :p, eri's (1/2), RG's (2/2), kish's (4/4 with	http://theroomz.19.forumer.com:80/viewtopic.php?t=212&start=0&sid=0c892ab91f8b899c616578b04962c74f
212	20080208155111	FoROOM ~ View topic - Room 43 - Underwater journey	password	 2006 Posts: 1347 Location: Hell Hmm... I see nobody on that boat I hope u r not drunk with sea water :p _________________ .....:::ENTER THE ROOMZ:::..... Life is a room where the password is 'death' Progress: Roomz: mine (45/45 +4) :p, eri's (1/2), RG's (2/2), kish's (4/4 with magic :p), jan's (3/3) I'm offering help via PMs only if you like cryptic hints :p Back to top shpwnz Posted: Wed Aug 22, 2007 7:38 pm --> Supreme roomer Joined: 23 May 2007 Posts: 263 Location: Following Stachu In HELL! i cant apply the W........ or the T...	http://theroomz.19.forumer.com:80/viewtopic.php?t=212&start=0&sid=0c892ab91f8b899c616578b04962c74f
212	20080208155111	FoROOM ~ View topic - Room 43 - Underwater journey	hint	re the password is 'death' Progress: Roomz: mine (45/45 +4) :p, eri's (1/2), RG's (2/2), kish's (4/4 with magic :p), jan's (3/3) I'm offering help via PMs only if you like cryptic hints :p Back to top shpwnz Posted: Wed Aug 22, 2007 7:38 pm --> Supreme roomer Joined: 23 May 2007 Posts: 263 Location: Following Stachu In HELL! i cant apply the W........ or the T.... to the sea or note itself, i even tried connecting it to p.... h...... and no luck. this note is hard _________________ Progress : (Roomz : 44/44) (Roomz Bonuses : 4/4	http://theroomz.19.forumer.com:80/viewtopic.php?t=212&start=0&sid=0c892ab91f8b899c616578b04962c74f
212	20080208155111	FoROOM ~ View topic - Room 43 - Underwater journey	Stachu	m offering help via PMs only if you like cryptic hints :p Back to top shpwnz Posted: Wed Aug 22, 2007 7:38 pm --> Supreme roomer Joined: 23 May 2007 Posts: 263 Location: Following Stachu In HELL! i cant apply the W........ or the T.... to the sea or note itself, i even tried connecting it to p.... h...... and no luck. this note is hard _________________ Progress : (Roomz : 44/44) (Roomz Bonuses : 4/4) (Kish : 4/4) (RG's Puzzles : 1/2) (Eri : 0/2) (cams : 0/2) Back to top The Storm Posted: Wed Aug 22, 2007 7:45 pm --> Roomz addict 	http://theroomz.19.forumer.com:80/viewtopic.php?t=212&start=0&sid=0c892ab91f8b899c616578b04962c74f
212	20080208155111	FoROOM ~ View topic - Room 43 - Underwater journey	hint	s are welcome Back to top Jim Gamma Posted: Wed Aug 22, 2007 8:36 pm --> Appreciated Helper Joined: 17 Oct 2006 Posts: 841 Location: London, England So is anyone actually going to hint, or are you going to keep mucking around? :p _________________ I am available to answer PMs requesting hints. I will NOT give out answers, just major hints. PROGRESS: 45/45 BONUS: 1-4 KISH: 1-2 ERI: 1 (3rd note) JAN: 5 Back to top shpwnz Posted: Wed Aug 22, 2007 8:55 pm --> Supreme roomer Joined: 23 May 2007 Posts: 263 Location: Following Stachu I	http://theroomz.19.forumer.com:80/viewtopic.php?t=212&start=0&sid=0c892ab91f8b899c616578b04962c74f
212	20080208155111	FoROOM ~ View topic - Room 43 - Underwater journey	hint	006 Posts: 841 Location: London, England So is anyone actually going to hint, or are you going to keep mucking around? :p _________________ I am available to answer PMs requesting hints. I will NOT give out answers, just major hints. PROGRESS: 45/45 BONUS: 1-4 KISH: 1-2 ERI: 1 (3rd note) JAN: 5 Back to top shpwnz Posted: Wed Aug 22, 2007 8:55 pm --> Supreme roomer Joined: 23 May 2007 Posts: 263 Location: Following Stachu In HELL! they like seeing us sweat around. i dont think they are going to hint us anything useful any time so	http://theroomz.19.forumer.com:80/viewtopic.php?t=212&start=0&sid=0c892ab91f8b899c616578b04962c74f
212	20080208155111	FoROOM ~ View topic - Room 43 - Underwater journey	hint	anyone actually going to hint, or are you going to keep mucking around? :p _________________ I am available to answer PMs requesting hints. I will NOT give out answers, just major hints. PROGRESS: 45/45 BONUS: 1-4 KISH: 1-2 ERI: 1 (3rd note) JAN: 5 Back to top shpwnz Posted: Wed Aug 22, 2007 8:55 pm --> Supreme roomer Joined: 23 May 2007 Posts: 263 Location: Following Stachu In HELL! they like seeing us sweat around. i dont think they are going to hint us anything useful any time soon edit : although you like seeing us sweat.. w	http://theroomz.19.forumer.com:80/viewtopic.php?t=212&start=0&sid=0c892ab91f8b899c616578b04962c74f
212	20080208155111	FoROOM ~ View topic - Room 43 - Underwater journey	Stachu	RESS: 45/45 BONUS: 1-4 KISH: 1-2 ERI: 1 (3rd note) JAN: 5 Back to top shpwnz Posted: Wed Aug 22, 2007 8:55 pm --> Supreme roomer Joined: 23 May 2007 Posts: 263 Location: Following Stachu In HELL! they like seeing us sweat around. i dont think they are going to hint us anything useful any time soon edit : although you like seeing us sweat.. we can really use hints right now... nothing works and there isnt any hint telling us what to do next we cant connect those things together =p _________________ Progress : (Roomz : 44/44) (Roomz	http://theroomz.19.forumer.com:80/viewtopic.php?t=212&start=0&sid=0c892ab91f8b899c616578b04962c74f
212	20080208155111	FoROOM ~ View topic - Room 43 - Underwater journey	hint	ed: Wed Aug 22, 2007 8:55 pm --> Supreme roomer Joined: 23 May 2007 Posts: 263 Location: Following Stachu In HELL! they like seeing us sweat around. i dont think they are going to hint us anything useful any time soon edit : although you like seeing us sweat.. we can really use hints right now... nothing works and there isnt any hint telling us what to do next we cant connect those things together =p _________________ Progress : (Roomz : 44/44) (Roomz Bonuses : 4/4) (Kish : 4/4) (RG's Puzzles : 1/2) (Eri : 0/2) (cams : 0/2) Back	http://theroomz.19.forumer.com:80/viewtopic.php?t=212&start=0&sid=0c892ab91f8b899c616578b04962c74f
212	20080208155111	FoROOM ~ View topic - Room 43 - Underwater journey	hint	Stachu In HELL! they like seeing us sweat around. i dont think they are going to hint us anything useful any time soon edit : although you like seeing us sweat.. we can really use hints right now... nothing works and there isnt any hint telling us what to do next we cant connect those things together =p _________________ Progress : (Roomz : 44/44) (Roomz Bonuses : 4/4) (Kish : 4/4) (RG's Puzzles : 1/2) (Eri : 0/2) (cams : 0/2) Back to top .:Stachu:. Posted: Wed Aug 22, 2007 9:12 pm --> Lord of The Roomz Joined: 22 Sep 2006 Posts	http://theroomz.19.forumer.com:80/viewtopic.php?t=212&start=0&sid=0c892ab91f8b899c616578b04962c74f
212	20080208155111	FoROOM ~ View topic - Room 43 - Underwater journey	hint	dont think they are going to hint us anything useful any time soon edit : although you like seeing us sweat.. we can really use hints right now... nothing works and there isnt any hint telling us what to do next we cant connect those things together =p _________________ Progress : (Roomz : 44/44) (Roomz Bonuses : 4/4) (Kish : 4/4) (RG's Puzzles : 1/2) (Eri : 0/2) (cams : 0/2) Back to top .:Stachu:. Posted: Wed Aug 22, 2007 9:12 pm --> Lord of The Roomz Joined: 22 Sep 2006 Posts: 1347 Location: Hell That's a shame I'm not watchin	http://theroomz.19.forumer.com:80/viewtopic.php?t=212&start=0&sid=0c892ab91f8b899c616578b04962c74f
212	20080208155111	FoROOM ~ View topic - Room 43 - Underwater journey	Stachu	e cant connect those things together =p _________________ Progress : (Roomz : 44/44) (Roomz Bonuses : 4/4) (Kish : 4/4) (RG's Puzzles : 1/2) (Eri : 0/2) (cams : 0/2) Back to top .:Stachu:. Posted: Wed Aug 22, 2007 9:12 pm --> Lord of The Roomz Joined: 22 Sep 2006 Posts: 1347 Location: Hell That's a shame I'm not watching u sweating. i just make a room and you can solve it or not Anyway, as I remember I told you, that I'm not hinting here _________________ .....:::ENTER THE ROOMZ:::..... Life is a room where the password is 'death'	http://theroomz.19.forumer.com:80/viewtopic.php?t=212&start=0&sid=0c892ab91f8b899c616578b04962c74f
212	20080208155111	FoROOM ~ View topic - Room 43 - Underwater journey	hint	d: 22 Sep 2006 Posts: 1347 Location: Hell That's a shame I'm not watching u sweating. i just make a room and you can solve it or not Anyway, as I remember I told you, that I'm not hinting here _________________ .....:::ENTER THE ROOMZ:::..... Life is a room where the password is 'death' Progress: Roomz: mine (45/45 +4) :p, eri's (1/2), RG's (2/2), kish's (4/4 with magic :p), jan's (3/3) I'm offering help via PMs only if you like cryptic hints :p Back to top tazmind Posted: Wed Aug 22, 2007 10:12 pm --> Appreciated Helper Joined:	http://theroomz.19.forumer.com:80/viewtopic.php?t=212&start=0&sid=0c892ab91f8b899c616578b04962c74f
212	20080208155111	FoROOM ~ View topic - Room 43 - Underwater journey	password	just make a room and you can solve it or not Anyway, as I remember I told you, that I'm not hinting here _________________ .....:::ENTER THE ROOMZ:::..... Life is a room where the password is 'death' Progress: Roomz: mine (45/45 +4) :p, eri's (1/2), RG's (2/2), kish's (4/4 with magic :p), jan's (3/3) I'm offering help via PMs only if you like cryptic hints :p Back to top tazmind Posted: Wed Aug 22, 2007 10:12 pm --> Appreciated Helper Joined: 16 Feb 2007 Posts: 373 Location: New Zealand argh!!!!!!!!!!!! **Throws a brick at Stachu***	http://theroomz.19.forumer.com:80/viewtopic.php?t=212&start=0&sid=0c892ab91f8b899c616578b04962c74f
212	20080208155111	FoROOM ~ View topic - Room 43 - Underwater journey	hint	re the password is 'death' Progress: Roomz: mine (45/45 +4) :p, eri's (1/2), RG's (2/2), kish's (4/4 with magic :p), jan's (3/3) I'm offering help via PMs only if you like cryptic hints :p Back to top tazmind Posted: Wed Aug 22, 2007 10:12 pm --> Appreciated Helper Joined: 16 Feb 2007 Posts: 373 Location: New Zealand argh!!!!!!!!!!!! **Throws a brick at Stachu*** _________________ --------------------------- Status: In room 45, Last step 2/4 ------------------------------ Roomz: 44/45 Bonus Roomz: 4/4 Feel Free to PM me. WILL NO	http://theroomz.19.forumer.com:80/viewtopic.php?t=212&start=0&sid=0c892ab91f8b899c616578b04962c74f
212	20080208155111	FoROOM ~ View topic - Room 43 - Underwater journey	Stachu	tic hints :p Back to top tazmind Posted: Wed Aug 22, 2007 10:12 pm --> Appreciated Helper Joined: 16 Feb 2007 Posts: 373 Location: New Zealand argh!!!!!!!!!!!! **Throws a brick at Stachu*** _________________ --------------------------- Status: In room 45, Last step 2/4 ------------------------------ Roomz: 44/45 Bonus Roomz: 4/4 Feel Free to PM me. WILL NOT SPOIL --------------------------- Back to top .:Stachu:. Posted: Wed Aug 22, 2007 10:12 pm --> Lord of The Roomz Joined: 22 Sep 2006 Posts: 1347 Location: Hell Thanks, now I fe	http://theroomz.19.forumer.com:80/viewtopic.php?t=212&start=0&sid=0c892ab91f8b899c616578b04962c74f
212	20080208155111	FoROOM ~ View topic - Room 43 - Underwater journey	room 45	--> Appreciated Helper Joined: 16 Feb 2007 Posts: 373 Location: New Zealand argh!!!!!!!!!!!! **Throws a brick at Stachu*** _________________ --------------------------- Status: In room 45, Last step 2/4 ------------------------------ Roomz: 44/45 Bonus Roomz: 4/4 Feel Free to PM me. WILL NOT SPOIL --------------------------- Back to top .:Stachu:. Posted: Wed Aug 22, 2007 10:12 pm --> Lord of The Roomz Joined: 22 Sep 2006 Posts: 1347 Location: Hell Thanks, now I feel much better... Oh good. _________________ .....:::ENTER THE ROOMZ	http://theroomz.19.forumer.com:80/viewtopic.php?t=212&start=0&sid=0c892ab91f8b899c616578b04962c74f
212	20080208155111	FoROOM ~ View topic - Room 43 - Underwater journey	Stachu	------- Status: In room 45, Last step 2/4 ------------------------------ Roomz: 44/45 Bonus Roomz: 4/4 Feel Free to PM me. WILL NOT SPOIL --------------------------- Back to top .:Stachu:. Posted: Wed Aug 22, 2007 10:12 pm --> Lord of The Roomz Joined: 22 Sep 2006 Posts: 1347 Location: Hell Thanks, now I feel much better... Oh good. _________________ .....:::ENTER THE ROOMZ:::..... Life is a room where the password is 'death' Progress: Roomz: mine (45/45 +4) :p, eri's (1/2), RG's (2/2), kish's (4/4 with magic :p), jan's (3/3) I'm 	http://theroomz.19.forumer.com:80/viewtopic.php?t=212&start=0&sid=0c892ab91f8b899c616578b04962c74f
212	20080208155111	FoROOM ~ View topic - Room 43 - Underwater journey	password	d of The Roomz Joined: 22 Sep 2006 Posts: 1347 Location: Hell Thanks, now I feel much better... Oh good. _________________ .....:::ENTER THE ROOMZ:::..... Life is a room where the password is 'death' Progress: Roomz: mine (45/45 +4) :p, eri's (1/2), RG's (2/2), kish's (4/4 with magic :p), jan's (3/3) I'm offering help via PMs only if you like cryptic hints :p Back to top tazmind Posted: Wed Aug 22, 2007 10:32 pm --> Appreciated Helper Joined: 16 Feb 2007 Posts: 373 Location: New Zealand I'm glad to hear it... _________________ -----	http://theroomz.19.forumer.com:80/viewtopic.php?t=212&start=0&sid=0c892ab91f8b899c616578b04962c74f
212	20080208155111	FoROOM ~ View topic - Room 43 - Underwater journey	hint	re the password is 'death' Progress: Roomz: mine (45/45 +4) :p, eri's (1/2), RG's (2/2), kish's (4/4 with magic :p), jan's (3/3) I'm offering help via PMs only if you like cryptic hints :p Back to top tazmind Posted: Wed Aug 22, 2007 10:32 pm --> Appreciated Helper Joined: 16 Feb 2007 Posts: 373 Location: New Zealand I'm glad to hear it... _________________ --------------------------- Status: In room 45, Last step 2/4 ------------------------------ Roomz: 44/45 Bonus Roomz: 4/4 Feel Free to PM me. WILL NOT SPOIL ----------------	http://theroomz.19.forumer.com:80/viewtopic.php?t=212&start=0&sid=0c892ab91f8b899c616578b04962c74f
212	20080208155111	FoROOM ~ View topic - Room 43 - Underwater journey	room 45	d Aug 22, 2007 10:32 pm --> Appreciated Helper Joined: 16 Feb 2007 Posts: 373 Location: New Zealand I'm glad to hear it... _________________ --------------------------- Status: In room 45, Last step 2/4 ------------------------------ Roomz: 44/45 Bonus Roomz: 4/4 Feel Free to PM me. WILL NOT SPOIL --------------------------- Back to top cuki Posted: Wed Aug 22, 2007 10:34 pm --> Roomer of roomers Joined: 02 Jan 2007 Posts: 128 Location: Torino, Italy ok, I found the underwater "things", but one is a mystery... it is not in the *pla	http://theroomz.19.forumer.com:80/viewtopic.php?t=212&start=0&sid=0c892ab91f8b899c616578b04962c74f
212	20080208155111	FoROOM ~ View topic - Room 43 - Underwater journey	hint	... it is not in the *place* where there are all the others... searched on different places but nothing, this there isn't. had someone found it? nvm... I must only read better the hints... now on work with 3rd note! Last edited by cuki on Mon Aug 27, 2007 12:55 pm; edited 1 time in total _________________ r1 to 44 finished bonus: 1,2&4 completed (br3 no thanks :p) kish roomz: 1/3 stuck on 2nd eri's miniR: A....... note (my 2nd) always love roomz!!!! (and their creators) Back to top Display posts from previous: All Posts 1 Day 7 	http://theroomz.19.forumer.com:80/viewtopic.php?t=212&start=0&sid=0c892ab91f8b899c616578b04962c74f
215	20080208155131	FoROOM ~ View topic - Room 41 - Ready... Aim... (part2)	Room 41	FoROOM ~ View topic - Room 41 - Ready... Aim... (part2) FAQ Search Memberlist Usergroups fChat Log in Register Author Message Roomz ~ Room 41 - Ready... Aim... (part2) firestorm696 Posted: Fri Aug 10, 2007 9:27 am --> Roomz fan Joined: 22 Jul 2007 Posts: 26 Location: Vienna, Austria ya i got some crazy l****** from the note ^^ but that doesn't help me so yes, i'm stuck =) PM s	http://theroomz.19.forumer.com:80/viewtopic.php?t=215&start=0&sid=0c892ab91f8b899c616578b04962c74f
215	20080208155131	FoROOM ~ View topic - Room 41 - Ready... Aim... (part2)	Room 41	FoROOM ~ View topic - Room 41 - Ready... Aim... (part2) FAQ Search Memberlist Usergroups fChat Log in Register Author Message Roomz ~ Room 41 - Ready... Aim... (part2) firestorm696 Posted: Fri Aug 10, 2007 9:27 am --> Roomz fan Joined: 22 Jul 2007 Posts: 26 Location: Vienna, Austria ya i got some crazy l****** from the note ^^ but that doesn't help me so yes, i'm stuck =) PM sent by Tazmind _________________ Roomz Completed: 39/42 Bonus Roomz Completed: 1/3 Kish Roomz Completed: Stuck o	http://theroomz.19.forumer.com:80/viewtopic.php?t=215&start=0&sid=0c892ab91f8b899c616578b04962c74f
215	20080208155131	FoROOM ~ View topic - Room 41 - Ready... Aim... (part2)	hint	 top sandandsun613 Posted: Fri Aug 10, 2007 4:33 pm --> Roomz fan Joined: 17 May 2007 Posts: 37 i have also tried every cipher i can think of after first note and nothing......any hints? Back to top The Storm Posted: Fri Aug 10, 2007 4:45 pm --> Roomz addict Joined: 29 Nov 2006 Posts: 66 Location: Brisbane, Australia Make sure you havent missed some important information. _________________ Progress: Roomz completed 42/43 Bonus roomz completed 3/4 Kish roomz 1/3 PM's are welcome Back to top ashman Posted: Fri Aug 10, 2007 4:48 pm	http://theroomz.19.forumer.com:80/viewtopic.php?t=215&start=0&sid=0c892ab91f8b899c616578b04962c74f
215	20080208155131	FoROOM ~ View topic - Room 41 - Ready... Aim... (part2)	Stachu	ined: 17 May 2007 Posts: 37 yes and thats where im stuck! Back to top shpwnz Posted: Fri Aug 10, 2007 9:55 pm --> Supreme roomer Joined: 23 May 2007 Posts: 263 Location: Following Stachu In HELL! examine the note REAL close. thats what i can tell you at this point. pm me if you need another hint. _________________ Progress : (Roomz : 44/44) (Roomz Bonuses : 4/4) (Kish : 4/4) (RG's Puzzles : 1/2) (Eri : 0/2) (cams : 0/2) Back to top jan Posted: Sat Aug 11, 2007 6:01 am --> Roomz fan Joined: 03 Aug 2007 Posts: 41 Location: The east 	http://theroomz.19.forumer.com:80/viewtopic.php?t=215&start=0&sid=0c892ab91f8b899c616578b04962c74f
215	20080208155131	FoROOM ~ View topic - Room 41 - Ready... Aim... (part2)	hint	> Supreme roomer Joined: 23 May 2007 Posts: 263 Location: Following Stachu In HELL! examine the note REAL close. thats what i can tell you at this point. pm me if you need another hint. _________________ Progress : (Roomz : 44/44) (Roomz Bonuses : 4/4) (Kish : 4/4) (RG's Puzzles : 1/2) (Eri : 0/2) (cams : 0/2) Back to top jan Posted: Sat Aug 11, 2007 6:01 am --> Roomz fan Joined: 03 Aug 2007 Posts: 41 Location: The east I'm not good at English. I was able to get the 2nd note. But, I do not understand the 2nd note for what is mea	http://theroomz.19.forumer.com:80/viewtopic.php?t=215&start=0&sid=0c892ab91f8b899c616578b04962c74f
215	20080208155131	FoROOM ~ View topic - Room 41 - Ready... Aim... (part2)	hint	ocation: The east I'm not good at English. I was able to get the 2nd note. But, I do not understand the 2nd note for what is meant. Are some "points" related , again? Can I have a hint? ----------------------------------- Progress: Roomz completed 40/42 Bonus roomz completed 2/3 PM's are welcome. Back to top shpwnz Posted: Sat Aug 11, 2007 10:13 am --> Supreme roomer Joined: 23 May 2007 Posts: 263 Location: Following Stachu In HELL! second note?? you mean the one that guides you how to use the cannon? _________________ Progress 	http://theroomz.19.forumer.com:80/viewtopic.php?t=215&start=0&sid=0c892ab91f8b899c616578b04962c74f
215	20080208155131	FoROOM ~ View topic - Room 41 - Ready... Aim... (part2)	Stachu	pleted 40/42 Bonus roomz completed 2/3 PM's are welcome. Back to top shpwnz Posted: Sat Aug 11, 2007 10:13 am --> Supreme roomer Joined: 23 May 2007 Posts: 263 Location: Following Stachu In HELL! second note?? you mean the one that guides you how to use the cannon? _________________ Progress : (Roomz : 44/44) (Roomz Bonuses : 4/4) (Kish : 4/4) (RG's Puzzles : 1/2) (Eri : 0/2) (cams : 0/2) Back to top jan Posted: Sat Aug 11, 2007 11:40 am --> Roomz fan Joined: 03 Aug 2007 Posts: 41 Location: The east the 2nd note: After I complete 	http://theroomz.19.forumer.com:80/viewtopic.php?t=215&start=0&sid=0c892ab91f8b899c616578b04962c74f
215	20080208155131	FoROOM ~ View topic - Room 41 - Ready... Aim... (part2)	Stachu	, but I can't seem to do anything with it. PM sent by sas Back to top shpwnz Posted: Sun Aug 12, 2007 5:42 pm --> Supreme roomer Joined: 23 May 2007 Posts: 263 Location: Following Stachu In HELL! you got the f*** ? i have no idea what you're talking about. pm me... _________________ Progress : (Roomz : 44/44) (Roomz Bonuses : 4/4) (Kish : 4/4) (RG's Puzzles : 1/2) (Eri : 0/2) (cams : 0/2) Back to top Ayeon Posted: Tue Aug 14, 2007 8:54 am --> Roomz fan Joined: 14 Feb 2007 Posts: 36 Right, i managed to cipher the wall note, but now	http://theroomz.19.forumer.com:80/viewtopic.php?t=215&start=0&sid=0c892ab91f8b899c616578b04962c74f
215	20080208155131	FoROOM ~ View topic - Room 41 - Ready... Aim... (part2)	Stachu	, but now I'm stuck on the next note... any help please? Back to top shpwnz Posted: Tue Aug 14, 2007 10:47 am --> Supreme roomer Joined: 23 May 2007 Posts: 263 Location: Following Stachu In HELL! find something that can help you understand what to do. just look around. _________________ Progress : (Roomz : 44/44) (Roomz Bonuses : 4/4) (Kish : 4/4) (RG's Puzzles : 1/2) (Eri : 0/2) (cams : 0/2) Back to top Ayeon Posted: Tue Aug 14, 2007 11:07 am --> Roomz fan Joined: 14 Feb 2007 Posts: 36 you mean the letters on the wall note? _____	http://theroomz.19.forumer.com:80/viewtopic.php?t=215&start=0&sid=0c892ab91f8b899c616578b04962c74f
215	20080208155131	FoROOM ~ View topic - Room 41 - Ready... Aim... (part2)	Stachu	letters on the wall note? _________________ 44/R44 3/rB3 Back to top shpwnz Posted: Tue Aug 14, 2007 11:17 am --> Supreme roomer Joined: 23 May 2007 Posts: 263 Location: Following Stachu In HELL! ... ill pm you i dont understand something... _________________ Progress : (Roomz : 44/44) (Roomz Bonuses : 4/4) (Kish : 4/4) (RG's Puzzles : 1/2) (Eri : 0/2) (cams : 0/2) Back to top lindylou Posted: Wed Aug 15, 2007 9:19 pm --> Roomz addict Joined: 06 Jun 2007 Posts: 61 Location: St Helens Please can someone help??I managed to work out 	http://theroomz.19.forumer.com:80/viewtopic.php?t=215&start=0&sid=0c892ab91f8b899c616578b04962c74f
215	20080208155131	FoROOM ~ View topic - Room 41 - Ready... Aim... (part2)	Room 1	id and moved onto the next bit and here i have stayed for ages...can someone give me a nudge in the right direction PM sant by Tazmind _________________ Roomz 1-42 Completed Bonus Room 1 2 & 3 done Stuck on 43! Looking for Bonus 4 !! Back to top candiceleek Posted: Fri Aug 17, 2007 2:07 pm --> Roomz fan Joined: 10 Feb 2007 Posts: 39 Location: London Can I have a pm please? I've deciphered the wall note but don't know what to do with what i've got, what I'm trying hasn't worked! PM sent by sas _________________ Made it through 40, 	http://theroomz.19.forumer.com:80/viewtopic.php?t=215&start=0&sid=0c892ab91f8b899c616578b04962c74f
215	20080208155131	FoROOM ~ View topic - Room 41 - Ready... Aim... (part2)	Stachu	 and found 6, but put together they don't make any sense. Back to top shpwnz Posted: Fri Aug 17, 2007 3:42 pm --> Supreme roomer Joined: 23 May 2007 Posts: 263 Location: Following Stachu In HELL! im not sure i understand where you are stuck, ill pm you with some help but ill need more details. _________________ Progress : (Roomz : 44/44) (Roomz Bonuses : 4/4) (Kish : 4/4) (RG's Puzzles : 1/2) (Eri : 0/2) (cams : 0/2) Back to top lindylou Posted: Fri Aug 17, 2007 4:03 pm --> Roomz addict Joined: 06 Jun 2007 Posts: 61 Location: St H	http://theroomz.19.forumer.com:80/viewtopic.php?t=215&start=0&sid=0c892ab91f8b899c616578b04962c74f
215	20080208155131	FoROOM ~ View topic - Room 41 - Ready... Aim... (part2)	Room 1	: Fri Aug 17, 2007 4:03 pm --> Roomz addict Joined: 06 Jun 2007 Posts: 61 Location: St Helens I'm out big thanks to dgupta and tazmind _________________ Roomz 1-42 Completed Bonus Room 1 2 & 3 done Stuck on 43! Looking for Bonus 4 !! Back to top ThemePark Posted: Fri Aug 17, 2007 8:19 pm --> Roomz addict Joined: 01 Jul 2007 Posts: 56 Well, fortunately I'm not the only one having problems with the third note, so I feel a bit better for asking for help once again. But ya well, I don't have a clue on that note. I know to ignore somet	http://theroomz.19.forumer.com:80/viewtopic.php?t=215&start=0&sid=0c892ab91f8b899c616578b04962c74f
215	20080208155131	FoROOM ~ View topic - Room 41 - Ready... Aim... (part2)	hint	r for asking for help once again. But ya well, I don't have a clue on that note. I know to ignore something that's similar to the wall note but that's all. So I could really use a hint. Back to top dgupta Posted: Fri Aug 17, 2007 8:33 pm --> Roomz addict Joined: 23 Jul 2007 Posts: 62 Location: Paris May be its time to think differently (in the room) but not entire differently (in the game) lindylou wrote: I'm out big thanks to dgupta and tazmind Well I have quis and kish to thank! _________________ Rooms completed: 42/43 Bonus R	http://theroomz.19.forumer.com:80/viewtopic.php?t=215&start=0&sid=0c892ab91f8b899c616578b04962c74f
215	20080208155131	FoROOM ~ View topic - Room 41 - Ready... Aim... (part2)	hint	ny My Nick is Quis! _________________ 44/45 Roomz completed 4/4 Bonus completed 1/3 kish rooms completed ############################## If you are stuck, PM me. I will try to give hints, but don't expect ANSWERS from me Back to top Display posts from previous: All Posts 1 Day 7 Days 2 Weeks 1 Month 3 Months 6 Months 1 Year Oldest First Newest First All times are GMT + 1 Hour View next topic View previous topic Page 1 of 5 Goto page 1 , 2 , 3 , 4 , 5 Next FoROOM Forum Index ~ Roomz Jump to: Select a forum Message Board ----------	http://theroomz.19.forumer.com:80/viewtopic.php?t=215&start=0&sid=0c892ab91f8b899c616578b04962c74f
227	20080208155151	FoROOM ~ View topic - Bonus room 4 - The Big Secret.	hint	re the password is 'death' Progress: Roomz: mine (45/45 +4) :p, eri's (1/2), RG's (2/2), kish's (4/4 with magic :p), jan's (3/3) I'm offering help via PMs only if you like cryptic hints :p Back to top tazmind Posted: Tue Aug 28, 2007 10:35 pm --> Appreciated Helper Joined: 16 Feb 2007 Posts: 373 Location: New Zealand So we are not getting a hint for this one then? _________________ --------------------------- Status: In room 45, Last step 2/4 ------------------------------ Roomz: 44/45 Bonus Roomz: 4/4 Feel Free to PM me. WILL N	http://theroomz.19.forumer.com:80/viewtopic.php?t=227&start=0&sid=0c892ab91f8b899c616578b04962c74f
227	20080208155151	FoROOM ~ View topic - Bonus room 4 - The Big Secret.	hint	you like cryptic hints :p Back to top tazmind Posted: Tue Aug 28, 2007 10:35 pm --> Appreciated Helper Joined: 16 Feb 2007 Posts: 373 Location: New Zealand So we are not getting a hint for this one then? _________________ --------------------------- Status: In room 45, Last step 2/4 ------------------------------ Roomz: 44/45 Bonus Roomz: 4/4 Feel Free to PM me. WILL NOT SPOIL --------------------------- Back to top shpwnz Posted: Tue Aug 28, 2007 10:43 pm --> Supreme roomer Joined: 23 May 2007 Posts: 263 Location: Following Sta	http://theroomz.19.forumer.com:80/viewtopic.php?t=227&start=0&sid=0c892ab91f8b899c616578b04962c74f
227	20080208155151	FoROOM ~ View topic - Bonus room 4 - The Big Secret.	room 45	-> Appreciated Helper Joined: 16 Feb 2007 Posts: 373 Location: New Zealand So we are not getting a hint for this one then? _________________ --------------------------- Status: In room 45, Last step 2/4 ------------------------------ Roomz: 44/45 Bonus Roomz: 4/4 Feel Free to PM me. WILL NOT SPOIL --------------------------- Back to top shpwnz Posted: Tue Aug 28, 2007 10:43 pm --> Supreme roomer Joined: 23 May 2007 Posts: 263 Location: Following Stachu In HELL! thats right lol im on the last part(i think) of getting the password to	http://theroomz.19.forumer.com:80/viewtopic.php?t=227&start=0&sid=0c892ab91f8b899c616578b04962c74f
227	20080208155151	FoROOM ~ View topic - Bonus room 4 - The Big Secret.	password	i : 0/2) (cams : 0/2) Back to top ThemePark Posted: Wed Aug 29, 2007 1:24 am --> Roomz addict Joined: 01 Jul 2007 Posts: 56 Hmm...I'm not quite sure how we're supposed to find the password when we don't even know where to start. :p Back to top rawene Posted: Wed Aug 29, 2007 2:00 am --> Roomz addict Joined: 18 Oct 2006 Posts: 59 Location: New Zealand Is Moo! a clue, Stachu? _________________ PROGRESS: Room 44/45 BONUS Room 4/4 (Bonus 3 - was the best!!) (Bonus 4 - ROFL!!) Back to top cams Posted: Wed Aug 29, 2007 7:43 am --> Supreme	http://theroomz.19.forumer.com:80/viewtopic.php?t=227&start=0&sid=0c892ab91f8b899c616578b04962c74f
227	20080208155151	FoROOM ~ View topic - Bonus room 4 - The Big Secret.	Stachu	when we don't even know where to start. :p Back to top rawene Posted: Wed Aug 29, 2007 2:00 am --> Roomz addict Joined: 18 Oct 2006 Posts: 59 Location: New Zealand Is Moo! a clue, Stachu? _________________ PROGRESS: Room 44/45 BONUS Room 4/4 (Bonus 3 - was the best!!) (Bonus 4 - ROFL!!) Back to top cams Posted: Wed Aug 29, 2007 7:43 am --> Supreme roomer Joined: 10 Jun 2007 Posts: 307 Location: South Korea The Big Secret and moo! That's all? _________________ roomz complete: normal 44/45 bonus 1, 2, 3, 4 kish 2/3 eri 2/2 RG 1 jan 	http://theroomz.19.forumer.com:80/viewtopic.php?t=227&start=0&sid=0c892ab91f8b899c616578b04962c74f
227	20080208155151	FoROOM ~ View topic - Bonus room 4 - The Big Secret.	Room 44	rt. :p Back to top rawene Posted: Wed Aug 29, 2007 2:00 am --> Roomz addict Joined: 18 Oct 2006 Posts: 59 Location: New Zealand Is Moo! a clue, Stachu? _________________ PROGRESS: Room 44/45 BONUS Room 4/4 (Bonus 3 - was the best!!) (Bonus 4 - ROFL!!) Back to top cams Posted: Wed Aug 29, 2007 7:43 am --> Supreme roomer Joined: 10 Jun 2007 Posts: 307 Location: South Korea The Big Secret and moo! That's all? _________________ roomz complete: normal 44/45 bonus 1, 2, 3, 4 kish 2/3 eri 2/2 RG 1 jan 5/10 Back to top Jim Gamma Posted: We	http://theroomz.19.forumer.com:80/viewtopic.php?t=227&start=0&sid=0c892ab91f8b899c616578b04962c74f
227	20080208155151	FoROOM ~ View topic - Bonus room 4 - The Big Secret.	Room 4	p rawene Posted: Wed Aug 29, 2007 2:00 am --> Roomz addict Joined: 18 Oct 2006 Posts: 59 Location: New Zealand Is Moo! a clue, Stachu? _________________ PROGRESS: Room 44/45 BONUS Room 4/4 (Bonus 3 - was the best!!) (Bonus 4 - ROFL!!) Back to top cams Posted: Wed Aug 29, 2007 7:43 am --> Supreme roomer Joined: 10 Jun 2007 Posts: 307 Location: South Korea The Big Secret and moo! That's all? _________________ roomz complete: normal 44/45 bonus 1, 2, 3, 4 kish 2/3 eri 2/2 RG 1 jan 5/10 Back to top Jim Gamma Posted: Wed Aug 29, 2007 1	http://theroomz.19.forumer.com:80/viewtopic.php?t=227&start=0&sid=0c892ab91f8b899c616578b04962c74f
227	20080208155151	FoROOM ~ View topic - Bonus room 4 - The Big Secret.	hint	re the password is 'death' Progress: Roomz: mine (45/45 +4) :p, eri's (1/2), RG's (2/2), kish's (4/4 with magic :p), jan's (3/3) I'm offering help via PMs only if you like cryptic hints :p Back to top tazmind Posted: Wed Aug 29, 2007 10:37 pm --> Appreciated Helper Joined: 16 Feb 2007 Posts: 373 Location: New Zealand Stachu you are evil... i can't get in due to not have my roomz files on this PC don't blame me for this... not my fault ;( *cries* _________________ --------------------------- Status: In room 45, Last step 2/4 ----	http://theroomz.19.forumer.com:80/viewtopic.php?t=227&start=0&sid=0c892ab91f8b899c616578b04962c74f
227	20080208155151	FoROOM ~ View topic - Bonus room 4 - The Big Secret.	Stachu	ng help via PMs only if you like cryptic hints :p Back to top tazmind Posted: Wed Aug 29, 2007 10:37 pm --> Appreciated Helper Joined: 16 Feb 2007 Posts: 373 Location: New Zealand Stachu you are evil... i can't get in due to not have my roomz files on this PC don't blame me for this... not my fault ;( *cries* _________________ --------------------------- Status: In room 45, Last step 2/4 ------------------------------ Roomz: 44/45 Bonus Roomz: 4/4 Feel Free to PM me. WILL NOT SPOIL --------------------------- Back to top ThemePark	http://theroomz.19.forumer.com:80/viewtopic.php?t=227&start=0&sid=0c892ab91f8b899c616578b04962c74f
227	20080208155151	FoROOM ~ View topic - Bonus room 4 - The Big Secret.	room 45	ou are evil... i can't get in due to not have my roomz files on this PC don't blame me for this... not my fault ;( *cries* _________________ --------------------------- Status: In room 45, Last step 2/4 ------------------------------ Roomz: 44/45 Bonus Roomz: 4/4 Feel Free to PM me. WILL NOT SPOIL --------------------------- Back to top ThemePark Posted: Wed Aug 29, 2007 11:22 pm --> Roomz addict Joined: 01 Jul 2007 Posts: 56 Having a bit of trouble finding out what the first password note is talking about and which place in partic	http://theroomz.19.forumer.com:80/viewtopic.php?t=227&start=0&sid=0c892ab91f8b899c616578b04962c74f
227	20080208155151	FoROOM ~ View topic - Bonus room 4 - The Big Secret.	Stachu	note is talking about and which place in particular. :S Back to top rawene Posted: Thu Aug 30, 2007 12:40 am --> Roomz addict Joined: 18 Oct 2006 Posts: 59 Location: New Zealand .:Stachu:. wrote: He'd have been stuck here for ages without me NOT being evil like always :p How about not being as evil to the rest of us and give us a hint? _________________ PROGRESS: Room 44/45 BONUS Room 4/4 (Bonus 3 - was the best!!) (Bonus 4 - ROFL!!) Back to top .:Stachu:. Posted: Thu Aug 30, 2007 12:49 am --> Lord of The Roomz Joined: 22 Sep 2006	http://theroomz.19.forumer.com:80/viewtopic.php?t=227&start=0&sid=0c892ab91f8b899c616578b04962c74f
227	20080208155151	FoROOM ~ View topic - Bonus room 4 - The Big Secret.	hint	 59 Location: New Zealand .:Stachu:. wrote: He'd have been stuck here for ages without me NOT being evil like always :p How about not being as evil to the rest of us and give us a hint? _________________ PROGRESS: Room 44/45 BONUS Room 4/4 (Bonus 3 - was the best!!) (Bonus 4 - ROFL!!) Back to top .:Stachu:. Posted: Thu Aug 30, 2007 12:49 am --> Lord of The Roomz Joined: 22 Sep 2006 Posts: 1347 Location: Hell I gave already :p I have nothing more to say :p _________________ .....:::ENTER THE ROOMZ:::..... Life is a room where the	http://theroomz.19.forumer.com:80/viewtopic.php?t=227&start=0&sid=0c892ab91f8b899c616578b04962c74f
227	20080208155151	FoROOM ~ View topic - Bonus room 4 - The Big Secret.	Room 44	:. wrote: He'd have been stuck here for ages without me NOT being evil like always :p How about not being as evil to the rest of us and give us a hint? _________________ PROGRESS: Room 44/45 BONUS Room 4/4 (Bonus 3 - was the best!!) (Bonus 4 - ROFL!!) Back to top .:Stachu:. Posted: Thu Aug 30, 2007 12:49 am --> Lord of The Roomz Joined: 22 Sep 2006 Posts: 1347 Location: Hell I gave already :p I have nothing more to say :p _________________ .....:::ENTER THE ROOMZ:::..... Life is a room where the password is 'death' Progress: Roomz:	http://theroomz.19.forumer.com:80/viewtopic.php?t=227&start=0&sid=0c892ab91f8b899c616578b04962c74f
227	20080208155151	FoROOM ~ View topic - Bonus room 4 - The Big Secret.	Room 4	ve been stuck here for ages without me NOT being evil like always :p How about not being as evil to the rest of us and give us a hint? _________________ PROGRESS: Room 44/45 BONUS Room 4/4 (Bonus 3 - was the best!!) (Bonus 4 - ROFL!!) Back to top .:Stachu:. Posted: Thu Aug 30, 2007 12:49 am --> Lord of The Roomz Joined: 22 Sep 2006 Posts: 1347 Location: Hell I gave already :p I have nothing more to say :p _________________ .....:::ENTER THE ROOMZ:::..... Life is a room where the password is 'death' Progress: Roomz: mine (45/45 +4)	http://theroomz.19.forumer.com:80/viewtopic.php?t=227&start=0&sid=0c892ab91f8b899c616578b04962c74f
227	20080208155151	FoROOM ~ View topic - Bonus room 4 - The Big Secret.	Stachu	How about not being as evil to the rest of us and give us a hint? _________________ PROGRESS: Room 44/45 BONUS Room 4/4 (Bonus 3 - was the best!!) (Bonus 4 - ROFL!!) Back to top .:Stachu:. Posted: Thu Aug 30, 2007 12:49 am --> Lord of The Roomz Joined: 22 Sep 2006 Posts: 1347 Location: Hell I gave already :p I have nothing more to say :p _________________ .....:::ENTER THE ROOMZ:::..... Life is a room where the password is 'death' Progress: Roomz: mine (45/45 +4) :p, eri's (1/2), RG's (2/2), kish's (4/4 with magic :p), jan's (3/3)	http://theroomz.19.forumer.com:80/viewtopic.php?t=227&start=0&sid=0c892ab91f8b899c616578b04962c74f
227	20080208155151	FoROOM ~ View topic - Bonus room 4 - The Big Secret.	hint	re :p And I found that idea very nice (read: evil) :p But believe me, you will see why I hid it so secretly I say "moo!" when I have nothing else to say :p Anyway, I can give ya a hint: to start looking for a bonus u have to search roomz 1-43 *ducks and runs quite far away* Oh no! I must have missed it, i searched all the rooms yeterday because of room 40. But didn't notice anything special, I have to search them again? *faint* please narrow the range. _________________ roomz complete: normal 44/45 bonus 1, 2, 3, 4 kish 2/3 eri 	http://theroomz.19.forumer.com:80/viewtopic.php?t=227&start=0&sid=0c892ab91f8b899c616578b04962c74f
227	20080208155151	FoROOM ~ View topic - Bonus room 4 - The Big Secret.	room 40	give ya a hint: to start looking for a bonus u have to search roomz 1-43 *ducks and runs quite far away* Oh no! I must have missed it, i searched all the rooms yeterday because of room 40. But didn't notice anything special, I have to search them again? *faint* please narrow the range. _________________ roomz complete: normal 44/45 bonus 1, 2, 3, 4 kish 2/3 eri 2/2 RG 1 jan 5/10 Back to top Display posts from previous: All Posts 1 Day 7 Days 2 Weeks 1 Month 3 Months 6 Months 1 Year Oldest First Newest First All times are GMT + 1 Ho	http://theroomz.19.forumer.com:80/viewtopic.php?t=227&start=0&sid=0c892ab91f8b899c616578b04962c74f
236	20080208155221	FoROOM ~ View topic - Room 44 - A real pain...	Room 44	FoROOM ~ View topic - Room 44 - A real pain... FAQ Search Memberlist Usergroups fChat Log in Register Author Message Roomz ~ Room 44 - A real pain... .:Stachu:. Posted: Fri Sep 14, 2007 1:17 am --> Lord of The Roomz Joined: 22 Sep 2006 Posts: 1347 Location: Hell I hope I encouraged ya with the title ;] Anyway I think it's evil enough. Bad luck and have a nice suffer *evil laug	http://theroomz.19.forumer.com:80/viewtopic.php?t=236&start=0&sid=0c892ab91f8b899c616578b04962c74f
236	20080208155221	FoROOM ~ View topic - Room 44 - A real pain...	Room 44	FoROOM ~ View topic - Room 44 - A real pain... FAQ Search Memberlist Usergroups fChat Log in Register Author Message Roomz ~ Room 44 - A real pain... .:Stachu:. Posted: Fri Sep 14, 2007 1:17 am --> Lord of The Roomz Joined: 22 Sep 2006 Posts: 1347 Location: Hell I hope I encouraged ya with the title ;] Anyway I think it's evil enough. Bad luck and have a nice suffer *evil laughter* edit: oh, and of course many thx goes to RG who passed that room :p Well, he was testing :p Anywa	http://theroomz.19.forumer.com:80/viewtopic.php?t=236&start=0&sid=0c892ab91f8b899c616578b04962c74f
236	20080208155221	FoROOM ~ View topic - Room 44 - A real pain...	Stachu	FoROOM ~ View topic - Room 44 - A real pain... FAQ Search Memberlist Usergroups fChat Log in Register Author Message Roomz ~ Room 44 - A real pain... .:Stachu:. Posted: Fri Sep 14, 2007 1:17 am --> Lord of The Roomz Joined: 22 Sep 2006 Posts: 1347 Location: Hell I hope I encouraged ya with the title ;] Anyway I think it's evil enough. Bad luck and have a nice suffer *evil laughter* edit: oh, and of course many thx goes to RG who passed that room :p Well, he was testing :p Anyway I'm curious how he'll co	http://theroomz.19.forumer.com:80/viewtopic.php?t=236&start=0&sid=0c892ab91f8b899c616578b04962c74f
236	20080208155221	FoROOM ~ View topic - Room 44 - A real pain...	Stachu	ffer *evil laughter* edit: oh, and of course many thx goes to RG who passed that room :p Well, he was testing :p Anyway I'm curious how he'll comment this room ;] Last edited by .:Stachu:. on Fri Sep 14, 2007 3:05 am; edited 2 times in total _________________ .....:::ENTER THE ROOMZ:::..... Life is a room where the password is 'death' Progress: Roomz: mine (45/45 +4) :p, eri's (1/2), RG's (2/2), kish's (4/4 with magic :p), jan's (3/3) I'm offering help via PMs only if you like cryptic hints :p Back to top sas Posted: Fri Sep 14, 2	http://theroomz.19.forumer.com:80/viewtopic.php?t=236&start=0&sid=0c892ab91f8b899c616578b04962c74f
236	20080208155221	FoROOM ~ View topic - Room 44 - A real pain...	password	e'll comment this room ;] Last edited by .:Stachu:. on Fri Sep 14, 2007 3:05 am; edited 2 times in total _________________ .....:::ENTER THE ROOMZ:::..... Life is a room where the password is 'death' Progress: Roomz: mine (45/45 +4) :p, eri's (1/2), RG's (2/2), kish's (4/4 with magic :p), jan's (3/3) I'm offering help via PMs only if you like cryptic hints :p Back to top sas Posted: Fri Sep 14, 2007 1:29 am --> Appreciated Helper Joined: 30 Oct 2006 Posts: 535 Location: Melbourne, Australia Ok I snuck a quick peak at work... but can	http://theroomz.19.forumer.com:80/viewtopic.php?t=236&start=0&sid=0c892ab91f8b899c616578b04962c74f
236	20080208155221	FoROOM ~ View topic - Room 44 - A real pain...	hint	re the password is 'death' Progress: Roomz: mine (45/45 +4) :p, eri's (1/2), RG's (2/2), kish's (4/4 with magic :p), jan's (3/3) I'm offering help via PMs only if you like cryptic hints :p Back to top sas Posted: Fri Sep 14, 2007 1:29 am --> Appreciated Helper Joined: 30 Oct 2006 Posts: 535 Location: Melbourne, Australia Ok I snuck a quick peak at work... but can't start til later. *cries* _________________ Progress: 45/45 + Bonus 4/4 PM if you need help! (include details of where/what you are stuck on) - I don't give out answer	http://theroomz.19.forumer.com:80/viewtopic.php?t=236&start=0&sid=0c892ab91f8b899c616578b04962c74f
236	20080208155221	FoROOM ~ View topic - Room 44 - A real pain...	room 45	ed: 16 Feb 2007 Posts: 373 Location: New Zealand hmmm ok... somehow i dont think this is gonna be as bad as you are saying _________________ --------------------------- Status: In room 45, Last step 2/4 ------------------------------ Roomz: 44/45 Bonus Roomz: 4/4 Feel Free to PM me. WILL NOT SPOIL --------------------------- Back to top .:Stachu:. Posted: Fri Sep 14, 2007 1:47 am --> Lord of The Roomz Joined: 22 Sep 2006 Posts: 1347 Location: Hell We shall see RG thought the same _________________ .....:::ENTER THE ROOMZ:::..... Li	http://theroomz.19.forumer.com:80/viewtopic.php?t=236&start=0&sid=0c892ab91f8b899c616578b04962c74f
236	20080208155221	FoROOM ~ View topic - Room 44 - A real pain...	Stachu	------- Status: In room 45, Last step 2/4 ------------------------------ Roomz: 44/45 Bonus Roomz: 4/4 Feel Free to PM me. WILL NOT SPOIL --------------------------- Back to top .:Stachu:. Posted: Fri Sep 14, 2007 1:47 am --> Lord of The Roomz Joined: 22 Sep 2006 Posts: 1347 Location: Hell We shall see RG thought the same _________________ .....:::ENTER THE ROOMZ:::..... Life is a room where the password is 'death' Progress: Roomz: mine (45/45 +4) :p, eri's (1/2), RG's (2/2), kish's (4/4 with magic :p), jan's (3/3) I'm offering he	http://theroomz.19.forumer.com:80/viewtopic.php?t=236&start=0&sid=0c892ab91f8b899c616578b04962c74f
236	20080208155221	FoROOM ~ View topic - Room 44 - A real pain...	password	am --> Lord of The Roomz Joined: 22 Sep 2006 Posts: 1347 Location: Hell We shall see RG thought the same _________________ .....:::ENTER THE ROOMZ:::..... Life is a room where the password is 'death' Progress: Roomz: mine (45/45 +4) :p, eri's (1/2), RG's (2/2), kish's (4/4 with magic :p), jan's (3/3) I'm offering help via PMs only if you like cryptic hints :p Back to top RG365 Posted: Fri Sep 14, 2007 3:00 am --> Appreciated Helper Joined: 13 Feb 2007 Posts: 182 Location: Madison, WI, USA no comment _________________ Roomz Complete:	http://theroomz.19.forumer.com:80/viewtopic.php?t=236&start=0&sid=0c892ab91f8b899c616578b04962c74f
236	20080208155221	FoROOM ~ View topic - Room 44 - A real pain...	hint	re the password is 'death' Progress: Roomz: mine (45/45 +4) :p, eri's (1/2), RG's (2/2), kish's (4/4 with magic :p), jan's (3/3) I'm offering help via PMs only if you like cryptic hints :p Back to top RG365 Posted: Fri Sep 14, 2007 3:00 am --> Appreciated Helper Joined: 13 Feb 2007 Posts: 182 Location: Madison, WI, USA no comment _________________ Roomz Complete: 44 + 4 Back to top shpwnz Posted: Fri Sep 14, 2007 3:02 am --> Supreme roomer Joined: 23 May 2007 Posts: 263 Location: Following Stachu In HELL! well i just got in and 	http://theroomz.19.forumer.com:80/viewtopic.php?t=236&start=0&sid=0c892ab91f8b899c616578b04962c74f
236	20080208155221	FoROOM ~ View topic - Room 44 - A real pain...	Stachu	, USA no comment _________________ Roomz Complete: 44 + 4 Back to top shpwnz Posted: Fri Sep 14, 2007 3:02 am --> Supreme roomer Joined: 23 May 2007 Posts: 263 Location: Following Stachu In HELL! well i just got in and im stuck. its 5 am here so its not time to try and solve an evil creation like this. we'll see tom o r row few typos corrections ditto :p _________________ Progress : (Roomz : 44/44) (Roomz Bonuses : 4/4) (Kish : 4/4) (RG's Puzzles : 1/2) (Eri : 0/2) (cams : 0/2) Back to top tazmind Posted: Fri Sep 14, 2007 4:41 am 	http://theroomz.19.forumer.com:80/viewtopic.php?t=236&start=0&sid=0c892ab91f8b899c616578b04962c74f
236	20080208155221	FoROOM ~ View topic - Room 44 - A real pain...	room 45	vil creation like this. we'll see tomm o row few typos corrections Shouldn't that be Tomorrow ?? Learn to spell indeed Taz _________________ --------------------------- Status: In room 45, Last step 2/4 ------------------------------ Roomz: 44/45 Bonus Roomz: 4/4 Feel Free to PM me. WILL NOT SPOIL --------------------------- Back to top cams Posted: Fri Sep 14, 2007 7:31 am --> Supreme roomer Joined: 10 Jun 2007 Posts: 307 Location: South Korea found a lot of things on the wall but seems meaningless. and I got rubbish for the binar	http://theroomz.19.forumer.com:80/viewtopic.php?t=236&start=0&sid=0c892ab91f8b899c616578b04962c74f
236	20080208155221	FoROOM ~ View topic - Room 44 - A real pain...	stachu	lot of things to do... the problem is I can't really seem to manage to translate anything :S even the plain letters leads to nothing... edit: yeah! 1st note! very nice trick there stachu! I don't see any connection to anything else... :S edit: ok I'm getting somewhere with the numbers but I must have a mistake somewhere. edit: got it. and I hated to find out what it means :S now I'm badly stuck! some of the numbers are incorrect stachu corrected that edit: found another similar thing to the mentioned room besides the clear one. ho	http://theroomz.19.forumer.com:80/viewtopic.php?t=236&start=0&sid=0c892ab91f8b899c616578b04962c74f
236	20080208155221	FoROOM ~ View topic - Room 44 - A real pain...	stachu	tting somewhere with the numbers but I must have a mistake somewhere. edit: got it. and I hated to find out what it means :S now I'm badly stuck! some of the numbers are incorrect stachu corrected that edit: found another similar thing to the mentioned room besides the clear one. hope it's not a false alarm -> couldn't use it for anything... stachu! RG! please help!!!!! a hint!!!!! (I'm asking u2 because I think I made the best progress) _________________ Roomz Complete: 44/44 Bonus Complete: 4/4 Kish Complete: 4/4 RG: 1/2 Eri: 0/	http://theroomz.19.forumer.com:80/viewtopic.php?t=236&start=0&sid=0c892ab91f8b899c616578b04962c74f
236	20080208155221	FoROOM ~ View topic - Room 44 - A real pain...	stachu	s are incorrect stachu corrected that edit: found another similar thing to the mentioned room besides the clear one. hope it's not a false alarm -> couldn't use it for anything... stachu! RG! please help!!!!! a hint!!!!! (I'm asking u2 because I think I made the best progress) _________________ Roomz Complete: 44/44 Bonus Complete: 4/4 Kish Complete: 4/4 RG: 1/2 Eri: 0/1 ______________________________________________________________________ If you need any help you are welcomed to PM me. (I only give hints! not answers) Back to to	http://theroomz.19.forumer.com:80/viewtopic.php?t=236&start=0&sid=0c892ab91f8b899c616578b04962c74f
236	20080208155221	FoROOM ~ View topic - Room 44 - A real pain...	hint	d that edit: found another similar thing to the mentioned room besides the clear one. hope it's not a false alarm -> couldn't use it for anything... stachu! RG! please help!!!!! a hint!!!!! (I'm asking u2 because I think I made the best progress) _________________ Roomz Complete: 44/44 Bonus Complete: 4/4 Kish Complete: 4/4 RG: 1/2 Eri: 0/1 ______________________________________________________________________ If you need any help you are welcomed to PM me. (I only give hints! not answers) Back to top cuki Posted: Fri Sep 14, 20	http://theroomz.19.forumer.com:80/viewtopic.php?t=236&start=0&sid=0c892ab91f8b899c616578b04962c74f
236	20080208155221	FoROOM ~ View topic - Room 44 - A real pain...	hint	mplete: 4/4 Kish Complete: 4/4 RG: 1/2 Eri: 0/1 ______________________________________________________________________ If you need any help you are welcomed to PM me. (I only give hints! not answers) Back to top cuki Posted: Fri Sep 14, 2007 12:26 pm --> Roomer of roomers Joined: 02 Jan 2007 Posts: 128 Location: Torino, Italy ok obtained 1st hss (the one that says to feel something...) ... not too hard but the other things are... a bit more hard lol 2nd hss note now wooot (the pink things one) and now I'm stuck with decoding the	http://theroomz.19.forumer.com:80/viewtopic.php?t=236&start=0&sid=0c892ab91f8b899c616578b04962c74f
236	20080208155221	FoROOM ~ View topic - Room 44 - A real pain...	hint	he b..... stuck on 2nd hss note too better with the b..... now that has been corrected! solved it but it doesn't help me... it make me feel more stuck than before!!! argh I need a hint for the pink things sheet please! thanks jim and shpwnz for hints... now we are all stuck here! lol Last edited by cuki on Sat Sep 15, 2007 12:15 am; edited 6 times in total _________________ r1 to 44 finished bonus: 1,2&4 completed (br3 no thanks :p) kish roomz: 1/3 stuck on 2nd eri's miniR: A....... note (my 2nd) always love roomz!!!! (and their	http://theroomz.19.forumer.com:80/viewtopic.php?t=236&start=0&sid=0c892ab91f8b899c616578b04962c74f
236	20080208155221	FoROOM ~ View topic - Room 44 - A real pain...	hint	at has been corrected! solved it but it doesn't help me... it make me feel more stuck than before!!! argh I need a hint for the pink things sheet please! thanks jim and shpwnz for hints... now we are all stuck here! lol Last edited by cuki on Sat Sep 15, 2007 12:15 am; edited 6 times in total _________________ r1 to 44 finished bonus: 1,2&4 completed (br3 no thanks :p) kish roomz: 1/3 stuck on 2nd eri's miniR: A....... note (my 2nd) always love roomz!!!! (and their creators) Back to top tazmind Posted: Fri Sep 14, 2007 12:29 pm 	http://theroomz.19.forumer.com:80/viewtopic.php?t=236&start=0&sid=0c892ab91f8b899c616578b04962c74f
236	20080208155221	FoROOM ~ View topic - Room 44 - A real pain...	hint	oomz!!!! (and their creators) Back to top tazmind Posted: Fri Sep 14, 2007 12:29 pm --> Appreciated Helper Joined: 16 Feb 2007 Posts: 373 Location: New Zealand Good luck getting a hint... was talking to Stachu earlier... apparently neither him or RG are hinting for this... So far i have got the m**** and the wall note decoded... working on the B***** _________________ --------------------------- Status: In room 45, Last step 2/4 ------------------------------ Roomz: 44/45 Bonus Roomz: 4/4 Feel Free to PM me. WILL NOT SPOIL -----	http://theroomz.19.forumer.com:80/viewtopic.php?t=236&start=0&sid=0c892ab91f8b899c616578b04962c74f
236	20080208155221	FoROOM ~ View topic - Room 44 - A real pain...	Stachu	ators) Back to top tazmind Posted: Fri Sep 14, 2007 12:29 pm --> Appreciated Helper Joined: 16 Feb 2007 Posts: 373 Location: New Zealand Good luck getting a hint... was talking to Stachu earlier... apparently neither him or RG are hinting for this... So far i have got the m**** and the wall note decoded... working on the B***** _________________ --------------------------- Status: In room 45, Last step 2/4 ------------------------------ Roomz: 44/45 Bonus Roomz: 4/4 Feel Free to PM me. WILL NOT SPOIL --------------------------- Ba	http://theroomz.19.forumer.com:80/viewtopic.php?t=236&start=0&sid=0c892ab91f8b899c616578b04962c74f
236	20080208155221	FoROOM ~ View topic - Room 44 - A real pain...	hint	 12:29 pm --> Appreciated Helper Joined: 16 Feb 2007 Posts: 373 Location: New Zealand Good luck getting a hint... was talking to Stachu earlier... apparently neither him or RG are hinting for this... So far i have got the m**** and the wall note decoded... working on the B***** _________________ --------------------------- Status: In room 45, Last step 2/4 ------------------------------ Roomz: 44/45 Bonus Roomz: 4/4 Feel Free to PM me. WILL NOT SPOIL --------------------------- Back to top cams Posted: Fri Sep 14, 2007 1:26 pm -	http://theroomz.19.forumer.com:80/viewtopic.php?t=236&start=0&sid=0c892ab91f8b899c616578b04962c74f
236	20080208155221	FoROOM ~ View topic - Room 44 - A real pain...	room 45	y neither him or RG are hinting for this... So far i have got the m**** and the wall note decoded... working on the B***** _________________ --------------------------- Status: In room 45, Last step 2/4 ------------------------------ Roomz: 44/45 Bonus Roomz: 4/4 Feel Free to PM me. WILL NOT SPOIL --------------------------- Back to top cams Posted: Fri Sep 14, 2007 1:26 pm --> Supreme roomer Joined: 10 Jun 2007 Posts: 307 Location: South Korea first notes already? everybody's faster than i expected edit: found a note! edit: need h	http://theroomz.19.forumer.com:80/viewtopic.php?t=236&start=0&sid=0c892ab91f8b899c616578b04962c74f
236	20080208155221	FoROOM ~ View topic - Room 44 - A real pain...	Stachu	mal 44/45 bonus 1, 2, 3, 4 kish 2/3 eri 2/2 RG 1 jan 5/10 Back to top shpwnz Posted: Fri Sep 14, 2007 2:33 pm --> Supreme roomer Joined: 23 May 2007 Posts: 263 Location: Following Stachu In HELL! ok i have 2 notes, having trouble with the second one... and it was 5am give me a break so what if i made a few typos... edit : yoav, oh shut it PUNK Last edited by shpwnz on Fri Sep 14, 2007 7:41 pm; edited 1 time in total _________________ Progress : (Roomz : 44/44) (Roomz Bonuses : 4/4) (Kish : 4/4) (RG's Puzzles : 1/2) (Eri : 0/2) (ca	http://theroomz.19.forumer.com:80/viewtopic.php?t=236&start=0&sid=0c892ab91f8b899c616578b04962c74f
236	20080208155221	FoROOM ~ View topic - Room 44 - A real pain...	hint	mplete: 4/4 Kish Complete: 4/4 RG: 1/2 Eri: 0/1 ______________________________________________________________________ If you need any help you are welcomed to PM me. (I only give hints! not answers) Back to top .:Stachu:. Posted: Fri Sep 14, 2007 3:23 pm --> Lord of The Roomz Joined: 22 Sep 2006 Posts: 1347 Location: Hell Remember to name the notes with their first letters. First can be found as second, third can be found as first, avoid such confusion :p _________________ .....:::ENTER THE ROOMZ:::..... Life is a room where th	http://theroomz.19.forumer.com:80/viewtopic.php?t=236&start=0&sid=0c892ab91f8b899c616578b04962c74f
236	20080208155221	FoROOM ~ View topic - Room 44 - A real pain...	Stachu	 1/2 Eri: 0/1 ______________________________________________________________________ If you need any help you are welcomed to PM me. (I only give hints! not answers) Back to top .:Stachu:. Posted: Fri Sep 14, 2007 3:23 pm --> Lord of The Roomz Joined: 22 Sep 2006 Posts: 1347 Location: Hell Remember to name the notes with their first letters. First can be found as second, third can be found as first, avoid such confusion :p _________________ .....:::ENTER THE ROOMZ:::..... Life is a room where the password is 'death' Progress: Room	http://theroomz.19.forumer.com:80/viewtopic.php?t=236&start=0&sid=0c892ab91f8b899c616578b04962c74f
236	20080208155221	FoROOM ~ View topic - Room 44 - A real pain...	password	 their first letters. First can be found as second, third can be found as first, avoid such confusion :p _________________ .....:::ENTER THE ROOMZ:::..... Life is a room where the password is 'death' Progress: Roomz: mine (45/45 +4) :p, eri's (1/2), RG's (2/2), kish's (4/4 with magic :p), jan's (3/3) I'm offering help via PMs only if you like cryptic hints :p Back to top cams Posted: Fri Sep 14, 2007 3:24 pm --> Supreme roomer Joined: 10 Jun 2007 Posts: 307 Location: South Korea .:Stachu:. wrote: Remember to name the notes with thei	http://theroomz.19.forumer.com:80/viewtopic.php?t=236&start=0&sid=0c892ab91f8b899c616578b04962c74f
236	20080208155221	FoROOM ~ View topic - Room 44 - A real pain...	hint	re the password is 'death' Progress: Roomz: mine (45/45 +4) :p, eri's (1/2), RG's (2/2), kish's (4/4 with magic :p), jan's (3/3) I'm offering help via PMs only if you like cryptic hints :p Back to top cams Posted: Fri Sep 14, 2007 3:24 pm --> Supreme roomer Joined: 10 Jun 2007 Posts: 307 Location: South Korea .:Stachu:. wrote: Remember to name the notes with their first letters. First can be found as second, third can be found as first, avoid such confusion :p what? your post is giving confusion ... I was talking about naming HS	http://theroomz.19.forumer.com:80/viewtopic.php?t=236&start=0&sid=0c892ab91f8b899c616578b04962c74f
236	20080208155221	FoROOM ~ View topic - Room 44 - A real pain...	Stachu	offering help via PMs only if you like cryptic hints :p Back to top cams Posted: Fri Sep 14, 2007 3:24 pm --> Supreme roomer Joined: 10 Jun 2007 Posts: 307 Location: South Korea .:Stachu:. wrote: Remember to name the notes with their first letters. First can be found as second, third can be found as first, avoid such confusion :p what? your post is giving confusion ... I was talking about naming HSs notes u find. Don't call it "oh I have the first note!" cause there's nothing like first note or second or whatever. ________________	http://theroomz.19.forumer.com:80/viewtopic.php?t=236&start=0&sid=0c892ab91f8b899c616578b04962c74f
236	20080208155221	FoROOM ~ View topic - Room 44 - A real pain...	Stachu	st note!" cause there's nothing like first note or second or whatever. _________________ roomz complete: normal 44/45 bonus 1, 2, 3, 4 kish 2/3 eri 2/2 RG 1 jan 5/10 Back to top .:Stachu:. Posted: Fri Sep 14, 2007 3:48 pm --> Lord of The Roomz Joined: 22 Sep 2006 Posts: 1347 Location: Hell Yeah, there was a very little mistake in the binaries. Corrected that. Pls CTIF and refresh. _________________ .....:::ENTER THE ROOMZ:::..... Life is a room where the password is 'death' Progress: Roomz: mine (45/45 +4) :p, eri's (1/2), RG's (2	http://theroomz.19.forumer.com:80/viewtopic.php?t=236&start=0&sid=0c892ab91f8b899c616578b04962c74f
236	20080208155221	FoROOM ~ View topic - Room 44 - A real pain...	password	ation: Hell Yeah, there was a very little mistake in the binaries. Corrected that. Pls CTIF and refresh. _________________ .....:::ENTER THE ROOMZ:::..... Life is a room where the password is 'death' Progress: Roomz: mine (45/45 +4) :p, eri's (1/2), RG's (2/2), kish's (4/4 with magic :p), jan's (3/3) I'm offering help via PMs only if you like cryptic hints :p Back to top yoavhayun Posted: Fri Sep 14, 2007 4:27 pm --> Roomz addict Joined: 27 May 2007 Posts: 73 this room is evil... you start off with eveything clear and easy... than y	http://theroomz.19.forumer.com:80/viewtopic.php?t=236&start=0&sid=0c892ab91f8b899c616578b04962c74f
236	20080208155221	FoROOM ~ View topic - Room 44 - A real pain...	hint	re the password is 'death' Progress: Roomz: mine (45/45 +4) :p, eri's (1/2), RG's (2/2), kish's (4/4 with magic :p), jan's (3/3) I'm offering help via PMs only if you like cryptic hints :p Back to top yoavhayun Posted: Fri Sep 14, 2007 4:27 pm --> Roomz addict Joined: 27 May 2007 Posts: 73 this room is evil... you start off with eveything clear and easy... than you get stuck badly! :S _________________ Roomz Complete: 44/44 Bonus Complete: 4/4 Kish Complete: 4/4 RG: 1/2 Eri: 0/1 __________________________________________________	http://theroomz.19.forumer.com:80/viewtopic.php?t=236&start=0&sid=0c892ab91f8b899c616578b04962c74f
236	20080208155221	FoROOM ~ View topic - Room 44 - A real pain...	hint	mplete: 4/4 Kish Complete: 4/4 RG: 1/2 Eri: 0/1 ______________________________________________________________________ If you need any help you are welcomed to PM me. (I only give hints! not answers) Back to top tazmind Posted: Fri Sep 14, 2007 9:19 pm --> Appreciated Helper Joined: 16 Feb 2007 Posts: 373 Location: New Zealand .:Stachu:. wrote: Yeah, there was a very little mistake in the binaries. Corrected that. Pls CTIF and refresh. OMFG you had better be joking... ARGHHHHHHHHHHHHHHHHHHHHHHHHHHh _________________ ------------	http://theroomz.19.forumer.com:80/viewtopic.php?t=236&start=0&sid=0c892ab91f8b899c616578b04962c74f
236	20080208155221	FoROOM ~ View topic - Room 44 - A real pain...	Stachu	comed to PM me. (I only give hints! not answers) Back to top tazmind Posted: Fri Sep 14, 2007 9:19 pm --> Appreciated Helper Joined: 16 Feb 2007 Posts: 373 Location: New Zealand .:Stachu:. wrote: Yeah, there was a very little mistake in the binaries. Corrected that. Pls CTIF and refresh. OMFG you had better be joking... ARGHHHHHHHHHHHHHHHHHHHHHHHHHHh _________________ --------------------------- Status: In room 45, Last step 2/4 ------------------------------ Roomz: 44/45 Bonus Roomz: 4/4 Feel Free to PM me. WILL NOT SPOIL -------	http://theroomz.19.forumer.com:80/viewtopic.php?t=236&start=0&sid=0c892ab91f8b899c616578b04962c74f
236	20080208155221	FoROOM ~ View topic - Room 44 - A real pain...	room 45	ake in the binaries. Corrected that. Pls CTIF and refresh. OMFG you had better be joking... ARGHHHHHHHHHHHHHHHHHHHHHHHHHHh _________________ --------------------------- Status: In room 45, Last step 2/4 ------------------------------ Roomz: 44/45 Bonus Roomz: 4/4 Feel Free to PM me. WILL NOT SPOIL --------------------------- Back to top Jim Gamma Posted: Fri Sep 14, 2007 9:53 pm --> Appreciated Helper Joined: 17 Oct 2006 Posts: 841 Location: London, England I know what left wall note says, got the pink stuff note, aside from that I	http://theroomz.19.forumer.com:80/viewtopic.php?t=236&start=0&sid=0c892ab91f8b899c616578b04962c74f
236	20080208155221	FoROOM ~ View topic - Room 44 - A real pain...	hint	Posts: 841 Location: London, England I know what left wall note says, got the pink stuff note, aside from that I'm stuck. _________________ I am available to answer PMs requesting hints. I will NOT give out answers, just major hints. PROGRESS: 45/45 BONUS: 1-4 KISH: 1-2 ERI: 1 (3rd note) JAN: 5 Back to top kish Posted: Fri Sep 14, 2007 9:58 pm --> Roomz addict Joined: 30 May 2007 Posts: 92 i decoded left wall note, the morse and the binary, even the pink note.. but stuck =/ Back to top Jim Gamma Posted: Fri Sep 14, 2007 10:15 pm	http://theroomz.19.forumer.com:80/viewtopic.php?t=236&start=0&sid=0c892ab91f8b899c616578b04962c74f
236	20080208155221	FoROOM ~ View topic - Room 44 - A real pain...	hint	t left wall note says, got the pink stuff note, aside from that I'm stuck. _________________ I am available to answer PMs requesting hints. I will NOT give out answers, just major hints. PROGRESS: 45/45 BONUS: 1-4 KISH: 1-2 ERI: 1 (3rd note) JAN: 5 Back to top kish Posted: Fri Sep 14, 2007 9:58 pm --> Roomz addict Joined: 30 May 2007 Posts: 92 i decoded left wall note, the morse and the binary, even the pink note.. but stuck =/ Back to top Jim Gamma Posted: Fri Sep 14, 2007 10:15 pm --> Appreciated Helper Joined: 17 Oct 2006 Pos	http://theroomz.19.forumer.com:80/viewtopic.php?t=236&start=0&sid=0c892ab91f8b899c616578b04962c74f
236	20080208155221	FoROOM ~ View topic - Room 44 - A real pain...	hint	note? Damn, I really need to decode that then... EDIT: Got what the pink stuff means, just got to find what's referenced. _________________ I am available to answer PMs requesting hints. I will NOT give out answers, just major hints. PROGRESS: 45/45 BONUS: 1-4 KISH: 1-2 ERI: 1 (3rd note) JAN: 5 Back to top kish Posted: Fri Sep 14, 2007 10:26 pm --> Roomz addict Joined: 30 May 2007 Posts: 92 ^thats where im stuck =| Back to top Jim Gamma Posted: Fri Sep 14, 2007 10:29 pm --> Appreciated Helper Joined: 17 Oct 2006 Posts: 841 Locat	http://theroomz.19.forumer.com:80/viewtopic.php?t=236&start=0&sid=0c892ab91f8b899c616578b04962c74f
236	20080208155221	FoROOM ~ View topic - Room 44 - A real pain...	hint	. EDIT: Got what the pink stuff means, just got to find what's referenced. _________________ I am available to answer PMs requesting hints. I will NOT give out answers, just major hints. PROGRESS: 45/45 BONUS: 1-4 KISH: 1-2 ERI: 1 (3rd note) JAN: 5 Back to top kish Posted: Fri Sep 14, 2007 10:26 pm --> Roomz addict Joined: 30 May 2007 Posts: 92 ^thats where im stuck =| Back to top Jim Gamma Posted: Fri Sep 14, 2007 10:29 pm --> Appreciated Helper Joined: 17 Oct 2006 Posts: 841 Location: London, England Found the referenced erm..	http://theroomz.19.forumer.com:80/viewtopic.php?t=236&start=0&sid=0c892ab91f8b899c616578b04962c74f
236	20080208155221	FoROOM ~ View topic - Room 44 - A real pain...	hint	 and Binary, solved what the left note says... still no idea about the weird letters or the symbols I've found elsewhere. _________________ I am available to answer PMs requesting hints. I will NOT give out answers, just major hints. PROGRESS: 45/45 BONUS: 1-4 KISH: 1-2 ERI: 1 (3rd note) JAN: 5 Back to top shpwnz Posted: Fri Sep 14, 2007 11:36 pm --> Supreme roomer Joined: 23 May 2007 Posts: 263 Location: Following Stachu In HELL! ok... solved the morse, binary, left note, pink numbers and what they are refering to... all thats 	http://theroomz.19.forumer.com:80/viewtopic.php?t=236&start=0&sid=0c892ab91f8b899c616578b04962c74f
236	20080208155221	FoROOM ~ View topic - Room 44 - A real pain...	hint	still no idea about the weird letters or the symbols I've found elsewhere. _________________ I am available to answer PMs requesting hints. I will NOT give out answers, just major hints. PROGRESS: 45/45 BONUS: 1-4 KISH: 1-2 ERI: 1 (3rd note) JAN: 5 Back to top shpwnz Posted: Fri Sep 14, 2007 11:36 pm --> Supreme roomer Joined: 23 May 2007 Posts: 263 Location: Following Stachu In HELL! ok... solved the morse, binary, left note, pink numbers and what they are refering to... all thats left are the letters and i have no idea what to	http://theroomz.19.forumer.com:80/viewtopic.php?t=236&start=0&sid=0c892ab91f8b899c616578b04962c74f
236	20080208155221	FoROOM ~ View topic - Room 44 - A real pain...	Stachu	ESS: 45/45 BONUS: 1-4 KISH: 1-2 ERI: 1 (3rd note) JAN: 5 Back to top shpwnz Posted: Fri Sep 14, 2007 11:36 pm --> Supreme roomer Joined: 23 May 2007 Posts: 263 Location: Following Stachu In HELL! ok... solved the morse, binary, left note, pink numbers and what they are refering to... all thats left are the letters and i have no idea what to do with them ;p are you sure there isnt any hint missing stachu? _________________ Progress : (Roomz : 44/44) (Roomz Bonuses : 4/4) (Kish : 4/4) (RG's Puzzles : 1/2) (Eri : 0/2) (cams : 0/2) Ba	http://theroomz.19.forumer.com:80/viewtopic.php?t=236&start=0&sid=0c892ab91f8b899c616578b04962c74f
236	20080208155221	FoROOM ~ View topic - Room 44 - A real pain...	hint	d the morse, binary, left note, pink numbers and what they are refering to... all thats left are the letters and i have no idea what to do with them ;p are you sure there isnt any hint missing stachu? _________________ Progress : (Roomz : 44/44) (Roomz Bonuses : 4/4) (Kish : 4/4) (RG's Puzzles : 1/2) (Eri : 0/2) (cams : 0/2) Back to top Display posts from previous: All Posts 1 Day 7 Days 2 Weeks 1 Month 3 Months 6 Months 1 Year Oldest First Newest First All times are GMT + 1 Hour View next topic View previous topic Page 1 of 6 G	http://theroomz.19.forumer.com:80/viewtopic.php?t=236&start=0&sid=0c892ab91f8b899c616578b04962c74f
236	20080208155221	FoROOM ~ View topic - Room 44 - A real pain...	stachu	binary, left note, pink numbers and what they are refering to... all thats left are the letters and i have no idea what to do with them ;p are you sure there isnt any hint missing stachu? _________________ Progress : (Roomz : 44/44) (Roomz Bonuses : 4/4) (Kish : 4/4) (RG's Puzzles : 1/2) (Eri : 0/2) (cams : 0/2) Back to top Display posts from previous: All Posts 1 Day 7 Days 2 Weeks 1 Month 3 Months 6 Months 1 Year Oldest First Newest First All times are GMT + 1 Hour View next topic View previous topic Page 1 of 6 Goto page 1 , 2 	http://theroomz.19.forumer.com:80/viewtopic.php?t=236&start=0&sid=0c892ab91f8b899c616578b04962c74f
250	20080208155242	FoROOM ~ View topic - Room 45 - When will it come out?	Room 45	FoROOM ~ View topic - Room 45 - When will it come out? FAQ Search Memberlist Usergroups fChat Log in Register Author Message Roomz ~ Room 45 - When will it come out? yoavhayun Posted: Wed Oct 10, 2007 3:15 pm --> Roomz addict Joined: 27 May 2007 Posts: 73 just wanted to know when will it come out? Stachu didn't say he was on a break on something and I didn't see anything new i	http://theroomz.19.forumer.com:80/viewtopic.php?t=250&start=0&sid=0c892ab91f8b899c616578b04962c74f
250	20080208155242	FoROOM ~ View topic - Room 45 - When will it come out?	Room 45	FoROOM ~ View topic - Room 45 - When will it come out? FAQ Search Memberlist Usergroups fChat Log in Register Author Message Roomz ~ Room 45 - When will it come out? yoavhayun Posted: Wed Oct 10, 2007 3:15 pm --> Roomz addict Joined: 27 May 2007 Posts: 73 just wanted to know when will it come out? Stachu didn't say he was on a break on something and I didn't see anything new in a long time... thank you (Stachu when room 45 will come out erase this topic) _________________ Roomz Complet	http://theroomz.19.forumer.com:80/viewtopic.php?t=250&start=0&sid=0c892ab91f8b899c616578b04962c74f
250	20080208155242	FoROOM ~ View topic - Room 45 - When will it come out?	Stachu	ssage Roomz ~ Room 45 - When will it come out? yoavhayun Posted: Wed Oct 10, 2007 3:15 pm --> Roomz addict Joined: 27 May 2007 Posts: 73 just wanted to know when will it come out? Stachu didn't say he was on a break on something and I didn't see anything new in a long time... thank you (Stachu when room 45 will come out erase this topic) _________________ Roomz Complete: 44/44 Bonus Complete: 4/4 Kish Complete: 4/4 RG: 1/2 Eri: 0/1 ______________________________________________________________________ If you need any help you are 	http://theroomz.19.forumer.com:80/viewtopic.php?t=250&start=0&sid=0c892ab91f8b899c616578b04962c74f
250	20080208155242	FoROOM ~ View topic - Room 45 - When will it come out?	Stachu	oined: 27 May 2007 Posts: 73 just wanted to know when will it come out? Stachu didn't say he was on a break on something and I didn't see anything new in a long time... thank you (Stachu when room 45 will come out erase this topic) _________________ Roomz Complete: 44/44 Bonus Complete: 4/4 Kish Complete: 4/4 RG: 1/2 Eri: 0/1 ______________________________________________________________________ If you need any help you are welcomed to PM me. (I only give hints! not answers) Back to top .:Stachu:. Posted: Wed Oct 10, 2007 5:42 pm 	http://theroomz.19.forumer.com:80/viewtopic.php?t=250&start=0&sid=0c892ab91f8b899c616578b04962c74f
250	20080208155242	FoROOM ~ View topic - Room 45 - When will it come out?	room 45	y 2007 Posts: 73 just wanted to know when will it come out? Stachu didn't say he was on a break on something and I didn't see anything new in a long time... thank you (Stachu when room 45 will come out erase this topic) _________________ Roomz Complete: 44/44 Bonus Complete: 4/4 Kish Complete: 4/4 RG: 1/2 Eri: 0/1 ______________________________________________________________________ If you need any help you are welcomed to PM me. (I only give hints! not answers) Back to top .:Stachu:. Posted: Wed Oct 10, 2007 5:42 pm --> Lord of T	http://theroomz.19.forumer.com:80/viewtopic.php?t=250&start=0&sid=0c892ab91f8b899c616578b04962c74f
250	20080208155242	FoROOM ~ View topic - Room 45 - When will it come out?	hint	mplete: 4/4 Kish Complete: 4/4 RG: 1/2 Eri: 0/1 ______________________________________________________________________ If you need any help you are welcomed to PM me. (I only give hints! not answers) Back to top .:Stachu:. Posted: Wed Oct 10, 2007 5:42 pm --> Lord of The Roomz Joined: 22 Sep 2006 Posts: 1347 Location: Hell Too lazy to ask Kish for example? :p Maybe not all of u knows that I started studies which seems to be not that easy as I thought :p And yes yoav, I said that many times :p So - I have no idea. Maybe in a week	http://theroomz.19.forumer.com:80/viewtopic.php?t=250&start=0&sid=0c892ab91f8b899c616578b04962c74f
250	20080208155242	FoROOM ~ View topic - Room 45 - When will it come out?	Stachu	 1/2 Eri: 0/1 ______________________________________________________________________ If you need any help you are welcomed to PM me. (I only give hints! not answers) Back to top .:Stachu:. Posted: Wed Oct 10, 2007 5:42 pm --> Lord of The Roomz Joined: 22 Sep 2006 Posts: 1347 Location: Hell Too lazy to ask Kish for example? :p Maybe not all of u knows that I started studies which seems to be not that easy as I thought :p And yes yoav, I said that many times :p So - I have no idea. Maybe in a week, maybe in a month, maybe next year.	http://theroomz.19.forumer.com:80/viewtopic.php?t=250&start=0&sid=0c892ab91f8b899c616578b04962c74f
250	20080208155242	FoROOM ~ View topic - Room 45 - When will it come out?	password	no idea. Maybe in a week, maybe in a month, maybe next year... edit: OK, I changed the progress, better? _________________ .....:::ENTER THE ROOMZ:::..... Life is a room where the password is 'death' Progress: Roomz: mine (45/45 +4) :p, eri's (1/2), RG's (2/2), kish's (4/4 with magic :p), jan's (3/3) I'm offering help via PMs only if you like cryptic hints :p Back to top yoavhayun Posted: Thu Oct 11, 2007 8:03 am --> Roomz addict Joined: 27 May 2007 Posts: 73 ok lol thank you _________________ Roomz Complete: 44/44 Bonus Complete: 4	http://theroomz.19.forumer.com:80/viewtopic.php?t=250&start=0&sid=0c892ab91f8b899c616578b04962c74f
250	20080208155242	FoROOM ~ View topic - Room 45 - When will it come out?	hint	re the password is 'death' Progress: Roomz: mine (45/45 +4) :p, eri's (1/2), RG's (2/2), kish's (4/4 with magic :p), jan's (3/3) I'm offering help via PMs only if you like cryptic hints :p Back to top yoavhayun Posted: Thu Oct 11, 2007 8:03 am --> Roomz addict Joined: 27 May 2007 Posts: 73 ok lol thank you _________________ Roomz Complete: 44/44 Bonus Complete: 4/4 Kish Complete: 4/4 RG: 1/2 Eri: 0/1 ______________________________________________________________________ If you need any help you are welcomed to PM me. (I only giv	http://theroomz.19.forumer.com:80/viewtopic.php?t=250&start=0&sid=0c892ab91f8b899c616578b04962c74f
250	20080208155242	FoROOM ~ View topic - Room 45 - When will it come out?	hint	mplete: 4/4 Kish Complete: 4/4 RG: 1/2 Eri: 0/1 ______________________________________________________________________ If you need any help you are welcomed to PM me. (I only give hints! not answers) Back to top cams Posted: Thu Nov 01, 2007 2:04 pm --> Supreme roomer Joined: 10 Jun 2007 Posts: 307 Location: South Korea progress: r45!!!!!!!!! now the question is, what will it be about? _________________ roomz complete: normal 44/45 bonus 1, 2, 3, 4 kish 2/3 eri 2/2 RG 1 jan 5/10 Back to top Arik Posted: Thu Nov 01, 2007 2:12 pm 	http://theroomz.19.forumer.com:80/viewtopic.php?t=250&start=0&sid=0c892ab91f8b899c616578b04962c74f
250	20080208155242	FoROOM ~ View topic - Room 45 - When will it come out?	Stachu	ck to top Arik Posted: Thu Nov 01, 2007 2:12 pm --> Roomz addict Joined: 21 Oct 2007 Posts: 82 Location: Whereabouts are classified Yeah what's it going to be about? Back to top .:Stachu:. Posted: Thu Nov 01, 2007 2:17 pm --> Lord of The Roomz Joined: 22 Sep 2006 Posts: 1347 Location: Hell I'm leaving this speculation to you :p _________________ .....:::ENTER THE ROOMZ:::..... Life is a room where the password is 'death' Progress: Roomz: mine (45/45 +4) :p, eri's (1/2), RG's (2/2), kish's (4/4 with magic :p), jan's (3/3) I'm offer	http://theroomz.19.forumer.com:80/viewtopic.php?t=250&start=0&sid=0c892ab91f8b899c616578b04962c74f
250	20080208155242	FoROOM ~ View topic - Room 45 - When will it come out?	password	 Lord of The Roomz Joined: 22 Sep 2006 Posts: 1347 Location: Hell I'm leaving this speculation to you :p _________________ .....:::ENTER THE ROOMZ:::..... Life is a room where the password is 'death' Progress: Roomz: mine (45/45 +4) :p, eri's (1/2), RG's (2/2), kish's (4/4 with magic :p), jan's (3/3) I'm offering help via PMs only if you like cryptic hints :p Back to top tazmind Posted: Thu Nov 01, 2007 9:07 pm --> Appreciated Helper Joined: 16 Feb 2007 Posts: 373 Location: New Zealand hehehehe.. I think i know _________________ ---	http://theroomz.19.forumer.com:80/viewtopic.php?t=250&start=0&sid=0c892ab91f8b899c616578b04962c74f
250	20080208155242	FoROOM ~ View topic - Room 45 - When will it come out?	hint	re the password is 'death' Progress: Roomz: mine (45/45 +4) :p, eri's (1/2), RG's (2/2), kish's (4/4 with magic :p), jan's (3/3) I'm offering help via PMs only if you like cryptic hints :p Back to top tazmind Posted: Thu Nov 01, 2007 9:07 pm --> Appreciated Helper Joined: 16 Feb 2007 Posts: 373 Location: New Zealand hehehehe.. I think i know _________________ --------------------------- Status: In room 45, Last step 2/4 ------------------------------ Roomz: 44/45 Bonus Roomz: 4/4 Feel Free to PM me. WILL NOT SPOIL --------------	http://theroomz.19.forumer.com:80/viewtopic.php?t=250&start=0&sid=0c892ab91f8b899c616578b04962c74f
250	20080208155242	FoROOM ~ View topic - Room 45 - When will it come out?	room 45	Nov 01, 2007 9:07 pm --> Appreciated Helper Joined: 16 Feb 2007 Posts: 373 Location: New Zealand hehehehe.. I think i know _________________ --------------------------- Status: In room 45, Last step 2/4 ------------------------------ Roomz: 44/45 Bonus Roomz: 4/4 Feel Free to PM me. WILL NOT SPOIL --------------------------- Back to top cams Posted: Fri Nov 02, 2007 1:52 pm --> Supreme roomer Joined: 10 Jun 2007 Posts: 307 Location: South Korea what is it? _________________ roomz complete: normal 44/45 bonus 1, 2, 3, 4 kish 2/3 eri	http://theroomz.19.forumer.com:80/viewtopic.php?t=250&start=0&sid=0c892ab91f8b899c616578b04962c74f
250	20080208155242	FoROOM ~ View topic - Room 45 - When will it come out?	Stachu	 3, 4 kish 2/3 eri 2/2 RG 1 jan 5/10 Back to top tazmind Posted: Fri Nov 02, 2007 9:04 pm --> Appreciated Helper Joined: 16 Feb 2007 Posts: 373 Location: New Zealand If i tell you Stachu will do mean evil things to me _________________ --------------------------- Status: In room 45, Last step 2/4 ------------------------------ Roomz: 44/45 Bonus Roomz: 4/4 Feel Free to PM me. WILL NOT SPOIL --------------------------- Back to top Arik Posted: Fri Nov 02, 2007 9:21 pm --> Roomz addict Joined: 21 Oct 2007 Posts: 82 Location: Whereab	http://theroomz.19.forumer.com:80/viewtopic.php?t=250&start=0&sid=0c892ab91f8b899c616578b04962c74f
250	20080208155242	FoROOM ~ View topic - Room 45 - When will it come out?	room 45	ppreciated Helper Joined: 16 Feb 2007 Posts: 373 Location: New Zealand If i tell you Stachu will do mean evil things to me _________________ --------------------------- Status: In room 45, Last step 2/4 ------------------------------ Roomz: 44/45 Bonus Roomz: 4/4 Feel Free to PM me. WILL NOT SPOIL --------------------------- Back to top Arik Posted: Fri Nov 02, 2007 9:21 pm --> Roomz addict Joined: 21 Oct 2007 Posts: 82 Location: Whereabouts are classified Don't worry we won't mind. Back to top .:Stachu:. Posted: Fri Nov 02, 2007 9	http://theroomz.19.forumer.com:80/viewtopic.php?t=250&start=0&sid=0c892ab91f8b899c616578b04962c74f
250	20080208155242	FoROOM ~ View topic - Room 45 - When will it come out?	Stachu	---- Back to top Arik Posted: Fri Nov 02, 2007 9:21 pm --> Roomz addict Joined: 21 Oct 2007 Posts: 82 Location: Whereabouts are classified Don't worry we won't mind. Back to top .:Stachu:. Posted: Fri Nov 02, 2007 9:28 pm --> Lord of The Roomz Joined: 22 Sep 2006 Posts: 1347 Location: Hell ... Well, now u should find a really good armor :p _________________ .....:::ENTER THE ROOMZ:::..... Life is a room where the password is 'death' Progress: Roomz: mine (45/45 +4) :p, eri's (1/2), RG's (2/2), kish's (4/4 with magic :p), jan's (3/	http://theroomz.19.forumer.com:80/viewtopic.php?t=250&start=0&sid=0c892ab91f8b899c616578b04962c74f
250	20080208155242	FoROOM ~ View topic - Room 45 - When will it come out?	password	 Roomz Joined: 22 Sep 2006 Posts: 1347 Location: Hell ... Well, now u should find a really good armor :p _________________ .....:::ENTER THE ROOMZ:::..... Life is a room where the password is 'death' Progress: Roomz: mine (45/45 +4) :p, eri's (1/2), RG's (2/2), kish's (4/4 with magic :p), jan's (3/3) I'm offering help via PMs only if you like cryptic hints :p Back to top cuki Posted: Fri Nov 02, 2007 9:48 pm --> Roomer of roomers Joined: 02 Jan 2007 Posts: 128 Location: Torino, Italy I look forward to see the new room!!! I hope I'll	http://theroomz.19.forumer.com:80/viewtopic.php?t=250&start=0&sid=0c892ab91f8b899c616578b04962c74f
250	20080208155242	FoROOM ~ View topic - Room 45 - When will it come out?	hint	re the password is 'death' Progress: Roomz: mine (45/45 +4) :p, eri's (1/2), RG's (2/2), kish's (4/4 with magic :p), jan's (3/3) I'm offering help via PMs only if you like cryptic hints :p Back to top cuki Posted: Fri Nov 02, 2007 9:48 pm --> Roomer of roomers Joined: 02 Jan 2007 Posts: 128 Location: Torino, Italy I look forward to see the new room!!! I hope I'll be the FIRST who will play it.... thanks stachu! _________________ r1 to 44 finished bonus: 1,2&4 completed (br3 no thanks :p) kish roomz: 1/3 stuck on 2nd eri's miniR:	http://theroomz.19.forumer.com:80/viewtopic.php?t=250&start=0&sid=0c892ab91f8b899c616578b04962c74f
250	20080208155242	FoROOM ~ View topic - Room 45 - When will it come out?	stachu	007 9:48 pm --> Roomer of roomers Joined: 02 Jan 2007 Posts: 128 Location: Torino, Italy I look forward to see the new room!!! I hope I'll be the FIRST who will play it.... thanks stachu! _________________ r1 to 44 finished bonus: 1,2&4 completed (br3 no thanks :p) kish roomz: 1/3 stuck on 2nd eri's miniR: A....... note (my 2nd) always love roomz!!!! (and their creators) Back to top cams Posted: Sat Nov 03, 2007 3:56 am --> Supreme roomer Joined: 10 Jun 2007 Posts: 307 Location: South Korea The proggress is none, but there isn't n	http://theroomz.19.forumer.com:80/viewtopic.php?t=250&start=0&sid=0c892ab91f8b899c616578b04962c74f
250	20080208155242	FoROOM ~ View topic - Room 45 - When will it come out?	Stachu	 it come out? (no time to check it myself now) edit: it's not here now _________________ roomz complete: normal 44/45 bonus 1, 2, 3, 4 kish 2/3 eri 2/2 RG 1 jan 5/10 Back to top .:Stachu:. Posted: Sat Nov 03, 2007 11:01 am --> Lord of The Roomz Joined: 22 Sep 2006 Posts: 1347 Location: Hell omg cams, I said many times that it won't be finished soon. Plus it needs TESTS so after I made the room, u will see "r45 - testing" or so... don't u remember? ;> _________________ .....:::ENTER THE ROOMZ:::..... Life is a room where the passwo	http://theroomz.19.forumer.com:80/viewtopic.php?t=250&start=0&sid=0c892ab91f8b899c616578b04962c74f
250	20080208155242	FoROOM ~ View topic - Room 45 - When will it come out?	password	. Plus it needs TESTS so after I made the room, u will see "r45 - testing" or so... don't u remember? ;> _________________ .....:::ENTER THE ROOMZ:::..... Life is a room where the password is 'death' Progress: Roomz: mine (45/45 +4) :p, eri's (1/2), RG's (2/2), kish's (4/4 with magic :p), jan's (3/3) I'm offering help via PMs only if you like cryptic hints :p Back to top cams Posted: Sat Nov 03, 2007 11:04 am --> Supreme roomer Joined: 10 Jun 2007 Posts: 307 Location: South Korea but it says "none", not "r45 - testing" _____________	http://theroomz.19.forumer.com:80/viewtopic.php?t=250&start=0&sid=0c892ab91f8b899c616578b04962c74f
250	20080208155242	FoROOM ~ View topic - Room 45 - When will it come out?	hint	re the password is 'death' Progress: Roomz: mine (45/45 +4) :p, eri's (1/2), RG's (2/2), kish's (4/4 with magic :p), jan's (3/3) I'm offering help via PMs only if you like cryptic hints :p Back to top cams Posted: Sat Nov 03, 2007 11:04 am --> Supreme roomer Joined: 10 Jun 2007 Posts: 307 Location: South Korea but it says "none", not "r45 - testing" _________________ roomz complete: normal 44/45 bonus 1, 2, 3, 4 kish 2/3 eri 2/2 RG 1 jan 5/10 Back to top .:Stachu:. Posted: Sat Nov 03, 2007 11:07 am --> Lord of The Roomz Joined: 	http://theroomz.19.forumer.com:80/viewtopic.php?t=250&start=0&sid=0c892ab91f8b899c616578b04962c74f
250	20080208155242	FoROOM ~ View topic - Room 45 - When will it come out?	Stachu	sts: 307 Location: South Korea but it says "none", not "r45 - testing" _________________ roomz complete: normal 44/45 bonus 1, 2, 3, 4 kish 2/3 eri 2/2 RG 1 jan 5/10 Back to top .:Stachu:. Posted: Sat Nov 03, 2007 11:07 am --> Lord of The Roomz Joined: 22 Sep 2006 Posts: 1347 Location: Hell omfg... coz it's NOT FINISHED!!! take him away from me pls... _________________ .....:::ENTER THE ROOMZ:::..... Life is a room where the password is 'death' Progress: Roomz: mine (45/45 +4) :p, eri's (1/2), RG's (2/2), kish's (4/4 with magic :p	http://theroomz.19.forumer.com:80/viewtopic.php?t=250&start=0&sid=0c892ab91f8b899c616578b04962c74f
250	20080208155242	FoROOM ~ View topic - Room 45 - When will it come out?	password	ed: 22 Sep 2006 Posts: 1347 Location: Hell omfg... coz it's NOT FINISHED!!! take him away from me pls... _________________ .....:::ENTER THE ROOMZ:::..... Life is a room where the password is 'death' Progress: Roomz: mine (45/45 +4) :p, eri's (1/2), RG's (2/2), kish's (4/4 with magic :p), jan's (3/3) I'm offering help via PMs only if you like cryptic hints :p Back to top Arik Posted: Sat Nov 03, 2007 11:49 am --> Roomz addict Joined: 21 Oct 2007 Posts: 82 Location: Whereabouts are classified Nah, I think I'll stay and watch. What ca	http://theroomz.19.forumer.com:80/viewtopic.php?t=250&start=0&sid=0c892ab91f8b899c616578b04962c74f
250	20080208155242	FoROOM ~ View topic - Room 45 - When will it come out?	hint	re the password is 'death' Progress: Roomz: mine (45/45 +4) :p, eri's (1/2), RG's (2/2), kish's (4/4 with magic :p), jan's (3/3) I'm offering help via PMs only if you like cryptic hints :p Back to top Arik Posted: Sat Nov 03, 2007 11:49 am --> Roomz addict Joined: 21 Oct 2007 Posts: 82 Location: Whereabouts are classified Nah, I think I'll stay and watch. What can I say? I enjoy watching two people fight. Back to top tazmind Posted: Sat Nov 03, 2007 8:41 pm --> Appreciated Helper Joined: 16 Feb 2007 Posts: 373 Location: New Zeal	http://theroomz.19.forumer.com:80/viewtopic.php?t=250&start=0&sid=0c892ab91f8b899c616578b04962c74f
250	20080208155242	FoROOM ~ View topic - Room 45 - When will it come out?	Stachu	 pm --> Appreciated Helper Joined: 16 Feb 2007 Posts: 373 Location: New Zealand Cams.... STFU before i hack in, steal admin and ban your sorry arse.... you know the longer you bug Stachu the long it will take right _________________ --------------------------- Status: In room 45, Last step 2/4 ------------------------------ Roomz: 44/45 Bonus Roomz: 4/4 Feel Free to PM me. WILL NOT SPOIL --------------------------- Back to top Arik Posted: Sat Nov 03, 2007 8:46 pm --> Roomz addict Joined: 21 Oct 2007 Posts: 82 Location: Whereabout	http://theroomz.19.forumer.com:80/viewtopic.php?t=250&start=0&sid=0c892ab91f8b899c616578b04962c74f
250	20080208155242	FoROOM ~ View topic - Room 45 - When will it come out?	room 45	U before i hack in, steal admin and ban your sorry arse.... you know the longer you bug Stachu the long it will take right _________________ --------------------------- Status: In room 45, Last step 2/4 ------------------------------ Roomz: 44/45 Bonus Roomz: 4/4 Feel Free to PM me. WILL NOT SPOIL --------------------------- Back to top Arik Posted: Sat Nov 03, 2007 8:46 pm --> Roomz addict Joined: 21 Oct 2007 Posts: 82 Location: Whereabouts are classified I see Tazmind is a very patient and friendly person. What happened, did some	http://theroomz.19.forumer.com:80/viewtopic.php?t=250&start=0&sid=0c892ab91f8b899c616578b04962c74f
250	20080208155242	FoROOM ~ View topic - Room 45 - When will it come out?	hint	ocked the thread until we've calmed down a bit. EDIT: OK, we're calm now, I hope? Good - 'cause I'm unlocking the thread. _________________ I am available to answer PMs requesting hints. I will NOT give out answers, just major hints. PROGRESS: 45/45 BONUS: 1-4 KISH: 1-2 ERI: 1 (3rd note) JAN: 5 Back to top tazmind Posted: Sun Nov 04, 2007 10:10 pm --> Appreciated Helper Joined: 16 Feb 2007 Posts: 373 Location: New Zealand *digs in closet, finds her halo and balances it on her horns* I'm an angel Jimmy... Honest _________________	http://theroomz.19.forumer.com:80/viewtopic.php?t=250&start=0&sid=0c892ab91f8b899c616578b04962c74f
250	20080208155242	FoROOM ~ View topic - Room 45 - When will it come out?	hint	 EDIT: OK, we're calm now, I hope? Good - 'cause I'm unlocking the thread. _________________ I am available to answer PMs requesting hints. I will NOT give out answers, just major hints. PROGRESS: 45/45 BONUS: 1-4 KISH: 1-2 ERI: 1 (3rd note) JAN: 5 Back to top tazmind Posted: Sun Nov 04, 2007 10:10 pm --> Appreciated Helper Joined: 16 Feb 2007 Posts: 373 Location: New Zealand *digs in closet, finds her halo and balances it on her horns* I'm an angel Jimmy... Honest _________________ --------------------------- Status: In room 45	http://theroomz.19.forumer.com:80/viewtopic.php?t=250&start=0&sid=0c892ab91f8b899c616578b04962c74f
250	20080208155242	FoROOM ~ View topic - Room 45 - When will it come out?	room 45	osts: 373 Location: New Zealand *digs in closet, finds her halo and balances it on her horns* I'm an angel Jimmy... Honest _________________ --------------------------- Status: In room 45, Last step 2/4 ------------------------------ Roomz: 44/45 Bonus Roomz: 4/4 Feel Free to PM me. WILL NOT SPOIL --------------------------- Back to top sas Posted: Sun Nov 04, 2007 11:49 pm --> Appreciated Helper Joined: 30 Oct 2006 Posts: 535 Location: Melbourne, Australia Hehe. Anyway, cams + arik. Stachu is busy so he will release 45 as soon as 	http://theroomz.19.forumer.com:80/viewtopic.php?t=250&start=0&sid=0c892ab91f8b899c616578b04962c74f
250	20080208155242	FoROOM ~ View topic - Room 45 - When will it come out?	Stachu	----------------- Back to top sas Posted: Sun Nov 04, 2007 11:49 pm --> Appreciated Helper Joined: 30 Oct 2006 Posts: 535 Location: Melbourne, Australia Hehe. Anyway, cams + arik. Stachu is busy so he will release 45 as soon as he is able. It is hard to work on other stuff when you are studying. _________________ Progress: 45/45 + Bonus 4/4 PM if you need help! (include details of where/what you are stuck on) - I don't give out answers though. Back to top Arik Posted: Sun Nov 04, 2007 11:55 pm --> Roomz addict Joined: 21 Oct 2007 	http://theroomz.19.forumer.com:80/viewtopic.php?t=250&start=0&sid=0c892ab91f8b899c616578b04962c74f
250	20080208155242	FoROOM ~ View topic - Room 45 - When will it come out?	Stachu	bouts are classified Sassy. Yes Arik? -Sas Back to top metacom Posted: Mon Nov 05, 2007 12:25 am --> Roomz addict Joined: 26 Oct 2007 Posts: 62 Location: New Jersey Take your time Stachu...please. I have to do 15 roomz before I can do 45 anyway, and I've heard scary things about 44, so I can't be doing it any time soon anyway. _________________ currently working on 44. Back to top sas Posted: Mon Nov 05, 2007 12:26 am --> Appreciated Helper Joined: 30 Oct 2006 Posts: 535 Location: Melbourne, Australia FYI, I dislike 'Sassy' as a n	http://theroomz.19.forumer.com:80/viewtopic.php?t=250&start=0&sid=0c892ab91f8b899c616578b04962c74f
308	20080208155251	FoROOM ~ View topic - Room 45 - Never ending story...	Room 45	FoROOM ~ View topic - Room 45 - Never ending story... FAQ Search Memberlist Usergroups fChat Log in Register Author Message Roomz ~ Room 45 - Never ending story... .:Stachu:. Posted: Thu Dec 27, 2007 12:10 am --> Lord of The Roomz Joined: 22 Sep 2006 Posts: 1347 Location: Hell You can say "AT LAST!!!" but hey, it's just 3 months lol :p Anyway I'm proud that I could release it 	http://theroomz.19.forumer.com:80/viewtopic.php?t=308&start=0&sid=0c892ab91f8b899c616578b04962c74f
308	20080208155251	FoROOM ~ View topic - Room 45 - Never ending story...	Room 45	FoROOM ~ View topic - Room 45 - Never ending story... FAQ Search Memberlist Usergroups fChat Log in Register Author Message Roomz ~ Room 45 - Never ending story... .:Stachu:. Posted: Thu Dec 27, 2007 12:10 am --> Lord of The Roomz Joined: 22 Sep 2006 Posts: 1347 Location: Hell You can say "AT LAST!!!" but hey, it's just 3 months lol :p Anyway I'm proud that I could release it at last. I hope you'll enjoy solving it as I enjoyed creating it. I can only say it is a long, long room for m	http://theroomz.19.forumer.com:80/viewtopic.php?t=308&start=0&sid=0c892ab91f8b899c616578b04962c74f
308	20080208155251	FoROOM ~ View topic - Room 45 - Never ending story...	Stachu	FoROOM ~ View topic - Room 45 - Never ending story... FAQ Search Memberlist Usergroups fChat Log in Register Author Message Roomz ~ Room 45 - Never ending story... .:Stachu:. Posted: Thu Dec 27, 2007 12:10 am --> Lord of The Roomz Joined: 22 Sep 2006 Posts: 1347 Location: Hell You can say "AT LAST!!!" but hey, it's just 3 months lol :p Anyway I'm proud that I could release it at last. I hope you'll enjoy solving it as I enjoyed creating it. I can only say it is a long, long room for many nights and days Don't expect 	http://theroomz.19.forumer.com:80/viewtopic.php?t=308&start=0&sid=0c892ab91f8b899c616578b04962c74f
308	20080208155251	FoROOM ~ View topic - Room 45 - Never ending story...	password	elieve me, but who cares? ) So I can only wish you good luck and of course Merry Christmas! from TR team _________________ .....:::ENTER THE ROOMZ:::..... Life is a room where the password is 'death' Progress: Roomz: mine (45/45 +4) :p, eri's (1/2), RG's (2/2), kish's (4/4 with magic :p), jan's (3/3) I'm offering help via PMs only if you like cryptic hints :p Back to top tazmind Posted: Thu Dec 27, 2007 12:25 am --> Appreciated Helper Joined: 16 Feb 2007 Posts: 373 Location: New Zealand As Stachu said, welcome to Room 45. I has been	http://theroomz.19.forumer.com:80/viewtopic.php?t=308&start=0&sid=0c892ab91f8b899c616578b04962c74f
308	20080208155251	FoROOM ~ View topic - Room 45 - Never ending story...	hint	re the password is 'death' Progress: Roomz: mine (45/45 +4) :p, eri's (1/2), RG's (2/2), kish's (4/4 with magic :p), jan's (3/3) I'm offering help via PMs only if you like cryptic hints :p Back to top tazmind Posted: Thu Dec 27, 2007 12:25 am --> Appreciated Helper Joined: 16 Feb 2007 Posts: 373 Location: New Zealand As Stachu said, welcome to Room 45. I has been a honor and pleasure to test this room. Stachu has given the AH's instructions on what we can and cant hint. So please dont get grumpy... we are just following orders! 	http://theroomz.19.forumer.com:80/viewtopic.php?t=308&start=0&sid=0c892ab91f8b899c616578b04962c74f
308	20080208155251	FoROOM ~ View topic - Room 45 - Never ending story...	Stachu	help via PMs only if you like cryptic hints :p Back to top tazmind Posted: Thu Dec 27, 2007 12:25 am --> Appreciated Helper Joined: 16 Feb 2007 Posts: 373 Location: New Zealand As Stachu said, welcome to Room 45. I has been a honor and pleasure to test this room. Stachu has given the AH's instructions on what we can and cant hint. So please dont get grumpy... we are just following orders! Enjoy _________________ --------------------------- Status: In room 45, Last step 2/4 ------------------------------ Roomz: 44/45 Bonus Roomz: 4	http://theroomz.19.forumer.com:80/viewtopic.php?t=308&start=0&sid=0c892ab91f8b899c616578b04962c74f
308	20080208155251	FoROOM ~ View topic - Room 45 - Never ending story...	Room 45	 like cryptic hints :p Back to top tazmind Posted: Thu Dec 27, 2007 12:25 am --> Appreciated Helper Joined: 16 Feb 2007 Posts: 373 Location: New Zealand As Stachu said, welcome to Room 45. I has been a honor and pleasure to test this room. Stachu has given the AH's instructions on what we can and cant hint. So please dont get grumpy... we are just following orders! Enjoy _________________ --------------------------- Status: In room 45, Last step 2/4 ------------------------------ Roomz: 44/45 Bonus Roomz: 4/4 Feel Free to PM me. WI	http://theroomz.19.forumer.com:80/viewtopic.php?t=308&start=0&sid=0c892ab91f8b899c616578b04962c74f
308	20080208155251	FoROOM ~ View topic - Room 45 - Never ending story...	Stachu	7, 2007 12:25 am --> Appreciated Helper Joined: 16 Feb 2007 Posts: 373 Location: New Zealand As Stachu said, welcome to Room 45. I has been a honor and pleasure to test this room. Stachu has given the AH's instructions on what we can and cant hint. So please dont get grumpy... we are just following orders! Enjoy _________________ --------------------------- Status: In room 45, Last step 2/4 ------------------------------ Roomz: 44/45 Bonus Roomz: 4/4 Feel Free to PM me. WILL NOT SPOIL --------------------------- Back to top heaven	http://theroomz.19.forumer.com:80/viewtopic.php?t=308&start=0&sid=0c892ab91f8b899c616578b04962c74f
308	20080208155251	FoROOM ~ View topic - Room 45 - Never ending story...	hint	ts: 373 Location: New Zealand As Stachu said, welcome to Room 45. I has been a honor and pleasure to test this room. Stachu has given the AH's instructions on what we can and cant hint. So please dont get grumpy... we are just following orders! Enjoy _________________ --------------------------- Status: In room 45, Last step 2/4 ------------------------------ Roomz: 44/45 Bonus Roomz: 4/4 Feel Free to PM me. WILL NOT SPOIL --------------------------- Back to top heaven_or_hell Posted: Thu Dec 27, 2007 12:31 am --> Little roomer 	http://theroomz.19.forumer.com:80/viewtopic.php?t=308&start=0&sid=0c892ab91f8b899c616578b04962c74f
308	20080208155251	FoROOM ~ View topic - Room 45 - Never ending story...	room 45	given the AH's instructions on what we can and cant hint. So please dont get grumpy... we are just following orders! Enjoy _________________ --------------------------- Status: In room 45, Last step 2/4 ------------------------------ Roomz: 44/45 Bonus Roomz: 4/4 Feel Free to PM me. WILL NOT SPOIL --------------------------- Back to top heaven_or_hell Posted: Thu Dec 27, 2007 12:31 am --> Little roomer Joined: 15 Aug 2007 Posts: 12 Location: Italy FINALLY!! XD I try it immediately :p Back to top Jim Gamma Posted: Thu Dec 27, 2007 1	http://theroomz.19.forumer.com:80/viewtopic.php?t=308&start=0&sid=0c892ab91f8b899c616578b04962c74f
308	20080208155251	FoROOM ~ View topic - Room 45 - Never ending story...	hint	 England I'm only halfway through it at the moment, as I didn't have time to complete testing. But it looks GREAT so far! _________________ I am available to answer PMs requesting hints. I will NOT give out answers, just major hints. PROGRESS: 45/45 BONUS: 1-4 KISH: 1-2 ERI: 1 (3rd note) JAN: 5 Back to top jagodka Posted: Thu Dec 27, 2007 1:39 am --> Wanderer Joined: 08 Oct 2007 Posts: 6 Can't wait to see it Back to top cams Posted: Thu Dec 27, 2007 3:17 am --> Supreme roomer Joined: 10 Jun 2007 Posts: 307 Location: South Korea 	http://theroomz.19.forumer.com:80/viewtopic.php?t=308&start=0&sid=0c892ab91f8b899c616578b04962c74f
308	20080208155251	FoROOM ~ View topic - Room 45 - Never ending story...	hint	ent, as I didn't have time to complete testing. But it looks GREAT so far! _________________ I am available to answer PMs requesting hints. I will NOT give out answers, just major hints. PROGRESS: 45/45 BONUS: 1-4 KISH: 1-2 ERI: 1 (3rd note) JAN: 5 Back to top jagodka Posted: Thu Dec 27, 2007 1:39 am --> Wanderer Joined: 08 Oct 2007 Posts: 6 Can't wait to see it Back to top cams Posted: Thu Dec 27, 2007 3:17 am --> Supreme roomer Joined: 10 Jun 2007 Posts: 307 Location: South Korea That wall note is the strangest note i ever see	http://theroomz.19.forumer.com:80/viewtopic.php?t=308&start=0&sid=0c892ab91f8b899c616578b04962c74f
308	20080208155251	FoROOM ~ View topic - Room 45 - Never ending story...	hint	7, 2007 3:56 am --> Appreciated Helper Joined: 30 Oct 2006 Posts: 535 Location: Melbourne, Australia I think you guys will have a lot of fun doing 45. I am not allowed to give out hints so my words of advice are to team up with other roomers as it is helpful to have a friend to discuss ideas with. GOOD LUCK! _________________ Progress: 45/45 + Bonus 4/4 PM if you need help! (include details of where/what you are stuck on) - I don't give out answers though. Back to top cams Posted: Thu Dec 27, 2007 4:09 am --> Supreme roomer Join	http://theroomz.19.forumer.com:80/viewtopic.php?t=308&start=0&sid=0c892ab91f8b899c616578b04962c74f
308	20080208155251	FoROOM ~ View topic - Room 45 - Never ending story...	Stachu	: Thu Dec 27, 2007 4:25 am --> Appreciated Helper Joined: 30 Oct 2006 Posts: 535 Location: Melbourne, Australia Yes that is a bug cams. Thank you for PMing me about it. I will let Stachu know asap. But yes, that will make sense later on so ignore it for now _________________ Progress: 45/45 + Bonus 4/4 PM if you need help! (include details of where/what you are stuck on) - I don't give out answers though. Back to top paulcito Posted: Thu Dec 27, 2007 11:30 am --> Junior Helper Joined: 28 Sep 2007 Posts: 155 Location: Montevideo, U	http://theroomz.19.forumer.com:80/viewtopic.php?t=308&start=0&sid=0c892ab91f8b899c616578b04962c74f
308	20080208155251	FoROOM ~ View topic - Room 45 - Never ending story...	Stachu	 to 44 finished bonus: 1,2&4 completed (br3 no thanks :p) kish roomz: 1/3 stuck on 2nd eri's miniR: A....... note (my 2nd) always love roomz!!!! (and their creators) Back to top .:Stachu:. Posted: Thu Dec 27, 2007 2:46 pm --> Lord of The Roomz Joined: 22 Sep 2006 Posts: 1347 Location: Hell cams wrote: I got a HS note....... but i think i cheated edit: can't get anything from it anyway Yeah, no idea how that worked but it's corrected now. Sorry for confusing, CTIF pls. _________________ .....:::ENTER THE ROOMZ:::..... Life is a roo	http://theroomz.19.forumer.com:80/viewtopic.php?t=308&start=0&sid=0c892ab91f8b899c616578b04962c74f
308	20080208155251	FoROOM ~ View topic - Room 45 - Never ending story...	password	hing from it anyway Yeah, no idea how that worked but it's corrected now. Sorry for confusing, CTIF pls. _________________ .....:::ENTER THE ROOMZ:::..... Life is a room where the password is 'death' Progress: Roomz: mine (45/45 +4) :p, eri's (1/2), RG's (2/2), kish's (4/4 with magic :p), jan's (3/3) I'm offering help via PMs only if you like cryptic hints :p Back to top kish Posted: Thu Dec 27, 2007 3:18 pm --> Roomz addict Joined: 30 May 2007 Posts: 92 one thing left to translate =| looks cool btw :p Back to top heaven_or_hell Pos	http://theroomz.19.forumer.com:80/viewtopic.php?t=308&start=0&sid=0c892ab91f8b899c616578b04962c74f
308	20080208155251	FoROOM ~ View topic - Room 45 - Never ending story...	hint	re the password is 'death' Progress: Roomz: mine (45/45 +4) :p, eri's (1/2), RG's (2/2), kish's (4/4 with magic :p), jan's (3/3) I'm offering help via PMs only if you like cryptic hints :p Back to top kish Posted: Thu Dec 27, 2007 3:18 pm --> Roomz addict Joined: 30 May 2007 Posts: 92 one thing left to translate =| looks cool btw :p Back to top heaven_or_hell Posted: Thu Dec 27, 2007 6:27 pm --> Little roomer Joined: 15 Aug 2007 Posts: 12 Location: Italy I found something... Now I don't know what to do with the words I got in th	http://theroomz.19.forumer.com:80/viewtopic.php?t=308&start=0&sid=0c892ab91f8b899c616578b04962c74f
308	20080208155251	FoROOM ~ View topic - Room 45 - Never ending story...	Stachu	ttle roomer Joined: 15 Aug 2007 Posts: 12 Location: Italy I found something... Now I don't know what to do with the words I got in the gate =/ Edit: First HSs note!! Back to top .:Stachu:. Posted: Thu Dec 27, 2007 11:24 pm --> Lord of The Roomz Joined: 22 Sep 2006 Posts: 1347 Location: Hell heaven_or_hell wrote: Edit: First HSs note!! Can u PM me which one u have? "First" can be not exactly FIRST :p _________________ .....:::ENTER THE ROOMZ:::..... Life is a room where the password is 'death' Progress: Roomz: mine (45/45 +4) :p, e	http://theroomz.19.forumer.com:80/viewtopic.php?t=308&start=0&sid=0c892ab91f8b899c616578b04962c74f
308	20080208155251	FoROOM ~ View topic - Room 45 - Never ending story...	password	_or_hell wrote: Edit: First HSs note!! Can u PM me which one u have? "First" can be not exactly FIRST :p _________________ .....:::ENTER THE ROOMZ:::..... Life is a room where the password is 'death' Progress: Roomz: mine (45/45 +4) :p, eri's (1/2), RG's (2/2), kish's (4/4 with magic :p), jan's (3/3) I'm offering help via PMs only if you like cryptic hints :p Back to top oray Posted: Thu Dec 27, 2007 11:58 pm --> Little roomer Joined: 23 Aug 2007 Posts: 16 if tazmind tested, that's easy room ^^ I will try to check it tomorrow see ya	http://theroomz.19.forumer.com:80/viewtopic.php?t=308&start=0&sid=0c892ab91f8b899c616578b04962c74f
308	20080208155251	FoROOM ~ View topic - Room 45 - Never ending story...	hint	re the password is 'death' Progress: Roomz: mine (45/45 +4) :p, eri's (1/2), RG's (2/2), kish's (4/4 with magic :p), jan's (3/3) I'm offering help via PMs only if you like cryptic hints :p Back to top oray Posted: Thu Dec 27, 2007 11:58 pm --> Little roomer Joined: 23 Aug 2007 Posts: 16 if tazmind tested, that's easy room ^^ I will try to check it tomorrow see ya at the end of the room guys+girls And Testers should not write 45/45 You wish Oray ~ Taz Why should testers not write 45/45? _________________ 44/44 if u pm me, u will 	http://theroomz.19.forumer.com:80/viewtopic.php?t=308&start=0&sid=0c892ab91f8b899c616578b04962c74f
308	20080208155251	FoROOM ~ View topic - Room 45 - Never ending story...	hint	 an easy room LOL EDIT: I have 3 n****** from the PR but not sure if they're right... need to work on another part first. _________________ I am available to answer PMs requesting hints. I will NOT give out answers, just major hints. PROGRESS: 45/45 BONUS: 1-4 KISH: 1-2 ERI: 1 (3rd note) JAN: 5 Back to top cams Posted: Fri Dec 28, 2007 5:13 am --> Supreme roomer Joined: 10 Jun 2007 Posts: 307 Location: South Korea why are people talking about gates? could anyone PM me a hint how to do something XX T**** ? Please dont spoil... An	http://theroomz.19.forumer.com:80/viewtopic.php?t=308&start=0&sid=0c892ab91f8b899c616578b04962c74f
308	20080208155251	FoROOM ~ View topic - Room 45 - Never ending story...	hint	he PR but not sure if they're right... need to work on another part first. _________________ I am available to answer PMs requesting hints. I will NOT give out answers, just major hints. PROGRESS: 45/45 BONUS: 1-4 KISH: 1-2 ERI: 1 (3rd note) JAN: 5 Back to top cams Posted: Fri Dec 28, 2007 5:13 am --> Supreme roomer Joined: 10 Jun 2007 Posts: 307 Location: South Korea why are people talking about gates? could anyone PM me a hint how to do something XX T**** ? Please dont spoil... And to answer your question using Stachu approved	http://theroomz.19.forumer.com:80/viewtopic.php?t=308&start=0&sid=0c892ab91f8b899c616578b04962c74f
308	20080208155251	FoROOM ~ View topic - Room 45 - Never ending story...	hint	 Back to top cams Posted: Fri Dec 28, 2007 5:13 am --> Supreme roomer Joined: 10 Jun 2007 Posts: 307 Location: South Korea why are people talking about gates? could anyone PM me a hint how to do something XX T**** ? Please dont spoil... And to answer your question using Stachu approved hints " " i didn't think that would be a spoiler, sorry No problem... if it was in code, saying it straight is spoiling. Well thats what i think anyway... Stachu may disagree, but then we dont agree on much edit: I got something, but i don't know 	http://theroomz.19.forumer.com:80/viewtopic.php?t=308&start=0&sid=0c892ab91f8b899c616578b04962c74f
308	20080208155251	FoROOM ~ View topic - Room 45 - Never ending story...	Stachu	osts: 307 Location: South Korea why are people talking about gates? could anyone PM me a hint how to do something XX T**** ? Please dont spoil... And to answer your question using Stachu approved hints " " i didn't think that would be a spoiler, sorry No problem... if it was in code, saying it straight is spoiling. Well thats what i think anyway... Stachu may disagree, but then we dont agree on much edit: I got something, but i don't know what i did _________________ roomz complete: normal 44/45 bonus 1, 2, 3, 4 kish 2/3 eri 2/2 R	http://theroomz.19.forumer.com:80/viewtopic.php?t=308&start=0&sid=0c892ab91f8b899c616578b04962c74f
308	20080208155251	FoROOM ~ View topic - Room 45 - Never ending story...	hint	on: South Korea why are people talking about gates? could anyone PM me a hint how to do something XX T**** ? Please dont spoil... And to answer your question using Stachu approved hints " " i didn't think that would be a spoiler, sorry No problem... if it was in code, saying it straight is spoiling. Well thats what i think anyway... Stachu may disagree, but then we dont agree on much edit: I got something, but i don't know what i did _________________ roomz complete: normal 44/45 bonus 1, 2, 3, 4 kish 2/3 eri 2/2 RG 1 jan 5/10 B	http://theroomz.19.forumer.com:80/viewtopic.php?t=308&start=0&sid=0c892ab91f8b899c616578b04962c74f
308	20080208155251	FoROOM ~ View topic - Room 45 - Never ending story...	Stachu	on using Stachu approved hints " " i didn't think that would be a spoiler, sorry No problem... if it was in code, saying it straight is spoiling. Well thats what i think anyway... Stachu may disagree, but then we dont agree on much edit: I got something, but i don't know what i did _________________ roomz complete: normal 44/45 bonus 1, 2, 3, 4 kish 2/3 eri 2/2 RG 1 jan 5/10 Back to top rawene Posted: Fri Dec 28, 2007 6:48 am --> Roomz addict Joined: 18 Oct 2006 Posts: 59 Location: New Zealand I've taken 5 days holiday especially 	http://theroomz.19.forumer.com:80/viewtopic.php?t=308&start=0&sid=0c892ab91f8b899c616578b04962c74f
308	20080208155251	FoROOM ~ View topic - Room 45 - Never ending story...	Room 45	2 RG 1 jan 5/10 Back to top rawene Posted: Fri Dec 28, 2007 6:48 am --> Roomz addict Joined: 18 Oct 2006 Posts: 59 Location: New Zealand I've taken 5 days holiday especially to do Room 45. (though, judging on previous rooms I should have taken a months hols!!) So far it's not making nyxg sense _________________ PROGRESS: Room 44/45 BONUS Room 4/4 (Bonus 3 - was the best!!) (Bonus 4 - ROFL!!) Back to top sas Posted: Fri Dec 28, 2007 6:55 am --> Appreciated Helper Joined: 30 Oct 2006 Posts: 535 Location: Melbourne, Australia HAha cam	http://theroomz.19.forumer.com:80/viewtopic.php?t=308&start=0&sid=0c892ab91f8b899c616578b04962c74f
308	20080208155251	FoROOM ~ View topic - Room 45 - Never ending story...	Room 44	aken 5 days holiday especially to do Room 45. (though, judging on previous rooms I should have taken a months hols!!) So far it's not making nyxg sense _________________ PROGRESS: Room 44/45 BONUS Room 4/4 (Bonus 3 - was the best!!) (Bonus 4 - ROFL!!) Back to top sas Posted: Fri Dec 28, 2007 6:55 am --> Appreciated Helper Joined: 30 Oct 2006 Posts: 535 Location: Melbourne, Australia HAha cams, maybe Stachu should make you a tester as you seem to have a knack for finding things you shouldn't yet! :p _________________ Progress: 45/45	http://theroomz.19.forumer.com:80/viewtopic.php?t=308&start=0&sid=0c892ab91f8b899c616578b04962c74f
308	20080208155251	FoROOM ~ View topic - Room 45 - Never ending story...	Room 4	ay especially to do Room 45. (though, judging on previous rooms I should have taken a months hols!!) So far it's not making nyxg sense _________________ PROGRESS: Room 44/45 BONUS Room 4/4 (Bonus 3 - was the best!!) (Bonus 4 - ROFL!!) Back to top sas Posted: Fri Dec 28, 2007 6:55 am --> Appreciated Helper Joined: 30 Oct 2006 Posts: 535 Location: Melbourne, Australia HAha cams, maybe Stachu should make you a tester as you seem to have a knack for finding things you shouldn't yet! :p _________________ Progress: 45/45 + Bonus 4/4 PM 	http://theroomz.19.forumer.com:80/viewtopic.php?t=308&start=0&sid=0c892ab91f8b899c616578b04962c74f
308	20080208155251	FoROOM ~ View topic - Room 45 - Never ending story...	Stachu	e best!!) (Bonus 4 - ROFL!!) Back to top sas Posted: Fri Dec 28, 2007 6:55 am --> Appreciated Helper Joined: 30 Oct 2006 Posts: 535 Location: Melbourne, Australia HAha cams, maybe Stachu should make you a tester as you seem to have a knack for finding things you shouldn't yet! :p _________________ Progress: 45/45 + Bonus 4/4 PM if you need help! (include details of where/what you are stuck on) - I don't give out answers though. Back to top cams Posted: Fri Dec 28, 2007 7:01 am --> Supreme roomer Joined: 10 Jun 2007 Posts: 307 Loca	http://theroomz.19.forumer.com:80/viewtopic.php?t=308&start=0&sid=0c892ab91f8b899c616578b04962c74f
308	20080208155251	FoROOM ~ View topic - Room 45 - Never ending story...	hint	 don't give out answers though. Back to top cams Posted: Fri Dec 28, 2007 7:01 am --> Supreme roomer Joined: 10 Jun 2007 Posts: 307 Location: South Korea maybe i should ignore the hints somewhere and start doing random things? :p Your loss then cams! Roomz are more satisfying if you solve things rather than guess! But I am sure you are being facetious anyway _________________ roomz complete: normal 44/45 bonus 1, 2, 3, 4 kish 2/3 eri 2/2 RG 1 jan 5/10 Back to top sas Posted: Fri Dec 28, 2007 2:45 pm --> Appreciated Helper Joined	http://theroomz.19.forumer.com:80/viewtopic.php?t=308&start=0&sid=0c892ab91f8b899c616578b04962c74f
308	20080208155251	FoROOM ~ View topic - Room 45 - Never ending story...	Room 45	jan 5/10 Back to top sas Posted: Fri Dec 28, 2007 2:45 pm --> Appreciated Helper Joined: 30 Oct 2006 Posts: 535 Location: Melbourne, Australia Hey just a quick message to you all. Room 45 will be closed for a short while whilst Stachu corrects a bug that has been discovered. Won't take too long so hang in there, soz for the disruption! _________________ Progress: 45/45 + Bonus 4/4 PM if you need help! (include details of where/what you are stuck on) - I don't give out answers though. Back to top .:Stachu:. Posted: Fri Dec 28, 2007 	http://theroomz.19.forumer.com:80/viewtopic.php?t=308&start=0&sid=0c892ab91f8b899c616578b04962c74f
308	20080208155251	FoROOM ~ View topic - Room 45 - Never ending story...	Stachu	7 2:45 pm --> Appreciated Helper Joined: 30 Oct 2006 Posts: 535 Location: Melbourne, Australia Hey just a quick message to you all. Room 45 will be closed for a short while whilst Stachu corrects a bug that has been discovered. Won't take too long so hang in there, soz for the disruption! _________________ Progress: 45/45 + Bonus 4/4 PM if you need help! (include details of where/what you are stuck on) - I don't give out answers though. Back to top .:Stachu:. Posted: Fri Dec 28, 2007 3:14 pm --> Lord of The Roomz Joined: 22 Sep 20	http://theroomz.19.forumer.com:80/viewtopic.php?t=308&start=0&sid=0c892ab91f8b899c616578b04962c74f
308	20080208155251	FoROOM ~ View topic - Room 45 - Never ending story...	Stachu	he disruption! _________________ Progress: 45/45 + Bonus 4/4 PM if you need help! (include details of where/what you are stuck on) - I don't give out answers though. Back to top .:Stachu:. Posted: Fri Dec 28, 2007 3:14 pm --> Lord of The Roomz Joined: 22 Sep 2006 Posts: 1347 Location: Hell OK, bug fixed. Please CTIF for the changes to take effect. @cams - I know u don't know what u did, but don't worry, just don't try to guess :p @heaven or hell - u will notice a little change now. The thing u did is just helpful later. __________	http://theroomz.19.forumer.com:80/viewtopic.php?t=308&start=0&sid=0c892ab91f8b899c616578b04962c74f
308	20080208155251	FoROOM ~ View topic - Room 45 - Never ending story...	password	 to guess :p @heaven or hell - u will notice a little change now. The thing u did is just helpful later. _________________ .....:::ENTER THE ROOMZ:::..... Life is a room where the password is 'death' Progress: Roomz: mine (45/45 +4) :p, eri's (1/2), RG's (2/2), kish's (4/4 with magic :p), jan's (3/3) I'm offering help via PMs only if you like cryptic hints :p Back to top paulcito Posted: Fri Dec 28, 2007 5:46 pm --> Junior Helper Joined: 28 Sep 2007 Posts: 155 Location: Montevideo, Uruguay well.. I found some things out there... I d	http://theroomz.19.forumer.com:80/viewtopic.php?t=308&start=0&sid=0c892ab91f8b899c616578b04962c74f
308	20080208155251	FoROOM ~ View topic - Room 45 - Never ending story...	hint	re the password is 'death' Progress: Roomz: mine (45/45 +4) :p, eri's (1/2), RG's (2/2), kish's (4/4 with magic :p), jan's (3/3) I'm offering help via PMs only if you like cryptic hints :p Back to top paulcito Posted: Fri Dec 28, 2007 5:46 pm --> Junior Helper Joined: 28 Sep 2007 Posts: 155 Location: Montevideo, Uruguay well.. I found some things out there... I decoded some of them, and trying the others... By now, nothing on Hss... Edit: all things decoded except the ONE thing... May be useful later... Now... I've tried many th	http://theroomz.19.forumer.com:80/viewtopic.php?t=308&start=0&sid=0c892ab91f8b899c616578b04962c74f
308	20080208155251	FoROOM ~ View topic - Room 45 - Never ending story...	hint	Edit: all things decoded except the ONE thing... May be useful later... Now... I've tried many things... I've tried to K* XX t*... in several ways, but nothing... any one can PM a hint?? _________________ One Roomz, to rule them all.... Roomz 44/45 Bonus Roomz 1,2,4 (won't do 3, don't like its kind...) jan's riddles 5/5 RG riddles 1/2 kish rooms 1/3 Back to top kish Posted: Fri Dec 28, 2007 7:42 pm --> Roomz addict Joined: 30 May 2007 Posts: 92 and while ur at it pm me 2 Back to top Display posts from previous: All Posts 1 Day 7	http://theroomz.19.forumer.com:80/viewtopic.php?t=308&start=0&sid=0c892ab91f8b899c616578b04962c74f
97	20080208155904	FoROOM ~ View topic - Bonus Room - the Sphinx	room 45	land Hmmmm, For some reason everyone thinks this is easy... so far i have gotten NOWHERE, ah well, tomorrow is another day _________________ --------------------------- Status: In room 45, Last step 2/4 ------------------------------ Roomz: 44/45 Bonus Roomz: 4/4 Feel Free to PM me. WILL NOT SPOIL --------------------------- Back to top Jim Gamma Posted: Tue Jun 05, 2007 11:43 am --> Appreciated Helper Joined: 17 Oct 2006 Posts: 841 Location: London, England First step's a little tricky... you need to do some hunting. _____________	http://theroomz.19.forumer.com:80/viewtopic.php?t=97&start=0&sid=0c892ab91f8b899c616578b04962c74f
109	20080208154220	FoROOM ~ View topic - room 29 - we're one big family	hint	re the password is 'death' Progress: Roomz: mine (45/45 +4) :p, eri's (1/2), RG's (2/2), kish's (4/4 with magic :p), jan's (3/3) I'm offering help via PMs only if you like cryptic hints :p Back to top tazmind Posted: Thu Aug 02, 2007 11:14 pm --> Appreciated Helper Joined: 16 Feb 2007 Posts: 373 Location: New Zealand lol... i just did the puzzle _________________ --------------------------- Status: In room 45, Last step 2/4 ------------------------------ Roomz: 44/45 Bonus Roomz: 4/4 Feel Free to PM me. WILL NOT SPOIL ----------	http://theroomz.19.forumer.com:80/viewtopic.php?t=109&start=100&sid=0c892ab91f8b899c616578b04962c74f
109	20080208154220	FoROOM ~ View topic - room 29 - we're one big family	room 45	02, 2007 11:14 pm --> Appreciated Helper Joined: 16 Feb 2007 Posts: 373 Location: New Zealand lol... i just did the puzzle _________________ --------------------------- Status: In room 45, Last step 2/4 ------------------------------ Roomz: 44/45 Bonus Roomz: 4/4 Feel Free to PM me. WILL NOT SPOIL --------------------------- Back to top Display posts from previous: All Posts 1 Day 7 Days 2 Weeks 1 Month 3 Months 6 Months 1 Year Oldest First Newest First All times are GMT + 1 Hour View next topic View previous topic Page 5 of 7 Goto	http://theroomz.19.forumer.com:80/viewtopic.php?t=109&start=100&sid=0c892ab91f8b899c616578b04962c74f
130	20080208154506	FoROOM ~ View topic - Room 35 - Not another wingdings	hint	k out which bits you can read partially, work out what your options are... _________________ I am available to answer PMs requesting hints. I will NOT give out answers, just major hints. PROGRESS: 45/45 BONUS: 1-4 KISH: 1-2 ERI: 1 (3rd note) JAN: 5 Back to top tazmind Posted: Sun Nov 04, 2007 9:47 pm --> Appreciated Helper Joined: 16 Feb 2007 Posts: 373 Location: New Zealand The piece above the door may be helpfull here _________________ --------------------------- Status: In room 45, Last step 2/4 ------------------------------	http://theroomz.19.forumer.com:80/viewtopic.php?t=130&start=100&sid=0c892ab91f8b899c616578b04962c74f
130	20080208154506	FoROOM ~ View topic - Room 35 - Not another wingdings	room 45	 --> Appreciated Helper Joined: 16 Feb 2007 Posts: 373 Location: New Zealand The piece above the door may be helpfull here _________________ --------------------------- Status: In room 45, Last step 2/4 ------------------------------ Roomz: 44/45 Bonus Roomz: 4/4 Feel Free to PM me. WILL NOT SPOIL --------------------------- Back to top paulcito Posted: Tue Nov 13, 2007 8:46 pm --> Junior Helper Joined: 28 Sep 2007 Posts: 155 Location: Montevideo, Uruguay Yeah, tazmind... A lot... When you knwo the secret, (as always) this room is 	http://theroomz.19.forumer.com:80/viewtopic.php?t=130&start=100&sid=0c892ab91f8b899c616578b04962c74f
130	20080208154506	FoROOM ~ View topic - Room 35 - Not another wingdings	room 45	elper Joined: 16 Feb 2007 Posts: 373 Location: New Zealand your not thinking.... take your time... colours are your friend _________________ --------------------------- Status: In room 45, Last step 2/4 ------------------------------ Roomz: 44/45 Bonus Roomz: 4/4 Feel Free to PM me. WILL NOT SPOIL --------------------------- Back to top Lusi Posted: Fri Nov 16, 2007 8:43 pm --> Little roomer Joined: 06 Oct 2007 Posts: 16 Me too please!!! I understand the colours bit and can 'sort of' translate but cant find anything that makes much	http://theroomz.19.forumer.com:80/viewtopic.php?t=130&start=100&sid=0c892ab91f8b899c616578b04962c74f
139	20080208154526	FoROOM ~ View topic - Bonus Room 2 - P.E.N.O.	Stachu	z addict Joined: 18 Oct 2006 Posts: 59 Location: New Zealand Well here I am - back in this horrible room again. Had to leave it for a while as I got so frustrated with it. (Thanks Stachu!) I'm up to the fourth note - and hopefully the last. Have tried nearly everything but just not getting anything sensible yet. Can anyone PM Edit: Oh Great! Now there is a fifth note - and I thought I was nearly out of here. Last edited by rawene on Fri Jul 13, 2007 5:36 am; edited 1 time in total _________________ PROGRESS: Room 44/45 BONUS Room 	http://theroomz.19.forumer.com:80/viewtopic.php?t=139&start=100&sid=0c892ab91f8b899c616578b04962c74f
139	20080208154526	FoROOM ~ View topic - Bonus Room 2 - P.E.N.O.	Room 44	Oh Great! Now there is a fifth note - and I thought I was nearly out of here. Last edited by rawene on Fri Jul 13, 2007 5:36 am; edited 1 time in total _________________ PROGRESS: Room 44/45 BONUS Room 4/4 (Bonus 3 - was the best!!) (Bonus 4 - ROFL!!) Back to top sas Posted: Thu Jul 12, 2007 7:26 am --> Appreciated Helper Joined: 30 Oct 2006 Posts: 535 Location: Melbourne, Australia Not sure what note you mean, can you pm me with details? And I will help. _________________ Progress: 45/45 + Bonus 4/4 PM if you need help! (include d	http://theroomz.19.forumer.com:80/viewtopic.php?t=139&start=100&sid=0c892ab91f8b899c616578b04962c74f
139	20080208154526	FoROOM ~ View topic - Bonus Room 2 - P.E.N.O.	Room 4	re is a fifth note - and I thought I was nearly out of here. Last edited by rawene on Fri Jul 13, 2007 5:36 am; edited 1 time in total _________________ PROGRESS: Room 44/45 BONUS Room 4/4 (Bonus 3 - was the best!!) (Bonus 4 - ROFL!!) Back to top sas Posted: Thu Jul 12, 2007 7:26 am --> Appreciated Helper Joined: 30 Oct 2006 Posts: 535 Location: Melbourne, Australia Not sure what note you mean, can you pm me with details? And I will help. _________________ Progress: 45/45 + Bonus 4/4 PM if you need help! (include details of where/	http://theroomz.19.forumer.com:80/viewtopic.php?t=139&start=100&sid=0c892ab91f8b899c616578b04962c74f
139	20080208154526	FoROOM ~ View topic - Bonus Room 2 - P.E.N.O.	room 45	: New Zealand Hmmm ok, just finished the translating... i think i want to throw the keyboard.... must be missing something _________________ --------------------------- Status: In room 45, Last step 2/4 ------------------------------ Roomz: 44/45 Bonus Roomz: 4/4 Feel Free to PM me. WILL NOT SPOIL --------------------------- Back to top rawene Posted: Sat Jul 14, 2007 10:43 am --> Roomz addict Joined: 18 Oct 2006 Posts: 59 Location: New Zealand I think I know what to do with the long line of letters given the clue at the bottom of 	http://theroomz.19.forumer.com:80/viewtopic.php?t=139&start=100&sid=0c892ab91f8b899c616578b04962c74f
139	20080208154526	FoROOM ~ View topic - Bonus Room 2 - P.E.N.O.	Room 44	ne of letters given the clue at the bottom of the page - but it doesn't work when translating in my normal site. Am I missing something in translation? _________________ PROGRESS: Room 44/45 BONUS Room 4/4 (Bonus 3 - was the best!!) (Bonus 4 - ROFL!!) Back to top .:Stachu:. Posted: Sat Jul 14, 2007 10:48 am --> Lord of The Roomz Joined: 22 Sep 2006 Posts: 1347 Location: Hell I think u still don't know what to do with it _________________ .....:::ENTER THE ROOMZ:::..... Life is a room where the password is 'death' Progress: Roomz: m	http://theroomz.19.forumer.com:80/viewtopic.php?t=139&start=100&sid=0c892ab91f8b899c616578b04962c74f
139	20080208154526	FoROOM ~ View topic - Bonus Room 2 - P.E.N.O.	Room 4	en the clue at the bottom of the page - but it doesn't work when translating in my normal site. Am I missing something in translation? _________________ PROGRESS: Room 44/45 BONUS Room 4/4 (Bonus 3 - was the best!!) (Bonus 4 - ROFL!!) Back to top .:Stachu:. Posted: Sat Jul 14, 2007 10:48 am --> Lord of The Roomz Joined: 22 Sep 2006 Posts: 1347 Location: Hell I think u still don't know what to do with it _________________ .....:::ENTER THE ROOMZ:::..... Life is a room where the password is 'death' Progress: Roomz: mine (45/45 +4) :	http://theroomz.19.forumer.com:80/viewtopic.php?t=139&start=100&sid=0c892ab91f8b899c616578b04962c74f
139	20080208154526	FoROOM ~ View topic - Bonus Room 2 - P.E.N.O.	Stachu	slating in my normal site. Am I missing something in translation? _________________ PROGRESS: Room 44/45 BONUS Room 4/4 (Bonus 3 - was the best!!) (Bonus 4 - ROFL!!) Back to top .:Stachu:. Posted: Sat Jul 14, 2007 10:48 am --> Lord of The Roomz Joined: 22 Sep 2006 Posts: 1347 Location: Hell I think u still don't know what to do with it _________________ .....:::ENTER THE ROOMZ:::..... Life is a room where the password is 'death' Progress: Roomz: mine (45/45 +4) :p, eri's (1/2), RG's (2/2), kish's (4/4 with magic :p), jan's (3/3) I	http://theroomz.19.forumer.com:80/viewtopic.php?t=139&start=100&sid=0c892ab91f8b899c616578b04962c74f
139	20080208154526	FoROOM ~ View topic - Bonus Room 2 - P.E.N.O.	hint	re the password is 'death' Progress: Roomz: mine (45/45 +4) :p, eri's (1/2), RG's (2/2), kish's (4/4 with magic :p), jan's (3/3) I'm offering help via PMs only if you like cryptic hints :p Back to top tazmind Posted: Sat Jul 14, 2007 10:49 am --> Appreciated Helper Joined: 16 Feb 2007 Posts: 373 Location: New Zealand Huh... who was that too?? to rawene _________________ --------------------------- Status: In room 45, Last step 2/4 ------------------------------ Roomz: 44/45 Bonus Roomz: 4/4 Feel Free to PM me. WILL NOT SPOIL ---	http://theroomz.19.forumer.com:80/viewtopic.php?t=139&start=100&sid=0c892ab91f8b899c616578b04962c74f
139	20080208154526	FoROOM ~ View topic - Bonus Room 2 - P.E.N.O.	room 45	7 10:49 am --> Appreciated Helper Joined: 16 Feb 2007 Posts: 373 Location: New Zealand Huh... who was that too?? to rawene _________________ --------------------------- Status: In room 45, Last step 2/4 ------------------------------ Roomz: 44/45 Bonus Roomz: 4/4 Feel Free to PM me. WILL NOT SPOIL --------------------------- Back to top rawene Posted: Sat Jul 14, 2007 10:52 am --> Roomz addict Joined: 18 Oct 2006 Posts: 59 Location: New Zealand Are you talking to me Stachu? yes :p Thank goodness someone else is here! Now, you think	http://theroomz.19.forumer.com:80/viewtopic.php?t=139&start=100&sid=0c892ab91f8b899c616578b04962c74f
139	20080208154526	FoROOM ~ View topic - Bonus Room 2 - P.E.N.O.	Stachu	T SPOIL --------------------------- Back to top rawene Posted: Sat Jul 14, 2007 10:52 am --> Roomz addict Joined: 18 Oct 2006 Posts: 59 Location: New Zealand Are you talking to me Stachu? yes :p Thank goodness someone else is here! Now, you think I don't know? I'm going to PM you just to make sure - you're probably right! ok, I'm waiting Edit: Yo I'm done. Finished with this horrible room. That was tough - thanks to everyone for their help - Now waiting for next release of new rooms _________________ PROGRESS: Room 44/45 BONUS Roo	http://theroomz.19.forumer.com:80/viewtopic.php?t=139&start=100&sid=0c892ab91f8b899c616578b04962c74f
139	20080208154526	FoROOM ~ View topic - Bonus Room 2 - P.E.N.O.	Room 44	ing Edit: Yo I'm done. Finished with this horrible room. That was tough - thanks to everyone for their help - Now waiting for next release of new rooms _________________ PROGRESS: Room 44/45 BONUS Room 4/4 (Bonus 3 - was the best!!) (Bonus 4 - ROFL!!) Back to top beelzebub Posted: Sun Jul 15, 2007 1:16 pm --> Wanderer Joined: 23 Apr 2007 Posts: 9 I can understand what the small words below means... The **w**s formed the ***oes and the c*******ts fromed another group. Tried translating the letters into b***** c***. But I get nonsens	http://theroomz.19.forumer.com:80/viewtopic.php?t=139&start=100&sid=0c892ab91f8b899c616578b04962c74f
139	20080208154526	FoROOM ~ View topic - Bonus Room 2 - P.E.N.O.	Room 4	done. Finished with this horrible room. That was tough - thanks to everyone for their help - Now waiting for next release of new rooms _________________ PROGRESS: Room 44/45 BONUS Room 4/4 (Bonus 3 - was the best!!) (Bonus 4 - ROFL!!) Back to top beelzebub Posted: Sun Jul 15, 2007 1:16 pm --> Wanderer Joined: 23 Apr 2007 Posts: 9 I can understand what the small words below means... The **w**s formed the ***oes and the c*******ts fromed another group. Tried translating the letters into b***** c***. But I get nonsense things. Also, 	http://theroomz.19.forumer.com:80/viewtopic.php?t=139&start=100&sid=0c892ab91f8b899c616578b04962c74f
152	20080208154707	FoROOM ~ View topic - Room 38 - The flickering	room 45	5, 2007 9:41 pm --> Appreciated Helper Joined: 16 Feb 2007 Posts: 373 Location: New Zealand you can PM me if you need tooo _________________ --------------------------- Status: In room 45, Last step 2/4 ------------------------------ Roomz: 44/45 Bonus Roomz: 4/4 Feel Free to PM me. WILL NOT SPOIL --------------------------- Back to top kitnakatina Posted: Mon Oct 15, 2007 9:56 pm --> Little roomer Joined: 01 Oct 2007 Posts: 10 Location: London Thanks! I got the pm from quis and now I'm in the first note! EDIT: And stuck again Out.	http://theroomz.19.forumer.com:80/viewtopic.php?t=152&start=100&sid=0c892ab91f8b899c616578b04962c74f
152	20080208154707	FoROOM ~ View topic - Room 38 - The flickering	hint	 a headache caused of the flickering if i can´t stop it have no not and tried to answer the question typed all in hss what i thought to see but nothing worked maybee i could get a hint via pm plz thx to sas one step further and out. nice room spend a little time wit headbangig on the wall :D Last edited by wildcat on Tue Oct 16, 2007 11:59 pm; edited 2 times in total _________________ evil game but quiet good presently in room 43 bonusroom 1 done Back to top sas Posted: Tue Oct 16, 2007 12:47 am --> Appreciated Helper Joined: 30	http://theroomz.19.forumer.com:80/viewtopic.php?t=152&start=100&sid=0c892ab91f8b899c616578b04962c74f
152	20080208154707	FoROOM ~ View topic - Room 38 - The flickering	room 43	nd a little time wit headbangig on the wall :D Last edited by wildcat on Tue Oct 16, 2007 11:59 pm; edited 2 times in total _________________ evil game but quiet good presently in room 43 bonusroom 1 done Back to top sas Posted: Tue Oct 16, 2007 12:47 am --> Appreciated Helper Joined: 30 Oct 2006 Posts: 535 Location: Melbourne, Australia The flickering won't stop in this room. Think about the things you see in the roomz, and what they could be. I want to know what you are thinking of so PM me with your ideas so far so I can see if 	http://theroomz.19.forumer.com:80/viewtopic.php?t=152&start=100&sid=0c892ab91f8b899c616578b04962c74f
152	20080208154707	FoROOM ~ View topic - Room 38 - The flickering	room 1	ime wit headbangig on the wall :D Last edited by wildcat on Tue Oct 16, 2007 11:59 pm; edited 2 times in total _________________ evil game but quiet good presently in room 43 bonusroom 1 done Back to top sas Posted: Tue Oct 16, 2007 12:47 am --> Appreciated Helper Joined: 30 Oct 2006 Posts: 535 Location: Melbourne, Australia The flickering won't stop in this room. Think about the things you see in the roomz, and what they could be. I want to know what you are thinking of so PM me with your ideas so far so I can see if you are on t	http://theroomz.19.forumer.com:80/viewtopic.php?t=152&start=100&sid=0c892ab91f8b899c616578b04962c74f
152	20080208154707	FoROOM ~ View topic - Room 38 - The flickering	room 45	 --> Appreciated Helper Joined: 16 Feb 2007 Posts: 373 Location: New Zealand nope he can't of.... probably had a male look _________________ --------------------------- Status: In room 45, Last step 2/4 ------------------------------ Roomz: 44/45 Bonus Roomz: 4/4 Feel Free to PM me. WILL NOT SPOIL --------------------------- Back to top beelzebub Posted: Mon Oct 22, 2007 1:17 am --> Wanderer Joined: 23 Apr 2007 Posts: 9 Check everywhere? Not finding it!!! Back to top Angie Posted: Wed Nov 07, 2007 3:44 pm --> Wanderer Joined: 23 Oc	http://theroomz.19.forumer.com:80/viewtopic.php?t=152&start=100&sid=0c892ab91f8b899c616578b04962c74f
152	20080208154707	FoROOM ~ View topic - Room 38 - The flickering	room 45	 Helper Joined: 16 Feb 2007 Posts: 373 Location: New Zealand Look closley at the note... i think you are missing something _________________ --------------------------- Status: In room 45, Last step 2/4 ------------------------------ Roomz: 44/45 Bonus Roomz: 4/4 Feel Free to PM me. WILL NOT SPOIL --------------------------- Back to top geminimum Posted: Sun Nov 11, 2007 10:28 pm --> Wanderer Joined: 02 Nov 2007 Posts: 9 I have the first note. I have worked it out - it was cleverly presented- but the word I get gives me no response	http://theroomz.19.forumer.com:80/viewtopic.php?t=152&start=100&sid=0c892ab91f8b899c616578b04962c74f
153	20080208154734	FoROOM ~ View topic - Room 39 - Rufus	hint	3, 2007 8:32 pm --> Appreciated Helper Joined: 16 Feb 2007 Posts: 373 Location: New Zealand Dambo wrote: I got Rufus, but I don't know what to do with the dots although I know the hints! Am I supposed to c****** them , because nothing comes up when I try it (and I have tried many different ways to do it)! I dont think you understand how to use them yet.... dont worry you will get it _________________ --------------------------- Status: In room 45, Last step 2/4 ------------------------------ Roomz: 44/45 Bonus Roomz: 4/4 Feel Fr	http://theroomz.19.forumer.com:80/viewtopic.php?t=153&start=100&sid=0c892ab91f8b899c616578b04962c74f
153	20080208154734	FoROOM ~ View topic - Room 39 - Rufus	room 45	I have tried many different ways to do it)! I dont think you understand how to use them yet.... dont worry you will get it _________________ --------------------------- Status: In room 45, Last step 2/4 ------------------------------ Roomz: 44/45 Bonus Roomz: 4/4 Feel Free to PM me. WILL NOT SPOIL --------------------------- Back to top Display posts from previous: All Posts 1 Day 7 Days 2 Weeks 1 Month 3 Months 6 Months 1 Year Oldest First Newest First All times are GMT + 1 Hour View next topic View previous topic Page 5 of 6 Goto	http://theroomz.19.forumer.com:80/viewtopic.php?t=153&start=100&sid=0c892ab91f8b899c616578b04962c74f
20	20080208155056	FoROOM ~ View topic - Room 9 - @##$...	hint	re the password is 'death' Progress: Roomz: mine (45/45 +4) :p, eri's (1/2), RG's (2/2), kish's (4/4 with magic :p), jan's (3/3) I'm offering help via PMs only if you like cryptic hints :p Back to top tazmind Posted: Thu Dec 13, 2007 7:52 am --> Appreciated Helper Joined: 16 Feb 2007 Posts: 373 Location: New Zealand *snigger* sorry sis cant help ya _________________ --------------------------- Status: In room 45, Last step 2/4 ------------------------------ Roomz: 44/45 Bonus Roomz: 4/4 Feel Free to PM me. WILL NOT SPOIL -------	http://theroomz.19.forumer.com:80/viewtopic.php?t=20&start=100&sid=0c892ab91f8b899c616578b04962c74f
20	20080208155056	FoROOM ~ View topic - Room 9 - @##$...	room 45	 2007 7:52 am --> Appreciated Helper Joined: 16 Feb 2007 Posts: 373 Location: New Zealand *snigger* sorry sis cant help ya _________________ --------------------------- Status: In room 45, Last step 2/4 ------------------------------ Roomz: 44/45 Bonus Roomz: 4/4 Feel Free to PM me. WILL NOT SPOIL --------------------------- Back to top lil-sxc-kelc Posted: Thu Jan 03, 2008 3:45 am --> Wanderer Joined: 01 Jan 2008 Posts: 8 Location: essex, UK help help help plz i cnt mke use of these letters wot shall i do _________________ Back to	http://theroomz.19.forumer.com:80/viewtopic.php?t=20&start=100&sid=0c892ab91f8b899c616578b04962c74f
212	20080208155116	FoROOM ~ View topic - Room 43 - Underwater journey	Room 43	FoROOM ~ View topic - Room 43 - Underwater journey FAQ Search Memberlist Usergroups fChat Log in Register Author Message Roomz ~ Room 43 - Underwater journey RG365 Posted: Tue Sep 18, 2007 7:02 pm --> Appreciated Helper Joined: 13 Feb 2007 Posts: 182 Location: Madison, WI, USA cams, you probably forget that progress could not be made to get here without knowing what those were	http://theroomz.19.forumer.com:80/viewtopic.php?t=212&start=100&sid=0c892ab91f8b899c616578b04962c74f
212	20080208155116	FoROOM ~ View topic - Room 43 - Underwater journey	Room 43	FoROOM ~ View topic - Room 43 - Underwater journey FAQ Search Memberlist Usergroups fChat Log in Register Author Message Roomz ~ Room 43 - Underwater journey RG365 Posted: Tue Sep 18, 2007 7:02 pm --> Appreciated Helper Joined: 13 Feb 2007 Posts: 182 Location: Madison, WI, USA cams, you probably forget that progress could not be made to get here without knowing what those were before this point _________________ Roomz Complete: 44 + 4 Back to top gfhasman@go.com Posted: Mon Sep 24,	http://theroomz.19.forumer.com:80/viewtopic.php?t=212&start=100&sid=0c892ab91f8b899c616578b04962c74f
212	20080208155116	FoROOM ~ View topic - Room 43 - Underwater journey	hint	ale, IA Dug deeper and got the lines among the s********* above the door - BUT they don't seem to spell anything. Not anything I can connect to the room's theme at any rate... Any hints out there??? Did I miss something? Back to top quis Posted: Mon Sep 24, 2007 9:23 am --> Roomz addict Joined: 03 Aug 2007 Posts: 92 Location: Stuttgart, Germany make other steps before _________________ 44/45 Roomz completed 4/4 Bonus completed 1/3 kish rooms completed ############################## If you are stuck, PM me. I will try to give hin	http://theroomz.19.forumer.com:80/viewtopic.php?t=212&start=100&sid=0c892ab91f8b899c616578b04962c74f
212	20080208155116	FoROOM ~ View topic - Room 43 - Underwater journey	hint	 other steps before _________________ 44/45 Roomz completed 4/4 Bonus completed 1/3 kish rooms completed ############################## If you are stuck, PM me. I will try to give hints, but don't expect ANSWERS from me Back to top gfhasman@go.com Posted: Mon Sep 24, 2007 6:01 pm --> Roomz fan Joined: 28 Oct 2006 Posts: 25 Location: Urbandale, IA Sorry quis - that wasn't helpful. Got the lines among the flags by following steps to get lit up s****** and getting the word for the HSS. Didn't see any other "steps before"... To what	http://theroomz.19.forumer.com:80/viewtopic.php?t=212&start=100&sid=0c892ab91f8b899c616578b04962c74f
212	20080208155116	FoROOM ~ View topic - Room 43 - Underwater journey	hint	the post completely _________________ 44/45 Roomz completed 4/4 Bonus completed 1/3 kish rooms completed ############################## If you are stuck, PM me. I will try to give hints, but don't expect ANSWERS from me Back to top Dexter Filmore Posted: Sun Sep 30, 2007 2:42 am --> Little roomer Joined: 16 Aug 2007 Posts: 16 Location: Australia Stuck at notes 3 and 4 I've translated the r**** on note 3 which led me to note 4. Just not sure how to proceed from here - I know I have to use w******** but not sure where. A nudge in 	http://theroomz.19.forumer.com:80/viewtopic.php?t=212&start=100&sid=0c892ab91f8b899c616578b04962c74f
212	20080208155116	FoROOM ~ View topic - Room 43 - Underwater journey	room 45	ciated Helper Joined: 16 Feb 2007 Posts: 373 Location: New Zealand Trial and error... you will know when you have it right _________________ --------------------------- Status: In room 45, Last step 2/4 ------------------------------ Roomz: 44/45 Bonus Roomz: 4/4 Feel Free to PM me. WILL NOT SPOIL --------------------------- Back to top plzhelpme Posted: Sun Oct 07, 2007 7:07 am --> Wanderer Joined: 05 Sep 2007 Posts: 9 got first note. guess the pentagon point a five letters word.but when I put in HSS, it doesnt work. :help: ______	http://theroomz.19.forumer.com:80/viewtopic.php?t=212&start=100&sid=0c892ab91f8b899c616578b04962c74f
212	20080208155116	FoROOM ~ View topic - Room 43 - Underwater journey	hint	--> Wanderer Joined: 08 Oct 2007 Posts: 6 Hello I found Roomz about 7 weeks ago and I've been hooked on since then. I love the game! So far I was able to solve all the rooms using hints already posted on the forum (I needed plenty), but finally I'm stuck I let it rest for a few days, but still didn't move any further. I hate asking for help, but apparently I need it I have 4 notes, I applied w........ to the r...., and I can definitely see the t.... now, but the only word I can make out doesn't work I tried using some of the let	http://theroomz.19.forumer.com:80/viewtopic.php?t=212&start=100&sid=0c892ab91f8b899c616578b04962c74f
212	20080208155116	FoROOM ~ View topic - Room 43 - Underwater journey	Stachu	ant more help. _________________ Progress: 45/45 + Bonus 4/4 PM if you need help! (include details of where/what you are stuck on) - I don't give out answers though. Back to top .:Stachu:. Posted: Tue Oct 09, 2007 3:15 pm --> Lord of The Roomz Joined: 22 Sep 2006 Posts: 1347 Location: Hell offtopic question: Are you polish maybe? Bo nick brzmi znajomo ojczyście :p /offtopic _________________ .....:::ENTER THE ROOMZ:::..... Life is a room where the password is 'death' Progress: Roomz: mine (45/45 +4) :p, eri's (1/2), RG's (2/2), ki	http://theroomz.19.forumer.com:80/viewtopic.php?t=212&start=100&sid=0c892ab91f8b899c616578b04962c74f
212	20080208155116	FoROOM ~ View topic - Room 43 - Underwater journey	password	347 Location: Hell offtopic question: Are you polish maybe? Bo nick brzmi znajomo ojczyście :p /offtopic _________________ .....:::ENTER THE ROOMZ:::..... Life is a room where the password is 'death' Progress: Roomz: mine (45/45 +4) :p, eri's (1/2), RG's (2/2), kish's (4/4 with magic :p), jan's (3/3) I'm offering help via PMs only if you like cryptic hints :p Back to top cams Posted: Wed Oct 10, 2007 10:53 am --> Supreme roomer Joined: 10 Jun 2007 Posts: 307 Location: South Korea what? _________________ roomz complete: normal 44/45 	http://theroomz.19.forumer.com:80/viewtopic.php?t=212&start=100&sid=0c892ab91f8b899c616578b04962c74f
212	20080208155116	FoROOM ~ View topic - Room 43 - Underwater journey	hint	re the password is 'death' Progress: Roomz: mine (45/45 +4) :p, eri's (1/2), RG's (2/2), kish's (4/4 with magic :p), jan's (3/3) I'm offering help via PMs only if you like cryptic hints :p Back to top cams Posted: Wed Oct 10, 2007 10:53 am --> Supreme roomer Joined: 10 Jun 2007 Posts: 307 Location: South Korea what? _________________ roomz complete: normal 44/45 bonus 1, 2, 3, 4 kish 2/3 eri 2/2 RG 1 jan 5/10 Back to top jagodka Posted: Wed Oct 10, 2007 5:58 pm --> Wanderer Joined: 08 Oct 2007 Posts: 6 Stachu, Yes, I'm polish BT	http://theroomz.19.forumer.com:80/viewtopic.php?t=212&start=100&sid=0c892ab91f8b899c616578b04962c74f
212	20080208155116	FoROOM ~ View topic - Room 43 - Underwater journey	Stachu	_______ roomz complete: normal 44/45 bonus 1, 2, 3, 4 kish 2/3 eri 2/2 RG 1 jan 5/10 Back to top jagodka Posted: Wed Oct 10, 2007 5:58 pm --> Wanderer Joined: 08 Oct 2007 Posts: 6 Stachu, Yes, I'm polish BTW, I'm out of 43 gratz ;] Back to top cams Posted: Thu Oct 11, 2007 11:35 am --> Supreme roomer Joined: 10 Jun 2007 Posts: 307 Location: South Korea .:Stachu:. wrote: offtopic question: Are you polish maybe? Bo nick brzmi znajomo ojczyście :p /offtopic what does this mean anyway? it doesn't matter ;] _________________ roomz comp	http://theroomz.19.forumer.com:80/viewtopic.php?t=212&start=100&sid=0c892ab91f8b899c616578b04962c74f
212	20080208155116	FoROOM ~ View topic - Room 43 - Underwater journey	Stachu	 6 Stachu, Yes, I'm polish BTW, I'm out of 43 gratz ;] Back to top cams Posted: Thu Oct 11, 2007 11:35 am --> Supreme roomer Joined: 10 Jun 2007 Posts: 307 Location: South Korea .:Stachu:. wrote: offtopic question: Are you polish maybe? Bo nick brzmi znajomo ojczyście :p /offtopic what does this mean anyway? it doesn't matter ;] _________________ roomz complete: normal 44/45 bonus 1, 2, 3, 4 kish 2/3 eri 2/2 RG 1 jan 5/10 Back to top Welshy Posted: Sat Oct 27, 2007 5:00 pm --> Little roomer Joined: 17 Oct 2007 Posts: 20 Location: 	http://theroomz.19.forumer.com:80/viewtopic.php?t=212&start=100&sid=0c892ab91f8b899c616578b04962c74f
212	20080208155116	FoROOM ~ View topic - Room 43 - Underwater journey	room 45	nt get any further some help would be great please double check you letters... PM me them if you like and i can check them _________________ --------------------------- Status: In room 45, Last step 2/4 ------------------------------ Roomz: 44/45 Bonus Roomz: 4/4 Feel Free to PM me. WILL NOT SPOIL --------------------------- Back to top kitnakatina Posted: Wed Oct 31, 2007 5:01 pm --> Little roomer Joined: 01 Oct 2007 Posts: 10 Location: London I've been thinking in my dreams for 2 days already... any other hint? Stuck with 2 notes	http://theroomz.19.forumer.com:80/viewtopic.php?t=212&start=100&sid=0c892ab91f8b899c616578b04962c74f
212	20080208155116	FoROOM ~ View topic - Room 43 - Underwater journey	hint	o top kitnakatina Posted: Wed Oct 31, 2007 5:01 pm --> Little roomer Joined: 01 Oct 2007 Posts: 10 Location: London I've been thinking in my dreams for 2 days already... any other hint? Stuck with 2 notes Back to top Display posts from previous: All Posts 1 Day 7 Days 2 Weeks 1 Month 3 Months 6 Months 1 Year Oldest First Newest First All times are GMT + 1 Hour View next topic View previous topic Page 5 of 7 Goto page Previous 1 , 2 , 3 , 4 , 5 , 6 , 7 Next FoROOM Forum Index ~ Roomz Jump to: Select a forum Message Board --------	http://theroomz.19.forumer.com:80/viewtopic.php?t=212&start=100&sid=0c892ab91f8b899c616578b04962c74f
215	20080208155135	FoROOM ~ View topic - Room 41 - Ready... Aim... (part2)	Room 41	FoROOM ~ View topic - Room 41 - Ready... Aim... (part2) FAQ Search Memberlist Usergroups fChat Log in Register Author Message Roomz ~ Room 41 - Ready... Aim... (part2) animoose Posted: Tue Jan 15, 2008 5:13 am --> Roomz fan Joined: 01 Jan 2008 Posts: 30 Location: Venice, California I was just about to ask for a hint on the last note. Then the great god DUH reached down and thw	http://theroomz.19.forumer.com:80/viewtopic.php?t=215&start=100&sid=0c892ab91f8b899c616578b04962c74f
215	20080208155135	FoROOM ~ View topic - Room 41 - Ready... Aim... (part2)	Room 41	FoROOM ~ View topic - Room 41 - Ready... Aim... (part2) FAQ Search Memberlist Usergroups fChat Log in Register Author Message Roomz ~ Room 41 - Ready... Aim... (part2) animoose Posted: Tue Jan 15, 2008 5:13 am --> Roomz fan Joined: 01 Jan 2008 Posts: 30 Location: Venice, California I was just about to ask for a hint on the last note. Then the great god DUH reached down and thwacked me on the head. DUH! Back to top pattysan82 Posted: Wed Jan 16, 2008 2:45 pm --> Wanderer Joined: 12 Dec 2	http://theroomz.19.forumer.com:80/viewtopic.php?t=215&start=100&sid=0c892ab91f8b899c616578b04962c74f
215	20080208155135	FoROOM ~ View topic - Room 41 - Ready... Aim... (part2)	hint	 Room 41 - Ready... Aim... (part2) animoose Posted: Tue Jan 15, 2008 5:13 am --> Roomz fan Joined: 01 Jan 2008 Posts: 30 Location: Venice, California I was just about to ask for a hint on the last note. Then the great god DUH reached down and thwacked me on the head. DUH! Back to top pattysan82 Posted: Wed Jan 16, 2008 2:45 pm --> Wanderer Joined: 12 Dec 2007 Posts: 2 Location: Santiago, Chile Hi!!! I need some help in this room or maybe a PM What should I do with the l******of the t** f***?? and what does the s***** means? Back	http://theroomz.19.forumer.com:80/viewtopic.php?t=215&start=100&sid=0c892ab91f8b899c616578b04962c74f
236	20080208155226	FoROOM ~ View topic - Room 44 - A real pain...	Room 44	FoROOM ~ View topic - Room 44 - A real pain... FAQ Search Memberlist Usergroups fChat Log in Register Author Message Roomz ~ Room 44 - A real pain... tazmind Posted: Wed Sep 26, 2007 10:19 pm --> Appreciated Helper Joined: 16 Feb 2007 Posts: 373 Location: New Zealand yeah i'm Still on 4th... haven't really had a go at it yet though _________________ ---------------------------	http://theroomz.19.forumer.com:80/viewtopic.php?t=236&start=100&sid=0c892ab91f8b899c616578b04962c74f
236	20080208155226	FoROOM ~ View topic - Room 44 - A real pain...	Room 44	FoROOM ~ View topic - Room 44 - A real pain... FAQ Search Memberlist Usergroups fChat Log in Register Author Message Roomz ~ Room 44 - A real pain... tazmind Posted: Wed Sep 26, 2007 10:19 pm --> Appreciated Helper Joined: 16 Feb 2007 Posts: 373 Location: New Zealand yeah i'm Still on 4th... haven't really had a go at it yet though _________________ --------------------------- Status: In room 45, Last step 2/4 ------------------------------ Roomz: 44/45 Bonus Roomz: 4/4 Feel Fr	http://theroomz.19.forumer.com:80/viewtopic.php?t=236&start=100&sid=0c892ab91f8b899c616578b04962c74f
236	20080208155226	FoROOM ~ View topic - Room 44 - A real pain...	room 45	per Joined: 16 Feb 2007 Posts: 373 Location: New Zealand yeah i'm Still on 4th... haven't really had a go at it yet though _________________ --------------------------- Status: In room 45, Last step 2/4 ------------------------------ Roomz: 44/45 Bonus Roomz: 4/4 Feel Free to PM me. WILL NOT SPOIL --------------------------- Back to top quis Posted: Thu Sep 27, 2007 2:18 pm --> Roomz addict Joined: 03 Aug 2007 Posts: 92 Location: Stuttgart, Germany after a long time of thinking and "trial and error" got it at last. OUT ____________	http://theroomz.19.forumer.com:80/viewtopic.php?t=236&start=100&sid=0c892ab91f8b899c616578b04962c74f
236	20080208155226	FoROOM ~ View topic - Room 44 - A real pain...	hint	got it at last. OUT _________________ 44/45 Roomz completed 4/4 Bonus completed 1/3 kish rooms completed ############################## If you are stuck, PM me. I will try to give hints, but don't expect ANSWERS from me Back to top sas Posted: Thu Sep 27, 2007 2:43 pm --> Appreciated Helper Joined: 30 Oct 2006 Posts: 535 Location: Melbourne, Australia Well done! _________________ Progress: 45/45 + Bonus 4/4 PM if you need help! (include details of where/what you are stuck on) - I don't give out answers though. Back to top yoavha	http://theroomz.19.forumer.com:80/viewtopic.php?t=236&start=100&sid=0c892ab91f8b899c616578b04962c74f
236	20080208155226	FoROOM ~ View topic - Room 44 - A real pain...	hint	mplete: 4/4 Kish Complete: 4/4 RG: 1/2 Eri: 0/1 ______________________________________________________________________ If you need any help you are welcomed to PM me. (I only give hints! not answers) Back to top Jim Gamma Posted: Fri Sep 28, 2007 8:34 am --> Appreciated Helper Joined: 17 Oct 2006 Posts: 841 Location: London, England 45 will be nicer. _________________ I am available to answer PMs requesting hints. I will NOT give out answers, just major hints. PROGRESS: 45/45 BONUS: 1-4 KISH: 1-2 ERI: 1 (3rd note) JAN: 5 Back to	http://theroomz.19.forumer.com:80/viewtopic.php?t=236&start=100&sid=0c892ab91f8b899c616578b04962c74f
236	20080208155226	FoROOM ~ View topic - Room 44 - A real pain...	hint	ri Sep 28, 2007 8:34 am --> Appreciated Helper Joined: 17 Oct 2006 Posts: 841 Location: London, England 45 will be nicer. _________________ I am available to answer PMs requesting hints. I will NOT give out answers, just major hints. PROGRESS: 45/45 BONUS: 1-4 KISH: 1-2 ERI: 1 (3rd note) JAN: 5 Back to top cams Posted: Fri Sep 28, 2007 8:36 am --> Supreme roomer Joined: 10 Jun 2007 Posts: 307 Location: South Korea he's making it now? you're testing it? _________________ roomz complete: normal 44/45 bonus 1, 2, 3, 4 kish 2/3 eri 	http://theroomz.19.forumer.com:80/viewtopic.php?t=236&start=100&sid=0c892ab91f8b899c616578b04962c74f
236	20080208155226	FoROOM ~ View topic - Room 44 - A real pain...	hint	Joined: 17 Oct 2006 Posts: 841 Location: London, England 45 will be nicer. _________________ I am available to answer PMs requesting hints. I will NOT give out answers, just major hints. PROGRESS: 45/45 BONUS: 1-4 KISH: 1-2 ERI: 1 (3rd note) JAN: 5 Back to top cams Posted: Fri Sep 28, 2007 8:36 am --> Supreme roomer Joined: 10 Jun 2007 Posts: 307 Location: South Korea he's making it now? you're testing it? _________________ roomz complete: normal 44/45 bonus 1, 2, 3, 4 kish 2/3 eri 2/2 RG 1 jan 5/10 Back to top Jim Gamma Posted:	http://theroomz.19.forumer.com:80/viewtopic.php?t=236&start=100&sid=0c892ab91f8b899c616578b04962c74f
236	20080208155226	FoROOM ~ View topic - Room 44 - A real pain...	hint	Fri Sep 28, 2007 8:53 am --> Appreciated Helper Joined: 17 Oct 2006 Posts: 841 Location: London, England Wait and see. :p _________________ I am available to answer PMs requesting hints. I will NOT give out answers, just major hints. PROGRESS: 45/45 BONUS: 1-4 KISH: 1-2 ERI: 1 (3rd note) JAN: 5 Back to top ThemePark Posted: Fri Sep 28, 2007 1:00 pm --> Roomz addict Joined: 01 Jul 2007 Posts: 56 Okay, so right about now is where I could use some help. Done the easy stuff in the room, translated the morse and binary. I can't figur	http://theroomz.19.forumer.com:80/viewtopic.php?t=236&start=100&sid=0c892ab91f8b899c616578b04962c74f
236	20080208155226	FoROOM ~ View topic - Room 44 - A real pain...	hint	 Joined: 17 Oct 2006 Posts: 841 Location: London, England Wait and see. :p _________________ I am available to answer PMs requesting hints. I will NOT give out answers, just major hints. PROGRESS: 45/45 BONUS: 1-4 KISH: 1-2 ERI: 1 (3rd note) JAN: 5 Back to top ThemePark Posted: Fri Sep 28, 2007 1:00 pm --> Roomz addict Joined: 01 Jul 2007 Posts: 56 Okay, so right about now is where I could use some help. Done the easy stuff in the room, translated the morse and binary. I can't figure out the left wall note, I thought it was conn	http://theroomz.19.forumer.com:80/viewtopic.php?t=236&start=100&sid=0c892ab91f8b899c616578b04962c74f
236	20080208155226	FoROOM ~ View topic - Room 44 - A real pain...	hint	rom that. Nothing makes HSS happy. Got nothing from the left note. Agree with the right note!! Been playing with the letters at the bottom - haven't made sense of them yet. FoROOM hints have not helped. Sledgehammer hints welcomed!! Back to top tamer210 Posted: Sat Sep 29, 2007 6:57 pm --> Little roomer Joined: 27 Oct 2006 Posts: 13 yes, a real pain, so i need a real push here. i don't remember for how long i am stuck! got only two notes, pink and the one about the game. have no idea how to solve the binary, the morse came out w	http://theroomz.19.forumer.com:80/viewtopic.php?t=236&start=100&sid=0c892ab91f8b899c616578b04962c74f
236	20080208155226	FoROOM ~ View topic - Room 44 - A real pain...	hint	ot nothing from the left note. Agree with the right note!! Been playing with the letters at the bottom - haven't made sense of them yet. FoROOM hints have not helped. Sledgehammer hints welcomed!! Back to top tamer210 Posted: Sat Sep 29, 2007 6:57 pm --> Little roomer Joined: 27 Oct 2006 Posts: 13 yes, a real pain, so i need a real push here. i don't remember for how long i am stuck! got only two notes, pink and the one about the game. have no idea how to solve the binary, the morse came out with some letters which i can't use, 	http://theroomz.19.forumer.com:80/viewtopic.php?t=236&start=100&sid=0c892ab91f8b899c616578b04962c74f
236	20080208155226	FoROOM ~ View topic - Room 44 - A real pain...	hint	nk note, can't find the mistake "maybe because of my poor english", can't solve the left wall note, can't find the other room connection. Yes, i am lost guys and i need a very big hint. _________________ Progress: Roomz: 43/44 Bonus: 4/4 Kish: 1/3 Back to top gfhasman@go.com Posted: Sat Sep 29, 2007 7:53 pm --> Roomz fan Joined: 28 Oct 2006 Posts: 25 Location: Urbandale, IA Yikes - don't have any note about any game! Double yikes - There's a mistake????? Where???? Got two hints - haven't helped yet... 1. left wall note - think a	http://theroomz.19.forumer.com:80/viewtopic.php?t=236&start=100&sid=0c892ab91f8b899c616578b04962c74f
236	20080208155226	FoROOM ~ View topic - Room 44 - A real pain...	hint	007 7:53 pm --> Roomz fan Joined: 28 Oct 2006 Posts: 25 Location: Urbandale, IA Yikes - don't have any note about any game! Double yikes - There's a mistake????? Where???? Got two hints - haven't helped yet... 1. left wall note - think about what double symbols might mean 2. letters at the bottom - don't look for actual complete words - just look at the letters... I just keep getting denser!!! edit: less dense now --> got the left note figured out, got the letters at the bottom done to get game note. Found the moves - not sure w	http://theroomz.19.forumer.com:80/viewtopic.php?t=236&start=100&sid=0c892ab91f8b899c616578b04962c74f
236	20080208155226	FoROOM ~ View topic - Room 44 - A real pain...	Stachu	) note forever. I know the m...... is a clue but I just don't get it. I like thinking my English is the problem here, but I suppose it's just a lame excuse Can anybody help? edit: Stachu is mean edit2: And I'm out! Big thanks to sas for numerous hints. Last edited by jagodka on Wed Oct 24, 2007 2:47 pm; edited 2 times in total Back to top .:Stachu:. Posted: Wed Oct 17, 2007 11:22 pm --> Lord of The Roomz Joined: 22 Sep 2006 Posts: 1347 Location: Hell I can't... I think my English is a problem here _________________ .....:::ENTER T	http://theroomz.19.forumer.com:80/viewtopic.php?t=236&start=100&sid=0c892ab91f8b899c616578b04962c74f
236	20080208155226	FoROOM ~ View topic - Room 44 - A real pain...	hint	it. I like thinking my English is the problem here, but I suppose it's just a lame excuse Can anybody help? edit: Stachu is mean edit2: And I'm out! Big thanks to sas for numerous hints. Last edited by jagodka on Wed Oct 24, 2007 2:47 pm; edited 2 times in total Back to top .:Stachu:. Posted: Wed Oct 17, 2007 11:22 pm --> Lord of The Roomz Joined: 22 Sep 2006 Posts: 1347 Location: Hell I can't... I think my English is a problem here _________________ .....:::ENTER THE ROOMZ:::..... Life is a room where the password is 'death' Pr	http://theroomz.19.forumer.com:80/viewtopic.php?t=236&start=100&sid=0c892ab91f8b899c616578b04962c74f
236	20080208155226	FoROOM ~ View topic - Room 44 - A real pain...	Stachu	body help? edit: Stachu is mean edit2: And I'm out! Big thanks to sas for numerous hints. Last edited by jagodka on Wed Oct 24, 2007 2:47 pm; edited 2 times in total Back to top .:Stachu:. Posted: Wed Oct 17, 2007 11:22 pm --> Lord of The Roomz Joined: 22 Sep 2006 Posts: 1347 Location: Hell I can't... I think my English is a problem here _________________ .....:::ENTER THE ROOMZ:::..... Life is a room where the password is 'death' Progress: Roomz: mine (45/45 +4) :p, eri's (1/2), RG's (2/2), kish's (4/4 with magic :p), jan's (3/3)	http://theroomz.19.forumer.com:80/viewtopic.php?t=236&start=100&sid=0c892ab91f8b899c616578b04962c74f
236	20080208155226	FoROOM ~ View topic - Room 44 - A real pain...	password	The Roomz Joined: 22 Sep 2006 Posts: 1347 Location: Hell I can't... I think my English is a problem here _________________ .....:::ENTER THE ROOMZ:::..... Life is a room where the password is 'death' Progress: Roomz: mine (45/45 +4) :p, eri's (1/2), RG's (2/2), kish's (4/4 with magic :p), jan's (3/3) I'm offering help via PMs only if you like cryptic hints :p Back to top heaven_or_hell Posted: Sat Oct 27, 2007 12:58 am --> Little roomer Joined: 15 Aug 2007 Posts: 12 Location: Italy YEAH!!! finally solved this damned room! Thanks to 	http://theroomz.19.forumer.com:80/viewtopic.php?t=236&start=100&sid=0c892ab91f8b899c616578b04962c74f
236	20080208155226	FoROOM ~ View topic - Room 44 - A real pain...	hint	re the password is 'death' Progress: Roomz: mine (45/45 +4) :p, eri's (1/2), RG's (2/2), kish's (4/4 with magic :p), jan's (3/3) I'm offering help via PMs only if you like cryptic hints :p Back to top heaven_or_hell Posted: Sat Oct 27, 2007 12:58 am --> Little roomer Joined: 15 Aug 2007 Posts: 12 Location: Italy YEAH!!! finally solved this damned room! Thanks to people who helped me! Last edited by heaven_or_hell on Fri Nov 09, 2007 11:22 pm; edited 1 time in total Back to top .:Stachu:. Posted: Sat Oct 27, 2007 2:18 pm --> Lord	http://theroomz.19.forumer.com:80/viewtopic.php?t=236&start=100&sid=0c892ab91f8b899c616578b04962c74f
236	20080208155226	FoROOM ~ View topic - Room 44 - A real pain...	Stachu	on: Italy YEAH!!! finally solved this damned room! Thanks to people who helped me! Last edited by heaven_or_hell on Fri Nov 09, 2007 11:22 pm; edited 1 time in total Back to top .:Stachu:. Posted: Sat Oct 27, 2007 2:18 pm --> Lord of The Roomz Joined: 22 Sep 2006 Posts: 1347 Location: Hell Damn room? Well, I should thank for that I guess... _________________ .....:::ENTER THE ROOMZ:::..... Life is a room where the password is 'death' Progress: Roomz: mine (45/45 +4) :p, eri's (1/2), RG's (2/2), kish's (4/4 with magic :p), jan's (3	http://theroomz.19.forumer.com:80/viewtopic.php?t=236&start=100&sid=0c892ab91f8b899c616578b04962c74f
236	20080208155226	FoROOM ~ View topic - Room 44 - A real pain...	password	Roomz Joined: 22 Sep 2006 Posts: 1347 Location: Hell Damn room? Well, I should thank for that I guess... _________________ .....:::ENTER THE ROOMZ:::..... Life is a room where the password is 'death' Progress: Roomz: mine (45/45 +4) :p, eri's (1/2), RG's (2/2), kish's (4/4 with magic :p), jan's (3/3) I'm offering help via PMs only if you like cryptic hints :p Back to top sas Posted: Sat Oct 27, 2007 2:29 pm --> Appreciated Helper Joined: 30 Oct 2006 Posts: 535 Location: Melbourne, Australia Well you did promise it to be the most evi	http://theroomz.19.forumer.com:80/viewtopic.php?t=236&start=100&sid=0c892ab91f8b899c616578b04962c74f
236	20080208155226	FoROOM ~ View topic - Room 44 - A real pain...	hint	re the password is 'death' Progress: Roomz: mine (45/45 +4) :p, eri's (1/2), RG's (2/2), kish's (4/4 with magic :p), jan's (3/3) I'm offering help via PMs only if you like cryptic hints :p Back to top sas Posted: Sat Oct 27, 2007 2:29 pm --> Appreciated Helper Joined: 30 Oct 2006 Posts: 535 Location: Melbourne, Australia Well you did promise it to be the most evil room yet Stachu... so 'damned room' perhaps _________________ Progress: 45/45 + Bonus 4/4 PM if you need help! (include details of where/what you are stuck on) - I don	http://theroomz.19.forumer.com:80/viewtopic.php?t=236&start=100&sid=0c892ab91f8b899c616578b04962c74f
236	20080208155226	FoROOM ~ View topic - Room 44 - A real pain...	Stachu	 top sas Posted: Sat Oct 27, 2007 2:29 pm --> Appreciated Helper Joined: 30 Oct 2006 Posts: 535 Location: Melbourne, Australia Well you did promise it to be the most evil room yet Stachu... so 'damned room' perhaps _________________ Progress: 45/45 + Bonus 4/4 PM if you need help! (include details of where/what you are stuck on) - I don't give out answers though. Back to top Welshy Posted: Wed Oct 31, 2007 12:33 am --> Little roomer Joined: 17 Oct 2007 Posts: 20 Location: Wales he he he he I can't believe after so much headbanging	http://theroomz.19.forumer.com:80/viewtopic.php?t=236&start=100&sid=0c892ab91f8b899c616578b04962c74f
236	20080208155226	FoROOM ~ View topic - Room 44 - A real pain...	room 45	-> Appreciated Helper Joined: 16 Feb 2007 Posts: 373 Location: New Zealand Allrighty... i am STUCK on the 4th note... HELP _________________ --------------------------- Status: In room 45, Last step 2/4 ------------------------------ Roomz: 44/45 Bonus Roomz: 4/4 Feel Free to PM me. WILL NOT SPOIL --------------------------- Back to top rawene Posted: Sat Nov 17, 2007 12:35 am --> Roomz addict Joined: 18 Oct 2006 Posts: 59 Location: New Zealand Have to finish this awful room as I see roomz 45 about to be launched! Haven't got the l	http://theroomz.19.forumer.com:80/viewtopic.php?t=236&start=100&sid=0c892ab91f8b899c616578b04962c74f
236	20080208155226	FoROOM ~ View topic - Room 44 - A real pain...	Room 44	ts. Edit 1: Got the next bit after 1000 PMs - thanks to everyone! Now stuck on what I hope is the final part - translating what I've found from the "!" _________________ PROGRESS: Room 44/45 BONUS Room 4/4 (Bonus 3 - was the best!!) (Bonus 4 - ROFL!!) Back to top tazmind Posted: Thu Nov 22, 2007 11:23 pm --> Appreciated Helper Joined: 16 Feb 2007 Posts: 373 Location: New Zealand That was evil and mean... BUt YAY i'm out... Thanks Jimmy!!! For what? I did nothing but push you to achieve your potential. I smell spoilers... if Jim is 	http://theroomz.19.forumer.com:80/viewtopic.php?t=236&start=100&sid=0c892ab91f8b899c616578b04962c74f
236	20080208155226	FoROOM ~ View topic - Room 44 - A real pain...	Room 4	he next bit after 1000 PMs - thanks to everyone! Now stuck on what I hope is the final part - translating what I've found from the "!" _________________ PROGRESS: Room 44/45 BONUS Room 4/4 (Bonus 3 - was the best!!) (Bonus 4 - ROFL!!) Back to top tazmind Posted: Thu Nov 22, 2007 11:23 pm --> Appreciated Helper Joined: 16 Feb 2007 Posts: 373 Location: New Zealand That was evil and mean... BUt YAY i'm out... Thanks Jimmy!!! For what? I did nothing but push you to achieve your potential. I smell spoilers... if Jim is the one who help	http://theroomz.19.forumer.com:80/viewtopic.php?t=236&start=100&sid=0c892ab91f8b899c616578b04962c74f
236	20080208155226	FoROOM ~ View topic - Room 44 - A real pain...	room 45	 but push you to achieve your potential. I smell spoilers... if Jim is the one who helped u, spoil possibility is like 87% _________________ --------------------------- Status: In room 45, Last step 2/4 ------------------------------ Roomz: 44/45 Bonus Roomz: 4/4 Feel Free to PM me. WILL NOT SPOIL --------------------------- Back to top oray Posted: Fri Nov 23, 2007 12:09 am --> Little roomer Joined: 23 Aug 2007 Posts: 16 tazmind wrote: That was evil and mean... BUt YAY i'm out... Thanks Jimmy!!! For what? I did nothing but push yo	http://theroomz.19.forumer.com:80/viewtopic.php?t=236&start=100&sid=0c892ab91f8b899c616578b04962c74f
236	20080208155226	FoROOM ~ View topic - Room 44 - A real pain...	Stachu	rs... if Jim is the one who helped u, spoil possibility is like 87% why 87? but not 86 or 88? _________________ 44/44 if u pm me, u will get the answer for that room Back to top .:Stachu:. Posted: Fri Nov 23, 2007 12:11 am --> Lord of The Roomz Joined: 22 Sep 2006 Posts: 1347 Location: Hell Look who's writing? :p Hiding in the shadows and waiting when 45 comes out? _________________ .....:::ENTER THE ROOMZ:::..... Life is a room where the password is 'death' Progress: Roomz: mine (45/45 +4) :p, eri's (1/2), RG's (2/2), kish's (4/4	http://theroomz.19.forumer.com:80/viewtopic.php?t=236&start=100&sid=0c892ab91f8b899c616578b04962c74f
236	20080208155226	FoROOM ~ View topic - Room 44 - A real pain...	password	6 Posts: 1347 Location: Hell Look who's writing? :p Hiding in the shadows and waiting when 45 comes out? _________________ .....:::ENTER THE ROOMZ:::..... Life is a room where the password is 'death' Progress: Roomz: mine (45/45 +4) :p, eri's (1/2), RG's (2/2), kish's (4/4 with magic :p), jan's (3/3) I'm offering help via PMs only if you like cryptic hints :p Back to top rawene Posted: Fri Nov 23, 2007 12:17 am --> Roomz addict Joined: 18 Oct 2006 Posts: 59 Location: New Zealand I'M OUT - I'M OUT Stachu - I'm not sure I like you as 	http://theroomz.19.forumer.com:80/viewtopic.php?t=236&start=100&sid=0c892ab91f8b899c616578b04962c74f
236	20080208155226	FoROOM ~ View topic - Room 44 - A real pain...	hint	re the password is 'death' Progress: Roomz: mine (45/45 +4) :p, eri's (1/2), RG's (2/2), kish's (4/4 with magic :p), jan's (3/3) I'm offering help via PMs only if you like cryptic hints :p Back to top rawene Posted: Fri Nov 23, 2007 12:17 am --> Roomz addict Joined: 18 Oct 2006 Posts: 59 Location: New Zealand I'M OUT - I'M OUT Stachu - I'm not sure I like you as much as I used to!! Thanks to everyone (and a big kiss for Jim) That was very difficult for my old brain! _________________ PROGRESS: Room 44/45 BONUS Room 4/4 (Bonus 3 	http://theroomz.19.forumer.com:80/viewtopic.php?t=236&start=100&sid=0c892ab91f8b899c616578b04962c74f
236	20080208155226	FoROOM ~ View topic - Room 44 - A real pain...	Stachu	a PMs only if you like cryptic hints :p Back to top rawene Posted: Fri Nov 23, 2007 12:17 am --> Roomz addict Joined: 18 Oct 2006 Posts: 59 Location: New Zealand I'M OUT - I'M OUT Stachu - I'm not sure I like you as much as I used to!! Thanks to everyone (and a big kiss for Jim) That was very difficult for my old brain! _________________ PROGRESS: Room 44/45 BONUS Room 4/4 (Bonus 3 - was the best!!) (Bonus 4 - ROFL!!) Back to top Display posts from previous: All Posts 1 Day 7 Days 2 Weeks 1 Month 3 Months 6 Months 1 Year Oldest Fi	http://theroomz.19.forumer.com:80/viewtopic.php?t=236&start=100&sid=0c892ab91f8b899c616578b04962c74f
236	20080208155226	FoROOM ~ View topic - Room 44 - A real pain...	Room 44	- I'M OUT Stachu - I'm not sure I like you as much as I used to!! Thanks to everyone (and a big kiss for Jim) That was very difficult for my old brain! _________________ PROGRESS: Room 44/45 BONUS Room 4/4 (Bonus 3 - was the best!!) (Bonus 4 - ROFL!!) Back to top Display posts from previous: All Posts 1 Day 7 Days 2 Weeks 1 Month 3 Months 6 Months 1 Year Oldest First Newest First All times are GMT + 1 Hour View next topic View previous topic Page 5 of 6 Goto page Previous 1 , 2 , 3 , 4 , 5 , 6 Next FoROOM Forum Index ~ Roomz Jump t	http://theroomz.19.forumer.com:80/viewtopic.php?t=236&start=100&sid=0c892ab91f8b899c616578b04962c74f
236	20080208155226	FoROOM ~ View topic - Room 44 - A real pain...	Room 4	- I'm not sure I like you as much as I used to!! Thanks to everyone (and a big kiss for Jim) That was very difficult for my old brain! _________________ PROGRESS: Room 44/45 BONUS Room 4/4 (Bonus 3 - was the best!!) (Bonus 4 - ROFL!!) Back to top Display posts from previous: All Posts 1 Day 7 Days 2 Weeks 1 Month 3 Months 6 Months 1 Year Oldest First Newest First All times are GMT + 1 Hour View next topic View previous topic Page 5 of 6 Goto page Previous 1 , 2 , 3 , 4 , 5 , 6 Next FoROOM Forum Index ~ Roomz Jump to: Select a foru	http://theroomz.19.forumer.com:80/viewtopic.php?t=236&start=100&sid=0c892ab91f8b899c616578b04962c74f
308	20080208155256	FoROOM ~ View topic - Room 45 - Never ending story...	Room 45	FoROOM ~ View topic - Room 45 - Never ending story... FAQ Search Memberlist Usergroups fChat Log in Register Author Message Roomz ~ Room 45 - Never ending story... animoose Posted: Tue Feb 05, 2008 3:19 am --> Roomz fan Joined: 01 Jan 2008 Posts: 30 Location: Venice, California Onwards! (Thanks rawene). It's all gone dark. But it doesn't hurt any more... EDIT: through the firs	http://theroomz.19.forumer.com:80/viewtopic.php?t=308&start=100&sid=0c892ab91f8b899c616578b04962c74f
308	20080208155256	FoROOM ~ View topic - Room 45 - Never ending story...	Room 45	FoROOM ~ View topic - Room 45 - Never ending story... FAQ Search Memberlist Usergroups fChat Log in Register Author Message Roomz ~ Room 45 - Never ending story... animoose Posted: Tue Feb 05, 2008 3:19 am --> Roomz fan Joined: 01 Jan 2008 Posts: 30 Location: Venice, California Onwards! (Thanks rawene). It's all gone dark. But it doesn't hurt any more... EDIT: through the first gate! Back to top paulcito Posted: Thu Feb 07, 2008 6:01 pm --> Junior Helper Joined: 28 Sep 2007 Posts: 155	http://theroomz.19.forumer.com:80/viewtopic.php?t=308&start=100&sid=0c892ab91f8b899c616578b04962c74f
308	20080208155256	FoROOM ~ View topic - Room 45 - Never ending story...	hint	5 RG riddles 1/2 kish rooms 1/3 Back to top animoose Posted: Fri Feb 08, 2008 5:13 am --> Roomz fan Joined: 01 Jan 2008 Posts: 30 Location: Venice, California Could anyone PM me a hint on the P******* R*****? I assume I need to do something with the annotations on the T**** to form a key, but after two days (and even trying a brute force dictionary attack on it), I ain't getting nowhere. Back to top Display posts from previous: All Posts 1 Day 7 Days 2 Weeks 1 Month 3 Months 6 Months 1 Year Oldest First Newest First All times ar	http://theroomz.19.forumer.com:80/viewtopic.php?t=308&start=100&sid=0c892ab91f8b899c616578b04962c74f
59	20080208155733	FoROOM ~ View topic - Room 23 - In the basement	room 45	007 12:52 pm --> Appreciated Helper Joined: 16 Feb 2007 Posts: 373 Location: New Zealand maybe look closer and count again _________________ --------------------------- Status: In room 45, Last step 2/4 ------------------------------ Roomz: 44/45 Bonus Roomz: 4/4 Feel Free to PM me. WILL NOT SPOIL --------------------------- Back to top roadkamelot Posted: Sun Sep 16, 2007 2:00 pm --> Wanderer Joined: 16 Sep 2007 Posts: 2 Location: italy uh-oh, little problem... I thought I had almost finished room 23 but..it is not possible to ent	http://theroomz.19.forumer.com:80/viewtopic.php?t=59&start=100&sid=0c892ab91f8b899c616578b04962c74f
10	20080208154201	FoROOM ~ View topic - Room 5 - cloudy clouds	Room 5	FoROOM ~ View topic - Room 5 - cloudy clouds FAQ Search Memberlist Usergroups fChat Log in Register Author Message Roomz ~ Room 5 - cloudy clouds tazmind Posted: Thu Aug 16, 2007 5:23 am --> Appreciated Helper Joined: 16 Feb 2007 Posts: 373 Location: New Zealand telling you would be too spoily... PM me with what you know so far _________________ --------------------------- Status: In room 45, Last step 2/4 ------------------------------ Roomz: 44/45 Bonus Roomz: 4/4 Feel Fre	http://theroomz.19.forumer.com:80/viewtopic.php?t=10&start=125&sid=0c892ab91f8b899c616578b04962c74f
10	20080208154201	FoROOM ~ View topic - Room 5 - cloudy clouds	room 45	er Joined: 16 Feb 2007 Posts: 373 Location: New Zealand telling you would be too spoily... PM me with what you know so far _________________ --------------------------- Status: In room 45, Last step 2/4 ------------------------------ Roomz: 44/45 Bonus Roomz: 4/4 Feel Free to PM me. WILL NOT SPOIL --------------------------- Back to top khenya21 Posted: Thu Aug 16, 2007 6:39 pm --> Wanderer Joined: 15 Aug 2007 Posts: 5 can somebody pm me for clues for room 5 Back to top dgupta Posted: Thu Aug 16, 2007 6:56 pm --> Roomz addict Joine	http://theroomz.19.forumer.com:80/viewtopic.php?t=10&start=125&sid=0c892ab91f8b899c616578b04962c74f
109	20080208154225	FoROOM ~ View topic - room 29 - we're one big family	room 45	sted: Fri Sep 21, 2007 9:42 pm --> Appreciated Helper Joined: 16 Feb 2007 Posts: 373 Location: New Zealand trial and error _________________ --------------------------- Status: In room 45, Last step 2/4 ------------------------------ Roomz: 44/45 Bonus Roomz: 4/4 Feel Free to PM me. WILL NOT SPOIL --------------------------- Back to top switchblade Posted: Sat Sep 22, 2007 5:47 pm --> Little roomer Joined: 19 Sep 2007 Posts: 21 why can't i get this.........this is by far the toughest one i've done so far Back to top .:Stachu:. Post	http://theroomz.19.forumer.com:80/viewtopic.php?t=109&start=125&sid=0c892ab91f8b899c616578b04962c74f
139	20080208154531	FoROOM ~ View topic - Bonus Room 2 - P.E.N.O.	hint	re the password is 'death' Progress: Roomz: mine (45/45 +4) :p, eri's (1/2), RG's (2/2), kish's (4/4 with magic :p), jan's (3/3) I'm offering help via PMs only if you like cryptic hints :p Back to top tazmind Posted: Thu Aug 02, 2007 11:23 pm --> Appreciated Helper Joined: 16 Feb 2007 Posts: 373 Location: New Zealand Back in here.. 4th note now... ah well i'm getting there slowly _________________ --------------------------- Status: In room 45, Last step 2/4 ------------------------------ Roomz: 44/45 Bonus Roomz: 4/4 Feel Free 	http://theroomz.19.forumer.com:80/viewtopic.php?t=139&start=125&sid=0c892ab91f8b899c616578b04962c74f
139	20080208154531	FoROOM ~ View topic - Bonus Room 2 - P.E.N.O.	room 45	elper Joined: 16 Feb 2007 Posts: 373 Location: New Zealand Back in here.. 4th note now... ah well i'm getting there slowly _________________ --------------------------- Status: In room 45, Last step 2/4 ------------------------------ Roomz: 44/45 Bonus Roomz: 4/4 Feel Free to PM me. WILL NOT SPOIL --------------------------- Back to top ashman Posted: Fri Aug 03, 2007 10:17 am --> Roomz addict Joined: 13 Mar 2007 Posts: 62 can comeone help me pls i foudn out the names of the 2 shadows on the wall but i dont know what to do now i kn	http://theroomz.19.forumer.com:80/viewtopic.php?t=139&start=125&sid=0c892ab91f8b899c616578b04962c74f
152	20080208154712	FoROOM ~ View topic - Room 38 - The flickering	Room 38	FoROOM ~ View topic - Room 38 - The flickering FAQ Search Memberlist Usergroups fChat Log in Register Author Message Roomz ~ Room 38 - The flickering tazmind Posted: Sat Nov 24, 2007 4:47 am --> Appreciated Helper Joined: 16 Feb 2007 Posts: 373 Location: New Zealand Lol... annoying yes.. but bet you feel smart now _________________ --------------------------- Status: In room 45, Last step 2/4 ------------------------------ Roomz: 44/45 Bonus Roomz: 4/4 Feel Free to PM me. WILL 	http://theroomz.19.forumer.com:80/viewtopic.php?t=152&start=125&sid=0c892ab91f8b899c616578b04962c74f
152	20080208154712	FoROOM ~ View topic - Room 38 - The flickering	room 45	> Appreciated Helper Joined: 16 Feb 2007 Posts: 373 Location: New Zealand Lol... annoying yes.. but bet you feel smart now _________________ --------------------------- Status: In room 45, Last step 2/4 ------------------------------ Roomz: 44/45 Bonus Roomz: 4/4 Feel Free to PM me. WILL NOT SPOIL --------------------------- Back to top Belgarion Posted: Mon Nov 26, 2007 10:38 pm --> Roomz fan Joined: 23 Oct 2007 Posts: 31 Location: La Plata, Buenos Aires, Argentina you could say so, and you'd be right!!!! trying not to remember th	http://theroomz.19.forumer.com:80/viewtopic.php?t=152&start=125&sid=0c892ab91f8b899c616578b04962c74f
152	20080208154712	FoROOM ~ View topic - Room 38 - The flickering	Stachu	me foreign characters. Help? _________________ "Reading Makes Life a Whole Lot Easier!" Rooms Complete 38/45 Kish 0/4 Jan 0/10 I can help you for rooms 1 to 38. PM me if you want. Stachu, can't you spare us any kindness for future rooms? Back to top tazmind Posted: Sat Jan 19, 2008 9:08 pm --> Appreciated Helper Joined: 16 Feb 2007 Posts: 373 Location: New Zealand spounds like you are translaing incorrectly _________________ --------------------------- Status: In room 45, Last step 2/4 ------------------------------ Roomz: 44/45 B	http://theroomz.19.forumer.com:80/viewtopic.php?t=152&start=125&sid=0c892ab91f8b899c616578b04962c74f
152	20080208154712	FoROOM ~ View topic - Room 38 - The flickering	room 45	pm --> Appreciated Helper Joined: 16 Feb 2007 Posts: 373 Location: New Zealand spounds like you are translaing incorrectly _________________ --------------------------- Status: In room 45, Last step 2/4 ------------------------------ Roomz: 44/45 Bonus Roomz: 4/4 Feel Free to PM me. WILL NOT SPOIL --------------------------- Back to top puzzle_hunter Posted: Sat Jan 19, 2008 9:12 pm --> Junior Helper Joined: 31 Dec 2007 Posts: 210 Location: The Local Library, USA I double-checked the numbers and they're all correct. What's wrong?!?	http://theroomz.19.forumer.com:80/viewtopic.php?t=152&start=125&sid=0c892ab91f8b899c616578b04962c74f
152	20080208154712	FoROOM ~ View topic - Room 38 - The flickering	Stachu	all correct. What's wrong?!? _________________ "Reading Makes Life a Whole Lot Easier!" Rooms Complete 38/45 Kish 0/4 Jan 0/10 I can help you for rooms 1 to 38. PM me if you want. Stachu, can't you spare us any kindness for future rooms? Back to top tazmind Posted: Sat Jan 19, 2008 9:18 pm --> Appreciated Helper Joined: 16 Feb 2007 Posts: 373 Location: New Zealand hmmmm open you eyes _________________ --------------------------- Status: In room 45, Last step 2/4 ------------------------------ Roomz: 44/45 Bonus Roomz: 4/4 Feel Fre	http://theroomz.19.forumer.com:80/viewtopic.php?t=152&start=125&sid=0c892ab91f8b899c616578b04962c74f
152	20080208154712	FoROOM ~ View topic - Room 38 - The flickering	room 45	: Sat Jan 19, 2008 9:18 pm --> Appreciated Helper Joined: 16 Feb 2007 Posts: 373 Location: New Zealand hmmmm open you eyes _________________ --------------------------- Status: In room 45, Last step 2/4 ------------------------------ Roomz: 44/45 Bonus Roomz: 4/4 Feel Free to PM me. WILL NOT SPOIL --------------------------- Back to top puzzle_hunter Posted: Sat Jan 19, 2008 9:30 pm --> Junior Helper Joined: 31 Dec 2007 Posts: 210 Location: The Local Library, USA I got it!!! I now see what the d*** are for. Now to the next note. U*	http://theroomz.19.forumer.com:80/viewtopic.php?t=152&start=125&sid=0c892ab91f8b899c616578b04962c74f
153	20080208154738	FoROOM ~ View topic - Room 39 - Rufus	hint	 am --> Appreciated Helper Joined: 16 Feb 2007 Posts: 373 Location: New Zealand cams wrote: Dambo wrote: I got Rufus, but I don't know what to do with the dots although I know the hints! Am I supposed to c****** them , because nothing comes up when I try it (and I have tried many different ways to do it)! unlike taz, if i understood c****** correctly, i think you're doing the right thing. However i think he is trying to do this thing in the wrong way _________________ --------------------------- Status: In room 45, Last step 2/4	http://theroomz.19.forumer.com:80/viewtopic.php?t=153&start=125&sid=0c892ab91f8b899c616578b04962c74f
153	20080208154738	FoROOM ~ View topic - Room 39 - Rufus	room 45	od c****** correctly, i think you're doing the right thing. However i think he is trying to do this thing in the wrong way _________________ --------------------------- Status: In room 45, Last step 2/4 ------------------------------ Roomz: 44/45 Bonus Roomz: 4/4 Feel Free to PM me. WILL NOT SPOIL --------------------------- Back to top Dambo Posted: Sat Oct 27, 2007 5:44 pm --> Little roomer Joined: 31 Oct 2006 Posts: 20 What do you mean "in the wrong way"? Could someone please send a pm? I am soooooo stuck with these dots!!!!!!! 	http://theroomz.19.forumer.com:80/viewtopic.php?t=153&start=125&sid=0c892ab91f8b899c616578b04962c74f
153	20080208154738	FoROOM ~ View topic - Room 39 - Rufus	room 45	ed: 16 Feb 2007 Posts: 373 Location: New Zealand Hom, on the right track... it's not a code... it's just missing something _________________ --------------------------- Status: In room 45, Last step 2/4 ------------------------------ Roomz: 44/45 Bonus Roomz: 4/4 Feel Free to PM me. WILL NOT SPOIL --------------------------- Back to top hom Posted: Thu Jan 03, 2008 5:32 pm --> Little roomer Joined: 18 Nov 2007 Posts: 11 Thanks tazmid, I think it's missing the l**** between the dots, i'm on the right way? ~ Tazmind Back to top animo	http://theroomz.19.forumer.com:80/viewtopic.php?t=153&start=125&sid=0c892ab91f8b899c616578b04962c74f
212	20080208155121	FoROOM ~ View topic - Room 43 - Underwater journey	Room 43	FoROOM ~ View topic - Room 43 - Underwater journey FAQ Search Memberlist Usergroups fChat Log in Register Author Message Roomz ~ Room 43 - Underwater journey wildcat Posted: Thu Nov 01, 2007 12:22 pm --> Wanderer Joined: 15 Apr 2007 Posts: 9 Location: Berlin, Germany well here i´m am now on 43 hm got 2 notes which have to do with the s***** one s i´m missing and can´t get it´s	http://theroomz.19.forumer.com:80/viewtopic.php?t=212&start=125&sid=0c892ab91f8b899c616578b04962c74f
212	20080208155121	FoROOM ~ View topic - Room 43 - Underwater journey	Room 43	FoROOM ~ View topic - Room 43 - Underwater journey FAQ Search Memberlist Usergroups fChat Log in Register Author Message Roomz ~ Room 43 - Underwater journey wildcat Posted: Thu Nov 01, 2007 12:22 pm --> Wanderer Joined: 15 Apr 2007 Posts: 9 Location: Berlin, Germany well here i´m am now on 43 hm got 2 notes which have to do with the s***** one s i´m missing and can´t get it´s name now i´m stuck and can´t go on have no ideas how to get the boat all are talking about maybe someone c	http://theroomz.19.forumer.com:80/viewtopic.php?t=212&start=125&sid=0c892ab91f8b899c616578b04962c74f
212	20080208155121	FoROOM ~ View topic - Room 43 - Underwater journey	hint	o do with the s***** one s i´m missing and can´t get it´s name now i´m stuck and can´t go on have no ideas how to get the boat all are talking about maybe someone can pm me with a hint???? pleeeeeeeeeeeeeeeeeease edit: ok got the missing. now i can go on hopefully edit2: ok got another two notes (thx taz for help) underwater and know i´m totally confused Last edited by wildcat on Fri Nov 02, 2007 9:50 am; edited 3 times in total _________________ evil game but quiet good presently in room 43 bonusroom 1 done Back to top tazmind 	http://theroomz.19.forumer.com:80/viewtopic.php?t=212&start=125&sid=0c892ab91f8b899c616578b04962c74f
212	20080208155121	FoROOM ~ View topic - Room 43 - Underwater journey	room 43	 help) underwater and know i´m totally confused Last edited by wildcat on Fri Nov 02, 2007 9:50 am; edited 3 times in total _________________ evil game but quiet good presently in room 43 bonusroom 1 done Back to top tazmind Posted: Thu Nov 01, 2007 8:46 pm --> Appreciated Helper Joined: 16 Feb 2007 Posts: 373 Location: New Zealand the sybol your missing you may be looking in the wrong place _________________ --------------------------- Status: In room 45, Last step 2/4 ------------------------------ Roomz: 44/45 Bonus Roomz: 4/4 F	http://theroomz.19.forumer.com:80/viewtopic.php?t=212&start=125&sid=0c892ab91f8b899c616578b04962c74f
212	20080208155121	FoROOM ~ View topic - Room 43 - Underwater journey	room 1	ater and know i´m totally confused Last edited by wildcat on Fri Nov 02, 2007 9:50 am; edited 3 times in total _________________ evil game but quiet good presently in room 43 bonusroom 1 done Back to top tazmind Posted: Thu Nov 01, 2007 8:46 pm --> Appreciated Helper Joined: 16 Feb 2007 Posts: 373 Location: New Zealand the sybol your missing you may be looking in the wrong place _________________ --------------------------- Status: In room 45, Last step 2/4 ------------------------------ Roomz: 44/45 Bonus Roomz: 4/4 Feel Free to 	http://theroomz.19.forumer.com:80/viewtopic.php?t=212&start=125&sid=0c892ab91f8b899c616578b04962c74f
212	20080208155121	FoROOM ~ View topic - Room 43 - Underwater journey	room 45	d Helper Joined: 16 Feb 2007 Posts: 373 Location: New Zealand the sybol your missing you may be looking in the wrong place _________________ --------------------------- Status: In room 45, Last step 2/4 ------------------------------ Roomz: 44/45 Bonus Roomz: 4/4 Feel Free to PM me. WILL NOT SPOIL --------------------------- Back to top plzhelpme Posted: Sat Nov 03, 2007 5:12 am --> Wanderer Joined: 05 Sep 2007 Posts: 9 Finally finished!!! Thanks to yoavhayun,cams,sas,quis,.. and all the people who helped me! So hard room, but so f	http://theroomz.19.forumer.com:80/viewtopic.php?t=212&start=125&sid=0c892ab91f8b899c616578b04962c74f
212	20080208155121	FoROOM ~ View topic - Room 43 - Underwater journey	Room 42	ue Nov 20, 2007 12:34 am --> Appreciated Helper Joined: 30 Oct 2006 Posts: 535 Location: Melbourne, Australia Yes you will need 31+5 for sure, and it will be easier to solve it in Room 42 as there may be additional help there. PM me what you have found at the start as from your message I can't tell what you are up to. _________________ Progress: 45/45 + Bonus 4/4 PM if you need help! (include details of where/what you are stuck on) - I don't give out answers though. Back to top metacom Posted: Tue Nov 20, 2007 2:49 am --> Roomz add	http://theroomz.19.forumer.com:80/viewtopic.php?t=212&start=125&sid=0c892ab91f8b899c616578b04962c74f
212	20080208155121	FoROOM ~ View topic - Room 43 - Underwater journey	hint	__________ currently working on 44. Back to top tazmind Posted: Fri Nov 23, 2007 9:37 pm --> Appreciated Helper Joined: 16 Feb 2007 Posts: 373 Location: New Zealand there is a BIG hint on one of the notes... _________________ --------------------------- Status: In room 45, Last step 2/4 ------------------------------ Roomz: 44/45 Bonus Roomz: 4/4 Feel Free to PM me. WILL NOT SPOIL --------------------------- Back to top Silent Roomer Posted: Thu Nov 29, 2007 3:50 pm --> Wanderer Joined: 02 Nov 2007 Posts: 3 Location: 45°35'42.31	http://theroomz.19.forumer.com:80/viewtopic.php?t=212&start=125&sid=0c892ab91f8b899c616578b04962c74f
212	20080208155121	FoROOM ~ View topic - Room 43 - Underwater journey	room 45	 pm --> Appreciated Helper Joined: 16 Feb 2007 Posts: 373 Location: New Zealand there is a BIG hint on one of the notes... _________________ --------------------------- Status: In room 45, Last step 2/4 ------------------------------ Roomz: 44/45 Bonus Roomz: 4/4 Feel Free to PM me. WILL NOT SPOIL --------------------------- Back to top Silent Roomer Posted: Thu Nov 29, 2007 3:50 pm --> Wanderer Joined: 02 Nov 2007 Posts: 3 Location: 45°35'42.31"N; 8°56'30.83"E I can see the door, the locker & lots of signs (yes, I know m* also if 	http://theroomz.19.forumer.com:80/viewtopic.php?t=212&start=125&sid=0c892ab91f8b899c616578b04962c74f
212	20080208155121	FoROOM ~ View topic - Room 43 - Underwater journey	room 45	2007 8:40 pm --> Appreciated Helper Joined: 16 Feb 2007 Posts: 373 Location: New Zealand hmmmmm try do things in order.... _________________ --------------------------- Status: In room 45, Last step 2/4 ------------------------------ Roomz: 44/45 Bonus Roomz: 4/4 Feel Free to PM me. WILL NOT SPOIL --------------------------- Back to top sas Posted: Fri Nov 30, 2007 12:06 am --> Appreciated Helper Joined: 30 Oct 2006 Posts: 535 Location: Melbourne, Australia Yes, if something makes no sense, perhaps you need to try another thing ins	http://theroomz.19.forumer.com:80/viewtopic.php?t=212&start=125&sid=0c892ab91f8b899c616578b04962c74f
212	20080208155121	FoROOM ~ View topic - Room 43 - Underwater journey	room 45	d Helper Joined: 16 Feb 2007 Posts: 373 Location: New Zealand thanks Sas... was what i was aiming for but couldn't word it _________________ --------------------------- Status: In room 45, Last step 2/4 ------------------------------ Roomz: 44/45 Bonus Roomz: 4/4 Feel Free to PM me. WILL NOT SPOIL --------------------------- Back to top metacom Posted: Sun Dec 09, 2007 10:47 pm --> Roomz addict Joined: 26 Oct 2007 Posts: 62 Location: New Jersey Silent Roomer wrote: I can see the door, the locker & lots of signs (yes, I know m* also	http://theroomz.19.forumer.com:80/viewtopic.php?t=212&start=125&sid=0c892ab91f8b899c616578b04962c74f
212	20080208155121	FoROOM ~ View topic - Room 43 - Underwater journey	room 44	n order you say? I only see a few things to do (the thing above the door and the result of the M* word), but neither seem to help me. This room is pure evil. It makes me afraid of room 44. _________________ currently working on 44. Back to top sas Posted: Sun Dec 09, 2007 11:52 pm --> Appreciated Helper Joined: 30 Oct 2006 Posts: 535 Location: Melbourne, Australia If something doesn't make sense and can't be solved (which you should know how to do from the rest of the room) it is best to focus on something else. _________________ P	http://theroomz.19.forumer.com:80/viewtopic.php?t=212&start=125&sid=0c892ab91f8b899c616578b04962c74f
212	20080208155121	FoROOM ~ View topic - Room 43 - Underwater journey	Stachu	omething else. _________________ Progress: 45/45 + Bonus 4/4 PM if you need help! (include details of where/what you are stuck on) - I don't give out answers though. Back to top .:Stachu:. Posted: Mon Dec 10, 2007 12:26 am --> Lord of The Roomz Joined: 22 Sep 2006 Posts: 1347 Location: Hell Great hint sas, point for you *runs* Ok that makes things Sas 52 v Stachu 18.2! *ducks* _________________ .....:::ENTER THE ROOMZ:::..... Life is a room where the password is 'death' Progress: Roomz: mine (45/45 +4) :p, eri's (1/2), RG's (2/2),	http://theroomz.19.forumer.com:80/viewtopic.php?t=212&start=125&sid=0c892ab91f8b899c616578b04962c74f
212	20080208155121	FoROOM ~ View topic - Room 43 - Underwater journey	hint	re stuck on) - I don't give out answers though. Back to top .:Stachu:. Posted: Mon Dec 10, 2007 12:26 am --> Lord of The Roomz Joined: 22 Sep 2006 Posts: 1347 Location: Hell Great hint sas, point for you *runs* Ok that makes things Sas 52 v Stachu 18.2! *ducks* _________________ .....:::ENTER THE ROOMZ:::..... Life is a room where the password is 'death' Progress: Roomz: mine (45/45 +4) :p, eri's (1/2), RG's (2/2), kish's (4/4 with magic :p), jan's (3/3) I'm offering help via PMs only if you like cryptic hints :p Back to top pau	http://theroomz.19.forumer.com:80/viewtopic.php?t=212&start=125&sid=0c892ab91f8b899c616578b04962c74f
212	20080208155121	FoROOM ~ View topic - Room 43 - Underwater journey	Stachu	:Stachu:. Posted: Mon Dec 10, 2007 12:26 am --> Lord of The Roomz Joined: 22 Sep 2006 Posts: 1347 Location: Hell Great hint sas, point for you *runs* Ok that makes things Sas 52 v Stachu 18.2! *ducks* _________________ .....:::ENTER THE ROOMZ:::..... Life is a room where the password is 'death' Progress: Roomz: mine (45/45 +4) :p, eri's (1/2), RG's (2/2), kish's (4/4 with magic :p), jan's (3/3) I'm offering help via PMs only if you like cryptic hints :p Back to top paulcito Posted: Mon Dec 10, 2007 6:48 pm --> Junior Helper Joined	http://theroomz.19.forumer.com:80/viewtopic.php?t=212&start=125&sid=0c892ab91f8b899c616578b04962c74f
212	20080208155121	FoROOM ~ View topic - Room 43 - Underwater journey	password	7 Location: Hell Great hint sas, point for you *runs* Ok that makes things Sas 52 v Stachu 18.2! *ducks* _________________ .....:::ENTER THE ROOMZ:::..... Life is a room where the password is 'death' Progress: Roomz: mine (45/45 +4) :p, eri's (1/2), RG's (2/2), kish's (4/4 with magic :p), jan's (3/3) I'm offering help via PMs only if you like cryptic hints :p Back to top paulcito Posted: Mon Dec 10, 2007 6:48 pm --> Junior Helper Joined: 28 Sep 2007 Posts: 155 Location: Montevideo, Uruguay I'm stuck on 2nd note, that with the s*****	http://theroomz.19.forumer.com:80/viewtopic.php?t=212&start=125&sid=0c892ab91f8b899c616578b04962c74f
212	20080208155121	FoROOM ~ View topic - Room 43 - Underwater journey	hint	re the password is 'death' Progress: Roomz: mine (45/45 +4) :p, eri's (1/2), RG's (2/2), kish's (4/4 with magic :p), jan's (3/3) I'm offering help via PMs only if you like cryptic hints :p Back to top paulcito Posted: Mon Dec 10, 2007 6:48 pm --> Junior Helper Joined: 28 Sep 2007 Posts: 155 Location: Montevideo, Uruguay I'm stuck on 2nd note, that with the s******.... I believe that I found all of them, but I don't know what to do now... Any hint? Forget it, I'm diving now.... Edit 2: I've got the m* and the e* word, and the fla	http://theroomz.19.forumer.com:80/viewtopic.php?t=212&start=125&sid=0c892ab91f8b899c616578b04962c74f
212	20080208155121	FoROOM ~ View topic - Room 43 - Underwater journey	hint	d: 28 Sep 2007 Posts: 155 Location: Montevideo, Uruguay I'm stuck on 2nd note, that with the s******.... I believe that I found all of them, but I don't know what to do now... Any hint? Forget it, I'm diving now.... Edit 2: I've got the m* and the e* word, and the flag-thing activated... But no success with the result of that... Keep thinking... (and keeping air... ) edit 3: I'm out!!!! Tks Jim and metacom for the hints.... And metacom: now, I can help you!!!!!! _________________ One Roomz, to rule them all.... Roomz 44/45 Bonus	http://theroomz.19.forumer.com:80/viewtopic.php?t=212&start=125&sid=0c892ab91f8b899c616578b04962c74f
212	20080208155121	FoROOM ~ View topic - Room 43 - Underwater journey	hint	* and the e* word, and the flag-thing activated... But no success with the result of that... Keep thinking... (and keeping air... ) edit 3: I'm out!!!! Tks Jim and metacom for the hints.... And metacom: now, I can help you!!!!!! _________________ One Roomz, to rule them all.... Roomz 44/45 Bonus Roomz 1,2,4 (won't do 3, don't like its kind...) jan's riddles 5/5 RG riddles 1/2 kish rooms 1/3 Back to top cycloney Posted: Wed Jan 16, 2008 6:50 pm --> Roomz fan Joined: 09 Dec 2007 Posts: 28 i'm out of ideas i have 4 notes and i know	http://theroomz.19.forumer.com:80/viewtopic.php?t=212&start=125&sid=0c892ab91f8b899c616578b04962c74f
212	20080208155121	FoROOM ~ View topic - Room 43 - Underwater journey	hint	ia I'm under the boat, with four notes, and nothing I try gets me anywhere. Can I PM someone a couple of things I've tried, so you can (a) have a good laugh and (b) help me with a hint? Back to top sas Posted: Mon Jan 21, 2008 2:49 am --> Appreciated Helper Joined: 30 Oct 2006 Posts: 535 Location: Melbourne, Australia Sure, send me a PM if you like though I am just about to go out for lunch at work so won't be able to reply for an hour _________________ Progress: 45/45 + Bonus 4/4 PM if you need help! (include details of where/w	http://theroomz.19.forumer.com:80/viewtopic.php?t=212&start=125&sid=0c892ab91f8b899c616578b04962c74f
212	20080208155121	FoROOM ~ View topic - Room 43 - Underwater journey	hint	 I have the door and the m* word (though I don't understand why it doesn't use everything). I can get some letters from the things above the door, but make no sense from them. So, hint anyone? You can assume I've read the hints already on this thread and that they have had no impact on the few aged braincells I have left. (BTW, I love this room. I didn't know about ------s.com, and I've spent hours there.) EDIT: belay that. I had an inspiration which has got me further. Back to top sas Posted: Tue Jan 22, 2008 4:48 am --> Apprec	http://theroomz.19.forumer.com:80/viewtopic.php?t=212&start=125&sid=0c892ab91f8b899c616578b04962c74f
212	20080208155121	FoROOM ~ View topic - Room 43 - Underwater journey	hint	 don't understand why it doesn't use everything). I can get some letters from the things above the door, but make no sense from them. So, hint anyone? You can assume I've read the hints already on this thread and that they have had no impact on the few aged braincells I have left. (BTW, I love this room. I didn't know about ------s.com, and I've spent hours there.) EDIT: belay that. I had an inspiration which has got me further. Back to top sas Posted: Tue Jan 22, 2008 4:48 am --> Appreciated Helper Joined: 30 Oct 2006 Posts: 53	http://theroomz.19.forumer.com:80/viewtopic.php?t=212&start=125&sid=0c892ab91f8b899c616578b04962c74f
236	20080208155231	FoROOM ~ View topic - Room 44 - A real pain...	Room 44	FoROOM ~ View topic - Room 44 - A real pain... FAQ Search Memberlist Usergroups fChat Log in Register Author Message Roomz ~ Room 44 - A real pain... .:Stachu:. Posted: Fri Nov 23, 2007 12:25 am --> Lord of The Roomz Joined: 22 Sep 2006 Posts: 1347 Location: Hell Again Jim's help? LOL That smells really bad rawene wrote: Stachu - I'm not sure I like you as much as I used to!! 	http://theroomz.19.forumer.com:80/viewtopic.php?t=236&start=125&sid=0c892ab91f8b899c616578b04962c74f
236	20080208155231	FoROOM ~ View topic - Room 44 - A real pain...	Room 44	FoROOM ~ View topic - Room 44 - A real pain... FAQ Search Memberlist Usergroups fChat Log in Register Author Message Roomz ~ Room 44 - A real pain... .:Stachu:. Posted: Fri Nov 23, 2007 12:25 am --> Lord of The Roomz Joined: 22 Sep 2006 Posts: 1347 Location: Hell Again Jim's help? LOL That smells really bad rawene wrote: Stachu - I'm not sure I like you as much as I used to!! _________________ .....:::ENTER THE ROOMZ:::..... Life is a room where the password is 'death' Progress	http://theroomz.19.forumer.com:80/viewtopic.php?t=236&start=125&sid=0c892ab91f8b899c616578b04962c74f
236	20080208155231	FoROOM ~ View topic - Room 44 - A real pain...	Stachu	FoROOM ~ View topic - Room 44 - A real pain... FAQ Search Memberlist Usergroups fChat Log in Register Author Message Roomz ~ Room 44 - A real pain... .:Stachu:. Posted: Fri Nov 23, 2007 12:25 am --> Lord of The Roomz Joined: 22 Sep 2006 Posts: 1347 Location: Hell Again Jim's help? LOL That smells really bad rawene wrote: Stachu - I'm not sure I like you as much as I used to!! _________________ .....:::ENTER THE ROOMZ:::..... Life is a room where the password is 'death' Progress: Roomz: mine (45/45 +4) :	http://theroomz.19.forumer.com:80/viewtopic.php?t=236&start=125&sid=0c892ab91f8b899c616578b04962c74f
236	20080208155231	FoROOM ~ View topic - Room 44 - A real pain...	Stachu	ain... .:Stachu:. Posted: Fri Nov 23, 2007 12:25 am --> Lord of The Roomz Joined: 22 Sep 2006 Posts: 1347 Location: Hell Again Jim's help? LOL That smells really bad rawene wrote: Stachu - I'm not sure I like you as much as I used to!! _________________ .....:::ENTER THE ROOMZ:::..... Life is a room where the password is 'death' Progress: Roomz: mine (45/45 +4) :p, eri's (1/2), RG's (2/2), kish's (4/4 with magic :p), jan's (3/3) I'm offering help via PMs only if you like cryptic hints :p Back to top sas Posted: Fri Nov 23, 2007 12	http://theroomz.19.forumer.com:80/viewtopic.php?t=236&start=125&sid=0c892ab91f8b899c616578b04962c74f
236	20080208155231	FoROOM ~ View topic - Room 44 - A real pain...	password	s help? LOL That smells really bad rawene wrote: Stachu - I'm not sure I like you as much as I used to!! _________________ .....:::ENTER THE ROOMZ:::..... Life is a room where the password is 'death' Progress: Roomz: mine (45/45 +4) :p, eri's (1/2), RG's (2/2), kish's (4/4 with magic :p), jan's (3/3) I'm offering help via PMs only if you like cryptic hints :p Back to top sas Posted: Fri Nov 23, 2007 12:27 am --> Appreciated Helper Joined: 30 Oct 2006 Posts: 535 Location: Melbourne, Australia YAY rawene and Taz! Congrats! ___________	http://theroomz.19.forumer.com:80/viewtopic.php?t=236&start=125&sid=0c892ab91f8b899c616578b04962c74f
236	20080208155231	FoROOM ~ View topic - Room 44 - A real pain...	hint	re the password is 'death' Progress: Roomz: mine (45/45 +4) :p, eri's (1/2), RG's (2/2), kish's (4/4 with magic :p), jan's (3/3) I'm offering help via PMs only if you like cryptic hints :p Back to top sas Posted: Fri Nov 23, 2007 12:27 am --> Appreciated Helper Joined: 30 Oct 2006 Posts: 535 Location: Melbourne, Australia YAY rawene and Taz! Congrats! _________________ Progress: 45/45 + Bonus 4/4 PM if you need help! (include details of where/what you are stuck on) - I don't give out answers though. Back to top tazmind Posted: F	http://theroomz.19.forumer.com:80/viewtopic.php?t=236&start=125&sid=0c892ab91f8b899c616578b04962c74f
236	20080208155231	FoROOM ~ View topic - Room 44 - A real pain...	Stachu	are stuck on) - I don't give out answers though. Back to top tazmind Posted: Fri Nov 23, 2007 3:31 am --> Appreciated Helper Joined: 16 Feb 2007 Posts: 373 Location: New Zealand .:Stachu:. wrote: Again Jim's help? LOL That smells really bad rawene wrote: Stachu - I'm not sure I like you as much as I used to!! Lol... well IRC might need a bit of a clean up before anyone else goes in there... I was just finishing with Jimmy as Rawene arrived for her turn _________________ --------------------------- Status: In room 45, Last step 2/4	http://theroomz.19.forumer.com:80/viewtopic.php?t=236&start=125&sid=0c892ab91f8b899c616578b04962c74f
236	20080208155231	FoROOM ~ View topic - Room 44 - A real pain...	Stachu	: Fri Nov 23, 2007 3:31 am --> Appreciated Helper Joined: 16 Feb 2007 Posts: 373 Location: New Zealand .:Stachu:. wrote: Again Jim's help? LOL That smells really bad rawene wrote: Stachu - I'm not sure I like you as much as I used to!! Lol... well IRC might need a bit of a clean up before anyone else goes in there... I was just finishing with Jimmy as Rawene arrived for her turn _________________ --------------------------- Status: In room 45, Last step 2/4 ------------------------------ Roomz: 44/45 Bonus Roomz: 4/4 Feel Free to 	http://theroomz.19.forumer.com:80/viewtopic.php?t=236&start=125&sid=0c892ab91f8b899c616578b04962c74f
236	20080208155231	FoROOM ~ View topic - Room 44 - A real pain...	room 45	eed a bit of a clean up before anyone else goes in there... I was just finishing with Jimmy as Rawene arrived for her turn _________________ --------------------------- Status: In room 45, Last step 2/4 ------------------------------ Roomz: 44/45 Bonus Roomz: 4/4 Feel Free to PM me. WILL NOT SPOIL --------------------------- Back to top rawene Posted: Fri Nov 23, 2007 8:27 am --> Roomz addict Joined: 18 Oct 2006 Posts: 59 Location: New Zealand Jim Gamma is the greatest Helpful NON-SPOILY Encouraging/Speaks my language AND... he lis	http://theroomz.19.forumer.com:80/viewtopic.php?t=236&start=125&sid=0c892ab91f8b899c616578b04962c74f
236	20080208155231	FoROOM ~ View topic - Room 44 - A real pain...	Stachu	dict Joined: 18 Oct 2006 Posts: 59 Location: New Zealand Jim Gamma is the greatest Helpful NON-SPOILY Encouraging/Speaks my language AND... he listens. Girls move over - he's mine Stachu - stop knocking Basically - R44 4th note - read carefully - do what it says - *knock knock* - who's there? - me, I'll kill you :p ("Achmed the death terrorist" on youtube if anybody asks :p) _________________ PROGRESS: Room 44/45 BONUS Room 4/4 (Bonus 3 - was the best!!) (Bonus 4 - ROFL!!) Back to top oray Posted: Fri Nov 23, 2007 2:06 pm --> Litt	http://theroomz.19.forumer.com:80/viewtopic.php?t=236&start=125&sid=0c892ab91f8b899c616578b04962c74f
236	20080208155231	FoROOM ~ View topic - Room 44 - A real pain...	Room 44	e - read carefully - do what it says - *knock knock* - who's there? - me, I'll kill you :p ("Achmed the death terrorist" on youtube if anybody asks :p) _________________ PROGRESS: Room 44/45 BONUS Room 4/4 (Bonus 3 - was the best!!) (Bonus 4 - ROFL!!) Back to top oray Posted: Fri Nov 23, 2007 2:06 pm --> Little roomer Joined: 23 Aug 2007 Posts: 16 .:Stachu:. wrote: Look who's writing? :p Hiding in the shadows and waiting when 45 comes out? exactly!!! _________________ 44/44 if u pm me, u will get the answer for that room Back to to	http://theroomz.19.forumer.com:80/viewtopic.php?t=236&start=125&sid=0c892ab91f8b899c616578b04962c74f
236	20080208155231	FoROOM ~ View topic - Room 44 - A real pain...	Room 4	y - do what it says - *knock knock* - who's there? - me, I'll kill you :p ("Achmed the death terrorist" on youtube if anybody asks :p) _________________ PROGRESS: Room 44/45 BONUS Room 4/4 (Bonus 3 - was the best!!) (Bonus 4 - ROFL!!) Back to top oray Posted: Fri Nov 23, 2007 2:06 pm --> Little roomer Joined: 23 Aug 2007 Posts: 16 .:Stachu:. wrote: Look who's writing? :p Hiding in the shadows and waiting when 45 comes out? exactly!!! _________________ 44/44 if u pm me, u will get the answer for that room Back to top Jim Gamma Post	http://theroomz.19.forumer.com:80/viewtopic.php?t=236&start=125&sid=0c892ab91f8b899c616578b04962c74f
236	20080208155231	FoROOM ~ View topic - Room 44 - A real pain...	Stachu	OGRESS: Room 44/45 BONUS Room 4/4 (Bonus 3 - was the best!!) (Bonus 4 - ROFL!!) Back to top oray Posted: Fri Nov 23, 2007 2:06 pm --> Little roomer Joined: 23 Aug 2007 Posts: 16 .:Stachu:. wrote: Look who's writing? :p Hiding in the shadows and waiting when 45 comes out? exactly!!! _________________ 44/44 if u pm me, u will get the answer for that room Back to top Jim Gamma Posted: Fri Nov 23, 2007 3:59 pm --> Appreciated Helper Joined: 17 Oct 2006 Posts: 841 Location: London, England *blush* Thanks Rawene Glad you both made it! A	http://theroomz.19.forumer.com:80/viewtopic.php?t=236&start=125&sid=0c892ab91f8b899c616578b04962c74f
236	20080208155231	FoROOM ~ View topic - Room 44 - A real pain...	Stachu	 to top Jim Gamma Posted: Fri Nov 23, 2007 3:59 pm --> Appreciated Helper Joined: 17 Oct 2006 Posts: 841 Location: London, England *blush* Thanks Rawene Glad you both made it! And Stachu, all I did was be encouraging. :p I spoiled nothing. Heck, I encouraged at least ONE wrong path just to get Taz and Rawene to explore all options. :p _________________ I am available to answer PMs requesting hints. I will NOT give out answers, just major hints. PROGRESS: 45/45 BONUS: 1-4 KISH: 1-2 ERI: 1 (3rd note) JAN: 5 Back to top .:Stachu:. Po	http://theroomz.19.forumer.com:80/viewtopic.php?t=236&start=125&sid=0c892ab91f8b899c616578b04962c74f
236	20080208155231	FoROOM ~ View topic - Room 44 - A real pain...	hint	g. :p I spoiled nothing. Heck, I encouraged at least ONE wrong path just to get Taz and Rawene to explore all options. :p _________________ I am available to answer PMs requesting hints. I will NOT give out answers, just major hints. PROGRESS: 45/45 BONUS: 1-4 KISH: 1-2 ERI: 1 (3rd note) JAN: 5 Back to top .:Stachu:. Posted: Fri Nov 23, 2007 4:47 pm --> Lord of The Roomz Joined: 22 Sep 2006 Posts: 1347 Location: Hell I know Jim, I'm teasing a bit :p But I know that u CAN give spoily hints, I saw that :p I know you're messing aro	http://theroomz.19.forumer.com:80/viewtopic.php?t=236&start=125&sid=0c892ab91f8b899c616578b04962c74f
236	20080208155231	FoROOM ~ View topic - Room 44 - A real pain...	hint	least ONE wrong path just to get Taz and Rawene to explore all options. :p _________________ I am available to answer PMs requesting hints. I will NOT give out answers, just major hints. PROGRESS: 45/45 BONUS: 1-4 KISH: 1-2 ERI: 1 (3rd note) JAN: 5 Back to top .:Stachu:. Posted: Fri Nov 23, 2007 4:47 pm --> Lord of The Roomz Joined: 22 Sep 2006 Posts: 1347 Location: Hell I know Jim, I'm teasing a bit :p But I know that u CAN give spoily hints, I saw that :p I know you're messing around. And yeah, sometimes I do spoil a bit, but 	http://theroomz.19.forumer.com:80/viewtopic.php?t=236&start=125&sid=0c892ab91f8b899c616578b04962c74f
236	20080208155231	FoROOM ~ View topic - Room 44 - A real pain...	Stachu	_________ I am available to answer PMs requesting hints. I will NOT give out answers, just major hints. PROGRESS: 45/45 BONUS: 1-4 KISH: 1-2 ERI: 1 (3rd note) JAN: 5 Back to top .:Stachu:. Posted: Fri Nov 23, 2007 4:47 pm --> Lord of The Roomz Joined: 22 Sep 2006 Posts: 1347 Location: Hell I know Jim, I'm teasing a bit :p But I know that u CAN give spoily hints, I saw that :p I know you're messing around. And yeah, sometimes I do spoil a bit, but it takes a LOT of wrong answers before I get that far. _________________ .....:::ENTE	http://theroomz.19.forumer.com:80/viewtopic.php?t=236&start=125&sid=0c892ab91f8b899c616578b04962c74f
236	20080208155231	FoROOM ~ View topic - Room 44 - A real pain...	hint	.:Stachu:. Posted: Fri Nov 23, 2007 4:47 pm --> Lord of The Roomz Joined: 22 Sep 2006 Posts: 1347 Location: Hell I know Jim, I'm teasing a bit :p But I know that u CAN give spoily hints, I saw that :p I know you're messing around. And yeah, sometimes I do spoil a bit, but it takes a LOT of wrong answers before I get that far. _________________ .....:::ENTER THE ROOMZ:::..... Life is a room where the password is 'death' Progress: Roomz: mine (45/45 +4) :p, eri's (1/2), RG's (2/2), kish's (4/4 with magic :p), jan's (3/3) I'm offer	http://theroomz.19.forumer.com:80/viewtopic.php?t=236&start=125&sid=0c892ab91f8b899c616578b04962c74f
236	20080208155231	FoROOM ~ View topic - Room 44 - A real pain...	password	around. And yeah, sometimes I do spoil a bit, but it takes a LOT of wrong answers before I get that far. _________________ .....:::ENTER THE ROOMZ:::..... Life is a room where the password is 'death' Progress: Roomz: mine (45/45 +4) :p, eri's (1/2), RG's (2/2), kish's (4/4 with magic :p), jan's (3/3) I'm offering help via PMs only if you like cryptic hints :p Back to top plzhelpme Posted: Tue Nov 27, 2007 2:09 am --> Wanderer Joined: 05 Sep 2007 Posts: 9 I believe I have done this room. Thanks for everyone who helped me!!! The end p	http://theroomz.19.forumer.com:80/viewtopic.php?t=236&start=125&sid=0c892ab91f8b899c616578b04962c74f
236	20080208155231	FoROOM ~ View topic - Room 44 - A real pain...	hint	re the password is 'death' Progress: Roomz: mine (45/45 +4) :p, eri's (1/2), RG's (2/2), kish's (4/4 with magic :p), jan's (3/3) I'm offering help via PMs only if you like cryptic hints :p Back to top plzhelpme Posted: Tue Nov 27, 2007 2:09 am --> Wanderer Joined: 05 Sep 2007 Posts: 9 I believe I have done this room. Thanks for everyone who helped me!!! The end part still make me confused little bit. Feel really lost... Waiting for r45. Thanks for Stachu's effort! _________________ normal roomz: 44 completed. bonus rooms: 1/4 co	http://theroomz.19.forumer.com:80/viewtopic.php?t=236&start=125&sid=0c892ab91f8b899c616578b04962c74f
236	20080208155231	FoROOM ~ View topic - Room 44 - A real pain...	Stachu	2007 Posts: 9 I believe I have done this room. Thanks for everyone who helped me!!! The end part still make me confused little bit. Feel really lost... Waiting for r45. Thanks for Stachu's effort! _________________ normal roomz: 44 completed. bonus rooms: 1/4 complete kish: 0/3 eri 0/2,got the "feel ..."note; Back to top sas Posted: Tue Nov 27, 2007 3:05 am --> Appreciated Helper Joined: 30 Oct 2006 Posts: 535 Location: Melbourne, Australia Did you get the usual transmission lost screen? If so then you made it to the end _________	http://theroomz.19.forumer.com:80/viewtopic.php?t=236&start=125&sid=0c892ab91f8b899c616578b04962c74f
236	20080208155231	FoROOM ~ View topic - Room 44 - A real pain...	hint	Back to top Silent Roomer Posted: Fri Dec 14, 2007 5:33 pm --> Wanderer Joined: 02 Nov 2007 Posts: 3 Location: 45°35'42.31"N; 8°56'30.83"E 4th note. Found the b* and the connected hint. But I don't see any track of the thing to be found (well, I however found some of the previous words). Or this awesome roomz are getting really exigent or I'm becoming less perspicacious... So, I've got this half thougth.... yes, I could ask the help of some pious guy/gal reading this message. Completely off-topic: nice new avatar Stachu. But the	http://theroomz.19.forumer.com:80/viewtopic.php?t=236&start=125&sid=0c892ab91f8b899c616578b04962c74f
236	20080208155231	FoROOM ~ View topic - Room 44 - A real pain...	Stachu	r I'm becoming less perspicacious... So, I've got this half thougth.... yes, I could ask the help of some pious guy/gal reading this message. Completely off-topic: nice new avatar Stachu. But the old one was more realistic. Back to top paulcito Posted: Mon Dec 17, 2007 7:03 pm --> Junior Helper Joined: 28 Sep 2007 Posts: 155 Location: Montevideo, Uruguay Stuck on the 4th note,.. Goit the b* and the "!"... Got the connection... and the words to look for... but it's a really big b*... where exactly do I have to look???? Stachu... Yo	http://theroomz.19.forumer.com:80/viewtopic.php?t=236&start=125&sid=0c892ab91f8b899c616578b04962c74f
236	20080208155231	FoROOM ~ View topic - Room 44 - A real pain...	Stachu	deo, Uruguay Stuck on the 4th note,.. Goit the b* and the "!"... Got the connection... and the words to look for... but it's a really big b*... where exactly do I have to look???? Stachu... Your old image is mor appropriate for your evil spirit... that's only ur imagination, dear friend :p _________________ One Roomz, to rule them all.... Roomz 44/45 Bonus Roomz 1,2,4 (won't do 3, don't like its kind...) jan's riddles 5/5 RG riddles 1/2 kish rooms 1/3 Back to top tazmind Posted: Mon Dec 17, 2007 10:18 pm --> Appreciated Helper Joi	http://theroomz.19.forumer.com:80/viewtopic.php?t=236&start=125&sid=0c892ab91f8b899c616578b04962c74f
236	20080208155231	FoROOM ~ View topic - Room 44 - A real pain...	room 45	ppreciated Helper Joined: 16 Feb 2007 Posts: 373 Location: New Zealand Paulcito, Silent Roomer... PM me with what you have _________________ --------------------------- Status: In room 45, Last step 2/4 ------------------------------ Roomz: 44/45 Bonus Roomz: 4/4 Feel Free to PM me. WILL NOT SPOIL --------------------------- Back to top paulcito Posted: Tue Dec 18, 2007 4:58 pm --> Junior Helper Joined: 28 Sep 2007 Posts: 155 Location: Montevideo, Uruguay sas wrote: Did you get the usual transmission lost screen? If so then you mad	http://theroomz.19.forumer.com:80/viewtopic.php?t=236&start=125&sid=0c892ab91f8b899c616578b04962c74f
236	20080208155231	FoROOM ~ View topic - Room 44 - A real pain...	room 44	n's riddles 5/5 RG riddles 1/2 kish rooms 1/3 Back to top ThemePark Posted: Thu Dec 27, 2007 2:06 pm --> Roomz addict Joined: 01 Jul 2007 Posts: 56 Well, I am, of course, stuck on room 44 again. All I have left to decode are the letters and the pink note. I know what the pink note refers to, and have decoded it all, but I don't know what the very last line refers to. Or well, I have a suspicion that turned out to not work. And as for the letters, I had a few ideas, but none of them gave me anything useful, or anything that makes se	http://theroomz.19.forumer.com:80/viewtopic.php?t=236&start=125&sid=0c892ab91f8b899c616578b04962c74f
236	20080208155231	FoROOM ~ View topic - Room 44 - A real pain...	hint	o. Or well, I have a suspicion that turned out to not work. And as for the letters, I had a few ideas, but none of them gave me anything useful, or anything that makes sense. So a hint of some sort would be appreciated. Back to top paulcito Posted: Thu Dec 27, 2007 6:58 pm --> Junior Helper Joined: 28 Sep 2007 Posts: 155 Location: Montevideo, Uruguay Focus on the letters.... Carefully... Very carefully... _________________ One Roomz, to rule them all.... Roomz 44/45 Bonus Roomz 1,2,4 (won't do 3, don't like its kind...) jan's ri	http://theroomz.19.forumer.com:80/viewtopic.php?t=236&start=125&sid=0c892ab91f8b899c616578b04962c74f
236	20080208155231	FoROOM ~ View topic - Room 44 - A real pain...	hint	 trick, Oh Evil One. Oh Evil One? Was it aimed at satan? :p *puts on saint cross* :p EDIT 2: note 4. I should add "thanks sas" to my signature EDIT 3: finally out, with a thousand hints from sas. What will do I on R45 where sas cannot give hints? 41.48. Back to top Display posts from previous: All Posts 1 Day 7 Days 2 Weeks 1 Month 3 Months 6 Months 1 Year Oldest First Newest First All times are GMT + 1 Hour View next topic View previous topic Page 6 of 6 Goto page Previous 1 , 2 , 3 , 4 , 5 , 6 FoROOM Forum Index ~ Roomz Jump t	http://theroomz.19.forumer.com:80/viewtopic.php?t=236&start=125&sid=0c892ab91f8b899c616578b04962c74f
236	20080208155231	FoROOM ~ View topic - Room 44 - A real pain...	hint	*puts on saint cross* :p EDIT 2: note 4. I should add "thanks sas" to my signature EDIT 3: finally out, with a thousand hints from sas. What will do I on R45 where sas cannot give hints? 41.48. Back to top Display posts from previous: All Posts 1 Day 7 Days 2 Weeks 1 Month 3 Months 6 Months 1 Year Oldest First Newest First All times are GMT + 1 Hour View next topic View previous topic Page 6 of 6 Goto page Previous 1 , 2 , 3 , 4 , 5 , 6 FoROOM Forum Index ~ Roomz Jump to: Select a forum Message Board ---------------- News & info	http://theroomz.19.forumer.com:80/viewtopic.php?t=236&start=125&sid=0c892ab91f8b899c616578b04962c74f
78	20080208155857	FoROOM ~ View topic - room 28 - we love numbers!	hint	orking on the first bit of paper for 6 days now... i have about 6 A3 sized sheets of paper with everything and anything my brain would come up with to decode the damn thing... any hints would be appretiated _________________ --------------------------- Status: In room 45, Last step 2/4 ------------------------------ Roomz: 44/45 Bonus Roomz: 4/4 Feel Free to PM me. WILL NOT SPOIL --------------------------- Back to top shpwnz Posted: Sun May 27, 2007 10:52 am --> Supreme roomer Joined: 23 May 2007 Posts: 263 Location: Following 	http://theroomz.19.forumer.com:80/viewtopic.php?t=78&start=125&sid=0c892ab91f8b899c616578b04962c74f
78	20080208155857	FoROOM ~ View topic - room 28 - we love numbers!	room 45	 paper with everything and anything my brain would come up with to decode the damn thing... any hints would be appretiated _________________ --------------------------- Status: In room 45, Last step 2/4 ------------------------------ Roomz: 44/45 Bonus Roomz: 4/4 Feel Free to PM me. WILL NOT SPOIL --------------------------- Back to top shpwnz Posted: Sun May 27, 2007 10:52 am --> Supreme roomer Joined: 23 May 2007 Posts: 263 Location: Following Stachu In HELL! i got stuck in room 28 so i tried bonus it was easy anyway... need a bi	http://theroomz.19.forumer.com:80/viewtopic.php?t=78&start=125&sid=0c892ab91f8b899c616578b04962c74f
78	20080208155857	FoROOM ~ View topic - room 28 - we love numbers!	hint	per Joined: 17 Oct 2006 Posts: 841 Location: London, England No problem! That last twist takes a little work, doesn't it? _________________ I am available to answer PMs requesting hints. I will NOT give out answers, just major hints. PROGRESS: 45/45 BONUS: 1-4 KISH: 1-2 ERI: 1 (3rd note) JAN: 5 Back to top tazmind Posted: Wed May 30, 2007 10:21 pm --> Appreciated Helper Joined: 16 Feb 2007 Posts: 373 Location: New Zealand No not threating.... as tempting as it is _________________ --------------------------- Status: In room 45, 	http://theroomz.19.forumer.com:80/viewtopic.php?t=78&start=125&sid=0c892ab91f8b899c616578b04962c74f
78	20080208155857	FoROOM ~ View topic - room 28 - we love numbers!	hint	ndon, England No problem! That last twist takes a little work, doesn't it? _________________ I am available to answer PMs requesting hints. I will NOT give out answers, just major hints. PROGRESS: 45/45 BONUS: 1-4 KISH: 1-2 ERI: 1 (3rd note) JAN: 5 Back to top tazmind Posted: Wed May 30, 2007 10:21 pm --> Appreciated Helper Joined: 16 Feb 2007 Posts: 373 Location: New Zealand No not threating.... as tempting as it is _________________ --------------------------- Status: In room 45, Last step 2/4 ------------------------------ Ro	http://theroomz.19.forumer.com:80/viewtopic.php?t=78&start=125&sid=0c892ab91f8b899c616578b04962c74f
78	20080208155857	FoROOM ~ View topic - room 28 - we love numbers!	room 45	1 pm --> Appreciated Helper Joined: 16 Feb 2007 Posts: 373 Location: New Zealand No not threating.... as tempting as it is _________________ --------------------------- Status: In room 45, Last step 2/4 ------------------------------ Roomz: 44/45 Bonus Roomz: 4/4 Feel Free to PM me. WILL NOT SPOIL --------------------------- Back to top unicornseraph Posted: Fri Jun 01, 2007 1:54 pm --> Roomz addict Joined: 24 Oct 2006 Posts: 72 welcome back guys silly silly me has lost the password for this room any chance of a reminder plzzz anyo	http://theroomz.19.forumer.com:80/viewtopic.php?t=78&start=125&sid=0c892ab91f8b899c616578b04962c74f
10	20080208154205	FoROOM ~ View topic - Room 5 - cloudy clouds	room 45	es, Please dont double post, just edit your previous post and keep the boards tidy! Oh, and keep trying... it will hit you _________________ --------------------------- Status: In room 45, Last step 2/4 ------------------------------ Roomz: 44/45 Bonus Roomz: 4/4 Feel Free to PM me. WILL NOT SPOIL --------------------------- Back to top chendo Posted: Tue Dec 11, 2007 4:01 am --> Wanderer Joined: 10 Dec 2007 Posts: 3 the blue dot, it has to do with the [removed] Please do not spoil. i´m sorry for that before there is no happend aga	http://theroomz.19.forumer.com:80/viewtopic.php?t=10&start=150&sid=0c892ab91f8b899c616578b04962c74f
121	20080208154325	FoROOM ~ View topic - Room 31 - What the hell?!	room 45	-> Appreciated Helper Joined: 16 Feb 2007 Posts: 373 Location: New Zealand think carefully... you are missing somethig.... _________________ --------------------------- Status: In room 45, Last step 2/4 ------------------------------ Roomz: 44/45 Bonus Roomz: 4/4 Feel Free to PM me. WILL NOT SPOIL --------------------------- Back to top Arik Posted: Mon Oct 29, 2007 9:15 pm --> Roomz addict Joined: 21 Oct 2007 Posts: 82 Location: Whereabouts are classified Ofcourse i'm missing something! Or else why would I be here typing. Question	http://theroomz.19.forumer.com:80/viewtopic.php?t=121&start=150&sid=0c892ab91f8b899c616578b04962c74f
121	20080208154325	FoROOM ~ View topic - Room 31 - What the hell?!	room 45	n Oct 29, 2007 9:23 pm --> Appreciated Helper Joined: 16 Feb 2007 Posts: 373 Location: New Zealand THINK what is your aim? _________________ --------------------------- Status: In room 45, Last step 2/4 ------------------------------ Roomz: 44/45 Bonus Roomz: 4/4 Feel Free to PM me. WILL NOT SPOIL --------------------------- Back to top Arik Posted: Mon Oct 29, 2007 9:25 pm --> Roomz addict Joined: 21 Oct 2007 Posts: 82 Location: Whereabouts are classified to get out of hell... or is it to annoy you? One or another. Back to top taz	http://theroomz.19.forumer.com:80/viewtopic.php?t=121&start=150&sid=0c892ab91f8b899c616578b04962c74f
121	20080208154325	FoROOM ~ View topic - Room 31 - What the hell?!	room 45	, 2007 9:26 pm --> Appreciated Helper Joined: 16 Feb 2007 Posts: 373 Location: New Zealand but what do you need to do this _________________ --------------------------- Status: In room 45, Last step 2/4 ------------------------------ Roomz: 44/45 Bonus Roomz: 4/4 Feel Free to PM me. WILL NOT SPOIL --------------------------- Back to top Arik Posted: Mon Oct 29, 2007 9:29 pm --> Roomz addict Joined: 21 Oct 2007 Posts: 82 Location: Whereabouts are classified oh i get it to FIND the way out thx.. Well I got both things I need to get o	http://theroomz.19.forumer.com:80/viewtopic.php?t=121&start=150&sid=0c892ab91f8b899c616578b04962c74f
121	20080208154325	FoROOM ~ View topic - Room 31 - What the hell?!	room 45	ned: 16 Feb 2007 Posts: 373 Location: New Zealand Think... what do you need to open the door.... That you dont have so far _________________ --------------------------- Status: In room 45, Last step 2/4 ------------------------------ Roomz: 44/45 Bonus Roomz: 4/4 Feel Free to PM me. WILL NOT SPOIL --------------------------- Back to top 24653187 Posted: Wed Dec 05, 2007 10:24 am --> Roomz addict Joined: 19 Oct 2007 Posts: 60 finally...here are some hints for others if you cant really find or see it try to put it in other place! [Oo	http://theroomz.19.forumer.com:80/viewtopic.php?t=121&start=150&sid=0c892ab91f8b899c616578b04962c74f
13	20080208154446	FoROOM ~ View topic - Level 4 - forgotten life	room 45	, 2007 11:39 pm --> Appreciated Helper Joined: 16 Feb 2007 Posts: 373 Location: New Zealand Have you got the instructions? _________________ --------------------------- Status: In room 45, Last step 2/4 ------------------------------ Roomz: 44/45 Bonus Roomz: 4/4 Feel Free to PM me. WILL NOT SPOIL --------------------------- Back to top reemeloo Posted: Mon Aug 27, 2007 12:19 am --> Wanderer Joined: 27 Aug 2007 Posts: 1 i need the last word i have [edited: spoilers] , i really want that word, i can't find him Don't spoil! Read the 	http://theroomz.19.forumer.com:80/viewtopic.php?t=13&start=150&sid=0c892ab91f8b899c616578b04962c74f
13	20080208154446	FoROOM ~ View topic - Level 4 - forgotten life	room 45	ave [edited: spoilers] , i really want that word, i can't find him Don't spoil! Read the rules instead pls Look everywhere _________________ --------------------------- Status: In room 45, Last step 2/4 ------------------------------ Roomz: 44/45 Bonus Roomz: 4/4 Feel Free to PM me. WILL NOT SPOIL --------------------------- Back to top Q-Idel Posted: Tue Aug 28, 2007 4:14 pm --> Little roomer Joined: 28 Aug 2007 Posts: 16 Location: Rochester, NY hi all! played the demo, then thought I'd try the full game. I thought the first three	http://theroomz.19.forumer.com:80/viewtopic.php?t=13&start=150&sid=0c892ab91f8b899c616578b04962c74f
15	20080208154647	FoROOM ~ View topic - Room 2 - the truth of bricks	room 45	ted: Sat Aug 18, 2007 10:29 pm --> Appreciated Helper Joined: 16 Feb 2007 Posts: 373 Location: New Zealand Great Job Atina _________________ --------------------------- Status: In room 45, Last step 2/4 ------------------------------ Roomz: 44/45 Bonus Roomz: 4/4 Feel Free to PM me. WILL NOT SPOIL --------------------------- Back to top beika Posted: Wed Aug 22, 2007 3:10 pm --> Little roomer Joined: 20 Aug 2007 Posts: 11 i must be stupid or something... i cant get out of this room!!! i need help please!! Back to top dgupta Posted:	http://theroomz.19.forumer.com:80/viewtopic.php?t=15&start=150&sid=0c892ab91f8b899c616578b04962c74f
15	20080208154647	FoROOM ~ View topic - Room 2 - the truth of bricks	room 45	to get 1 letter using the HS system but i can't make a word out of the numbers i have got then your not trying hard enough _________________ --------------------------- Status: In room 45, Last step 2/4 ------------------------------ Roomz: 44/45 Bonus Roomz: 4/4 Feel Free to PM me. WILL NOT SPOIL --------------------------- Back to top paulcito Posted: Fri Sep 28, 2007 12:46 pm --> Junior Helper Joined: 28 Sep 2007 Posts: 155 Location: Montevideo, Uruguay ¿how many letters do I need to solve this room? I've found all of them Back 	http://theroomz.19.forumer.com:80/viewtopic.php?t=15&start=150&sid=0c892ab91f8b899c616578b04962c74f
15	20080208154647	FoROOM ~ View topic - Room 2 - the truth of bricks	room 45	oice?? I have always been Evil There is ALWAYS a choice. You could have been satanic. hmmm true... at least i am ONLY evil _________________ --------------------------- Status: In room 45, Last step 2/4 ------------------------------ Roomz: 44/45 Bonus Roomz: 4/4 Feel Free to PM me. WILL NOT SPOIL --------------------------- Back to top rawrxwoah Posted: Wed Nov 28, 2007 1:00 am --> Wanderer Joined: 28 Nov 2007 Posts: 1 can someome PM me and tellme what to do with the letters? i'm mundo comfused. =[[[[ Back to top .:Stachu:. Posted	http://theroomz.19.forumer.com:80/viewtopic.php?t=15&start=150&sid=0c892ab91f8b899c616578b04962c74f
15	20080208154647	FoROOM ~ View topic - Room 2 - the truth of bricks	room 45	Dec 12, 2007 9:30 pm --> Appreciated Helper Joined: 16 Feb 2007 Posts: 373 Location: New Zealand Elsy... try what you know _________________ --------------------------- Status: In room 45, Last step 2/4 ------------------------------ Roomz: 44/45 Bonus Roomz: 4/4 Feel Free to PM me. WILL NOT SPOIL --------------------------- Back to top Display posts from previous: All Posts 1 Day 7 Days 2 Weeks 1 Month 3 Months 6 Months 1 Year Oldest First Newest First All times are GMT + 1 Hour View next topic View previous topic Page 7 of 9 Goto	http://theroomz.19.forumer.com:80/viewtopic.php?t=15&start=150&sid=0c892ab91f8b899c616578b04962c74f
212	20080208155125	FoROOM ~ View topic - Room 43 - Underwater journey	Room 43	FoROOM ~ View topic - Room 43 - Underwater journey FAQ Search Memberlist Usergroups fChat Log in Register Author Message Roomz ~ Room 43 - Underwater journey RedneckGrl56 Posted: Tue Feb 05, 2008 11:29 pm --> Roomz fan Joined: 27 Jun 2007 Posts: 29 Location: Texas Hi. Been busy for a while, decided to come back and try this room again...lost all my notes so I had to start over	http://theroomz.19.forumer.com:80/viewtopic.php?t=212&start=150&sid=0c892ab91f8b899c616578b04962c74f
212	20080208155125	FoROOM ~ View topic - Room 43 - Underwater journey	Room 43	FoROOM ~ View topic - Room 43 - Underwater journey FAQ Search Memberlist Usergroups fChat Log in Register Author Message Roomz ~ Room 43 - Underwater journey RedneckGrl56 Posted: Tue Feb 05, 2008 11:29 pm --> Roomz fan Joined: 27 Jun 2007 Posts: 29 Location: Texas Hi. Been busy for a while, decided to come back and try this room again...lost all my notes so I had to start over, but I'm still stuck in the same spot as before... At the door. I know m******. Can't get anything from th	http://theroomz.19.forumer.com:80/viewtopic.php?t=212&start=150&sid=0c892ab91f8b899c616578b04962c74f
212	20080208155125	FoROOM ~ View topic - Room 43 - Underwater journey	room 45	-> Appreciated Helper Joined: 16 Feb 2007 Posts: 373 Location: New Zealand if you have found them use them... think simple _________________ --------------------------- Status: In room 45, Last step 2/4 ------------------------------ Roomz: 44/45 Bonus Roomz: 4/4 Feel Free to PM me. WILL NOT SPOIL --------------------------- Back to top Display posts from previous: All Posts 1 Day 7 Days 2 Weeks 1 Month 3 Months 6 Months 1 Year Oldest First Newest First All times are GMT + 1 Hour View next topic View previous topic Page 7 of 7 Goto	http://theroomz.19.forumer.com:80/viewtopic.php?t=212&start=150&sid=0c892ab91f8b899c616578b04962c74f
60	20080208155803	FoROOM ~ View topic - Room 24 - Upside down and sideways	room 40	Wanderer Joined: 11 Jan 2008 Posts: 3 Can you be more specific about what you mean by 'the d***** bit'? Where exactly are you stuck? The last bit, I think. _________________ On to room 40... Back to top Music is my life Posted: Thu Jan 24, 2008 10:10 pm --> Little roomer Joined: 30 Nov 2007 Posts: 16 Location: AUSTRALIA!!!!! soz if I was spoily I got a note about the p******* in d***** If you could help that would be nice and I dont know which locker to use. should I pm someone with what I am up to? Back to top Jim Gamma Posted: Th	http://theroomz.19.forumer.com:80/viewtopic.php?t=60&start=150&sid=0c892ab91f8b899c616578b04962c74f
11	20080208154243	FoROOM ~ View topic - Room 6 - which wicked witch is which?!	room 45	ined: 16 Feb 2007 Posts: 373 Location: New Zealand the word will hopefully become obvious... just focus on what your doing _________________ --------------------------- Status: In room 45, Last step 2/4 ------------------------------ Roomz: 44/45 Bonus Roomz: 4/4 Feel Free to PM me. WILL NOT SPOIL --------------------------- Back to top paulcito Posted: Fri Oct 05, 2007 1:18 pm --> Junior Helper Joined: 28 Sep 2007 Posts: 155 Location: Montevideo, Uruguay I'm confused.. Do I need that "thing" or not??????? Back to top Jim Gamma Pos	http://theroomz.19.forumer.com:80/viewtopic.php?t=11&start=175&sid=0c892ab91f8b899c616578b04962c74f
13	20080208154451	FoROOM ~ View topic - Level 4 - forgotten life	Stachu	ture so that I can help you. _________________ "Reading Makes Life a Whole Lot Easier!" Rooms Complete 38/45 Kish 0/4 Jan 0/10 I can help you for rooms 1 to 38. PM me if you want. Stachu, can't you spare us any kindness for future rooms? Back to top tazmind Posted: Fri Jan 04, 2008 2:06 am --> Appreciated Helper Joined: 16 Feb 2007 Posts: 373 Location: New Zealand mz.... look EVERYWHERE _________________ --------------------------- Status: In room 45, Last step 2/4 ------------------------------ Roomz: 44/45 Bonus Roomz: 4/4 Feel 	http://theroomz.19.forumer.com:80/viewtopic.php?t=13&start=175&sid=0c892ab91f8b899c616578b04962c74f
13	20080208154451	FoROOM ~ View topic - Level 4 - forgotten life	room 45	ri Jan 04, 2008 2:06 am --> Appreciated Helper Joined: 16 Feb 2007 Posts: 373 Location: New Zealand mz.... look EVERYWHERE _________________ --------------------------- Status: In room 45, Last step 2/4 ------------------------------ Roomz: 44/45 Bonus Roomz: 4/4 Feel Free to PM me. WILL NOT SPOIL --------------------------- Back to top Kaori Posted: Fri Jan 04, 2008 4:31 am --> Wanderer Joined: 03 Jan 2008 Posts: 2 Okay...so yeah...XD I have all four words and I'm pretty sure I get what to do with the power box, but I'm not sure w	http://theroomz.19.forumer.com:80/viewtopic.php?t=13&start=175&sid=0c892ab91f8b899c616578b04962c74f
11	20080208154245	FoROOM ~ View topic - Room 6 - which wicked witch is which?!	Stachu	2, 2007 1:32 am --> Appreciated Helper Joined: 16 Feb 2007 Posts: 373 Location: New Zealand Please dont double post, or post anything that may give away answers for anyone else... Stachu will edit in a sec _________________ --------------------------- Status: In room 45, Last step 2/4 ------------------------------ Roomz: 44/45 Bonus Roomz: 4/4 Feel Free to PM me. WILL NOT SPOIL --------------------------- Back to top .:Stachu:. Posted: Wed Dec 12, 2007 1:35 am --> Lord of The Roomz Joined: 22 Sep 2006 Posts: 1347 Location: Hell A	http://theroomz.19.forumer.com:80/viewtopic.php?t=11&start=200&sid=0c892ab91f8b899c616578b04962c74f
11	20080208154245	FoROOM ~ View topic - Room 6 - which wicked witch is which?!	room 45	 Zealand Please dont double post, or post anything that may give away answers for anyone else... Stachu will edit in a sec _________________ --------------------------- Status: In room 45, Last step 2/4 ------------------------------ Roomz: 44/45 Bonus Roomz: 4/4 Feel Free to PM me. WILL NOT SPOIL --------------------------- Back to top .:Stachu:. Posted: Wed Dec 12, 2007 1:35 am --> Lord of The Roomz Joined: 22 Sep 2006 Posts: 1347 Location: Hell All I can say is that it's all the same, just a lil'bit different _________________ .	http://theroomz.19.forumer.com:80/viewtopic.php?t=11&start=200&sid=0c892ab91f8b899c616578b04962c74f
11	20080208154245	FoROOM ~ View topic - Room 6 - which wicked witch is which?!	Stachu	------- Status: In room 45, Last step 2/4 ------------------------------ Roomz: 44/45 Bonus Roomz: 4/4 Feel Free to PM me. WILL NOT SPOIL --------------------------- Back to top .:Stachu:. Posted: Wed Dec 12, 2007 1:35 am --> Lord of The Roomz Joined: 22 Sep 2006 Posts: 1347 Location: Hell All I can say is that it's all the same, just a lil'bit different _________________ .....:::ENTER THE ROOMZ:::..... Life is a room where the password is 'death' Progress: Roomz: mine (45/45 +4) :p, eri's (1/2), RG's (2/2), kish's (4/4 with magic	http://theroomz.19.forumer.com:80/viewtopic.php?t=11&start=200&sid=0c892ab91f8b899c616578b04962c74f
11	20080208154245	FoROOM ~ View topic - Room 6 - which wicked witch is which?!	room 45	lil-sxc-kelc wrote: im stuck can someone help me plz PM me with details of where you are and what you have tryed... Thanks _________________ --------------------------- Status: In room 45, Last step 2/4 ------------------------------ Roomz: 44/45 Bonus Roomz: 4/4 Feel Free to PM me. WILL NOT SPOIL --------------------------- Back to top lil-sxc-kelc Posted: Wed Jan 02, 2008 4:50 pm --> Wanderer Joined: 01 Jan 2008 Posts: 8 Location: essex, UK ryt i have dun swumink in the room i opened the door to but cnt seem to go any further cn 	http://theroomz.19.forumer.com:80/viewtopic.php?t=11&start=200&sid=0c892ab91f8b899c616578b04962c74f
11	20080208154245	FoROOM ~ View topic - Room 6 - which wicked witch is which?!	Stachu	Posted: Tue Jan 08, 2008 9:22 pm --> Appreciated Helper Joined: 16 Feb 2007 Posts: 373 Location: New Zealand You can PM any of the Appretiated Helpers, or the Junior Helpers, also Stachu might help if you are lucky _________________ --------------------------- Status: In room 45, Last step 2/4 ------------------------------ Roomz: 44/45 Bonus Roomz: 4/4 Feel Free to PM me. WILL NOT SPOIL --------------------------- Back to top puzzle_hunter Posted: Tue Jan 08, 2008 9:27 pm --> Junior Helper Joined: 31 Dec 2007 Posts: 210 Location:	http://theroomz.19.forumer.com:80/viewtopic.php?t=11&start=200&sid=0c892ab91f8b899c616578b04962c74f
11	20080208154245	FoROOM ~ View topic - Room 6 - which wicked witch is which?!	room 45	ion: New Zealand You can PM any of the Appretiated Helpers, or the Junior Helpers, also Stachu might help if you are lucky _________________ --------------------------- Status: In room 45, Last step 2/4 ------------------------------ Roomz: 44/45 Bonus Roomz: 4/4 Feel Free to PM me. WILL NOT SPOIL --------------------------- Back to top puzzle_hunter Posted: Tue Jan 08, 2008 9:27 pm --> Junior Helper Joined: 31 Dec 2007 Posts: 210 Location: The Local Library, USA Many people say in their signature lines that they are available for 	http://theroomz.19.forumer.com:80/viewtopic.php?t=11&start=200&sid=0c892ab91f8b899c616578b04962c74f
14	20080208154551	FoROOM ~ View topic - Room 3 - shape, shape, shape	room 45	07 Posts: 373 Location: New Zealand tomboy, if you have some shapes, the rest should be easy. pm me if you are still stuck _________________ --------------------------- Status: In room 45, Last step 2/4 ------------------------------ Roomz: 44/45 Bonus Roomz: 4/4 Feel Free to PM me. WILL NOT SPOIL --------------------------- Back to top Zed Posted: Thu Jan 24, 2008 1:41 am --> Wanderer Joined: 24 Jan 2008 Posts: 1 This "K" thing is confusing me...all I see is a hook in the game...and also looking at my hands the only thing I see re	http://theroomz.19.forumer.com:80/viewtopic.php?t=14&start=200&sid=0c892ab91f8b899c616578b04962c74f
11	20080208154250	FoROOM ~ View topic - Room 6 - which wicked witch is which?!	room 45	Fri Jan 18, 2008 8:53 pm --> Appreciated Helper Joined: 16 Feb 2007 Posts: 373 Location: New Zealand Have you got a space? _________________ --------------------------- Status: In room 45, Last step 2/4 ------------------------------ Roomz: 44/45 Bonus Roomz: 4/4 Feel Free to PM me. WILL NOT SPOIL --------------------------- Back to top alain Posted: Fri Jan 18, 2008 9:00 pm --> Wanderer Joined: 08 Jan 2008 Posts: 6 Ohhh.... I see... I was under the impression that it all had to be together... Thanks Taz! Back to top Tracyann Poste	http://theroomz.19.forumer.com:80/viewtopic.php?t=11&start=225&sid=0c892ab91f8b899c616578b04962c74f
124	20080208154400	FoROOM ~ View topic - Room 33 - Looks Familiar...	room 45	> Appreciated Helper Joined: 16 Feb 2007 Posts: 373 Location: New Zealand if something is incorrect you would _________ it _________________ --------------------------- Status: In room 45, Last step 2/4 ------------------------------ Roomz: 44/45 Bonus Roomz: 4/4 Feel Free to PM me. WILL NOT SPOIL --------------------------- Back to top metacom Posted: Tue Nov 06, 2007 11:05 pm --> Roomz addict Joined: 26 Oct 2007 Posts: 62 Location: New Jersey uh...correct it? fix it? scream loudly at it? I don't really know how your hint can help	http://theroomz.19.forumer.com:80/viewtopic.php?t=124&start=225&sid=0c892ab91f8b899c616578b04962c74f
126	20080208154426	FoROOM ~ View topic - Room 34 - Evil, Cruel and Sadistic? Not half!	room 45	o Trance... Your like totally clueless? (Dont blame me, had to watch that film for english) PM me with what ya done so far _________________ --------------------------- Status: In room 45, Last step 2/4 ------------------------------ Roomz: 44/45 Bonus Roomz: 4/4 Feel Free to PM me. WILL NOT SPOIL --------------------------- Back to top Trance Gem Posted: Thu Jan 03, 2008 12:02 am --> Roomer of roomers Joined: 15 Feb 2007 Posts: 103 Location: Georgia, USA pm sent Replyed edit: I have turned into a dimwit ok, now i have the next not	http://theroomz.19.forumer.com:80/viewtopic.php?t=126&start=225&sid=0c892ab91f8b899c616578b04962c74f
126	20080208154426	FoROOM ~ View topic - Room 34 - Evil, Cruel and Sadistic? Not half!	hint	m --> Wanderer Joined: 18 Jan 2008 Posts: 3 Location: Canada Okay, I think I understand the k*******, but can't figure the cipher, pattern or (+/-).Can someone please PM me with a hint? Thnx. EDIT: NM, I figured it out with the help of one of my friends a while ago. Great room! I actually made it to room 41 with just the forums! Yay Back to top Bboy Posted: Wed Feb 06, 2008 10:30 pm --> Wanderer Joined: 20 Feb 2007 Posts: 4 I've been searching for a few days and I can't find the second B******** (the one on the right) anywhere. 	http://theroomz.19.forumer.com:80/viewtopic.php?t=126&start=225&sid=0c892ab91f8b899c616578b04962c74f
126	20080208154426	FoROOM ~ View topic - Room 34 - Evil, Cruel and Sadistic? Not half!	room 41	e cipher, pattern or (+/-).Can someone please PM me with a hint? Thnx. EDIT: NM, I figured it out with the help of one of my friends a while ago. Great room! I actually made it to room 41 with just the forums! Yay Back to top Bboy Posted: Wed Feb 06, 2008 10:30 pm --> Wanderer Joined: 20 Feb 2007 Posts: 4 I've been searching for a few days and I can't find the second B******** (the one on the right) anywhere. Can someone PM me where they found it or a hint to what it is? edit:Found it. Last edited by Bboy on Wed Feb 06, 2008 11:30 	http://theroomz.19.forumer.com:80/viewtopic.php?t=126&start=225&sid=0c892ab91f8b899c616578b04962c74f
187	20080208155036	FoROOM ~ View topic - Room 42 - Riddles in the ROOMZ	Room 42	FoROOM ~ View topic - Room 42 - Riddles in the ROOMZ FAQ Search Memberlist Usergroups fChat Log in Register Author Message Roomz ~ Room 42 - Riddles in the ROOMZ paulcito Posted: Thu Dec 06, 2007 12:24 pm --> Junior Helper Joined: 28 Sep 2007 Posts: 155 Location: Montevideo, Uruguay CD 3 now!!! (TKS metacom and tazmind for shaking my mind) Now.. let's see what I have to do wit	http://theroomz.19.forumer.com:80/viewtopic.php?t=187&start=225&sid=0c892ab91f8b899c616578b04962c74f
187	20080208155036	FoROOM ~ View topic - Room 42 - Riddles in the ROOMZ	Room 42	FoROOM ~ View topic - Room 42 - Riddles in the ROOMZ FAQ Search Memberlist Usergroups fChat Log in Register Author Message Roomz ~ Room 42 - Riddles in the ROOMZ paulcito Posted: Thu Dec 06, 2007 12:24 pm --> Junior Helper Joined: 28 Sep 2007 Posts: 155 Location: Montevideo, Uruguay CD 3 now!!! (TKS metacom and tazmind for shaking my mind) Now.. let's see what I have to do with those pyramids Edit 1: ¿Do I have to input in HSS the words that I find for pyramid #2? Edit 2: On 4th!!!!!	http://theroomz.19.forumer.com:80/viewtopic.php?t=187&start=225&sid=0c892ab91f8b899c616578b04962c74f
187	20080208155036	FoROOM ~ View topic - Room 42 - Riddles in the ROOMZ	hint	 1:30 pm --> Appreciated Helper Joined: 17 Oct 2006 Posts: 841 Location: London, England No. Just go on to the next step. _________________ I am available to answer PMs requesting hints. I will NOT give out answers, just major hints. PROGRESS: 45/45 BONUS: 1-4 KISH: 1-2 ERI: 1 (3rd note) JAN: 5 Back to top paulcito Posted: Fri Dec 07, 2007 11:50 am --> Junior Helper Joined: 28 Sep 2007 Posts: 155 Location: Montevideo, Uruguay working on CD 4... I think I'm looking right. I found something that fits with the title of this puzzle.	http://theroomz.19.forumer.com:80/viewtopic.php?t=187&start=225&sid=0c892ab91f8b899c616578b04962c74f
187	20080208155036	FoROOM ~ View topic - Room 42 - Riddles in the ROOMZ	hint	2006 Posts: 841 Location: London, England No. Just go on to the next step. _________________ I am available to answer PMs requesting hints. I will NOT give out answers, just major hints. PROGRESS: 45/45 BONUS: 1-4 KISH: 1-2 ERI: 1 (3rd note) JAN: 5 Back to top paulcito Posted: Fri Dec 07, 2007 11:50 am --> Junior Helper Joined: 28 Sep 2007 Posts: 155 Location: Montevideo, Uruguay working on CD 4... I think I'm looking right. I found something that fits with the title of this puzzle... But doesn't work on Hss... Keep trying. (I b	http://theroomz.19.forumer.com:80/viewtopic.php?t=187&start=225&sid=0c892ab91f8b899c616578b04962c74f
187	20080208155036	FoROOM ~ View topic - Room 42 - Riddles in the ROOMZ	solution	deo, Uruguay working on CD 4... I think I'm looking right. I found something that fits with the title of this puzzle... But doesn't work on Hss... Keep trying. (I believe that the solution here is a gibberish too..., isn't it?)) Er.. Is this a matching solution?? (I hope that isn't too spoily) Edited by Jim just in case, but yeah, I believe it is... if that's the one with the huge block of letters? edit: Yes it is that one, Jim... But this solution is not the password yet, is it? edit 2: I'm on the final step now... it seems to need	http://theroomz.19.forumer.com:80/viewtopic.php?t=187&start=225&sid=0c892ab91f8b899c616578b04962c74f
187	20080208155036	FoROOM ~ View topic - Room 42 - Riddles in the ROOMZ	solution	ing that fits with the title of this puzzle... But doesn't work on Hss... Keep trying. (I believe that the solution here is a gibberish too..., isn't it?)) Er.. Is this a matching solution?? (I hope that isn't too spoily) Edited by Jim just in case, but yeah, I believe it is... if that's the one with the huge block of letters? edit: Yes it is that one, Jim... But this solution is not the password yet, is it? edit 2: I'm on the final step now... it seems to need a lot of brain-working edit 3: I'M OUT!!! (with a little help of my frie	http://theroomz.19.forumer.com:80/viewtopic.php?t=187&start=225&sid=0c892ab91f8b899c616578b04962c74f
187	20080208155036	FoROOM ~ View topic - Room 42 - Riddles in the ROOMZ	solution	(I hope that isn't too spoily) Edited by Jim just in case, but yeah, I believe it is... if that's the one with the huge block of letters? edit: Yes it is that one, Jim... But this solution is not the password yet, is it? edit 2: I'm on the final step now... it seems to need a lot of brain-working edit 3: I'M OUT!!! (with a little help of my friends metacom, tazmind and Jim) Last part was easier than it seemed.... _________________ One Roomz, to rule them all.... Roomz 44/45 Bonus Roomz 1,2,4 (won't do 3, don't like its kind...) jan'	http://theroomz.19.forumer.com:80/viewtopic.php?t=187&start=225&sid=0c892ab91f8b899c616578b04962c74f
187	20080208155036	FoROOM ~ View topic - Room 42 - Riddles in the ROOMZ	password	oo spoily) Edited by Jim just in case, but yeah, I believe it is... if that's the one with the huge block of letters? edit: Yes it is that one, Jim... But this solution is not the password yet, is it? edit 2: I'm on the final step now... it seems to need a lot of brain-working edit 3: I'M OUT!!! (with a little help of my friends metacom, tazmind and Jim) Last part was easier than it seemed.... _________________ One Roomz, to rule them all.... Roomz 44/45 Bonus Roomz 1,2,4 (won't do 3, don't like its kind...) jan's riddles 5/5 RG rid	http://theroomz.19.forumer.com:80/viewtopic.php?t=187&start=225&sid=0c892ab91f8b899c616578b04962c74f
187	20080208155036	FoROOM ~ View topic - Room 42 - Riddles in the ROOMZ	room 1	 still stuck on CD1!!! Still stuck on #2 #3 #4 #7 I have read the forums a million times. I have googled a trillion pages. I have typed a gazillion words. I have even started from room 1 to find the connection between any of these questions! please help!! Back to top paulcito Posted: Thu Dec 13, 2007 9:19 pm --> Junior Helper Joined: 28 Sep 2007 Posts: 155 Location: Montevideo, Uruguay Lusi: #2 is the hardest one... you need Roomz knowledge, and a bit of inspiration... There's a reason for it to be written in that way #3 - Google 	http://theroomz.19.forumer.com:80/viewtopic.php?t=187&start=225&sid=0c892ab91f8b899c616578b04962c74f
187	20080208155036	FoROOM ~ View topic - Room 42 - Riddles in the ROOMZ	hint	ve out answers though. Back to top Dambo Posted: Sat Dec 15, 2007 6:11 pm --> Little roomer Joined: 31 Oct 2006 Posts: 20 Finally after sooooooooo long on CD4!!!!! I have seen the hints, but I don't know what I am supposed to do! Back to top paulcito Posted: Sat Dec 15, 2007 7:22 pm --> Junior Helper Joined: 28 Sep 2007 Posts: 155 Location: Montevideo, Uruguay SLEEP ON NO PEELS... that's kind of thing is what you have to do (or to find...) _________________ One Roomz, to rule them all.... Roomz 44/45 Bonus Roomz 1,2,4 (won't do 	http://theroomz.19.forumer.com:80/viewtopic.php?t=187&start=225&sid=0c892ab91f8b899c616578b04962c74f
187	20080208155036	FoROOM ~ View topic - Room 42 - Riddles in the ROOMZ	room 45	elper Joined: 16 Feb 2007 Posts: 373 Location: New Zealand Dambo... Look carefully, there may be something you are missing _________________ --------------------------- Status: In room 45, Last step 2/4 ------------------------------ Roomz: 44/45 Bonus Roomz: 4/4 Feel Free to PM me. WILL NOT SPOIL --------------------------- Back to top Dambo Posted: Sat Dec 22, 2007 11:16 pm --> Little roomer Joined: 31 Oct 2006 Posts: 20 Thanks to paulcito, I finally saw what I was supposed to see on 4th CD!!!! And now on to the final step!!! I h	http://theroomz.19.forumer.com:80/viewtopic.php?t=187&start=225&sid=0c892ab91f8b899c616578b04962c74f
187	20080208155036	FoROOM ~ View topic - Room 42 - Riddles in the ROOMZ	hint	ncidence. Look VERY carefully. Forget that they're even words for a minute. What does each row of letters have in common? _________________ I am available to answer PMs requesting hints. I will NOT give out answers, just major hints. PROGRESS: 45/45 BONUS: 1-4 KISH: 1-2 ERI: 1 (3rd note) JAN: 5 Back to top Moo? Posted: Sun Jan 06, 2008 12:54 am --> Wanderer Joined: 04 Jan 2008 Posts: 5 Ugh. I'm embarassed. Utterly humiliated again. I can't even figure out the first code (on the wall). Yes, I know where heaven is, and yes I've be	http://theroomz.19.forumer.com:80/viewtopic.php?t=187&start=225&sid=0c892ab91f8b899c616578b04962c74f
187	20080208155036	FoROOM ~ View topic - Room 42 - Riddles in the ROOMZ	hint	're even words for a minute. What does each row of letters have in common? _________________ I am available to answer PMs requesting hints. I will NOT give out answers, just major hints. PROGRESS: 45/45 BONUS: 1-4 KISH: 1-2 ERI: 1 (3rd note) JAN: 5 Back to top Moo? Posted: Sun Jan 06, 2008 12:54 am --> Wanderer Joined: 04 Jan 2008 Posts: 5 Ugh. I'm embarassed. Utterly humiliated again. I can't even figure out the first code (on the wall). Yes, I know where heaven is, and yes I've been staring at the code there forever, but hones	http://theroomz.19.forumer.com:80/viewtopic.php?t=187&start=225&sid=0c892ab91f8b899c616578b04962c74f
187	20080208155036	FoROOM ~ View topic - Room 42 - Riddles in the ROOMZ	hint	um... If you really did what you say,... and you're not a walkthrougher...you must go back to heaven and try to solve it.... Then, you will know what to do here... That's the best hint you will have from real roomers... (sorry Stachu, I pretend to be one of them) _________________ One Roomz, to rule them all.... Roomz 44/45 Bonus Roomz 1,2,4 (won't do 3, don't like its kind...) jan's riddles 5/5 RG riddles 1/2 kish rooms 1/3 Back to top Moo? Posted: Sun Jan 06, 2008 5:13 pm --> Wanderer Joined: 04 Jan 2008 Posts: 5 Seriously man	http://theroomz.19.forumer.com:80/viewtopic.php?t=187&start=225&sid=0c892ab91f8b899c616578b04962c74f
187	20080208155036	FoROOM ~ View topic - Room 42 - Riddles in the ROOMZ	Stachu	u're not a walkthrougher...you must go back to heaven and try to solve it.... Then, you will know what to do here... That's the best hint you will have from real roomers... (sorry Stachu, I pretend to be one of them) _________________ One Roomz, to rule them all.... Roomz 44/45 Bonus Roomz 1,2,4 (won't do 3, don't like its kind...) jan's riddles 5/5 RG riddles 1/2 kish rooms 1/3 Back to top Moo? Posted: Sun Jan 06, 2008 5:13 pm --> Wanderer Joined: 04 Jan 2008 Posts: 5 Seriously man. Unless I've got the room completely wrong (and 	http://theroomz.19.forumer.com:80/viewtopic.php?t=187&start=225&sid=0c892ab91f8b899c616578b04962c74f
187	20080208155036	FoROOM ~ View topic - Room 42 - Riddles in the ROOMZ	Stachu	008 9:48 pm --> Junior Helper Joined: 28 Sep 2007 Posts: 155 Location: Montevideo, Uruguay You are wrong Moo... That code was useful in heaven (at least for the rest of us...) Ask Stachu, or tha appreciated helpers, and will see.. Have you cheated there???? I didn't actully use the code in 32 either, and i was out in an hour Had to go back and do it once i hit 42 as well, dont be so quick to jump on people Paulcito ~ Tazmind I didn't call you cheater... I was asking... But if the answer was NOT, sorry for that anyway... Last edite	http://theroomz.19.forumer.com:80/viewtopic.php?t=187&start=225&sid=0c892ab91f8b899c616578b04962c74f
187	20080208155036	FoROOM ~ View topic - Room 42 - Riddles in the ROOMZ	hint	Jan 14, 2008 2:36 am --> Roomz fan Joined: 07 Jun 2007 Posts: 42 Ok, I don't know if anyone else had trouble with these but I can't figure out #1 #4 and of course #2 from cd 1 any hints would be appreciated please Back to top Display posts from previous: All Posts 1 Day 7 Days 2 Weeks 1 Month 3 Months 6 Months 1 Year Oldest First Newest First All times are GMT + 1 Hour View next topic View previous topic Page 10 of 12 Goto page Previous 1 , 2 , 3 ... 9 , 10 , 11 , 12 Next FoROOM Forum Index ~ Roomz Jump to: Select a forum Messag	http://theroomz.19.forumer.com:80/viewtopic.php?t=187&start=225&sid=0c892ab91f8b899c616578b04962c74f
141	20080208154608	FoROOM ~ View topic - Room 36 - "In the jungle, the mighty jungle..."	room 45	. hmmm this last step seems tricky [edit: Please do not double-post. Use the EDIT button at the top of your post instead.] _________________ --------------------------- Status: In room 45, Last step 2/4 ------------------------------ Roomz: 44/45 Bonus Roomz: 4/4 Feel Free to PM me. WILL NOT SPOIL --------------------------- Back to top yoavhayun Posted: Thu Jun 28, 2007 12:18 pm --> Roomz addict Joined: 27 May 2007 Posts: 73 I'm stuck on the last clue... could any1 please PM or post a hint? _________________ Roomz Complete: 44/44 	http://theroomz.19.forumer.com:80/viewtopic.php?t=141&start=25&sid=0c892ab91f8b899c616578b04962c74f
141	20080208154608	FoROOM ~ View topic - Room 36 - "In the jungle, the mighty jungle..."	room 45	ave been sooooo good bout editing.... i think i imagined someone else had posted... EDIT: ok a bit stuck on this last step _________________ --------------------------- Status: In room 45, Last step 2/4 ------------------------------ Roomz: 44/45 Bonus Roomz: 4/4 Feel Free to PM me. WILL NOT SPOIL --------------------------- Back to top .:Stachu:. Posted: Sat Jun 30, 2007 3:01 pm --> Lord of The Roomz Joined: 22 Sep 2006 Posts: 1347 Location: Hell Heh, will PM ya, Tazmind _________________ .....:::ENTER THE ROOMZ:::..... Life is a 	http://theroomz.19.forumer.com:80/viewtopic.php?t=141&start=25&sid=0c892ab91f8b899c616578b04962c74f
141	20080208154608	FoROOM ~ View topic - Room 36 - "In the jungle, the mighty jungle..."	Stachu	------- Status: In room 45, Last step 2/4 ------------------------------ Roomz: 44/45 Bonus Roomz: 4/4 Feel Free to PM me. WILL NOT SPOIL --------------------------- Back to top .:Stachu:. Posted: Sat Jun 30, 2007 3:01 pm --> Lord of The Roomz Joined: 22 Sep 2006 Posts: 1347 Location: Hell Heh, will PM ya, Tazmind _________________ .....:::ENTER THE ROOMZ:::..... Life is a room where the password is 'death' Progress: Roomz: mine (45/45 +4) :p, eri's (1/2), RG's (2/2), kish's (4/4 with magic :p), jan's (3/3) I'm offering help via P	http://theroomz.19.forumer.com:80/viewtopic.php?t=141&start=25&sid=0c892ab91f8b899c616578b04962c74f
141	20080208154608	FoROOM ~ View topic - Room 36 - "In the jungle, the mighty jungle..."	room 45	: 16 Feb 2007 Posts: 373 Location: New Zealand Argh, this last step must be simple... I"M STILL STUCK ON IT PM sent by sas _________________ --------------------------- Status: In room 45, Last step 2/4 ------------------------------ Roomz: 44/45 Bonus Roomz: 4/4 Feel Free to PM me. WILL NOT SPOIL --------------------------- Back to top .:Stachu:. Posted: Mon Jul 02, 2007 12:57 am --> Lord of The Roomz Joined: 22 Sep 2006 Posts: 1347 Location: Hell She's out now afaic _________________ .....:::ENTER THE ROOMZ:::..... Life is a room	http://theroomz.19.forumer.com:80/viewtopic.php?t=141&start=25&sid=0c892ab91f8b899c616578b04962c74f
141	20080208154608	FoROOM ~ View topic - Room 36 - "In the jungle, the mighty jungle..."	Stachu	------- Status: In room 45, Last step 2/4 ------------------------------ Roomz: 44/45 Bonus Roomz: 4/4 Feel Free to PM me. WILL NOT SPOIL --------------------------- Back to top .:Stachu:. Posted: Mon Jul 02, 2007 12:57 am --> Lord of The Roomz Joined: 22 Sep 2006 Posts: 1347 Location: Hell She's out now afaic _________________ .....:::ENTER THE ROOMZ:::..... Life is a room where the password is 'death' Progress: Roomz: mine (45/45 +4) :p, eri's (1/2), RG's (2/2), kish's (4/4 with magic :p), jan's (3/3) I'm offering help via PMs o	http://theroomz.19.forumer.com:80/viewtopic.php?t=141&start=25&sid=0c892ab91f8b899c616578b04962c74f
141	20080208154608	FoROOM ~ View topic - Room 36 - "In the jungle, the mighty jungle..."	Stachu	ck to top tazmind Posted: Thu Aug 02, 2007 10:39 am --> Appreciated Helper Joined: 16 Feb 2007 Posts: 373 Location: New Zealand PM me with any ideas you have bout the last note... Stachu's post right above yours is good though _________________ --------------------------- Status: In room 45, Last step 2/4 ------------------------------ Roomz: 44/45 Bonus Roomz: 4/4 Feel Free to PM me. WILL NOT SPOIL --------------------------- Back to top paradise17 Posted: Thu Aug 02, 2007 3:52 pm --> Roomz fan Joined: 07 Jun 2007 Posts: 42 Can s	http://theroomz.19.forumer.com:80/viewtopic.php?t=141&start=25&sid=0c892ab91f8b899c616578b04962c74f
141	20080208154608	FoROOM ~ View topic - Room 36 - "In the jungle, the mighty jungle..."	room 45	3 Location: New Zealand PM me with any ideas you have bout the last note... Stachu's post right above yours is good though _________________ --------------------------- Status: In room 45, Last step 2/4 ------------------------------ Roomz: 44/45 Bonus Roomz: 4/4 Feel Free to PM me. WILL NOT SPOIL --------------------------- Back to top paradise17 Posted: Thu Aug 02, 2007 3:52 pm --> Roomz fan Joined: 07 Jun 2007 Posts: 42 Can some one pm me witha hint for the last part. I aswered all the riddles but have tried different things on 	http://theroomz.19.forumer.com:80/viewtopic.php?t=141&start=25&sid=0c892ab91f8b899c616578b04962c74f
142	20080208154630	FoROOM ~ View topic - Room 37 - Wooooood	Room 44	 Thu Jun 28, 2007 8:57 am --> Roomz addict Joined: 18 Oct 2006 Posts: 59 Location: New Zealand Ha Ha Ha!!! That was really funny! Only took three days! _________________ PROGRESS: Room 44/45 BONUS Room 4/4 (Bonus 3 - was the best!!) (Bonus 4 - ROFL!!) Back to top cuki Posted: Fri Jun 29, 2007 1:13 pm --> Roomer of roomers Joined: 02 Jan 2007 Posts: 128 Location: Torino, Italy Yes! out and wait for 38!!! nice room!!! _________________ r1 to 44 finished bonus: 1,2&4 completed (br3 no thanks :p) kish roomz: 1/3 stuck on 2nd eri's mini	http://theroomz.19.forumer.com:80/viewtopic.php?t=142&start=25&sid=0c892ab91f8b899c616578b04962c74f
142	20080208154630	FoROOM ~ View topic - Room 37 - Wooooood	Room 4	 8:57 am --> Roomz addict Joined: 18 Oct 2006 Posts: 59 Location: New Zealand Ha Ha Ha!!! That was really funny! Only took three days! _________________ PROGRESS: Room 44/45 BONUS Room 4/4 (Bonus 3 - was the best!!) (Bonus 4 - ROFL!!) Back to top cuki Posted: Fri Jun 29, 2007 1:13 pm --> Roomer of roomers Joined: 02 Jan 2007 Posts: 128 Location: Torino, Italy Yes! out and wait for 38!!! nice room!!! _________________ r1 to 44 finished bonus: 1,2&4 completed (br3 no thanks :p) kish roomz: 1/3 stuck on 2nd eri's miniR: A....... note	http://theroomz.19.forumer.com:80/viewtopic.php?t=142&start=25&sid=0c892ab91f8b899c616578b04962c74f
142	20080208154630	FoROOM ~ View topic - Room 37 - Wooooood	room 45	: Thu Aug 02, 2007 9:34 pm --> Appreciated Helper Joined: 16 Feb 2007 Posts: 373 Location: New Zealand Name the objects... _________________ --------------------------- Status: In room 45, Last step 2/4 ------------------------------ Roomz: 44/45 Bonus Roomz: 4/4 Feel Free to PM me. WILL NOT SPOIL --------------------------- Back to top Chloe-Jayne Posted: Thu Aug 02, 2007 9:58 pm --> Roomz fan Joined: 29 Jul 2007 Posts: 33 tried doing that in google but couldn't find anything relevant, hint please? x*chloe*x Edit: Figured out the 	http://theroomz.19.forumer.com:80/viewtopic.php?t=142&start=25&sid=0c892ab91f8b899c616578b04962c74f
164	20080208154823	FoROOM ~ View topic - Room 40 - Not another checking	Room 40	FoROOM ~ View topic - Room 40 - Not another checking FAQ Search Memberlist Usergroups fChat Log in Register Author Message Roomz ~ Room 40 - Not another checking Chloe-Jayne Posted: Fri Aug 03, 2007 4:04 am --> Roomz fan Joined: 29 Jul 2007 Posts: 33 I love maths so i'm liking this level so far now i've done the maths i'm gonna have to go through the whole roomz again cos of w	http://theroomz.19.forumer.com:80/viewtopic.php?t=164&start=25&sid=0c892ab91f8b899c616578b04962c74f
164	20080208154823	FoROOM ~ View topic - Room 40 - Not another checking	Room 40	FoROOM ~ View topic - Room 40 - Not another checking FAQ Search Memberlist Usergroups fChat Log in Register Author Message Roomz ~ Room 40 - Not another checking Chloe-Jayne Posted: Fri Aug 03, 2007 4:04 am --> Roomz fan Joined: 29 Jul 2007 Posts: 33 I love maths so i'm liking this level so far now i've done the maths i'm gonna have to go through the whole roomz again cos of what i don't remember grrr x*chloe*x Last edited by Chloe-Jayne on Fri Aug 03, 2007 4:22 am; edited 2 times in	http://theroomz.19.forumer.com:80/viewtopic.php?t=164&start=25&sid=0c892ab91f8b899c616578b04962c74f
164	20080208154823	FoROOM ~ View topic - Room 40 - Not another checking	room 45	 Chloe, can you please edit that post about the B***G***** Some people may not have realised this yet, dont wanna spoil it _________________ --------------------------- Status: In room 45, Last step 2/4 ------------------------------ Roomz: 44/45 Bonus Roomz: 4/4 Feel Free to PM me. WILL NOT SPOIL --------------------------- Back to top Chloe-Jayne Posted: Fri Aug 03, 2007 4:49 am --> Roomz fan Joined: 29 Jul 2007 Posts: 33 Yessss!!! Room 40 completed!!! I really liked that room I stayed up to 4.45am only to be greeted with "transm	http://theroomz.19.forumer.com:80/viewtopic.php?t=164&start=25&sid=0c892ab91f8b899c616578b04962c74f
164	20080208154823	FoROOM ~ View topic - Room 40 - Not another checking	Room 40	: 4/4 Feel Free to PM me. WILL NOT SPOIL --------------------------- Back to top Chloe-Jayne Posted: Fri Aug 03, 2007 4:49 am --> Roomz fan Joined: 29 Jul 2007 Posts: 33 Yessss!!! Room 40 completed!!! I really liked that room I stayed up to 4.45am only to be greeted with "transmission lost"?! Grrrrr Stachu you are just too mean hehe Think i'm gonna have to hunt down the other 2 bonus levels now since i haven't managed to find them yet x*chloe*x _________________ Roomz: 40/40 completed Bonuses: 1/3 completed - If anyone needs any he	http://theroomz.19.forumer.com:80/viewtopic.php?t=164&start=25&sid=0c892ab91f8b899c616578b04962c74f
164	20080208154823	FoROOM ~ View topic - Room 40 - Not another checking	Stachu	9 am --> Roomz fan Joined: 29 Jul 2007 Posts: 33 Yessss!!! Room 40 completed!!! I really liked that room I stayed up to 4.45am only to be greeted with "transmission lost"?! Grrrrr Stachu you are just too mean hehe Think i'm gonna have to hunt down the other 2 bonus levels now since i haven't managed to find them yet x*chloe*x _________________ Roomz: 40/40 completed Bonuses: 1/3 completed - If anyone needs any help for levels upto this then feel free to PM me =) Back to top cuki Posted: Fri Aug 03, 2007 4:46 pm --> Roomer of roome	http://theroomz.19.forumer.com:80/viewtopic.php?t=164&start=25&sid=0c892ab91f8b899c616578b04962c74f
164	20080208154823	FoROOM ~ View topic - Room 40 - Not another checking	Room 1	d what i am supposed to do but i got weird answers 1,4 and 10!!!could someone please give a little help as to where i am going wrong?? _________________ Roomz 1-42 Completed Bonus Room 1 2 & 3 done Stuck on 43! Looking for Bonus 4 !! Back to top .:Stachu:. Posted: Sat Aug 04, 2007 2:48 pm --> Lord of The Roomz Joined: 22 Sep 2006 Posts: 1347 Location: Hell Probably you just count wrong. And remember about BEDMAS/PEDMAS (google it if ya want, it's a math law) Last edited by .:Stachu:. on Sat Aug 04, 2007 10:27 pm; edited 1 time in 	http://theroomz.19.forumer.com:80/viewtopic.php?t=164&start=25&sid=0c892ab91f8b899c616578b04962c74f
164	20080208154823	FoROOM ~ View topic - Room 40 - Not another checking	Stachu	d someone please give a little help as to where i am going wrong?? _________________ Roomz 1-42 Completed Bonus Room 1 2 & 3 done Stuck on 43! Looking for Bonus 4 !! Back to top .:Stachu:. Posted: Sat Aug 04, 2007 2:48 pm --> Lord of The Roomz Joined: 22 Sep 2006 Posts: 1347 Location: Hell Probably you just count wrong. And remember about BEDMAS/PEDMAS (google it if ya want, it's a math law) Last edited by .:Stachu:. on Sat Aug 04, 2007 10:27 pm; edited 1 time in total _________________ .....:::ENTER THE ROOMZ:::..... Life is a ro	http://theroomz.19.forumer.com:80/viewtopic.php?t=164&start=25&sid=0c892ab91f8b899c616578b04962c74f
164	20080208154823	FoROOM ~ View topic - Room 40 - Not another checking	Stachu	f The Roomz Joined: 22 Sep 2006 Posts: 1347 Location: Hell Probably you just count wrong. And remember about BEDMAS/PEDMAS (google it if ya want, it's a math law) Last edited by .:Stachu:. on Sat Aug 04, 2007 10:27 pm; edited 1 time in total _________________ .....:::ENTER THE ROOMZ:::..... Life is a room where the password is 'death' Progress: Roomz: mine (45/45 +4) :p, eri's (1/2), RG's (2/2), kish's (4/4 with magic :p), jan's (3/3) I'm offering help via PMs only if you like cryptic hints :p Back to top tazmind Posted: Sat Aug 0	http://theroomz.19.forumer.com:80/viewtopic.php?t=164&start=25&sid=0c892ab91f8b899c616578b04962c74f
164	20080208154823	FoROOM ~ View topic - Room 40 - Not another checking	password	ya want, it's a math law) Last edited by .:Stachu:. on Sat Aug 04, 2007 10:27 pm; edited 1 time in total _________________ .....:::ENTER THE ROOMZ:::..... Life is a room where the password is 'death' Progress: Roomz: mine (45/45 +4) :p, eri's (1/2), RG's (2/2), kish's (4/4 with magic :p), jan's (3/3) I'm offering help via PMs only if you like cryptic hints :p Back to top tazmind Posted: Sat Aug 04, 2007 10:22 pm --> Appreciated Helper Joined: 16 Feb 2007 Posts: 373 Location: New Zealand Um Stachu... its BEDMAS _________________ ----	http://theroomz.19.forumer.com:80/viewtopic.php?t=164&start=25&sid=0c892ab91f8b899c616578b04962c74f
164	20080208154823	FoROOM ~ View topic - Room 40 - Not another checking	hint	re the password is 'death' Progress: Roomz: mine (45/45 +4) :p, eri's (1/2), RG's (2/2), kish's (4/4 with magic :p), jan's (3/3) I'm offering help via PMs only if you like cryptic hints :p Back to top tazmind Posted: Sat Aug 04, 2007 10:22 pm --> Appreciated Helper Joined: 16 Feb 2007 Posts: 373 Location: New Zealand Um Stachu... its BEDMAS _________________ --------------------------- Status: In room 45, Last step 2/4 ------------------------------ Roomz: 44/45 Bonus Roomz: 4/4 Feel Free to PM me. WILL NOT SPOIL ---------------	http://theroomz.19.forumer.com:80/viewtopic.php?t=164&start=25&sid=0c892ab91f8b899c616578b04962c74f
164	20080208154823	FoROOM ~ View topic - Room 40 - Not another checking	Stachu	help via PMs only if you like cryptic hints :p Back to top tazmind Posted: Sat Aug 04, 2007 10:22 pm --> Appreciated Helper Joined: 16 Feb 2007 Posts: 373 Location: New Zealand Um Stachu... its BEDMAS _________________ --------------------------- Status: In room 45, Last step 2/4 ------------------------------ Roomz: 44/45 Bonus Roomz: 4/4 Feel Free to PM me. WILL NOT SPOIL --------------------------- Back to top RG365 Posted: Sat Aug 04, 2007 10:25 pm --> Appreciated Helper Joined: 13 Feb 2007 Posts: 182 Location: Madison, WI, US	http://theroomz.19.forumer.com:80/viewtopic.php?t=164&start=25&sid=0c892ab91f8b899c616578b04962c74f
164	20080208154823	FoROOM ~ View topic - Room 40 - Not another checking	room 45	 Aug 04, 2007 10:22 pm --> Appreciated Helper Joined: 16 Feb 2007 Posts: 373 Location: New Zealand Um Stachu... its BEDMAS _________________ --------------------------- Status: In room 45, Last step 2/4 ------------------------------ Roomz: 44/45 Bonus Roomz: 4/4 Feel Free to PM me. WILL NOT SPOIL --------------------------- Back to top RG365 Posted: Sat Aug 04, 2007 10:25 pm --> Appreciated Helper Joined: 13 Feb 2007 Posts: 182 Location: Madison, WI, USA no no, it's PEMDAS _________________ Roomz Complete: 44 + 4 Back to top tazmi	http://theroomz.19.forumer.com:80/viewtopic.php?t=164&start=25&sid=0c892ab91f8b899c616578b04962c74f
164	20080208154823	FoROOM ~ View topic - Room 40 - Not another checking	room 45	 Helper Joined: 16 Feb 2007 Posts: 373 Location: New Zealand RG365 wrote: no no, it's PEMDAS What the ???????????????????? _________________ --------------------------- Status: In room 45, Last step 2/4 ------------------------------ Roomz: 44/45 Bonus Roomz: 4/4 Feel Free to PM me. WILL NOT SPOIL --------------------------- Back to top .:Stachu:. Posted: Sat Aug 04, 2007 10:28 pm --> Lord of The Roomz Joined: 22 Sep 2006 Posts: 1347 Location: Hell To clear it: http://hrsbstaff.ednet.ns.ca/norril/pedmas.htm 2. The general rule is t	http://theroomz.19.forumer.com:80/viewtopic.php?t=164&start=25&sid=0c892ab91f8b899c616578b04962c74f
164	20080208154823	FoROOM ~ View topic - Room 40 - Not another checking	Stachu	------- Status: In room 45, Last step 2/4 ------------------------------ Roomz: 44/45 Bonus Roomz: 4/4 Feel Free to PM me. WILL NOT SPOIL --------------------------- Back to top .:Stachu:. Posted: Sat Aug 04, 2007 10:28 pm --> Lord of The Roomz Joined: 22 Sep 2006 Posts: 1347 Location: Hell To clear it: http://hrsbstaff.ednet.ns.ca/norril/pedmas.htm 2. The general rule is to use the following anachronism: BEDMAS (in English) or PEDMAS (en francais) http://en.wikipedia.org/wiki/Order_of_operations Division and Multiplication is on 	http://theroomz.19.forumer.com:80/viewtopic.php?t=164&start=25&sid=0c892ab91f8b899c616578b04962c74f
164	20080208154823	FoROOM ~ View topic - Room 40 - Not another checking	password	perations Division and Multiplication is on the same level, so it can be PEDMAS, PEMDAS, BEDMAS, BEMDAS. _________________ .....:::ENTER THE ROOMZ:::..... Life is a room where the password is 'death' Progress: Roomz: mine (45/45 +4) :p, eri's (1/2), RG's (2/2), kish's (4/4 with magic :p), jan's (3/3) I'm offering help via PMs only if you like cryptic hints :p Back to top cuki Posted: Sat Aug 04, 2007 10:55 pm --> Roomer of roomers Joined: 02 Jan 2007 Posts: 128 Location: Torino, Italy yes, I'm really stupid... it could be that I'm "	http://theroomz.19.forumer.com:80/viewtopic.php?t=164&start=25&sid=0c892ab91f8b899c616578b04962c74f
164	20080208154823	FoROOM ~ View topic - Room 40 - Not another checking	hint	re the password is 'death' Progress: Roomz: mine (45/45 +4) :p, eri's (1/2), RG's (2/2), kish's (4/4 with magic :p), jan's (3/3) I'm offering help via PMs only if you like cryptic hints :p Back to top cuki Posted: Sat Aug 04, 2007 10:55 pm --> Roomer of roomers Joined: 02 Jan 2007 Posts: 128 Location: Torino, Italy yes, I'm really stupid... it could be that I'm "old", and I forgot many math things... think: I love very much math! but I didn't think at the order of operations!!! btw, I obtained all the results, now I go to focus 	http://theroomz.19.forumer.com:80/viewtopic.php?t=164&start=25&sid=0c892ab91f8b899c616578b04962c74f
164	20080208154823	FoROOM ~ View topic - Room 40 - Not another checking	Stachu	 to 44 finished bonus: 1,2&4 completed (br3 no thanks :p) kish roomz: 1/3 stuck on 2nd eri's miniR: A....... note (my 2nd) always love roomz!!!! (and their creators) Back to top .:Stachu:. Posted: Sat Aug 04, 2007 11:09 pm --> Lord of The Roomz Joined: 22 Sep 2006 Posts: 1347 Location: Hell If that "thing" which u have is wrong, maybe u made a mistake somewhere? When it is OK, you will know _________________ .....:::ENTER THE ROOMZ:::..... Life is a room where the password is 'death' Progress: Roomz: mine (45/45 +4) :p, eri's (1/2	http://theroomz.19.forumer.com:80/viewtopic.php?t=164&start=25&sid=0c892ab91f8b899c616578b04962c74f
164	20080208154823	FoROOM ~ View topic - Room 40 - Not another checking	password	ll If that "thing" which u have is wrong, maybe u made a mistake somewhere? When it is OK, you will know _________________ .....:::ENTER THE ROOMZ:::..... Life is a room where the password is 'death' Progress: Roomz: mine (45/45 +4) :p, eri's (1/2), RG's (2/2), kish's (4/4 with magic :p), jan's (3/3) I'm offering help via PMs only if you like cryptic hints :p Back to top lindylou Posted: Sun Aug 05, 2007 2:35 pm --> Roomz addict Joined: 06 Jun 2007 Posts: 61 Location: St Helens i'm out !!! Thanx all for your help..I was being really	http://theroomz.19.forumer.com:80/viewtopic.php?t=164&start=25&sid=0c892ab91f8b899c616578b04962c74f
164	20080208154823	FoROOM ~ View topic - Room 40 - Not another checking	hint	re the password is 'death' Progress: Roomz: mine (45/45 +4) :p, eri's (1/2), RG's (2/2), kish's (4/4 with magic :p), jan's (3/3) I'm offering help via PMs only if you like cryptic hints :p Back to top lindylou Posted: Sun Aug 05, 2007 2:35 pm --> Roomz addict Joined: 06 Jun 2007 Posts: 61 Location: St Helens i'm out !!! Thanx all for your help..I was being really dumb Nice room well done _________________ Roomz 1-42 Completed Bonus Room 1 2 & 3 done Stuck on 43! Looking for Bonus 4 !! Back to top cuki Posted: Tue Aug 07, 2007 5:	http://theroomz.19.forumer.com:80/viewtopic.php?t=164&start=25&sid=0c892ab91f8b899c616578b04962c74f
164	20080208154823	FoROOM ~ View topic - Room 40 - Not another checking	Room 1	ict Joined: 06 Jun 2007 Posts: 61 Location: St Helens i'm out !!! Thanx all for your help..I was being really dumb Nice room well done _________________ Roomz 1-42 Completed Bonus Room 1 2 & 3 done Stuck on 43! Looking for Bonus 4 !! Back to top cuki Posted: Tue Aug 07, 2007 5:11 pm --> Roomer of roomers Joined: 02 Jan 2007 Posts: 128 Location: Torino, Italy yes! I'm out! thanks sas for make me understand my mistake ( one and only, really...) now, go on 41! _________________ r1 to 44 finished bonus: 1,2&4 completed (br3 no thanks 	http://theroomz.19.forumer.com:80/viewtopic.php?t=164&start=25&sid=0c892ab91f8b899c616578b04962c74f
164	20080208154823	FoROOM ~ View topic - Room 40 - Not another checking	hint	little bit annoying _________________ 44/45 Roomz completed 4/4 Bonus completed 1/3 kish rooms completed ############################## If you are stuck, PM me. I will try to give hints, but don't expect ANSWERS from me Back to top dgupta Posted: Wed Aug 15, 2007 7:35 pm --> Roomz addict Joined: 23 Jul 2007 Posts: 62 Location: Paris Can someone pls PM me the password to Hell...I didnt write it down...in fact, havent written down for many more rooms after that, coz I didnt expect this kinda stuff to come up again! In fact to look	http://theroomz.19.forumer.com:80/viewtopic.php?t=164&start=25&sid=0c892ab91f8b899c616578b04962c74f
164	20080208154823	FoROOM ~ View topic - Room 40 - Not another checking	password	ints, but don't expect ANSWERS from me Back to top dgupta Posted: Wed Aug 15, 2007 7:35 pm --> Roomz addict Joined: 23 Jul 2007 Posts: 62 Location: Paris Can someone pls PM me the password to Hell...I didnt write it down...in fact, havent written down for many more rooms after that, coz I didnt expect this kinda stuff to come up again! In fact to look at it more closely...the last time this thing came up was in R20..now in R40...does that mean I should be prepared for a similar thing in R60?? _________________ Rooms completed: 42/43	http://theroomz.19.forumer.com:80/viewtopic.php?t=164&start=25&sid=0c892ab91f8b899c616578b04962c74f
164	20080208154823	FoROOM ~ View topic - Room 40 - Not another checking	Stachu	 Wed Aug 15, 2007 9:41 pm --> Appreciated Helper Joined: 16 Feb 2007 Posts: 373 Location: New Zealand Hmmmm nope... Might be time to go back through and write em all down? Knowing Stachu you will need em in roomz to come. _________________ --------------------------- Status: In room 45, Last step 2/4 ------------------------------ Roomz: 44/45 Bonus Roomz: 4/4 Feel Free to PM me. WILL NOT SPOIL --------------------------- Back to top Jim Gamma Posted: Wed Aug 15, 2007 10:06 pm --> Appreciated Helper Joined: 17 Oct 2006 Posts: 841 	http://theroomz.19.forumer.com:80/viewtopic.php?t=164&start=25&sid=0c892ab91f8b899c616578b04962c74f
164	20080208154823	FoROOM ~ View topic - Room 40 - Not another checking	room 45	nd Hmmmm nope... Might be time to go back through and write em all down? Knowing Stachu you will need em in roomz to come. _________________ --------------------------- Status: In room 45, Last step 2/4 ------------------------------ Roomz: 44/45 Bonus Roomz: 4/4 Feel Free to PM me. WILL NOT SPOIL --------------------------- Back to top Jim Gamma Posted: Wed Aug 15, 2007 10:06 pm --> Appreciated Helper Joined: 17 Oct 2006 Posts: 841 Location: London, England LOL Spoiler Taz :p _________________ I am available to answer PMs requesti	http://theroomz.19.forumer.com:80/viewtopic.php?t=164&start=25&sid=0c892ab91f8b899c616578b04962c74f
164	20080208154823	FoROOM ~ View topic - Room 40 - Not another checking	hint	 Aug 15, 2007 10:06 pm --> Appreciated Helper Joined: 17 Oct 2006 Posts: 841 Location: London, England LOL Spoiler Taz :p _________________ I am available to answer PMs requesting hints. I will NOT give out answers, just major hints. PROGRESS: 45/45 BONUS: 1-4 KISH: 1-2 ERI: 1 (3rd note) JAN: 5 Back to top dgupta Posted: Wed Aug 15, 2007 10:14 pm --> Roomz addict Joined: 23 Jul 2007 Posts: 62 Location: Paris Hmmm...spoiler eh?? Ok...I went back and re-did that room and a couple of others...in under 1 minute each this time though	http://theroomz.19.forumer.com:80/viewtopic.php?t=164&start=25&sid=0c892ab91f8b899c616578b04962c74f
164	20080208154823	FoROOM ~ View topic - Room 40 - Not another checking	hint	oined: 17 Oct 2006 Posts: 841 Location: London, England LOL Spoiler Taz :p _________________ I am available to answer PMs requesting hints. I will NOT give out answers, just major hints. PROGRESS: 45/45 BONUS: 1-4 KISH: 1-2 ERI: 1 (3rd note) JAN: 5 Back to top dgupta Posted: Wed Aug 15, 2007 10:14 pm --> Roomz addict Joined: 23 Jul 2007 Posts: 62 Location: Paris Hmmm...spoiler eh?? Ok...I went back and re-did that room and a couple of others...in under 1 minute each this time though. _________________ Rooms completed: 42/43 Bonu	http://theroomz.19.forumer.com:80/viewtopic.php?t=164&start=25&sid=0c892ab91f8b899c616578b04962c74f
164	20080208154823	FoROOM ~ View topic - Room 40 - Not another checking	Stachu	. Looking for 4th Back to top tazmind Posted: Wed Aug 15, 2007 10:58 pm --> Appreciated Helper Joined: 16 Feb 2007 Posts: 373 Location: New Zealand Jim... how is that a spoiler??? Stachu is evil... ALWAYS testing for cheaters [Never mind, I was teasing you. ] _________________ --------------------------- Status: In room 45, Last step 2/4 ------------------------------ Roomz: 44/45 Bonus Roomz: 4/4 Feel Free to PM me. WILL NOT SPOIL --------------------------- Back to top cams Posted: Wed Aug 29, 2007 7:51 am --> Supreme roomer Joi	http://theroomz.19.forumer.com:80/viewtopic.php?t=164&start=25&sid=0c892ab91f8b899c616578b04962c74f
164	20080208154823	FoROOM ~ View topic - Room 40 - Not another checking	room 45	ew Zealand Jim... how is that a spoiler??? Stachu is evil... ALWAYS testing for cheaters [Never mind, I was teasing you. ] _________________ --------------------------- Status: In room 45, Last step 2/4 ------------------------------ Roomz: 44/45 Bonus Roomz: 4/4 Feel Free to PM me. WILL NOT SPOIL --------------------------- Back to top cams Posted: Wed Aug 29, 2007 7:51 am --> Supreme roomer Joined: 10 Jun 2007 Posts: 307 Location: South Korea just new here in this room... looks crazy edit: isn't the last one the floor? edit2: fin	http://theroomz.19.forumer.com:80/viewtopic.php?t=164&start=25&sid=0c892ab91f8b899c616578b04962c74f
164	20080208154823	FoROOM ~ View topic - Room 40 - Not another checking	password	here in this room... looks crazy edit: isn't the last one the floor? edit2: finally found all the rooms and calculated everything(lucky calculators were invented) time to find the password edit3: I'm out! _________________ roomz complete: normal 44/45 bonus 1, 2, 3, 4 kish 2/3 eri 2/2 RG 1 jan 5/10 Back to top curiousgeorgie Posted: Sun Oct 07, 2007 12:52 am --> Little roomer Joined: 02 Jan 2007 Posts: 13 hmmm...I must be adding wrong or something, because my answer doesn't make sense. This room seems like it ought to be pretty stra	http://theroomz.19.forumer.com:80/viewtopic.php?t=164&start=25&sid=0c892ab91f8b899c616578b04962c74f
165	20080208154840	FoROOM ~ View topic - Bonus Room 3 - Lord of the Colony	Stachu	d at the wrong one :S OMG i know what you mean... one time i hade about 4 toolsmiths cause i kept missing the M button... Finally beaten that army... WITH NO STRIKES!!!!! Nice one Stachu _________________ --------------------------- Status: In room 45, Last step 2/4 ------------------------------ Roomz: 44/45 Bonus Roomz: 4/4 Feel Free to PM me. WILL NOT SPOIL --------------------------- Back to top sas Posted: Sun Jul 29, 2007 6:24 am --> Appreciated Helper Joined: 30 Oct 2006 Posts: 535 Location: Melbourne, Australia shpwnz it i	http://theroomz.19.forumer.com:80/viewtopic.php?t=165&start=25&sid=0c892ab91f8b899c616578b04962c74f
165	20080208154840	FoROOM ~ View topic - Bonus Room 3 - Lord of the Colony	room 45	e about 4 toolsmiths cause i kept missing the M button... Finally beaten that army... WITH NO STRIKES!!!!! Nice one Stachu _________________ --------------------------- Status: In room 45, Last step 2/4 ------------------------------ Roomz: 44/45 Bonus Roomz: 4/4 Feel Free to PM me. WILL NOT SPOIL --------------------------- Back to top sas Posted: Sun Jul 29, 2007 6:24 am --> Appreciated Helper Joined: 30 Oct 2006 Posts: 535 Location: Melbourne, Australia shpwnz it is not that nice to say "i dont understand why you found this so d	http://theroomz.19.forumer.com:80/viewtopic.php?t=165&start=25&sid=0c892ab91f8b899c616578b04962c74f
165	20080208154840	FoROOM ~ View topic - Bonus Room 3 - Lord of the Colony	Room 44	z addict Joined: 18 Oct 2006 Posts: 59 Location: New Zealand What the heck are you all talking about? I haven't even found the room yet. Help me please _________________ PROGRESS: Room 44/45 BONUS Room 4/4 (Bonus 3 - was the best!!) (Bonus 4 - ROFL!!) Back to top The Storm Posted: Sun Jul 29, 2007 11:45 am --> Roomz addict Joined: 29 Nov 2006 Posts: 66 Location: Brisbane, Australia Once again the first post in this topic will tell you what you need to know to find the room. Just remember "Only TheRoomz knowledge needed" (no need to	http://theroomz.19.forumer.com:80/viewtopic.php?t=165&start=25&sid=0c892ab91f8b899c616578b04962c74f
165	20080208154840	FoROOM ~ View topic - Bonus Room 3 - Lord of the Colony	Room 4	18 Oct 2006 Posts: 59 Location: New Zealand What the heck are you all talking about? I haven't even found the room yet. Help me please _________________ PROGRESS: Room 44/45 BONUS Room 4/4 (Bonus 3 - was the best!!) (Bonus 4 - ROFL!!) Back to top The Storm Posted: Sun Jul 29, 2007 11:45 am --> Roomz addict Joined: 29 Nov 2006 Posts: 66 Location: Brisbane, Australia Once again the first post in this topic will tell you what you need to know to find the room. Just remember "Only TheRoomz knowledge needed" (no need to use google) ___	http://theroomz.19.forumer.com:80/viewtopic.php?t=165&start=25&sid=0c892ab91f8b899c616578b04962c74f
165	20080208154840	FoROOM ~ View topic - Bonus Room 3 - Lord of the Colony	hint	re the password is 'death' Progress: Roomz: mine (45/45 +4) :p, eri's (1/2), RG's (2/2), kish's (4/4 with magic :p), jan's (3/3) I'm offering help via PMs only if you like cryptic hints :p Back to top rawene Posted: Thu Aug 02, 2007 2:26 am --> Roomz addict Joined: 18 Oct 2006 Posts: 59 Location: New Zealand Stachu - that was a fantastic game!!! Took me three days (and more than 50 tries (I'm a slow learner) but such fun!! Thank you You're welcome ;] _________________ PROGRESS: Room 44/45 BONUS Room 4/4 (Bonus 3 - was the best!!	http://theroomz.19.forumer.com:80/viewtopic.php?t=165&start=25&sid=0c892ab91f8b899c616578b04962c74f
165	20080208154840	FoROOM ~ View topic - Bonus Room 3 - Lord of the Colony	Stachu	'm offering help via PMs only if you like cryptic hints :p Back to top rawene Posted: Thu Aug 02, 2007 2:26 am --> Roomz addict Joined: 18 Oct 2006 Posts: 59 Location: New Zealand Stachu - that was a fantastic game!!! Took me three days (and more than 50 tries (I'm a slow learner) but such fun!! Thank you You're welcome ;] _________________ PROGRESS: Room 44/45 BONUS Room 4/4 (Bonus 3 - was the best!!) (Bonus 4 - ROFL!!) Back to top ashman Posted: Thu Aug 02, 2007 9:55 am --> Roomz addict Joined: 13 Mar 2007 Posts: 62 argh it a ad	http://theroomz.19.forumer.com:80/viewtopic.php?t=165&start=25&sid=0c892ab91f8b899c616578b04962c74f
165	20080208154840	FoROOM ~ View topic - Bonus Room 3 - Lord of the Colony	Room 44	ealand Stachu - that was a fantastic game!!! Took me three days (and more than 50 tries (I'm a slow learner) but such fun!! Thank you You're welcome ;] _________________ PROGRESS: Room 44/45 BONUS Room 4/4 (Bonus 3 - was the best!!) (Bonus 4 - ROFL!!) Back to top ashman Posted: Thu Aug 02, 2007 9:55 am --> Roomz addict Joined: 13 Mar 2007 Posts: 62 argh it a addictive game but it not fair i keep running out of stirkes on 24 now lol Edit: woot done it think i got lucky this time _________________ Roomz 42/42 Completed Bonus Rooms 3/	http://theroomz.19.forumer.com:80/viewtopic.php?t=165&start=25&sid=0c892ab91f8b899c616578b04962c74f
165	20080208154840	FoROOM ~ View topic - Bonus Room 3 - Lord of the Colony	Room 4	hat was a fantastic game!!! Took me three days (and more than 50 tries (I'm a slow learner) but such fun!! Thank you You're welcome ;] _________________ PROGRESS: Room 44/45 BONUS Room 4/4 (Bonus 3 - was the best!!) (Bonus 4 - ROFL!!) Back to top ashman Posted: Thu Aug 02, 2007 9:55 am --> Roomz addict Joined: 13 Mar 2007 Posts: 62 argh it a addictive game but it not fair i keep running out of stirkes on 24 now lol Edit: woot done it think i got lucky this time _________________ Roomz 42/42 Completed Bonus Rooms 3/3 Completed Kish	http://theroomz.19.forumer.com:80/viewtopic.php?t=165&start=25&sid=0c892ab91f8b899c616578b04962c74f
165	20080208154840	FoROOM ~ View topic - Bonus Room 3 - Lord of the Colony	room 45	 Joined: 16 Feb 2007 Posts: 373 Location: New Zealand Wookie, i was sitting ther for a while... Don't worry, you'll get it _________________ --------------------------- Status: In room 45, Last step 2/4 ------------------------------ Roomz: 44/45 Bonus Roomz: 4/4 Feel Free to PM me. WILL NOT SPOIL --------------------------- Back to top cuki Posted: Fri Aug 03, 2007 3:30 pm --> Roomer of roomers Joined: 02 Jan 2007 Posts: 128 Location: Torino, Italy yes! finally catched the password for this br3! thanks stachu for hint... now I go 	http://theroomz.19.forumer.com:80/viewtopic.php?t=165&start=25&sid=0c892ab91f8b899c616578b04962c74f
227	20080208155156	FoROOM ~ View topic - Bonus room 4 - The Big Secret.	room 4	FoROOM ~ View topic - Bonus room 4 - The Big Secret. FAQ Search Memberlist Usergroups fChat Log in Register Author Message Roomz ~ Bonus room 4 - The Big Secret. tazmind Posted: Thu Aug 30, 2007 8:30 am --> Appreciated Helper Joined: 16 Feb 2007 Posts: 373 Location: New Zealand ok i found it... thats bout all i done though _________________ --------------------------- Status: In room 45, Last step 2/4 ------------------------------ Roomz: 44/45 Bonus Roomz: 4/4 Feel Free to PM me. WILL NO	http://theroomz.19.forumer.com:80/viewtopic.php?t=227&start=25&sid=0c892ab91f8b899c616578b04962c74f
227	20080208155156	FoROOM ~ View topic - Bonus room 4 - The Big Secret.	room 45	 --> Appreciated Helper Joined: 16 Feb 2007 Posts: 373 Location: New Zealand ok i found it... thats bout all i done though _________________ --------------------------- Status: In room 45, Last step 2/4 ------------------------------ Roomz: 44/45 Bonus Roomz: 4/4 Feel Free to PM me. WILL NOT SPOIL --------------------------- Back to top sas Posted: Thu Aug 30, 2007 1:01 pm --> Appreciated Helper Joined: 30 Oct 2006 Posts: 535 Location: Melbourne, Australia Yeah I have found it too now taz, but yeah dunno what to do know. I have an 	http://theroomz.19.forumer.com:80/viewtopic.php?t=227&start=25&sid=0c892ab91f8b899c616578b04962c74f
227	20080208155156	FoROOM ~ View topic - Bonus room 4 - The Big Secret.	hint	e a little hint THX _________________ 44/45 Roomz completed 4/4 Bonus completed 1/3 kish rooms completed ############################## If you are stuck, PM me. I will try to give hints, but don't expect ANSWERS from me Back to top tazmind Posted: Thu Aug 30, 2007 11:51 pm --> Appreciated Helper Joined: 16 Feb 2007 Posts: 373 Location: New Zealand hmmm i think i'm on the last step to get the password to get IN _________________ --------------------------- Status: In room 45, Last step 2/4 ------------------------------ Roomz: 44	http://theroomz.19.forumer.com:80/viewtopic.php?t=227&start=25&sid=0c892ab91f8b899c616578b04962c74f
227	20080208155156	FoROOM ~ View topic - Bonus room 4 - The Big Secret.	password	m me Back to top tazmind Posted: Thu Aug 30, 2007 11:51 pm --> Appreciated Helper Joined: 16 Feb 2007 Posts: 373 Location: New Zealand hmmm i think i'm on the last step to get the password to get IN _________________ --------------------------- Status: In room 45, Last step 2/4 ------------------------------ Roomz: 44/45 Bonus Roomz: 4/4 Feel Free to PM me. WILL NOT SPOIL --------------------------- Back to top cams Posted: Fri Aug 31, 2007 8:14 am --> Supreme roomer Joined: 10 Jun 2007 Posts: 307 Location: South Korea found the not	http://theroomz.19.forumer.com:80/viewtopic.php?t=227&start=25&sid=0c892ab91f8b899c616578b04962c74f
227	20080208155156	FoROOM ~ View topic - Bonus room 4 - The Big Secret.	room 45	elper Joined: 16 Feb 2007 Posts: 373 Location: New Zealand hmmm i think i'm on the last step to get the password to get IN _________________ --------------------------- Status: In room 45, Last step 2/4 ------------------------------ Roomz: 44/45 Bonus Roomz: 4/4 Feel Free to PM me. WILL NOT SPOIL --------------------------- Back to top cams Posted: Fri Aug 31, 2007 8:14 am --> Supreme roomer Joined: 10 Jun 2007 Posts: 307 Location: South Korea found the note for finding the room, will think about it later _________________ roomz c	http://theroomz.19.forumer.com:80/viewtopic.php?t=227&start=25&sid=0c892ab91f8b899c616578b04962c74f
23	20080208155211	FoROOM ~ View topic - Level 10 - darkness	hint	lp to find the next _________________ 44/45 Roomz completed 4/4 Bonus completed 1/3 kish rooms completed ############################## If you are stuck, PM me. I will try to give hints, but don't expect ANSWERS from me Back to top tazmind Posted: Sat Aug 18, 2007 10:25 pm --> Appreciated Helper Joined: 16 Feb 2007 Posts: 373 Location: New Zealand Crash... just take your time on this bit.... Also if your not sure of something... nevr hurts to try it _________________ --------------------------- Status: In room 45, Last step 2/4 	http://theroomz.19.forumer.com:80/viewtopic.php?t=23&start=25&sid=0c892ab91f8b899c616578b04962c74f
23	20080208155211	FoROOM ~ View topic - Level 10 - darkness	room 45	ation: New Zealand Crash... just take your time on this bit.... Also if your not sure of something... nevr hurts to try it _________________ --------------------------- Status: In room 45, Last step 2/4 ------------------------------ Roomz: 44/45 Bonus Roomz: 4/4 Feel Free to PM me. WILL NOT SPOIL --------------------------- Back to top Display posts from previous: All Posts 1 Day 7 Days 2 Weeks 1 Month 3 Months 6 Months 1 Year Oldest First Newest First All times are GMT + 1 Hour View next topic View previous topic Page 2 of 3 Goto	http://theroomz.19.forumer.com:80/viewtopic.php?t=23&start=25&sid=0c892ab91f8b899c616578b04962c74f
250	20080208155246	FoROOM ~ View topic - Room 45 - When will it come out?	Room 45	FoROOM ~ View topic - Room 45 - When will it come out? FAQ Search Memberlist Usergroups fChat Log in Register Author Message Roomz ~ Room 45 - When will it come out? cams Posted: Mon Nov 05, 2007 7:52 am --> Supreme roomer Joined: 10 Jun 2007 Posts: 307 Location: South Korea I wasn't asking Stachu to release room 45 at this moment. I just misunderstood the progress. I thought 	http://theroomz.19.forumer.com:80/viewtopic.php?t=250&start=25&sid=0c892ab91f8b899c616578b04962c74f
250	20080208155246	FoROOM ~ View topic - Room 45 - When will it come out?	Room 45	FoROOM ~ View topic - Room 45 - When will it come out? FAQ Search Memberlist Usergroups fChat Log in Register Author Message Roomz ~ Room 45 - When will it come out? cams Posted: Mon Nov 05, 2007 7:52 am --> Supreme roomer Joined: 10 Jun 2007 Posts: 307 Location: South Korea I wasn't asking Stachu to release room 45 at this moment. I just misunderstood the progress. I thought it changed into none because the room is complete. While it really meant that he's busy again. ________________	http://theroomz.19.forumer.com:80/viewtopic.php?t=250&start=25&sid=0c892ab91f8b899c616578b04962c74f
250	20080208155246	FoROOM ~ View topic - Room 45 - When will it come out?	Stachu	thor Message Roomz ~ Room 45 - When will it come out? cams Posted: Mon Nov 05, 2007 7:52 am --> Supreme roomer Joined: 10 Jun 2007 Posts: 307 Location: South Korea I wasn't asking Stachu to release room 45 at this moment. I just misunderstood the progress. I thought it changed into none because the room is complete. While it really meant that he's busy again. _________________ roomz complete: normal 44/45 bonus 1, 2, 3, 4 kish 2/3 eri 2/2 RG 1 jan 5/10 Back to top .:Stachu:. Posted: Tue Dec 18, 2007 1:48 am --> Lord of The Roomz J	http://theroomz.19.forumer.com:80/viewtopic.php?t=250&start=25&sid=0c892ab91f8b899c616578b04962c74f
250	20080208155246	FoROOM ~ View topic - Room 45 - When will it come out?	room 45	 ~ Room 45 - When will it come out? cams Posted: Mon Nov 05, 2007 7:52 am --> Supreme roomer Joined: 10 Jun 2007 Posts: 307 Location: South Korea I wasn't asking Stachu to release room 45 at this moment. I just misunderstood the progress. I thought it changed into none because the room is complete. While it really meant that he's busy again. _________________ roomz complete: normal 44/45 bonus 1, 2, 3, 4 kish 2/3 eri 2/2 RG 1 jan 5/10 Back to top .:Stachu:. Posted: Tue Dec 18, 2007 1:48 am --> Lord of The Roomz Joined: 22 Sep 2006 	http://theroomz.19.forumer.com:80/viewtopic.php?t=250&start=25&sid=0c892ab91f8b899c616578b04962c74f
250	20080208155246	FoROOM ~ View topic - Room 45 - When will it come out?	Stachu	ause the room is complete. While it really meant that he's busy again. _________________ roomz complete: normal 44/45 bonus 1, 2, 3, 4 kish 2/3 eri 2/2 RG 1 jan 5/10 Back to top .:Stachu:. Posted: Tue Dec 18, 2007 1:48 am --> Lord of The Roomz Joined: 22 Sep 2006 Posts: 1347 Location: Hell Refreshing the topic to announce that room is almost ready. Let's say... 92-93% :p Two-three days, not counting all the tests which have to be finished before the release. So stay tuned, Christmas present is coming... So then what do the testers	http://theroomz.19.forumer.com:80/viewtopic.php?t=250&start=25&sid=0c892ab91f8b899c616578b04962c74f
250	20080208155246	FoROOM ~ View topic - Room 45 - When will it come out?	Stachu	 before the release. So stay tuned, Christmas present is coming... So then what do the testers get?? A ban for writing in my post :p *is tempting a ban*... HELLO! Last edited by .:Stachu:. on Tue Dec 18, 2007 6:22 pm; edited 1 time in total _________________ .....:::ENTER THE ROOMZ:::..... Life is a room where the password is 'death' Progress: Roomz: mine (45/45 +4) :p, eri's (1/2), RG's (2/2), kish's (4/4 with magic :p), jan's (3/3) I'm offering help via PMs only if you like cryptic hints :p Back to top cams Posted: Tue Dec 18, 2	http://theroomz.19.forumer.com:80/viewtopic.php?t=250&start=25&sid=0c892ab91f8b899c616578b04962c74f
250	20080208155246	FoROOM ~ View topic - Room 45 - When will it come out?	password	 tempting a ban*... HELLO! Last edited by .:Stachu:. on Tue Dec 18, 2007 6:22 pm; edited 1 time in total _________________ .....:::ENTER THE ROOMZ:::..... Life is a room where the password is 'death' Progress: Roomz: mine (45/45 +4) :p, eri's (1/2), RG's (2/2), kish's (4/4 with magic :p), jan's (3/3) I'm offering help via PMs only if you like cryptic hints :p Back to top cams Posted: Tue Dec 18, 2007 7:52 am --> Supreme roomer Joined: 10 Jun 2007 Posts: 307 Location: South Korea It's going to be like "nightmare before christmas" (th	http://theroomz.19.forumer.com:80/viewtopic.php?t=250&start=25&sid=0c892ab91f8b899c616578b04962c74f
250	20080208155246	FoROOM ~ View topic - Room 45 - When will it come out?	hint	re the password is 'death' Progress: Roomz: mine (45/45 +4) :p, eri's (1/2), RG's (2/2), kish's (4/4 with magic :p), jan's (3/3) I'm offering help via PMs only if you like cryptic hints :p Back to top cams Posted: Tue Dec 18, 2007 7:52 am --> Supreme roomer Joined: 10 Jun 2007 Posts: 307 Location: South Korea It's going to be like "nightmare before christmas" (that movie was fun " _________________ roomz complete: normal 44/45 bonus 1, 2, 3, 4 kish 2/3 eri 2/2 RG 1 jan 5/10 Back to top Display posts from previous: All Posts 1 Da	http://theroomz.19.forumer.com:80/viewtopic.php?t=250&start=25&sid=0c892ab91f8b899c616578b04962c74f
97	20080208155910	FoROOM ~ View topic - Bonus Room - the Sphinx	STACHU	 Joined: 16 Feb 2007 Posts: 373 Location: New Zealand ok, got both HSS notes, just trying to work out the key for the cipher Edit: Ok i'm out... grrrrrrrrrrrrrrrrrrrrrrr NOT HAPPY STACHU... you know why _________________ --------------------------- Status: In room 45, Last step 2/4 ------------------------------ Roomz: 44/45 Bonus Roomz: 4/4 Feel Free to PM me. WILL NOT SPOIL --------------------------- Back to top telmachips Posted: Sat Jul 07, 2007 10:37 pm --> Little roomer Joined: 28 May 2007 Posts: 17 Location: Guarulhos- São	http://theroomz.19.forumer.com:80/viewtopic.php?t=97&start=25&sid=0c892ab91f8b899c616578b04962c74f
97	20080208155910	FoROOM ~ View topic - Bonus Room - the Sphinx	room 45	st trying to work out the key for the cipher Edit: Ok i'm out... grrrrrrrrrrrrrrrrrrrrrrr NOT HAPPY STACHU... you know why _________________ --------------------------- Status: In room 45, Last step 2/4 ------------------------------ Roomz: 44/45 Bonus Roomz: 4/4 Feel Free to PM me. WILL NOT SPOIL --------------------------- Back to top telmachips Posted: Sat Jul 07, 2007 10:37 pm --> Little roomer Joined: 28 May 2007 Posts: 17 Location: Guarulhos- São Paulo, Brasil Now i´m back!!!! Well, and i´m stuck again too, huahuahua i was wi	http://theroomz.19.forumer.com:80/viewtopic.php?t=97&start=25&sid=0c892ab91f8b899c616578b04962c74f
122	20080208154340	FoROOM ~ View topic - Room 32 - Knock, knock, knockin' on heaven's door...	hint	re the password is 'death' Progress: Roomz: mine (45/45 +4) :p, eri's (1/2), RG's (2/2), kish's (4/4 with magic :p), jan's (3/3) I'm offering help via PMs only if you like cryptic hints :p Back to top Gwindor Posted: Mon Nov 19, 2007 8:48 pm --> Wanderer Joined: 19 Nov 2007 Posts: 4 uh? talking about me stachu?? Back to top tazmind Posted: Mon Nov 19, 2007 9:08 pm --> Appreciated Helper Joined: 16 Feb 2007 Posts: 373 Location: New Zealand yup i'd say he is _________________ --------------------------- Status: In room 45, Last st	http://theroomz.19.forumer.com:80/viewtopic.php?t=122&start=250&sid=0c892ab91f8b899c616578b04962c74f
122	20080208154340	FoROOM ~ View topic - Room 32 - Knock, knock, knockin' on heaven's door...	stachu	/3) I'm offering help via PMs only if you like cryptic hints :p Back to top Gwindor Posted: Mon Nov 19, 2007 8:48 pm --> Wanderer Joined: 19 Nov 2007 Posts: 4 uh? talking about me stachu?? Back to top tazmind Posted: Mon Nov 19, 2007 9:08 pm --> Appreciated Helper Joined: 16 Feb 2007 Posts: 373 Location: New Zealand yup i'd say he is _________________ --------------------------- Status: In room 45, Last step 2/4 ------------------------------ Roomz: 44/45 Bonus Roomz: 4/4 Feel Free to PM me. WILL NOT SPOIL ------------------------	http://theroomz.19.forumer.com:80/viewtopic.php?t=122&start=250&sid=0c892ab91f8b899c616578b04962c74f
122	20080208154340	FoROOM ~ View topic - Room 32 - Knock, knock, knockin' on heaven's door...	room 45	ed: Mon Nov 19, 2007 9:08 pm --> Appreciated Helper Joined: 16 Feb 2007 Posts: 373 Location: New Zealand yup i'd say he is _________________ --------------------------- Status: In room 45, Last step 2/4 ------------------------------ Roomz: 44/45 Bonus Roomz: 4/4 Feel Free to PM me. WILL NOT SPOIL --------------------------- Back to top Gwindor Posted: Mon Nov 19, 2007 9:12 pm --> Wanderer Joined: 19 Nov 2007 Posts: 4 ehi!! I'm not a walkthrough-user why do you think that? I just needed a hint about this room... Back to top sas Pos	http://theroomz.19.forumer.com:80/viewtopic.php?t=122&start=250&sid=0c892ab91f8b899c616578b04962c74f
124	20080208154406	FoROOM ~ View topic - Room 33 - Looks Familiar...	Stachu	 answers though. Back to top tazmind Posted: Tue Nov 27, 2007 12:45 am --> Appreciated Helper Joined: 16 Feb 2007 Posts: 373 Location: New Zealand Although getting anything out of Stachu is like getting blood out of a stone... it's mainly :p _________________ --------------------------- Status: In room 45, Last step 2/4 ------------------------------ Roomz: 44/45 Bonus Roomz: 4/4 Feel Free to PM me. WILL NOT SPOIL --------------------------- Back to top Anairda Posted: Tue Dec 04, 2007 5:38 am --> Little roomer Joined: 20 Sep 2007	http://theroomz.19.forumer.com:80/viewtopic.php?t=124&start=250&sid=0c892ab91f8b899c616578b04962c74f
124	20080208154406	FoROOM ~ View topic - Room 33 - Looks Familiar...	room 45	: 373 Location: New Zealand Although getting anything out of Stachu is like getting blood out of a stone... it's mainly :p _________________ --------------------------- Status: In room 45, Last step 2/4 ------------------------------ Roomz: 44/45 Bonus Roomz: 4/4 Feel Free to PM me. WILL NOT SPOIL --------------------------- Back to top Anairda Posted: Tue Dec 04, 2007 5:38 am --> Little roomer Joined: 20 Sep 2007 Posts: 20 Location: ARGENTINA this room is killing me! Back to top tazmind Posted: Tue Dec 04, 2007 8:28 am --> Appreci	http://theroomz.19.forumer.com:80/viewtopic.php?t=124&start=250&sid=0c892ab91f8b899c616578b04962c74f
124	20080208154406	FoROOM ~ View topic - Room 33 - Looks Familiar...	room 45	07 Posts: 373 Location: New Zealand if you can still type, then bang your head harder... but seriously where are you up to _________________ --------------------------- Status: In room 45, Last step 2/4 ------------------------------ Roomz: 44/45 Bonus Roomz: 4/4 Feel Free to PM me. WILL NOT SPOIL --------------------------- Back to top Anairda Posted: Fri Dec 07, 2007 2:47 am --> Little roomer Joined: 20 Sep 2007 Posts: 20 Location: ARGENTINA Finally!! I'm so happy! Thanks a lot to Sas and Paulcito for the patience and help! I'm o	http://theroomz.19.forumer.com:80/viewtopic.php?t=124&start=250&sid=0c892ab91f8b899c616578b04962c74f
187	20080208155041	FoROOM ~ View topic - Room 42 - Riddles in the ROOMZ	Room 42	FoROOM ~ View topic - Room 42 - Riddles in the ROOMZ FAQ Search Memberlist Usergroups fChat Log in Register Author Message Roomz ~ Room 42 - Riddles in the ROOMZ Randor Posted: Mon Jan 14, 2008 12:31 pm --> Wanderer Joined: 13 Jan 2008 Posts: 3 Location: Marburg / Germany I'm suck on CD3. I got all the words for the second pyramide but i dont see the connection among them. And	http://theroomz.19.forumer.com:80/viewtopic.php?t=187&start=250&sid=0c892ab91f8b899c616578b04962c74f
187	20080208155041	FoROOM ~ View topic - Room 42 - Riddles in the ROOMZ	Room 42	FoROOM ~ View topic - Room 42 - Riddles in the ROOMZ FAQ Search Memberlist Usergroups fChat Log in Register Author Message Roomz ~ Room 42 - Riddles in the ROOMZ Randor Posted: Mon Jan 14, 2008 12:31 pm --> Wanderer Joined: 13 Jan 2008 Posts: 3 Location: Marburg / Germany I'm suck on CD3. I got all the words for the second pyramide but i dont see the connection among them. And of course #2 from CD1 I'm reading the hole forum for the fourth time but my mind is still blocked Plz give m	http://theroomz.19.forumer.com:80/viewtopic.php?t=187&start=250&sid=0c892ab91f8b899c616578b04962c74f
187	20080208155041	FoROOM ~ View topic - Room 42 - Riddles in the ROOMZ	hint	r the second pyramide but i dont see the connection among them. And of course #2 from CD1 I'm reading the hole forum for the fourth time but my mind is still blocked Plz give me a hint. _________________ Roomz completed: 41/45 Bonus Roomz: 1/4 Back to top tazmind Posted: Tue Jan 15, 2008 5:19 am --> Appreciated Helper Joined: 16 Feb 2007 Posts: 373 Location: New Zealand paradise17 wrote: Ok, I don't know if anyone else had trouble with these but I can't figure out #1 #4 and of course #2 from cd 1 any hints would be appreciated p	http://theroomz.19.forumer.com:80/viewtopic.php?t=187&start=250&sid=0c892ab91f8b899c616578b04962c74f
187	20080208155041	FoROOM ~ View topic - Room 42 - Riddles in the ROOMZ	hint	: 16 Feb 2007 Posts: 373 Location: New Zealand paradise17 wrote: Ok, I don't know if anyone else had trouble with these but I can't figure out #1 #4 and of course #2 from cd 1 any hints would be appreciated please #1 This one is hard to hint. Helps to write a list of what you have tryed #2 Look at the WHOLE hint. Helps to write a list of what you have tryed #4 Yay.... Math! _________________ --------------------------- Status: In room 45, Last step 2/4 ------------------------------ Roomz: 44/45 Bonus Roomz: 4/4 Feel Free to PM 	http://theroomz.19.forumer.com:80/viewtopic.php?t=187&start=250&sid=0c892ab91f8b899c616578b04962c74f
187	20080208155041	FoROOM ~ View topic - Room 42 - Riddles in the ROOMZ	hint	 wrote: Ok, I don't know if anyone else had trouble with these but I can't figure out #1 #4 and of course #2 from cd 1 any hints would be appreciated please #1 This one is hard to hint. Helps to write a list of what you have tryed #2 Look at the WHOLE hint. Helps to write a list of what you have tryed #4 Yay.... Math! _________________ --------------------------- Status: In room 45, Last step 2/4 ------------------------------ Roomz: 44/45 Bonus Roomz: 4/4 Feel Free to PM me. WILL NOT SPOIL --------------------------- Back to to	http://theroomz.19.forumer.com:80/viewtopic.php?t=187&start=250&sid=0c892ab91f8b899c616578b04962c74f
187	20080208155041	FoROOM ~ View topic - Room 42 - Riddles in the ROOMZ	hint	't figure out #1 #4 and of course #2 from cd 1 any hints would be appreciated please #1 This one is hard to hint. Helps to write a list of what you have tryed #2 Look at the WHOLE hint. Helps to write a list of what you have tryed #4 Yay.... Math! _________________ --------------------------- Status: In room 45, Last step 2/4 ------------------------------ Roomz: 44/45 Bonus Roomz: 4/4 Feel Free to PM me. WILL NOT SPOIL --------------------------- Back to top cycloney Posted: Tue Jan 15, 2008 2:14 pm --> Roomz fan Joined: 09 Dec	http://theroomz.19.forumer.com:80/viewtopic.php?t=187&start=250&sid=0c892ab91f8b899c616578b04962c74f
187	20080208155041	FoROOM ~ View topic - Room 42 - Riddles in the ROOMZ	room 45	ite a list of what you have tryed #2 Look at the WHOLE hint. Helps to write a list of what you have tryed #4 Yay.... Math! _________________ --------------------------- Status: In room 45, Last step 2/4 ------------------------------ Roomz: 44/45 Bonus Roomz: 4/4 Feel Free to PM me. WILL NOT SPOIL --------------------------- Back to top cycloney Posted: Tue Jan 15, 2008 2:14 pm --> Roomz fan Joined: 09 Dec 2007 Posts: 28 FINALLY!!!!! after one week in this evil room i'm out out out out what can i say it was extremely evil but was s	http://theroomz.19.forumer.com:80/viewtopic.php?t=187&start=250&sid=0c892ab91f8b899c616578b04962c74f
187	20080208155041	FoROOM ~ View topic - Room 42 - Riddles in the ROOMZ	Stachu	 09 Dec 2007 Posts: 28 FINALLY!!!!! after one week in this evil room i'm out out out out what can i say it was extremely evil but was so intersting in the same time thank u RG and Stachu for this one and also great thanks SAS for helping me Back to top Cloughie Posted: Tue Jan 15, 2008 7:00 pm --> Wanderer Joined: 13 Jan 2008 Posts: 3 I returned to "heaven", but I think I may have a problem. When I was there before, I took an educated guess at the picture, and so didn't need to decipher the code. I am assuming that this is the kno	http://theroomz.19.forumer.com:80/viewtopic.php?t=187&start=250&sid=0c892ab91f8b899c616578b04962c74f
187	20080208155041	FoROOM ~ View topic - Room 42 - Riddles in the ROOMZ	hint	ed guess at the picture, and so didn't need to decipher the code. I am assuming that this is the knowledge I am now supposed to be using - if so, please could someone PM me with a hint of how I should at least have done it in heaven, so I can work it out from there! PM sent by Jim. Back to top animoose Posted: Wed Jan 16, 2008 5:27 am --> Roomz fan Joined: 01 Jan 2008 Posts: 30 Location: Venice, California OK, the usual thing: can someone help me with CD1#2? What I've seen in it already is either B. H. K. or B. P***, but neither	http://theroomz.19.forumer.com:80/viewtopic.php?t=187&start=250&sid=0c892ab91f8b899c616578b04962c74f
187	20080208155041	FoROOM ~ View topic - Room 42 - Riddles in the ROOMZ	hint	7 Oct 2006 Posts: 841 Location: London, England No, no Polish... :p How did you get CD3 if you haven't completed CD1? O_o _________________ I am available to answer PMs requesting hints. I will NOT give out answers, just major hints. PROGRESS: 45/45 BONUS: 1-4 KISH: 1-2 ERI: 1 (3rd note) JAN: 5 Back to top sas Posted: Wed Jan 16, 2008 11:57 am --> Appreciated Helper Joined: 30 Oct 2006 Posts: 535 Location: Melbourne, Australia Process of elimination Jim, if you are missing one... _________________ Progress: 45/45 + Bonus 4/4 PM 	http://theroomz.19.forumer.com:80/viewtopic.php?t=187&start=250&sid=0c892ab91f8b899c616578b04962c74f
187	20080208155041	FoROOM ~ View topic - Room 42 - Riddles in the ROOMZ	hint	 No, no Polish... :p How did you get CD3 if you haven't completed CD1? O_o _________________ I am available to answer PMs requesting hints. I will NOT give out answers, just major hints. PROGRESS: 45/45 BONUS: 1-4 KISH: 1-2 ERI: 1 (3rd note) JAN: 5 Back to top sas Posted: Wed Jan 16, 2008 11:57 am --> Appreciated Helper Joined: 30 Oct 2006 Posts: 535 Location: Melbourne, Australia Process of elimination Jim, if you are missing one... _________________ Progress: 45/45 + Bonus 4/4 PM if you need help! (include details of where/wha	http://theroomz.19.forumer.com:80/viewtopic.php?t=187&start=250&sid=0c892ab91f8b899c616578b04962c74f
187	20080208155041	FoROOM ~ View topic - Room 42 - Riddles in the ROOMZ	hint	d Jan 16, 2008 5:10 pm --> Roomz fan Joined: 01 Jan 2008 Posts: 30 Location: Venice, California I meant the Polish as a joke Anyway, to come back to my question, I'm looking for a hint on CD1#2. I think it is something to do with B.H.K. or B.P*** but can't get any further, and it bugs me to not finish the complete list. Help? Back to top Jim Gamma Posted: Wed Jan 16, 2008 5:14 pm --> Appreciated Helper Joined: 17 Oct 2006 Posts: 841 Location: London, England PM me what those stand for please - I think I get what "HK" means but n	http://theroomz.19.forumer.com:80/viewtopic.php?t=187&start=250&sid=0c892ab91f8b899c616578b04962c74f
187	20080208155041	FoROOM ~ View topic - Room 42 - Riddles in the ROOMZ	hint	cation: London, England PM me what those stand for please - I think I get what "HK" means but not what "B" or "P" mean... _________________ I am available to answer PMs requesting hints. I will NOT give out answers, just major hints. PROGRESS: 45/45 BONUS: 1-4 KISH: 1-2 ERI: 1 (3rd note) JAN: 5 Back to top sas Posted: Wed Jan 16, 2008 11:46 pm --> Appreciated Helper Joined: 30 Oct 2006 Posts: 535 Location: Melbourne, Australia Think about BHK What could the B could refer to? _________________ Progress: 45/45 + Bonus 4/4 PM if yo	http://theroomz.19.forumer.com:80/viewtopic.php?t=187&start=250&sid=0c892ab91f8b899c616578b04962c74f
187	20080208155041	FoROOM ~ View topic - Room 42 - Riddles in the ROOMZ	hint	for please - I think I get what "HK" means but not what "B" or "P" mean... _________________ I am available to answer PMs requesting hints. I will NOT give out answers, just major hints. PROGRESS: 45/45 BONUS: 1-4 KISH: 1-2 ERI: 1 (3rd note) JAN: 5 Back to top sas Posted: Wed Jan 16, 2008 11:46 pm --> Appreciated Helper Joined: 30 Oct 2006 Posts: 535 Location: Melbourne, Australia Think about BHK What could the B could refer to? _________________ Progress: 45/45 + Bonus 4/4 PM if you need help! (include details of where/what you	http://theroomz.19.forumer.com:80/viewtopic.php?t=187&start=250&sid=0c892ab91f8b899c616578b04962c74f
187	20080208155041	FoROOM ~ View topic - Room 42 - Riddles in the ROOMZ	hint	ere/what you are stuck on) - I don't give out answers though. Back to top Cloughie Posted: Thu Jan 17, 2008 7:14 pm --> Wanderer Joined: 13 Jan 2008 Posts: 3 Thanks to Jim for his hints getting me to this stage. Now for CD1: I have the ones other people are stuck on, but the ones that are meant to be easy elude me! I am stuck on clues 5 (milk)and 8 (code). I have translated 8 and tried everything both obvious and obscure. I've read all 11 pages but none of the hints are helping. Please can I have some hints?? EDIT: Thanks heaven	http://theroomz.19.forumer.com:80/viewtopic.php?t=187&start=250&sid=0c892ab91f8b899c616578b04962c74f
187	20080208155041	FoROOM ~ View topic - Room 42 - Riddles in the ROOMZ	hint	 are meant to be easy elude me! I am stuck on clues 5 (milk)and 8 (code). I have translated 8 and tried everything both obvious and obscure. I've read all 11 pages but none of the hints are helping. Please can I have some hints?? EDIT: Thanks heaven or hell, animoose and tazmind - it seems so obvious, can't believe it had me stumped for so long! Last edited by Cloughie on Sat Jan 19, 2008 5:12 am; edited 1 time in total Back to top tazmind Posted: Thu Jan 17, 2008 8:47 pm --> Appreciated Helper Joined: 16 Feb 2007 Posts: 373 Loc	http://theroomz.19.forumer.com:80/viewtopic.php?t=187&start=250&sid=0c892ab91f8b899c616578b04962c74f
187	20080208155041	FoROOM ~ View topic - Room 42 - Riddles in the ROOMZ	hint	 on clues 5 (milk)and 8 (code). I have translated 8 and tried everything both obvious and obscure. I've read all 11 pages but none of the hints are helping. Please can I have some hints?? EDIT: Thanks heaven or hell, animoose and tazmind - it seems so obvious, can't believe it had me stumped for so long! Last edited by Cloughie on Sat Jan 19, 2008 5:12 am; edited 1 time in total Back to top tazmind Posted: Thu Jan 17, 2008 8:47 pm --> Appreciated Helper Joined: 16 Feb 2007 Posts: 373 Location: New Zealand #5 - i'm a girl and sur	http://theroomz.19.forumer.com:80/viewtopic.php?t=187&start=250&sid=0c892ab91f8b899c616578b04962c74f
187	20080208155041	FoROOM ~ View topic - Room 42 - Riddles in the ROOMZ	hint	nd Posted: Thu Jan 17, 2008 8:47 pm --> Appreciated Helper Joined: 16 Feb 2007 Posts: 373 Location: New Zealand #5 - i'm a girl and surprised i didn't get it sooner (yes that is a hint) #8 - SIMPLIFY _________________ --------------------------- Status: In room 45, Last step 2/4 ------------------------------ Roomz: 44/45 Bonus Roomz: 4/4 Feel Free to PM me. WILL NOT SPOIL --------------------------- Back to top animoose Posted: Fri Jan 18, 2008 5:46 am --> Roomz fan Joined: 01 Jan 2008 Posts: 30 Location: Venice, California I'm	http://theroomz.19.forumer.com:80/viewtopic.php?t=187&start=250&sid=0c892ab91f8b899c616578b04962c74f
187	20080208155041	FoROOM ~ View topic - Room 42 - Riddles in the ROOMZ	room 45	7 Posts: 373 Location: New Zealand #5 - i'm a girl and surprised i didn't get it sooner (yes that is a hint) #8 - SIMPLIFY _________________ --------------------------- Status: In room 45, Last step 2/4 ------------------------------ Roomz: 44/45 Bonus Roomz: 4/4 Feel Free to PM me. WILL NOT SPOIL --------------------------- Back to top animoose Posted: Fri Jan 18, 2008 5:46 am --> Roomz fan Joined: 01 Jan 2008 Posts: 30 Location: Venice, California I'm getting nowhere with the pyramids (other than finding the words for the second,	http://theroomz.19.forumer.com:80/viewtopic.php?t=187&start=250&sid=0c892ab91f8b899c616578b04962c74f
187	20080208155041	FoROOM ~ View topic - Room 42 - Riddles in the ROOMZ	hint	he obvious connection for the first). I do see another connection, or two, between the words in the first, but it doesn't take me anwhere in the other pyramids. Can anyone PM me a hint, or let me PM the connections I see so you can tell me if I'm digging in the wrong place? *sigh* Back to top sas Posted: Fri Jan 18, 2008 6:53 am --> Appreciated Helper Joined: 30 Oct 2006 Posts: 535 Location: Melbourne, Australia You can PM me your connection . The main thing to look for is a connection in the first pyramid, then use the other cl	http://theroomz.19.forumer.com:80/viewtopic.php?t=187&start=250&sid=0c892ab91f8b899c616578b04962c74f
187	20080208155041	FoROOM ~ View topic - Room 42 - Riddles in the ROOMZ	hint	ns of different ideas of stuff for un*******nd stuff that w***s h**d for nothing, but all i have tried has netted me nothing. So here I am asking for help. Please give me a better hint than what is already there. Also looking harder or try not thinking too much isnt going to help here. I have been working this one for about 3 days now, so i have already tried those two. PM sent by Jim. Edit: thanks Jim I got the last of the riddles now. just one note though... there should be a note on capitalization otherwise i would have had #	http://theroomz.19.forumer.com:80/viewtopic.php?t=187&start=250&sid=0c892ab91f8b899c616578b04962c74f
187	20080208155041	FoROOM ~ View topic - Room 42 - Riddles in the ROOMZ	hint	28, 2008 7:33 pm --> Appreciated Helper Joined: 17 Oct 2006 Posts: 841 Location: London, England Think where it might be. _________________ I am available to answer PMs requesting hints. I will NOT give out answers, just major hints. PROGRESS: 45/45 BONUS: 1-4 KISH: 1-2 ERI: 1 (3rd note) JAN: 5 Back to top Phiky Posted: Tue Jan 29, 2008 7:23 pm --> Little roomer Joined: 18 Oct 2007 Posts: 11 i´m i cd2 now, i have 10 n***s of f***d, but i can`t find more, please help. Back to top RoomzF Posted: Thu Jan 31, 2008 3:46 pm --> Wander	http://theroomz.19.forumer.com:80/viewtopic.php?t=187&start=250&sid=0c892ab91f8b899c616578b04962c74f
187	20080208155041	FoROOM ~ View topic - Room 42 - Riddles in the ROOMZ	hint	 17 Oct 2006 Posts: 841 Location: London, England Think where it might be. _________________ I am available to answer PMs requesting hints. I will NOT give out answers, just major hints. PROGRESS: 45/45 BONUS: 1-4 KISH: 1-2 ERI: 1 (3rd note) JAN: 5 Back to top Phiky Posted: Tue Jan 29, 2008 7:23 pm --> Little roomer Joined: 18 Oct 2007 Posts: 11 i´m i cd2 now, i have 10 n***s of f***d, but i can`t find more, please help. Back to top RoomzF Posted: Thu Jan 31, 2008 3:46 pm --> Wanderer Joined: 31 Jan 2008 Posts: 4 Phiky:You can p	http://theroomz.19.forumer.com:80/viewtopic.php?t=187&start=250&sid=0c892ab91f8b899c616578b04962c74f
187	20080208155041	FoROOM ~ View topic - Room 42 - Riddles in the ROOMZ	hint	d, but i can`t find more, please help. Back to top RoomzF Posted: Thu Jan 31, 2008 3:46 pm --> Wanderer Joined: 31 Jan 2008 Posts: 4 Phiky:You can pm me for other foods.I can give hint And i'm stuck on third cd.When i look fi*** letters of words on first pyramid,i have pyr**** but can it help me?And i can't make second pyramid.Please help Back to top cams Posted: Thu Jan 31, 2008 3:48 pm --> Supreme roomer Joined: 10 Jun 2007 Posts: 307 Location: South Korea well, for the second pyramid.... think why there isn't a number higher 	http://theroomz.19.forumer.com:80/viewtopic.php?t=187&start=250&sid=0c892ab91f8b899c616578b04962c74f
187	20080208155041	FoROOM ~ View topic - Room 42 - Riddles in the ROOMZ	hint	o top recorder Posted: Fri Feb 01, 2008 7:40 pm --> Wanderer Joined: 01 Feb 2008 Posts: 2 I'm stuck in cd 3,found words connection in pyramid one, and then lost, please any useful hint. Back to top Display posts from previous: All Posts 1 Day 7 Days 2 Weeks 1 Month 3 Months 6 Months 1 Year Oldest First Newest First All times are GMT + 1 Hour View next topic View previous topic Page 11 of 12 Goto page Previous 1 , 2 , 3 ... , 10 , 11 , 12 Next FoROOM Forum Index ~ Roomz Jump to: Select a forum Message Board ---------------- News 	http://theroomz.19.forumer.com:80/viewtopic.php?t=187&start=250&sid=0c892ab91f8b899c616578b04962c74f
124	20080208154411	FoROOM ~ View topic - Room 33 - Looks Familiar...	room 45	14 pm --> Appreciated Helper Joined: 16 Feb 2007 Posts: 373 Location: New Zealand Twtich... work out what is simaler first _________________ --------------------------- Status: In room 45, Last step 2/4 ------------------------------ Roomz: 44/45 Bonus Roomz: 4/4 Feel Free to PM me. WILL NOT SPOIL --------------------------- Back to top johnp74 Posted: Thu Jan 03, 2008 3:51 am --> Banned :/ Joined: 02 Jan 2008 Posts: 21 Ya know what... i have spent nearly 8 hours trying to figure this out. And i cant even seem to get started. I hav	http://theroomz.19.forumer.com:80/viewtopic.php?t=124&start=275&sid=0c892ab91f8b899c616578b04962c74f
187	20080208155046	FoROOM ~ View topic - Room 42 - Riddles in the ROOMZ	Room 42	FoROOM ~ View topic - Room 42 - Riddles in the ROOMZ FAQ Search Memberlist Usergroups fChat Log in Register Author Message Roomz ~ Room 42 - Riddles in the ROOMZ paradise17 Posted: Fri Feb 01, 2008 9:33 pm --> Roomz fan Joined: 07 Jun 2007 Posts: 42 follow the yellow big road Back to top RoomzF Posted: Sat Feb 02, 2008 8:04 pm --> Wanderer Joined: 31 Jan 2008 Posts: 4 Sorry,bu	http://theroomz.19.forumer.com:80/viewtopic.php?t=187&start=275&sid=0c892ab91f8b899c616578b04962c74f
187	20080208155046	FoROOM ~ View topic - Room 42 - Riddles in the ROOMZ	Room 42	FoROOM ~ View topic - Room 42 - Riddles in the ROOMZ FAQ Search Memberlist Usergroups fChat Log in Register Author Message Roomz ~ Room 42 - Riddles in the ROOMZ paradise17 Posted: Fri Feb 01, 2008 9:33 pm --> Roomz fan Joined: 07 Jun 2007 Posts: 42 follow the yellow big road Back to top RoomzF Posted: Sat Feb 02, 2008 8:04 pm --> Wanderer Joined: 31 Jan 2008 Posts: 4 Sorry,but i can't understand you.Where is yellow big road and How can we follow it?(I found connection of first pyram	http://theroomz.19.forumer.com:80/viewtopic.php?t=187&start=275&sid=0c892ab91f8b899c616578b04962c74f
187	20080208155046	FoROOM ~ View topic - Room 42 - Riddles in the ROOMZ	hint	: Tue Feb 05, 2008 5:52 pm --> Wanderer Joined: 31 Jan 2008 Posts: 4 I'm on 4th Cd too.I have "M*****" and i put it on line of x.How can it help me?I can't find anything.And i saw hint on t** r**** too. Back to top Display posts from previous: All Posts 1 Day 7 Days 2 Weeks 1 Month 3 Months 6 Months 1 Year Oldest First Newest First All times are GMT + 1 Hour View next topic View previous topic Page 12 of 12 Goto page Previous 1 , 2 , 3 ... 10 , 11 , 12 FoROOM Forum Index ~ Roomz Jump to: Select a forum Message Board ------------	http://theroomz.19.forumer.com:80/viewtopic.php?t=187&start=275&sid=0c892ab91f8b899c616578b04962c74f
130	20080208154512	FoROOM ~ View topic - Room 35 - Not another wingdings	hint	ranslated nearly every text on the wall except that second red word... hint? ^^ edit: i'm dumb ^^ no need yet for a hint =) edit: have i ever heard about WHAT? o.0 ^^ now i need a hint i think PM sent by ashman Back to top tazmind Posted: Thu Aug 02, 2007 9:46 pm --> Appreciated Helper Joined: 16 Feb 2007 Posts: 373 Location: New Zealand firestorm... Not sure how you are translating it... but if your not using a pen and paper it will help... _________________ --------------------------- Status: In room 45, Last step 2/4 --------	http://theroomz.19.forumer.com:80/viewtopic.php?t=130&start=50&sid=0c892ab91f8b899c616578b04962c74f
130	20080208154512	FoROOM ~ View topic - Room 35 - Not another wingdings	room 45	ion: New Zealand firestorm... Not sure how you are translating it... but if your not using a pen and paper it will help... _________________ --------------------------- Status: In room 45, Last step 2/4 ------------------------------ Roomz: 44/45 Bonus Roomz: 4/4 Feel Free to PM me. WILL NOT SPOIL --------------------------- Back to top cams Posted: Mon Aug 20, 2007 7:46 am --> Supreme roomer Joined: 10 Jun 2007 Posts: 307 Location: South Korea need a PM (how did some people solve this room without hints?) edit: I think i understan	http://theroomz.19.forumer.com:80/viewtopic.php?t=130&start=50&sid=0c892ab91f8b899c616578b04962c74f
141	20080208154611	FoROOM ~ View topic - Room 36 - "In the jungle, the mighty jungle..."	room 45	m --> Appreciated Helper Joined: 16 Feb 2007 Posts: 373 Location: New Zealand you are probably missing a very small detail _________________ --------------------------- Status: In room 45, Last step 2/4 ------------------------------ Roomz: 44/45 Bonus Roomz: 4/4 Feel Free to PM me. WILL NOT SPOIL --------------------------- Back to top gusura Posted: Mon Sep 24, 2007 9:19 am --> Wanderer Joined: 06 Sep 2007 Posts: 3 i'm at fourth note, the one with the sticks but i have no clues about them. Help please. Back to top quis Posted: Mo	http://theroomz.19.forumer.com:80/viewtopic.php?t=141&start=50&sid=0c892ab91f8b899c616578b04962c74f
141	20080208154611	FoROOM ~ View topic - Room 36 - "In the jungle, the mighty jungle..."	hint	-> Wanderer Joined: 11 Jul 2007 Posts: 4 I'm stuck at the break the c*** part. I don't know if I'm just tired but I don't know what my next step is. Any help? Edit: Thanks for the hint. I'm out! Last edited by kickinmybutt on Mon Oct 01, 2007 1:16 am; edited 1 time in total Back to top tazmind Posted: Mon Oct 01, 2007 12:03 am --> Appreciated Helper Joined: 16 Feb 2007 Posts: 373 Location: New Zealand trial and error is my only advice _________________ --------------------------- Status: In room 45, Last step 2/4 ---------------	http://theroomz.19.forumer.com:80/viewtopic.php?t=141&start=50&sid=0c892ab91f8b899c616578b04962c74f
141	20080208154611	FoROOM ~ View topic - Room 36 - "In the jungle, the mighty jungle..."	room 45	007 12:03 am --> Appreciated Helper Joined: 16 Feb 2007 Posts: 373 Location: New Zealand trial and error is my only advice _________________ --------------------------- Status: In room 45, Last step 2/4 ------------------------------ Roomz: 44/45 Bonus Roomz: 4/4 Feel Free to PM me. WILL NOT SPOIL --------------------------- Back to top sveinnv Posted: Mon Oct 08, 2007 1:55 pm --> Wanderer Joined: 06 Oct 2007 Posts: 8 Location: Copenhagen, Denmark If Zerioth was the 137th roomer not to get the 4th note then i must be close to numbe	http://theroomz.19.forumer.com:80/viewtopic.php?t=141&start=50&sid=0c892ab91f8b899c616578b04962c74f
142	20080208154631	FoROOM ~ View topic - Room 37 - Wooooood	room 45	o cut the trees! Is it just a word in hs system? yes and no.... you will understand when you get it... think what you need _________________ --------------------------- Status: In room 45, Last step 2/4 ------------------------------ Roomz: 44/45 Bonus Roomz: 4/4 Feel Free to PM me. WILL NOT SPOIL --------------------------- Back to top wildcat Posted: Mon Oct 15, 2007 11:44 pm --> Wanderer Joined: 15 Apr 2007 Posts: 9 Location: Berlin, Germany good work stachu *thumb up* nice room 8) i´m out _________________ evil game but quiet g	http://theroomz.19.forumer.com:80/viewtopic.php?t=142&start=50&sid=0c892ab91f8b899c616578b04962c74f
142	20080208154631	FoROOM ~ View topic - Room 37 - Wooooood	stachu	 me. WILL NOT SPOIL --------------------------- Back to top wildcat Posted: Mon Oct 15, 2007 11:44 pm --> Wanderer Joined: 15 Apr 2007 Posts: 9 Location: Berlin, Germany good work stachu *thumb up* nice room 8) i´m out _________________ evil game but quiet good presently in room 43 bonusroom 1 done Back to top Dambo Posted: Sun Oct 21, 2007 4:16 pm --> Little roomer Joined: 31 Oct 2006 Posts: 20 It seems that I am the only one who can not pass the first note! I translated the l****** which appeared after I c** the t****. But I can	http://theroomz.19.forumer.com:80/viewtopic.php?t=142&start=50&sid=0c892ab91f8b899c616578b04962c74f
142	20080208154631	FoROOM ~ View topic - Room 37 - Wooooood	room 8	------------------------ Back to top wildcat Posted: Mon Oct 15, 2007 11:44 pm --> Wanderer Joined: 15 Apr 2007 Posts: 9 Location: Berlin, Germany good work stachu *thumb up* nice room 8) i´m out _________________ evil game but quiet good presently in room 43 bonusroom 1 done Back to top Dambo Posted: Sun Oct 21, 2007 4:16 pm --> Little roomer Joined: 31 Oct 2006 Posts: 20 It seems that I am the only one who can not pass the first note! I translated the l****** which appeared after I c** the t****. But I can not use what I got! Ba	http://theroomz.19.forumer.com:80/viewtopic.php?t=142&start=50&sid=0c892ab91f8b899c616578b04962c74f
142	20080208154631	FoROOM ~ View topic - Room 37 - Wooooood	room 43	:44 pm --> Wanderer Joined: 15 Apr 2007 Posts: 9 Location: Berlin, Germany good work stachu *thumb up* nice room 8) i´m out _________________ evil game but quiet good presently in room 43 bonusroom 1 done Back to top Dambo Posted: Sun Oct 21, 2007 4:16 pm --> Little roomer Joined: 31 Oct 2006 Posts: 20 It seems that I am the only one who can not pass the first note! I translated the l****** which appeared after I c** the t****. But I can not use what I got! Back to top sas Posted: Sun Oct 21, 2007 4:22 pm --> Appreciated Helper Joi	http://theroomz.19.forumer.com:80/viewtopic.php?t=142&start=50&sid=0c892ab91f8b899c616578b04962c74f
142	20080208154631	FoROOM ~ View topic - Room 37 - Wooooood	room 1	nderer Joined: 15 Apr 2007 Posts: 9 Location: Berlin, Germany good work stachu *thumb up* nice room 8) i´m out _________________ evil game but quiet good presently in room 43 bonusroom 1 done Back to top Dambo Posted: Sun Oct 21, 2007 4:16 pm --> Little roomer Joined: 31 Oct 2006 Posts: 20 It seems that I am the only one who can not pass the first note! I translated the l****** which appeared after I c** the t****. But I can not use what I got! Back to top sas Posted: Sun Oct 21, 2007 4:22 pm --> Appreciated Helper Joined: 30 Oct 	http://theroomz.19.forumer.com:80/viewtopic.php?t=142&start=50&sid=0c892ab91f8b899c616578b04962c74f
142	20080208154631	FoROOM ~ View topic - Room 37 - Wooooood	room 45	 am --> Appreciated Helper Joined: 16 Feb 2007 Posts: 373 Location: New Zealand more than one.... PM me with what you have _________________ --------------------------- Status: In room 45, Last step 2/4 ------------------------------ Roomz: 44/45 Bonus Roomz: 4/4 Feel Free to PM me. WILL NOT SPOIL --------------------------- Back to top paulcito Posted: Fri Dec 14, 2007 11:30 am --> Junior Helper Joined: 28 Sep 2007 Posts: 155 Location: Montevideo, Uruguay You have a not-exact version of the word... The correct one is under your ey	http://theroomz.19.forumer.com:80/viewtopic.php?t=142&start=50&sid=0c892ab91f8b899c616578b04962c74f
164	20080208154828	FoROOM ~ View topic - Room 40 - Not another checking	Room 40	FoROOM ~ View topic - Room 40 - Not another checking FAQ Search Memberlist Usergroups fChat Log in Register Author Message Roomz ~ Room 40 - Not another checking curiousgeorgie Posted: Mon Oct 08, 2007 1:56 am --> Little roomer Joined: 02 Jan 2007 Posts: 13 I know, I used BODMAS (or PEMDAS, as I learned it) but my answer still isn't making sense to me. Back to top sas Posted: 	http://theroomz.19.forumer.com:80/viewtopic.php?t=164&start=50&sid=0c892ab91f8b899c616578b04962c74f
164	20080208154828	FoROOM ~ View topic - Room 40 - Not another checking	Room 40	FoROOM ~ View topic - Room 40 - Not another checking FAQ Search Memberlist Usergroups fChat Log in Register Author Message Roomz ~ Room 40 - Not another checking curiousgeorgie Posted: Mon Oct 08, 2007 1:56 am --> Little roomer Joined: 02 Jan 2007 Posts: 13 I know, I used BODMAS (or PEMDAS, as I learned it) but my answer still isn't making sense to me. Back to top sas Posted: Mon Oct 08, 2007 2:11 am --> Appreciated Helper Joined: 30 Oct 2006 Posts: 535 Location: Melbourne, Australia	http://theroomz.19.forumer.com:80/viewtopic.php?t=164&start=50&sid=0c892ab91f8b899c616578b04962c74f
165	20080208205610	FoROOM ~ View topic - Bonus Room 3 - Lord of the Colony	room 45	osts: 373 Location: New Zealand Paulcito... PM me with what your doing... i'll see if i can aim you in the right direction _________________ --------------------------- Status: In room 45, Last step 2/4 ------------------------------ Roomz: 44/45 Bonus Roomz: 4/4 Feel Free to PM me. WILL NOT SPOIL --------------------------- Back to top paulcito Posted: Thu Dec 20, 2007 7:00 pm --> Junior Helper Joined: 28 Sep 2007 Posts: 156 Location: Montevideo, Uruguay Hey, Stachu... You have to install the possibility to "save the game", becaus	http://theroomz.19.forumer.com:80/viewtopic.php?t=165&start=50&sid=0c892ab91f8b899c616578b04962c74f
17	20080208155022	FoROOM ~ View topic - Room 7 - challenge time	room 45	ed Helper Joined: 16 Feb 2007 Posts: 373 Location: New Zealand Bradsoup... have PM'd ya again... guess ya did get out of 6 _________________ --------------------------- Status: In room 45, Last step 2/4 ------------------------------ Roomz: 44/45 Bonus Roomz: 4/4 Feel Free to PM me. WILL NOT SPOIL --------------------------- Back to top Yedle Posted: Mon Aug 06, 2007 9:47 am --> Wanderer Joined: 06 Aug 2007 Posts: 2 please help me with challenge two. i am trying it two days i am going mad thanx PM sent by sas omg i made it! Back to	http://theroomz.19.forumer.com:80/viewtopic.php?t=17&start=50&sid=0c892ab91f8b899c616578b04962c74f
215	20080208155141	FoROOM ~ View topic - Room 41 - Ready... Aim... (part2)	Room 41	FoROOM ~ View topic - Room 41 - Ready... Aim... (part2) FAQ Search Memberlist Usergroups fChat Log in Register Author Message Roomz ~ Room 41 - Ready... Aim... (part2) sas Posted: Thu Oct 18, 2007 5:22 am --> Appreciated Helper Joined: 30 Oct 2006 Posts: 535 Location: Melbourne, Australia Perhaps you are trying what you find in the wrong place... _________________ Progress: 45	http://theroomz.19.forumer.com:80/viewtopic.php?t=215&start=50&sid=0c892ab91f8b899c616578b04962c74f
215	20080208155141	FoROOM ~ View topic - Room 41 - Ready... Aim... (part2)	Room 41	FoROOM ~ View topic - Room 41 - Ready... Aim... (part2) FAQ Search Memberlist Usergroups fChat Log in Register Author Message Roomz ~ Room 41 - Ready... Aim... (part2) sas Posted: Thu Oct 18, 2007 5:22 am --> Appreciated Helper Joined: 30 Oct 2006 Posts: 535 Location: Melbourne, Australia Perhaps you are trying what you find in the wrong place... _________________ Progress: 45/45 + Bonus 4/4 PM if you need help! (include details of where/what you are stuck on) - I don't give out answers	http://theroomz.19.forumer.com:80/viewtopic.php?t=215&start=50&sid=0c892ab91f8b899c616578b04962c74f
215	20080208155141	FoROOM ~ View topic - Room 41 - Ready... Aim... (part2)	hint	ed Back to top Dambo Posted: Sat Nov 10, 2007 12:48 pm --> Little roomer Joined: 31 Oct 2006 Posts: 20 I decoded the fist note. I found what I was supposed to and followed all the hints it gave me! I did litteraly what it told me, but no matter how long I watch the d*** I can not figure it out! Can someone please help me??? EDIT: Ok I managed to activate the cannon, but I am having trouble to destroy the last thingy (bottom right). I have these blocks on the way!!!!! Back to top sas Posted: Sat Nov 10, 2007 2:38 pm --> Appreciat	http://theroomz.19.forumer.com:80/viewtopic.php?t=215&start=50&sid=0c892ab91f8b899c616578b04962c74f
215	20080208155141	FoROOM ~ View topic - Room 41 - Ready... Aim... (part2)	hint	u've tried everything? Experiment with the power settings - and remember a change of 1 point can make all the difference! _________________ I am available to answer PMs requesting hints. I will NOT give out answers, just major hints. PROGRESS: 45/45 BONUS: 1-4 KISH: 1-2 ERI: 1 (3rd note) JAN: 5 Back to top Dambo Posted: Sun Nov 11, 2007 9:31 pm --> Little roomer Joined: 31 Oct 2006 Posts: 20 Yes I play with the settings all the time!!!!! And I am aware that 1 degree can make the difference! Obviously I am missing something! I do	http://theroomz.19.forumer.com:80/viewtopic.php?t=215&start=50&sid=0c892ab91f8b899c616578b04962c74f
215	20080208155141	FoROOM ~ View topic - Room 41 - Ready... Aim... (part2)	hint	r settings - and remember a change of 1 point can make all the difference! _________________ I am available to answer PMs requesting hints. I will NOT give out answers, just major hints. PROGRESS: 45/45 BONUS: 1-4 KISH: 1-2 ERI: 1 (3rd note) JAN: 5 Back to top Dambo Posted: Sun Nov 11, 2007 9:31 pm --> Little roomer Joined: 31 Oct 2006 Posts: 20 Yes I play with the settings all the time!!!!! And I am aware that 1 degree can make the difference! Obviously I am missing something! I don't believe that after all these roomz I would 	http://theroomz.19.forumer.com:80/viewtopic.php?t=215&start=50&sid=0c892ab91f8b899c616578b04962c74f
215	20080208155141	FoROOM ~ View topic - Room 41 - Ready... Aim... (part2)	hint	 to top metacom Posted: Sun Dec 16, 2007 11:42 pm --> Roomz addict Joined: 26 Oct 2007 Posts: 62 Location: New Jersey make sure you see EVERYTHING on the t** f***...there is a big hint hidden there. _________________ currently working on 44. Back to top Flavio Posted: Fri Dec 28, 2007 11:27 pm --> Wanderer Joined: 13 Sep 2007 Posts: 3 Thanks metacom I'm Out Back to top cycloney Posted: Sat Jan 05, 2008 12:08 pm --> Roomz fan Joined: 09 Dec 2007 Posts: 28 i need help here i can't figure out the fist note Back to top paulcito Post	http://theroomz.19.forumer.com:80/viewtopic.php?t=215&start=50&sid=0c892ab91f8b899c616578b04962c74f
215	20080208155141	FoROOM ~ View topic - Room 41 - Ready... Aim... (part2)	hint	) jan's riddles 5/5 RG riddles 1/2 kish rooms 1/3 Back to top cycloney Posted: Sat Jan 05, 2008 3:19 pm --> Roomz fan Joined: 09 Dec 2007 Posts: 28 still have nothing i need a big hint Back to top paulcito Posted: Sat Jan 05, 2008 3:38 pm --> Junior Helper Joined: 28 Sep 2007 Posts: 155 Location: Montevideo, Uruguay Coloured things shows you the way.... And your best friend will help you too _________________ One Roomz, to rule them all.... Roomz 44/45 Bonus Roomz 1,2,4 (won't do 3, don't like its kind...) jan's riddles 5/5 RG r	http://theroomz.19.forumer.com:80/viewtopic.php?t=215&start=50&sid=0c892ab91f8b899c616578b04962c74f
215	20080208155141	FoROOM ~ View topic - Room 41 - Ready... Aim... (part2)	room 45	38 am --> Appreciated Helper Joined: 16 Feb 2007 Posts: 373 Location: New Zealand PM me what you have done/thought so far. _________________ --------------------------- Status: In room 45, Last step 2/4 ------------------------------ Roomz: 44/45 Bonus Roomz: 4/4 Feel Free to PM me. WILL NOT SPOIL --------------------------- Back to top Display posts from previous: All Posts 1 Day 7 Days 2 Weeks 1 Month 3 Months 6 Months 1 Year Oldest First Newest First All times are GMT + 1 Hour View next topic View previous topic Page 3 of 5 Goto	http://theroomz.19.forumer.com:80/viewtopic.php?t=215&start=50&sid=0c892ab91f8b899c616578b04962c74f
227	20080208155200	FoROOM ~ View topic - Bonus room 4 - The Big Secret.	room 45	-> Appreciated Helper Joined: 16 Feb 2007 Posts: 373 Location: New Zealand you sure you are putting it in the right place? _________________ --------------------------- Status: In room 45, Last step 2/4 ------------------------------ Roomz: 44/45 Bonus Roomz: 4/4 Feel Free to PM me. WILL NOT SPOIL --------------------------- Back to top paulcito Posted: Thu Dec 13, 2007 11:15 am --> Junior Helper Joined: 28 Sep 2007 Posts: 155 Location: Montevideo, Uruguay I've tried Hss, locker and quick pass.... Is there another place to do it???	http://theroomz.19.forumer.com:80/viewtopic.php?t=227&start=50&sid=0c892ab91f8b899c616578b04962c74f
227	20080208155200	FoROOM ~ View topic - Bonus room 4 - The Big Secret.	hint	 riddles 5/5 RG riddles 1/2 kish rooms 1/3 Back to top tazmind Posted: Thu Dec 13, 2007 12:15 pm --> Appreciated Helper Joined: 16 Feb 2007 Posts: 373 Location: New Zealand just a hint, remember anagram sites dont always give the many variations of order the words could be in for a multiple word anagram... i suggest pen and paper for this one _________________ --------------------------- Status: In room 45, Last step 2/4 ------------------------------ Roomz: 44/45 Bonus Roomz: 4/4 Feel Free to PM me. WILL NOT SPOIL -------------	http://theroomz.19.forumer.com:80/viewtopic.php?t=227&start=50&sid=0c892ab91f8b899c616578b04962c74f
227	20080208155200	FoROOM ~ View topic - Bonus room 4 - The Big Secret.	room 45	ive the many variations of order the words could be in for a multiple word anagram... i suggest pen and paper for this one _________________ --------------------------- Status: In room 45, Last step 2/4 ------------------------------ Roomz: 44/45 Bonus Roomz: 4/4 Feel Free to PM me. WILL NOT SPOIL --------------------------- Back to top paulcito Posted: Thu Dec 13, 2007 2:13 pm --> Junior Helper Joined: 28 Sep 2007 Posts: 155 Location: Montevideo, Uruguay You really know how to give hope to my soul.... Edit: I'm REALLY IN the BR4 n	http://theroomz.19.forumer.com:80/viewtopic.php?t=227&start=50&sid=0c892ab91f8b899c616578b04962c74f
227	20080208155200	FoROOM ~ View topic - Bonus room 4 - The Big Secret.	ROOM 4	with the paper? :S HELP Back to top tazmind Posted: Fri Dec 14, 2007 10:20 pm --> Appreciated Helper Joined: 16 Feb 2007 Posts: 373 Location: New Zealand Elzy... this is for BONUS ROOM 4... pla post your query in the ROOM 4 thread, thanks _________________ --------------------------- Status: In room 45, Last step 2/4 ------------------------------ Roomz: 44/45 Bonus Roomz: 4/4 Feel Free to PM me. WILL NOT SPOIL --------------------------- Back to top Display posts from previous: All Posts 1 Day 7 Days 2 Weeks 1 Month 3 Months 6 Mo	http://theroomz.19.forumer.com:80/viewtopic.php?t=227&start=50&sid=0c892ab91f8b899c616578b04962c74f
227	20080208155200	FoROOM ~ View topic - Bonus room 4 - The Big Secret.	ROOM 4	azmind Posted: Fri Dec 14, 2007 10:20 pm --> Appreciated Helper Joined: 16 Feb 2007 Posts: 373 Location: New Zealand Elzy... this is for BONUS ROOM 4... pla post your query in the ROOM 4 thread, thanks _________________ --------------------------- Status: In room 45, Last step 2/4 ------------------------------ Roomz: 44/45 Bonus Roomz: 4/4 Feel Free to PM me. WILL NOT SPOIL --------------------------- Back to top Display posts from previous: All Posts 1 Day 7 Days 2 Weeks 1 Month 3 Months 6 Months 1 Year Oldest First Newest First	http://theroomz.19.forumer.com:80/viewtopic.php?t=227&start=50&sid=0c892ab91f8b899c616578b04962c74f
227	20080208155200	FoROOM ~ View topic - Bonus room 4 - The Big Secret.	room 45	2007 Posts: 373 Location: New Zealand Elzy... this is for BONUS ROOM 4... pla post your query in the ROOM 4 thread, thanks _________________ --------------------------- Status: In room 45, Last step 2/4 ------------------------------ Roomz: 44/45 Bonus Roomz: 4/4 Feel Free to PM me. WILL NOT SPOIL --------------------------- Back to top Display posts from previous: All Posts 1 Day 7 Days 2 Weeks 1 Month 3 Months 6 Months 1 Year Oldest First Newest First All times are GMT + 1 Hour View next topic View previous topic Page 3 of 3 Goto	http://theroomz.19.forumer.com:80/viewtopic.php?t=227&start=50&sid=0c892ab91f8b899c616578b04962c74f
308	20080208155301	FoROOM ~ View topic - Room 45 - Never ending story...	Room 45	FoROOM ~ View topic - Room 45 - Never ending story... FAQ Search Memberlist Usergroups fChat Log in Register Author Message Roomz ~ Room 45 - Never ending story... .:Stachu:. Posted: Fri Jan 04, 2008 10:03 pm --> Lord of The Roomz Joined: 22 Sep 2006 Posts: 1347 Location: Hell Well gratz Jim OK, few changes to the last part of the room. CTIF to be sure u will have the current 	http://theroomz.19.forumer.com:80/viewtopic.php?t=308&start=50&sid=0c892ab91f8b899c616578b04962c74f
308	20080208155301	FoROOM ~ View topic - Room 45 - Never ending story...	Room 45	FoROOM ~ View topic - Room 45 - Never ending story... FAQ Search Memberlist Usergroups fChat Log in Register Author Message Roomz ~ Room 45 - Never ending story... .:Stachu:. Posted: Fri Jan 04, 2008 10:03 pm --> Lord of The Roomz Joined: 22 Sep 2006 Posts: 1347 Location: Hell Well gratz Jim OK, few changes to the last part of the room. CTIF to be sure u will have the current version. _________________ .....:::ENTER THE ROOMZ:::..... Life is a room where the password is 'death' Progre	http://theroomz.19.forumer.com:80/viewtopic.php?t=308&start=50&sid=0c892ab91f8b899c616578b04962c74f
308	20080208155301	FoROOM ~ View topic - Room 45 - Never ending story...	Stachu	FoROOM ~ View topic - Room 45 - Never ending story... FAQ Search Memberlist Usergroups fChat Log in Register Author Message Roomz ~ Room 45 - Never ending story... .:Stachu:. Posted: Fri Jan 04, 2008 10:03 pm --> Lord of The Roomz Joined: 22 Sep 2006 Posts: 1347 Location: Hell Well gratz Jim OK, few changes to the last part of the room. CTIF to be sure u will have the current version. _________________ .....:::ENTER THE ROOMZ:::..... Life is a room where the password is 'death' Progress: Roomz: mine (45/45 +4) :p, er	http://theroomz.19.forumer.com:80/viewtopic.php?t=308&start=50&sid=0c892ab91f8b899c616578b04962c74f
308	20080208155301	FoROOM ~ View topic - Room 45 - Never ending story...	password	gratz Jim OK, few changes to the last part of the room. CTIF to be sure u will have the current version. _________________ .....:::ENTER THE ROOMZ:::..... Life is a room where the password is 'death' Progress: Roomz: mine (45/45 +4) :p, eri's (1/2), RG's (2/2), kish's (4/4 with magic :p), jan's (3/3) I'm offering help via PMs only if you like cryptic hints :p Back to top paulcito Posted: Sat Jan 05, 2008 1:44 pm --> Junior Helper Joined: 28 Sep 2007 Posts: 155 Location: Montevideo, Uruguay Gratz Jim!!!! Now, i'm at gate 2, and going	http://theroomz.19.forumer.com:80/viewtopic.php?t=308&start=50&sid=0c892ab91f8b899c616578b04962c74f
308	20080208155301	FoROOM ~ View topic - Room 45 - Never ending story...	hint	re the password is 'death' Progress: Roomz: mine (45/45 +4) :p, eri's (1/2), RG's (2/2), kish's (4/4 with magic :p), jan's (3/3) I'm offering help via PMs only if you like cryptic hints :p Back to top paulcito Posted: Sat Jan 05, 2008 1:44 pm --> Junior Helper Joined: 28 Sep 2007 Posts: 155 Location: Montevideo, Uruguay Gratz Jim!!!! Now, i'm at gate 2, and going..... Getting troubles here, with the key to use with p*******... Any hint? Tks to heavenandhell and to Jim for the guide.... I've got the key. Now fighting with that P*	http://theroomz.19.forumer.com:80/viewtopic.php?t=308&start=50&sid=0c892ab91f8b899c616578b04962c74f
308	20080208155301	FoROOM ~ View topic - Room 45 - Never ending story...	hint	elper Joined: 28 Sep 2007 Posts: 155 Location: Montevideo, Uruguay Gratz Jim!!!! Now, i'm at gate 2, and going..... Getting troubles here, with the key to use with p*******... Any hint? Tks to heavenandhell and to Jim for the guide.... I've got the key. Now fighting with that P****** riddle... _________________ One Roomz, to rule them all.... Roomz 44/45 Bonus Roomz 1,2,4 (won't do 3, don't like its kind...) jan's riddles 5/5 RG riddles 1/2 kish rooms 1/3 Back to top cams Posted: Mon Jan 07, 2008 3:55 pm --> Supreme roomer Joine	http://theroomz.19.forumer.com:80/viewtopic.php?t=308&start=50&sid=0c892ab91f8b899c616578b04962c74f
308	20080208155301	FoROOM ~ View topic - Room 45 - Never ending story...	Stachu	 _________________ One Roomz, to rule them all.... Roomz 44/45 Bonus Roomz 1,2,4 (won't do 3, don't like its kind...) jan's riddles 5/5 RG riddles 1/2 kish rooms 1/3 Back to top .:Stachu:. Posted: Tue Jan 08, 2008 10:08 pm --> Lord of The Roomz Joined: 22 Sep 2006 Posts: 1347 Location: Hell Jim, I was only warning u every time I heard about ur "pushing". I think I should do sth with it already We have to talk, ya know? _________________ .....:::ENTER THE ROOMZ:::..... Life is a room where the password is 'death' Progress: Roomz: m	http://theroomz.19.forumer.com:80/viewtopic.php?t=308&start=50&sid=0c892ab91f8b899c616578b04962c74f
308	20080208155301	FoROOM ~ View topic - Room 45 - Never ending story...	password	every time I heard about ur "pushing". I think I should do sth with it already We have to talk, ya know? _________________ .....:::ENTER THE ROOMZ:::..... Life is a room where the password is 'death' Progress: Roomz: mine (45/45 +4) :p, eri's (1/2), RG's (2/2), kish's (4/4 with magic :p), jan's (3/3) I'm offering help via PMs only if you like cryptic hints :p Back to top paulcito Posted: Wed Jan 09, 2008 12:03 pm --> Junior Helper Joined: 28 Sep 2007 Posts: 155 Location: Montevideo, Uruguay Don't be so hard with Jim, Stachu... I pro	http://theroomz.19.forumer.com:80/viewtopic.php?t=308&start=50&sid=0c892ab91f8b899c616578b04962c74f
308	20080208155301	FoROOM ~ View topic - Room 45 - Never ending story...	hint	re the password is 'death' Progress: Roomz: mine (45/45 +4) :p, eri's (1/2), RG's (2/2), kish's (4/4 with magic :p), jan's (3/3) I'm offering help via PMs only if you like cryptic hints :p Back to top paulcito Posted: Wed Jan 09, 2008 12:03 pm --> Junior Helper Joined: 28 Sep 2007 Posts: 155 Location: Montevideo, Uruguay Don't be so hard with Jim, Stachu... I promise he don't spoil at all. He is able to help anybody without do it. He just made me look things in from a different angle... Jim... Sorry for the troubles... _________	http://theroomz.19.forumer.com:80/viewtopic.php?t=308&start=50&sid=0c892ab91f8b899c616578b04962c74f
308	20080208155301	FoROOM ~ View topic - Room 45 - Never ending story...	Stachu	e cryptic hints :p Back to top paulcito Posted: Wed Jan 09, 2008 12:03 pm --> Junior Helper Joined: 28 Sep 2007 Posts: 155 Location: Montevideo, Uruguay Don't be so hard with Jim, Stachu... I promise he don't spoil at all. He is able to help anybody without do it. He just made me look things in from a different angle... Jim... Sorry for the troubles... _________________ One Roomz, to rule them all.... Roomz 44/45 Bonus Roomz 1,2,4 (won't do 3, don't like its kind...) jan's riddles 5/5 RG riddles 1/2 kish rooms 1/3 Back to top Jim 	http://theroomz.19.forumer.com:80/viewtopic.php?t=308&start=50&sid=0c892ab91f8b899c616578b04962c74f
308	20080208155301	FoROOM ~ View topic - Room 45 - Never ending story...	Stachu	/5 RG riddles 1/2 kish rooms 1/3 Back to top Jim Gamma Posted: Wed Jan 09, 2008 1:54 pm --> Appreciated Helper Joined: 17 Oct 2006 Posts: 841 Location: London, England No worries. Stachu: I actually told Paul that something correct was incorrect, that's the ONLY reason I offered any help at all. _________________ I am available to answer PMs requesting hints. I will NOT give out answers, just major hints. PROGRESS: 45/45 BONUS: 1-4 KISH: 1-2 ERI: 1 (3rd note) JAN: 5 Back to top cams Posted: Wed Jan 09, 2008 3:27 pm --> Supreme roo	http://theroomz.19.forumer.com:80/viewtopic.php?t=308&start=50&sid=0c892ab91f8b899c616578b04962c74f
308	20080208155301	FoROOM ~ View topic - Room 45 - Never ending story...	hint	ies. Stachu: I actually told Paul that something correct was incorrect, that's the ONLY reason I offered any help at all. _________________ I am available to answer PMs requesting hints. I will NOT give out answers, just major hints. PROGRESS: 45/45 BONUS: 1-4 KISH: 1-2 ERI: 1 (3rd note) JAN: 5 Back to top cams Posted: Wed Jan 09, 2008 3:27 pm --> Supreme roomer Joined: 10 Jun 2007 Posts: 307 Location: South Korea i need some help here. i feel like i'm trying to solve 3 roomz at once have 2 notes here and there but i need help o	http://theroomz.19.forumer.com:80/viewtopic.php?t=308&start=50&sid=0c892ab91f8b899c616578b04962c74f
308	20080208155301	FoROOM ~ View topic - Room 45 - Never ending story...	hint	g correct was incorrect, that's the ONLY reason I offered any help at all. _________________ I am available to answer PMs requesting hints. I will NOT give out answers, just major hints. PROGRESS: 45/45 BONUS: 1-4 KISH: 1-2 ERI: 1 (3rd note) JAN: 5 Back to top cams Posted: Wed Jan 09, 2008 3:27 pm --> Supreme roomer Joined: 10 Jun 2007 Posts: 307 Location: South Korea i need some help here. i feel like i'm trying to solve 3 roomz at once have 2 notes here and there but i need help on how to use them edit: noticed that all of the	http://theroomz.19.forumer.com:80/viewtopic.php?t=308&start=50&sid=0c892ab91f8b899c616578b04962c74f
308	20080208155301	FoROOM ~ View topic - Room 45 - Never ending story...	hint	 Posted: Thu Jan 10, 2008 3:54 pm --> Appreciated Helper Joined: 17 Oct 2006 Posts: 841 Location: London, England Plenty. _________________ I am available to answer PMs requesting hints. I will NOT give out answers, just major hints. PROGRESS: 45/45 BONUS: 1-4 KISH: 1-2 ERI: 1 (3rd note) JAN: 5 Back to top paulcito Posted: Thu Jan 10, 2008 7:14 pm --> Junior Helper Joined: 28 Sep 2007 Posts: 155 Location: Montevideo, Uruguay Ugh.. My eyes hurt... Is there a way to fix those images????? _________________ One Roomz, to rule them a	http://theroomz.19.forumer.com:80/viewtopic.php?t=308&start=50&sid=0c892ab91f8b899c616578b04962c74f
308	20080208155301	FoROOM ~ View topic - Room 45 - Never ending story...	hint	ed Helper Joined: 17 Oct 2006 Posts: 841 Location: London, England Plenty. _________________ I am available to answer PMs requesting hints. I will NOT give out answers, just major hints. PROGRESS: 45/45 BONUS: 1-4 KISH: 1-2 ERI: 1 (3rd note) JAN: 5 Back to top paulcito Posted: Thu Jan 10, 2008 7:14 pm --> Junior Helper Joined: 28 Sep 2007 Posts: 155 Location: Montevideo, Uruguay Ugh.. My eyes hurt... Is there a way to fix those images????? _________________ One Roomz, to rule them all.... Roomz 44/45 Bonus Roomz 1,2,4 (won't do 	http://theroomz.19.forumer.com:80/viewtopic.php?t=308&start=50&sid=0c892ab91f8b899c616578b04962c74f
308	20080208155301	FoROOM ~ View topic - Room 45 - Never ending story...	Stachu	 _________________ One Roomz, to rule them all.... Roomz 44/45 Bonus Roomz 1,2,4 (won't do 3, don't like its kind...) jan's riddles 5/5 RG riddles 1/2 kish rooms 1/3 Back to top .:Stachu:. Posted: Thu Jan 10, 2008 7:47 pm --> Lord of The Roomz Joined: 22 Sep 2006 Posts: 1347 Location: Hell There is always solution for such *problems* ;p _________________ .....:::ENTER THE ROOMZ:::..... Life is a room where the password is 'death' Progress: Roomz: mine (45/45 +4) :p, eri's (1/2), RG's (2/2), kish's (4/4 with magic :p), jan's (3/3) 	http://theroomz.19.forumer.com:80/viewtopic.php?t=308&start=50&sid=0c892ab91f8b899c616578b04962c74f
308	20080208155301	FoROOM ~ View topic - Room 45 - Never ending story...	solution	dles 5/5 RG riddles 1/2 kish rooms 1/3 Back to top .:Stachu:. Posted: Thu Jan 10, 2008 7:47 pm --> Lord of The Roomz Joined: 22 Sep 2006 Posts: 1347 Location: Hell There is always solution for such *problems* ;p _________________ .....:::ENTER THE ROOMZ:::..... Life is a room where the password is 'death' Progress: Roomz: mine (45/45 +4) :p, eri's (1/2), RG's (2/2), kish's (4/4 with magic :p), jan's (3/3) I'm offering help via PMs only if you like cryptic hints :p Back to top paulcito Posted: Thu Jan 10, 2008 8:04 pm --> Junior Help	http://theroomz.19.forumer.com:80/viewtopic.php?t=308&start=50&sid=0c892ab91f8b899c616578b04962c74f
308	20080208155301	FoROOM ~ View topic - Room 45 - Never ending story...	password	The Roomz Joined: 22 Sep 2006 Posts: 1347 Location: Hell There is always solution for such *problems* ;p _________________ .....:::ENTER THE ROOMZ:::..... Life is a room where the password is 'death' Progress: Roomz: mine (45/45 +4) :p, eri's (1/2), RG's (2/2), kish's (4/4 with magic :p), jan's (3/3) I'm offering help via PMs only if you like cryptic hints :p Back to top paulcito Posted: Thu Jan 10, 2008 8:04 pm --> Junior Helper Joined: 28 Sep 2007 Posts: 155 Location: Montevideo, Uruguay Maybe I have to take a photo to each one???	http://theroomz.19.forumer.com:80/viewtopic.php?t=308&start=50&sid=0c892ab91f8b899c616578b04962c74f
308	20080208155301	FoROOM ~ View topic - Room 45 - Never ending story...	hint	re the password is 'death' Progress: Roomz: mine (45/45 +4) :p, eri's (1/2), RG's (2/2), kish's (4/4 with magic :p), jan's (3/3) I'm offering help via PMs only if you like cryptic hints :p Back to top paulcito Posted: Thu Jan 10, 2008 8:04 pm --> Junior Helper Joined: 28 Sep 2007 Posts: 155 Location: Montevideo, Uruguay Maybe I have to take a photo to each one??? Or maybe I have to wake up that lazy boy and ask him for help... (it didn't work...) _________________ One Roomz, to rule them all.... Roomz 44/45 Bonus Roomz 1,2,4 (wo	http://theroomz.19.forumer.com:80/viewtopic.php?t=308&start=50&sid=0c892ab91f8b899c616578b04962c74f
308	20080208155301	FoROOM ~ View topic - Room 45 - Never ending story...	hint	 pm --> Appreciated Helper Joined: 17 Oct 2006 Posts: 841 Location: London, England Congrats. :p Good luck with the rest. _________________ I am available to answer PMs requesting hints. I will NOT give out answers, just major hints. PROGRESS: 45/45 BONUS: 1-4 KISH: 1-2 ERI: 1 (3rd note) JAN: 5 Back to top paulcito Posted: Fri Jan 11, 2008 8:09 pm --> Junior Helper Joined: 28 Sep 2007 Posts: 155 Location: Montevideo, Uruguay Still at gate 4... Solved 5 of 6 bits... The one that looks the easiest (3rd one), is the hardest, cause 	http://theroomz.19.forumer.com:80/viewtopic.php?t=308&start=50&sid=0c892ab91f8b899c616578b04962c74f
308	20080208155301	FoROOM ~ View topic - Room 45 - Never ending story...	hint	Posts: 841 Location: London, England Congrats. :p Good luck with the rest. _________________ I am available to answer PMs requesting hints. I will NOT give out answers, just major hints. PROGRESS: 45/45 BONUS: 1-4 KISH: 1-2 ERI: 1 (3rd note) JAN: 5 Back to top paulcito Posted: Fri Jan 11, 2008 8:09 pm --> Junior Helper Joined: 28 Sep 2007 Posts: 155 Location: Montevideo, Uruguay Still at gate 4... Solved 5 of 6 bits... The one that looks the easiest (3rd one), is the hardest, cause it's not that obvious as it seems... __________	http://theroomz.19.forumer.com:80/viewtopic.php?t=308&start=50&sid=0c892ab91f8b899c616578b04962c74f
308	20080208155301	FoROOM ~ View topic - Room 45 - Never ending story...	hint	ere or how to begin _________________ 44/45 Roomz completed 4/4 Bonus completed 1/3 kish rooms completed ############################## If you are stuck, PM me. I will try to give hints, but don't expect ANSWERS from me Back to top paulcito Posted: Sun Jan 13, 2008 8:38 pm --> Junior Helper Joined: 28 Sep 2007 Posts: 155 Location: Montevideo, Uruguay You need to solve every clues... And then, do what they say, where one of them says... _________________ One Roomz, to rule them all.... Roomz 44/45 Bonus Roomz 1,2,4 (won't do 3, d	http://theroomz.19.forumer.com:80/viewtopic.php?t=308&start=50&sid=0c892ab91f8b899c616578b04962c74f
308	20080208155301	FoROOM ~ View topic - Room 45 - Never ending story...	Stachu	, but isn't there some quote that says Whats important is the journey not the destination. And at this rate I may never reach the destination but I am enjoying the journey. Thanks Stachu! Back to top paulcito Posted: Mon Jan 14, 2008 10:06 pm --> Junior Helper Joined: 28 Sep 2007 Posts: 155 Location: Montevideo, Uruguay I'm at the final bit... (I suppose).. 4 notes to decode... They look hard..., very hard........... _________________ One Roomz, to rule them all.... Roomz 44/45 Bonus Roomz 1,2,4 (won't do 3, don't like its kind...	http://theroomz.19.forumer.com:80/viewtopic.php?t=308&start=50&sid=0c892ab91f8b899c616578b04962c74f
308	20080208155301	FoROOM ~ View topic - Room 45 - Never ending story...	hint	 am --> Appreciated Helper Joined: 17 Oct 2006 Posts: 841 Location: London, England Hmm... they're easier than they look. _________________ I am available to answer PMs requesting hints. I will NOT give out answers, just major hints. PROGRESS: 45/45 BONUS: 1-4 KISH: 1-2 ERI: 1 (3rd note) JAN: 5 Back to top rawene Posted: Tue Jan 15, 2008 9:38 am --> Roomz addict Joined: 18 Oct 2006 Posts: 59 Location: New Zealand They are not easier than they look - other wise I would have been out of here by now I need help - anyone want to wor	http://theroomz.19.forumer.com:80/viewtopic.php?t=308&start=50&sid=0c892ab91f8b899c616578b04962c74f
308	20080208155301	FoROOM ~ View topic - Room 45 - Never ending story...	hint	Posts: 841 Location: London, England Hmm... they're easier than they look. _________________ I am available to answer PMs requesting hints. I will NOT give out answers, just major hints. PROGRESS: 45/45 BONUS: 1-4 KISH: 1-2 ERI: 1 (3rd note) JAN: 5 Back to top rawene Posted: Tue Jan 15, 2008 9:38 am --> Roomz addict Joined: 18 Oct 2006 Posts: 59 Location: New Zealand They are not easier than they look - other wise I would have been out of here by now I need help - anyone want to work with me - please PM. I have some thoughts abo	http://theroomz.19.forumer.com:80/viewtopic.php?t=308&start=50&sid=0c892ab91f8b899c616578b04962c74f
308	20080208155301	FoROOM ~ View topic - Room 45 - Never ending story...	solution	 not easier than they look - other wise I would have been out of here by now I need help - anyone want to work with me - please PM. I have some thoughts about each of the 4 but no solutions. _________________ PROGRESS: Room 44/45 BONUS Room 4/4 (Bonus 3 - was the best!!) (Bonus 4 - ROFL!!) Back to top Display posts from previous: All Posts 1 Day 7 Days 2 Weeks 1 Month 3 Months 6 Months 1 Year Oldest First Newest First All times are GMT + 1 Hour View next topic View previous topic Page 3 of 5 Goto page Previous 1 , 2 , 3 , 4 , 5 Next	http://theroomz.19.forumer.com:80/viewtopic.php?t=308&start=50&sid=0c892ab91f8b899c616578b04962c74f
308	20080208155301	FoROOM ~ View topic - Room 45 - Never ending story...	Room 44	 I would have been out of here by now I need help - anyone want to work with me - please PM. I have some thoughts about each of the 4 but no solutions. _________________ PROGRESS: Room 44/45 BONUS Room 4/4 (Bonus 3 - was the best!!) (Bonus 4 - ROFL!!) Back to top Display posts from previous: All Posts 1 Day 7 Days 2 Weeks 1 Month 3 Months 6 Months 1 Year Oldest First Newest First All times are GMT + 1 Hour View next topic View previous topic Page 3 of 5 Goto page Previous 1 , 2 , 3 , 4 , 5 Next FoROOM Forum Index ~ Roomz Jump to: S	http://theroomz.19.forumer.com:80/viewtopic.php?t=308&start=50&sid=0c892ab91f8b899c616578b04962c74f
308	20080208155301	FoROOM ~ View topic - Room 45 - Never ending story...	Room 4	n out of here by now I need help - anyone want to work with me - please PM. I have some thoughts about each of the 4 but no solutions. _________________ PROGRESS: Room 44/45 BONUS Room 4/4 (Bonus 3 - was the best!!) (Bonus 4 - ROFL!!) Back to top Display posts from previous: All Posts 1 Day 7 Days 2 Weeks 1 Month 3 Months 6 Months 1 Year Oldest First Newest First All times are GMT + 1 Hour View next topic View previous topic Page 3 of 5 Goto page Previous 1 , 2 , 3 , 4 , 5 Next FoROOM Forum Index ~ Roomz Jump to: Select a forum Me	http://theroomz.19.forumer.com:80/viewtopic.php?t=308&start=50&sid=0c892ab91f8b899c616578b04962c74f
32	20080208155321	FoROOM ~ View topic - Room 11 - the balance	room 45	m --> Appreciated Helper Joined: 16 Feb 2007 Posts: 373 Location: New Zealand Fuzzy, that is her title... but who is she?? _________________ --------------------------- Status: In room 45, Last step 2/4 ------------------------------ Roomz: 44/45 Bonus Roomz: 4/4 Feel Free to PM me. WILL NOT SPOIL --------------------------- Back to top fuzzy Posted: Sat Jul 14, 2007 11:20 am --> *CHEATER* Joined: 29 Jun 2007 Posts: 12 gaaaaaa! This is so anoying! There are so many names but none work! edit: wait! YES I GOT IT! fuzzy! stop doubling	http://theroomz.19.forumer.com:80/viewtopic.php?t=32&start=50&sid=0c892ab91f8b899c616578b04962c74f
32	20080208155321	FoROOM ~ View topic - Room 11 - the balance	room 45	osted: Sat Jul 14, 2007 11:21 am --> Appreciated Helper Joined: 16 Feb 2007 Posts: 373 Location: New Zealand Yay, congrats _________________ --------------------------- Status: In room 45, Last step 2/4 ------------------------------ Roomz: 44/45 Bonus Roomz: 4/4 Feel Free to PM me. WILL NOT SPOIL --------------------------- Back to top fuzzy Posted: Sat Jul 14, 2007 11:22 am --> *CHEATER* Joined: 29 Jun 2007 Posts: 12 thanks Back to top ang3lica Posted: Fri Aug 17, 2007 3:31 pm --> Wanderer Joined: 17 Aug 2007 Posts: 1 i'am an ita	http://theroomz.19.forumer.com:80/viewtopic.php?t=32&start=50&sid=0c892ab91f8b899c616578b04962c74f
36	20080208155401	FoROOM ~ View topic - Room 15 - shame :P	room 45	ocation: New Zealand ok this one has me stumped... i have all 3 notes. i went ot the other place and it seems to be broken _________________ --------------------------- Status: In room 45, Last step 2/4 ------------------------------ Roomz: 44/45 Bonus Roomz: 4/4 Feel Free to PM me. WILL NOT SPOIL --------------------------- Back to top Jim Gamma Posted: Sat Feb 17, 2007 4:45 pm --> Appreciated Helper Joined: 17 Oct 2006 Posts: 841 Location: London, England ....Other place? PM me with something more specific, I might be able to hel	http://theroomz.19.forumer.com:80/viewtopic.php?t=36&start=50&sid=0c892ab91f8b899c616578b04962c74f
41	20080208155523	FoROOM ~ View topic - Room 12 - the gallery	room 45	your help please! thanks again no excuse... we have plenty of italian players. if you dont know something do some research _________________ --------------------------- Status: In room 45, Last step 2/4 ------------------------------ Roomz: 44/45 Bonus Roomz: 4/4 Feel Free to PM me. WILL NOT SPOIL --------------------------- Back to top dgupta Posted: Mon Sep 17, 2007 4:16 pm --> Roomz addict Joined: 23 Jul 2007 Posts: 62 Location: Paris You dont need to know english very well... those are simple words _________________ Rooms compl	http://theroomz.19.forumer.com:80/viewtopic.php?t=41&start=50&sid=0c892ab91f8b899c616578b04962c74f
46	20080208155543	FoROOM ~ View topic - Room 19 - even more stuff	hint	ppreciated Helper Joined: 16 Feb 2007 Posts: 373 Location: New Zealand yoavhayun wrote: what would you do if you only had begon playing this game and this was the first room? this hint should help you _________________ --------------------------- Status: In room 45, Last step 2/4 ------------------------------ Roomz: 44/45 Bonus Roomz: 4/4 Feel Free to PM me. WILL NOT SPOIL --------------------------- Back to top artchik925 Posted: Wed Sep 19, 2007 9:34 pm --> Wanderer Joined: 19 Sep 2007 Posts: 1 I registered JUST so i could sa	http://theroomz.19.forumer.com:80/viewtopic.php?t=46&start=50&sid=0c892ab91f8b899c616578b04962c74f
46	20080208155543	FoROOM ~ View topic - Room 19 - even more stuff	room 45	un wrote: what would you do if you only had begon playing this game and this was the first room? this hint should help you _________________ --------------------------- Status: In room 45, Last step 2/4 ------------------------------ Roomz: 44/45 Bonus Roomz: 4/4 Feel Free to PM me. WILL NOT SPOIL --------------------------- Back to top artchik925 Posted: Wed Sep 19, 2007 9:34 pm --> Wanderer Joined: 19 Sep 2007 Posts: 1 I registered JUST so i could say...u guys are genius...i felt like such an idiot after i figured it out! pure ge	http://theroomz.19.forumer.com:80/viewtopic.php?t=46&start=50&sid=0c892ab91f8b899c616578b04962c74f
46	20080208155543	FoROOM ~ View topic - Room 19 - even more stuff	room 45	Pure Evil genius and u r pure spammer :p Am not Last edited by tazmind on Thu Sep 20, 2007 9:27 pm; edited 1 time in total _________________ --------------------------- Status: In room 45, Last step 2/4 ------------------------------ Roomz: 44/45 Bonus Roomz: 4/4 Feel Free to PM me. WILL NOT SPOIL --------------------------- Back to top switchblade Posted: Thu Sep 20, 2007 6:37 pm --> Little roomer Joined: 19 Sep 2007 Posts: 21 because of this room i found an awesome morse code and binary website that all you have to do is type in 	http://theroomz.19.forumer.com:80/viewtopic.php?t=46&start=50&sid=0c892ab91f8b899c616578b04962c74f
55	20080208155659	FoROOM ~ View topic - Room 21 - Around the paper	download	> Appreciated Helper Joined: 17 Oct 2006 Posts: 841 Location: London, England Are you sure you put it in correctly? Maybe the server was a little preoccupied and things didn't get downloaded properly? _________________ I am available to answer PMs requesting hints. I will NOT give out answers, just major hints. PROGRESS: 45/45 BONUS: 1-4 KISH: 1-2 ERI: 1 (3rd note) JAN: 5 Back to top RSKindred Posted: Fri Mar 16, 2007 8:43 pm --> Wanderer Joined: 15 Mar 2007 Posts: 7 Ohh yeah, I'm sure I put it in the right way all 50 times. I hit o	http://theroomz.19.forumer.com:80/viewtopic.php?t=55&start=50&sid=0c892ab91f8b899c616578b04962c74f
55	20080208155659	FoROOM ~ View topic - Room 21 - Around the paper	hint	re you sure you put it in correctly? Maybe the server was a little preoccupied and things didn't get downloaded properly? _________________ I am available to answer PMs requesting hints. I will NOT give out answers, just major hints. PROGRESS: 45/45 BONUS: 1-4 KISH: 1-2 ERI: 1 (3rd note) JAN: 5 Back to top RSKindred Posted: Fri Mar 16, 2007 8:43 pm --> Wanderer Joined: 15 Mar 2007 Posts: 7 Ohh yeah, I'm sure I put it in the right way all 50 times. I hit ok... nothing. Back to top Display posts from previous: All Posts 1 Day 7 Da	http://theroomz.19.forumer.com:80/viewtopic.php?t=55&start=50&sid=0c892ab91f8b899c616578b04962c74f
55	20080208155659	FoROOM ~ View topic - Room 21 - Around the paper	hint	server was a little preoccupied and things didn't get downloaded properly? _________________ I am available to answer PMs requesting hints. I will NOT give out answers, just major hints. PROGRESS: 45/45 BONUS: 1-4 KISH: 1-2 ERI: 1 (3rd note) JAN: 5 Back to top RSKindred Posted: Fri Mar 16, 2007 8:43 pm --> Wanderer Joined: 15 Mar 2007 Posts: 7 Ohh yeah, I'm sure I put it in the right way all 50 times. I hit ok... nothing. Back to top Display posts from previous: All Posts 1 Day 7 Days 2 Weeks 1 Month 3 Months 6 Months 1 Year Old	http://theroomz.19.forumer.com:80/viewtopic.php?t=55&start=50&sid=0c892ab91f8b899c616578b04962c74f
58	20080208155719	FoROOM ~ View topic - Room 22 - Hot Sun	room 45	lper Joined: 16 Feb 2007 Posts: 373 Location: New Zealand try and try and try again..... i almost punched my computer here _________________ --------------------------- Status: In room 45, Last step 2/4 ------------------------------ Roomz: 44/45 Bonus Roomz: 4/4 Feel Free to PM me. WILL NOT SPOIL --------------------------- Back to top Lordcruiser Posted: Fri Sep 14, 2007 4:44 am --> Roomz fan Joined: 25 Oct 2006 Posts: 34 Hehe...I'm at the same point....just loaded my shotgun....tried bottom to top, top to bottom, sideways, in an	http://theroomz.19.forumer.com:80/viewtopic.php?t=58&start=50&sid=0c892ab91f8b899c616578b04962c74f
58	20080208155719	FoROOM ~ View topic - Room 22 - Hot Sun	HINT	: 16 Feb 2007 Posts: 373 Location: New Zealand mada wrote: how can i begin.........i'm going in circles and i didn't find any thing useful......right track???? i really need a big HINT..... READ THE POSTS IN HERE _________________ --------------------------- Status: In room 45, Last step 2/4 ------------------------------ Roomz: 44/45 Bonus Roomz: 4/4 Feel Free to PM me. WILL NOT SPOIL --------------------------- Back to top mada Posted: Sat Sep 15, 2007 11:04 pm --> Little roomer Joined: 12 Sep 2007 Posts: 12 i've already read 	http://theroomz.19.forumer.com:80/viewtopic.php?t=58&start=50&sid=0c892ab91f8b899c616578b04962c74f
58	20080208155719	FoROOM ~ View topic - Room 22 - Hot Sun	room 45	ng in circles and i didn't find any thing useful......right track???? i really need a big HINT..... READ THE POSTS IN HERE _________________ --------------------------- Status: In room 45, Last step 2/4 ------------------------------ Roomz: 44/45 Bonus Roomz: 4/4 Feel Free to PM me. WILL NOT SPOIL --------------------------- Back to top mada Posted: Sat Sep 15, 2007 11:04 pm --> Little roomer Joined: 12 Sep 2007 Posts: 12 i've already read them all........and still nothing i can obtain........... i think i'm gonna leave the whole g	http://theroomz.19.forumer.com:80/viewtopic.php?t=58&start=50&sid=0c892ab91f8b899c616578b04962c74f
58	20080208155719	FoROOM ~ View topic - Room 22 - Hot Sun	room 45	ciated Helper Joined: 16 Feb 2007 Posts: 373 Location: New Zealand I wouldn't... there are much harder levels to leave for _________________ --------------------------- Status: In room 45, Last step 2/4 ------------------------------ Roomz: 44/45 Bonus Roomz: 4/4 Feel Free to PM me. WILL NOT SPOIL --------------------------- Back to top mada Posted: Sun Sep 16, 2007 12:48 am --> Little roomer Joined: 12 Sep 2007 Posts: 12 in all previous levels, i could get started with it, then get stuck with sth, but this one ....i'm stuck with t	http://theroomz.19.forumer.com:80/viewtopic.php?t=58&start=50&sid=0c892ab91f8b899c616578b04962c74f
58	20080208155719	FoROOM ~ View topic - Room 22 - Hot Sun	hint	Little roomer Joined: 12 Sep 2007 Posts: 12 in all previous levels, i could get started with it, then get stuck with sth, but this one ....i'm stuck with the beginning.........any hints how to decode these letters around the sun using the n....... in it's face??? PM...to not spoil Back to top tazmind Posted: Sun Sep 16, 2007 1:33 am --> Appreciated Helper Joined: 16 Feb 2007 Posts: 373 Location: New Zealand if your stuck then you are missing something _________________ --------------------------- Status: In room 45, Last step 2/	http://theroomz.19.forumer.com:80/viewtopic.php?t=58&start=50&sid=0c892ab91f8b899c616578b04962c74f
58	20080208155719	FoROOM ~ View topic - Room 22 - Hot Sun	room 45	m --> Appreciated Helper Joined: 16 Feb 2007 Posts: 373 Location: New Zealand if your stuck then you are missing something _________________ --------------------------- Status: In room 45, Last step 2/4 ------------------------------ Roomz: 44/45 Bonus Roomz: 4/4 Feel Free to PM me. WILL NOT SPOIL --------------------------- Back to top ffh Posted: Mon Sep 17, 2007 11:23 am --> Wanderer Joined: 12 Sep 2007 Posts: 7 I'm so stuck, I found something, but I don't know what to do with it, I did something accidently and somthing happened	http://theroomz.19.forumer.com:80/viewtopic.php?t=58&start=50&sid=0c892ab91f8b899c616578b04962c74f
97	20080208155914	FoROOM ~ View topic - Bonus Room - the Sphinx	room 45	m --> Appreciated Helper Joined: 16 Feb 2007 Posts: 373 Location: New Zealand PM me with what you have done so far Kalaius _________________ --------------------------- Status: In room 45, Last step 2/4 ------------------------------ Roomz: 44/45 Bonus Roomz: 4/4 Feel Free to PM me. WILL NOT SPOIL --------------------------- Back to top unicornseraph Posted: Fri Aug 17, 2007 2:43 pm --> Roomz addict Joined: 24 Oct 2006 Posts: 72 ok letters are used to form(i know what) but i can't seem to find the right 1.any clues plz. PM sent by 	http://theroomz.19.forumer.com:80/viewtopic.php?t=97&start=50&sid=0c892ab91f8b899c616578b04962c74f
130	20080208154516	FoROOM ~ View topic - Room 35 - Not another wingdings	Ralfi	 top Arik Posted: Sat Nov 03, 2007 8:38 pm --> Roomz addict Joined: 21 Oct 2007 Posts: 82 Location: Whereabouts are classified How the hell am I supposed to read this writing. Did Ralfi's pen broke when he designed this? Back to top tazmind Posted: Sat Nov 03, 2007 8:40 pm --> Appreciated Helper Joined: 16 Feb 2007 Posts: 373 Location: New Zealand oh i'm fluent in this... have fun _________________ --------------------------- Status: In room 45, Last step 2/4 ------------------------------ Roomz: 44/45 Bonus Roomz: 4/4 Feel Free 	http://theroomz.19.forumer.com:80/viewtopic.php?t=130&start=75&sid=0c892ab91f8b899c616578b04962c74f
130	20080208154516	FoROOM ~ View topic - Room 35 - Not another wingdings	room 45	2007 8:40 pm --> Appreciated Helper Joined: 16 Feb 2007 Posts: 373 Location: New Zealand oh i'm fluent in this... have fun _________________ --------------------------- Status: In room 45, Last step 2/4 ------------------------------ Roomz: 44/45 Bonus Roomz: 4/4 Feel Free to PM me. WILL NOT SPOIL --------------------------- Back to top Arik Posted: Sat Nov 03, 2007 8:42 pm --> Roomz addict Joined: 21 Oct 2007 Posts: 82 Location: Whereabouts are classified Was that supposed to help?? I'm getting the feeling you don't like me very m	http://theroomz.19.forumer.com:80/viewtopic.php?t=130&start=75&sid=0c892ab91f8b899c616578b04962c74f
130	20080208154516	FoROOM ~ View topic - Room 35 - Not another wingdings	hint	posed to read it is the problem. Back to top tazmind Posted: Sun Nov 04, 2007 9:00 pm --> Appreciated Helper Joined: 16 Feb 2007 Posts: 373 Location: New Zealand Arik... here is a hint that may help you... LOOK AT THE ROOM!!!!! it will get you alot futher than bitching here, plus try reading the hints in the thread. There isnt much else we can give out without spoiling _________________ --------------------------- Status: In room 45, Last step 2/4 ------------------------------ Roomz: 44/45 Bonus Roomz: 4/4 Feel Free to PM me. W	http://theroomz.19.forumer.com:80/viewtopic.php?t=130&start=75&sid=0c892ab91f8b899c616578b04962c74f
130	20080208154516	FoROOM ~ View topic - Room 35 - Not another wingdings	hint	16 Feb 2007 Posts: 373 Location: New Zealand Arik... here is a hint that may help you... LOOK AT THE ROOM!!!!! it will get you alot futher than bitching here, plus try reading the hints in the thread. There isnt much else we can give out without spoiling _________________ --------------------------- Status: In room 45, Last step 2/4 ------------------------------ Roomz: 44/45 Bonus Roomz: 4/4 Feel Free to PM me. WILL NOT SPOIL --------------------------- Back to top Arik Posted: Sun Nov 04, 2007 9:25 pm --> Roomz addict Joined: 	http://theroomz.19.forumer.com:80/viewtopic.php?t=130&start=75&sid=0c892ab91f8b899c616578b04962c74f
130	20080208154516	FoROOM ~ View topic - Room 35 - Not another wingdings	room 45	futher than bitching here, plus try reading the hints in the thread. There isnt much else we can give out without spoiling _________________ --------------------------- Status: In room 45, Last step 2/4 ------------------------------ Roomz: 44/45 Bonus Roomz: 4/4 Feel Free to PM me. WILL NOT SPOIL --------------------------- Back to top Arik Posted: Sun Nov 04, 2007 9:25 pm --> Roomz addict Joined: 21 Oct 2007 Posts: 82 Location: Whereabouts are classified Oh. I see. Thank you very much Tazmind for your considerate and helpful hint	http://theroomz.19.forumer.com:80/viewtopic.php?t=130&start=75&sid=0c892ab91f8b899c616578b04962c74f
152	20080208154717	FoROOM ~ View topic - Room 38 - The flickering	room 45	ppreciated Helper Joined: 16 Feb 2007 Posts: 373 Location: New Zealand samAM143... has nothing do do with the E**** S***** _________________ --------------------------- Status: In room 45, Last step 2/4 ------------------------------ Roomz: 44/45 Bonus Roomz: 4/4 Feel Free to PM me. WILL NOT SPOIL --------------------------- Back to top samAM143 Posted: Fri Aug 10, 2007 4:10 pm --> Wanderer Joined: 21 Mar 2007 Posts: 3 So then what does it have to do with? Can someone at least tell me what previous room it was in. It's been so long	http://theroomz.19.forumer.com:80/viewtopic.php?t=152&start=75&sid=0c892ab91f8b899c616578b04962c74f
153	20080208154743	FoROOM ~ View topic - Room 39 - Rufus	stachu	Back to top Mr.Christopher Posted: Fri Aug 03, 2007 2:14 pm --> Wanderer Joined: 02 Aug 2007 Posts: 7 I loved this room, you can really see the time and effort put into it, thanks stachu best room so far i think. The 8x8 really stumped me but i used a 'common tool' found on most computers and it helped a lot On to room 40! Back to top firestorm696 Posted: Sun Aug 05, 2007 9:44 pm --> Roomz fan Joined: 22 Jul 2007 Posts: 26 Location: Vienna, Austria okay this is really not easy for non-english-natives ^^ i got 3 senseless commands.	http://theroomz.19.forumer.com:80/viewtopic.php?t=153&start=75&sid=0c892ab91f8b899c616578b04962c74f
153	20080208154743	FoROOM ~ View topic - Room 39 - Rufus	room 40	see the time and effort put into it, thanks stachu best room so far i think. The 8x8 really stumped me but i used a 'common tool' found on most computers and it helped a lot On to room 40! Back to top firestorm696 Posted: Sun Aug 05, 2007 9:44 pm --> Roomz fan Joined: 22 Jul 2007 Posts: 26 Location: Vienna, Austria okay this is really not easy for non-english-natives ^^ i got 3 senseless commands... _________________ Roomz Completed: 39/42 Bonus Roomz Completed: 1/3 Kish Roomz Completed: Stuck on First =( Back to top sas Posted: Mo	http://theroomz.19.forumer.com:80/viewtopic.php?t=153&start=75&sid=0c892ab91f8b899c616578b04962c74f
16	20080208154803	FoROOM ~ View topic - Room 8 - it is time...	room 45	: 16 Feb 2007 Posts: 373 Location: New Zealand Lol, ok you can PM me too... i'm surprised you didn't ring me bout this one _________________ --------------------------- Status: In room 45, Last step 2/4 ------------------------------ Roomz: 44/45 Bonus Roomz: 4/4 Feel Free to PM me. WILL NOT SPOIL --------------------------- Back to top RevSoo Posted: Sat Jan 05, 2008 12:53 pm --> Wanderer Joined: 05 Jan 2008 Posts: 1 I have three of the HS clues, including what I assume is the important one. Two of the things are lit, and I have n	http://theroomz.19.forumer.com:80/viewtopic.php?t=16&start=75&sid=0c892ab91f8b899c616578b04962c74f
17	20080208155026	FoROOM ~ View topic - Room 7 - challenge time	room 45	-> Appreciated Helper Joined: 16 Feb 2007 Posts: 373 Location: New Zealand ok, try slowing down, and turning your sound up _________________ --------------------------- Status: In room 45, Last step 2/4 ------------------------------ Roomz: 44/45 Bonus Roomz: 4/4 Feel Free to PM me. WILL NOT SPOIL --------------------------- Back to top Mandyko Posted: Thu Aug 16, 2007 11:30 am --> Wanderer Joined: 14 Aug 2007 Posts: 9 Sorry, I can't figure out what I have to do with the 3 challenge, I don't understand when and what I have to turn 	http://theroomz.19.forumer.com:80/viewtopic.php?t=17&start=75&sid=0c892ab91f8b899c616578b04962c74f
17	20080208155026	FoROOM ~ View topic - Room 7 - challenge time	room 45	ed: 16 Feb 2007 Posts: 373 Location: New Zealand you are not going crazy...YET... just takes a bit of time... and practice _________________ --------------------------- Status: In room 45, Last step 2/4 ------------------------------ Roomz: 44/45 Bonus Roomz: 4/4 Feel Free to PM me. WILL NOT SPOIL --------------------------- Back to top .:Stachu:. Posted: Mon Dec 03, 2007 3:12 pm --> Lord of The Roomz Joined: 22 Sep 2006 Posts: 1347 Location: Hell May your ears be your guides :p _________________ .....:::ENTER THE ROOMZ:::..... Lif	http://theroomz.19.forumer.com:80/viewtopic.php?t=17&start=75&sid=0c892ab91f8b899c616578b04962c74f
17	20080208155026	FoROOM ~ View topic - Room 7 - challenge time	Stachu	------- Status: In room 45, Last step 2/4 ------------------------------ Roomz: 44/45 Bonus Roomz: 4/4 Feel Free to PM me. WILL NOT SPOIL --------------------------- Back to top .:Stachu:. Posted: Mon Dec 03, 2007 3:12 pm --> Lord of The Roomz Joined: 22 Sep 2006 Posts: 1347 Location: Hell May your ears be your guides :p _________________ .....:::ENTER THE ROOMZ:::..... Life is a room where the password is 'death' Progress: Roomz: mine (45/45 +4) :p, eri's (1/2), RG's (2/2), kish's (4/4 with magic :p), jan's (3/3) I'm offering hel	http://theroomz.19.forumer.com:80/viewtopic.php?t=17&start=75&sid=0c892ab91f8b899c616578b04962c74f
17	20080208155026	FoROOM ~ View topic - Room 7 - challenge time	hint	 total Back to top tazmind Posted: Thu Jan 03, 2008 2:35 am --> Appreciated Helper Joined: 16 Feb 2007 Posts: 373 Location: New Zealand Read through this thread, there are lots of hints for that _________________ --------------------------- Status: In room 45, Last step 2/4 ------------------------------ Roomz: 44/45 Bonus Roomz: 4/4 Feel Free to PM me. WILL NOT SPOIL --------------------------- Back to top johnp74 Posted: Thu Jan 03, 2008 4:17 am --> Banned :/ Joined: 02 Jan 2008 Posts: 21 not much i can do for you than tell yo	http://theroomz.19.forumer.com:80/viewtopic.php?t=17&start=75&sid=0c892ab91f8b899c616578b04962c74f
17	20080208155026	FoROOM ~ View topic - Room 7 - challenge time	room 45	ted Helper Joined: 16 Feb 2007 Posts: 373 Location: New Zealand Read through this thread, there are lots of hints for that _________________ --------------------------- Status: In room 45, Last step 2/4 ------------------------------ Roomz: 44/45 Bonus Roomz: 4/4 Feel Free to PM me. WILL NOT SPOIL --------------------------- Back to top johnp74 Posted: Thu Jan 03, 2008 4:17 am --> Banned :/ Joined: 02 Jan 2008 Posts: 21 not much i can do for you than tell you to stick it out and you will eventually get it. Also dont try to think wh	http://theroomz.19.forumer.com:80/viewtopic.php?t=17&start=75&sid=0c892ab91f8b899c616578b04962c74f
20	20080208155106	FoROOM ~ View topic - Room 9 - @##$...	room 45	 your head and pray" note, but don't get the correlation between it all. also what is "pm" ???? a PM is a private message. _________________ --------------------------- Status: In room 45, Last step 2/4 ------------------------------ Roomz: 44/45 Bonus Roomz: 4/4 Feel Free to PM me. WILL NOT SPOIL --------------------------- Back to top switchblade Posted: Thu Sep 20, 2007 2:53 pm --> Little roomer Joined: 19 Sep 2007 Posts: 21 thanks tazmind...... i figured out room 9, and i want to kick myself for not being able to think of the s	http://theroomz.19.forumer.com:80/viewtopic.php?t=20&start=75&sid=0c892ab91f8b899c616578b04962c74f
215	20080208155146	FoROOM ~ View topic - Room 41 - Ready... Aim... (part2)	Room 41	FoROOM ~ View topic - Room 41 - Ready... Aim... (part2) FAQ Search Memberlist Usergroups fChat Log in Register Author Message Roomz ~ Room 41 - Ready... Aim... (part2) cycloney Posted: Sun Jan 06, 2008 11:45 am --> Roomz fan Joined: 09 Dec 2007 Posts: 28 i'm still at the first note i don't know what can i do with those coloured things and d*** Back to top sas Posted: Sun Jan 0	http://theroomz.19.forumer.com:80/viewtopic.php?t=215&start=75&sid=0c892ab91f8b899c616578b04962c74f
215	20080208155146	FoROOM ~ View topic - Room 41 - Ready... Aim... (part2)	Room 41	FoROOM ~ View topic - Room 41 - Ready... Aim... (part2) FAQ Search Memberlist Usergroups fChat Log in Register Author Message Roomz ~ Room 41 - Ready... Aim... (part2) cycloney Posted: Sun Jan 06, 2008 11:45 am --> Roomz fan Joined: 09 Dec 2007 Posts: 28 i'm still at the first note i don't know what can i do with those coloured things and d*** Back to top sas Posted: Sun Jan 06, 2008 12:04 pm --> Appreciated Helper Joined: 30 Oct 2006 Posts: 535 Location: Melbourne, Australia Try groupi	http://theroomz.19.forumer.com:80/viewtopic.php?t=215&start=75&sid=0c892ab91f8b899c616578b04962c74f
215	20080208155146	FoROOM ~ View topic - Room 41 - Ready... Aim... (part2)	Stachu	h. Back to top cycloney Posted: Sun Jan 06, 2008 12:13 pm --> Roomz fan Joined: 09 Dec 2007 Posts: 28 all is meaningless is that so obvious or what?? show me the way Back to top .:Stachu:. Posted: Sun Jan 06, 2008 3:34 pm --> Lord of The Roomz Joined: 22 Sep 2006 Posts: 1347 Location: Hell *shows the way* There! :p _________________ .....:::ENTER THE ROOMZ:::..... Life is a room where the password is 'death' Progress: Roomz: mine (45/45 +4) :p, eri's (1/2), RG's (2/2), kish's (4/4 with magic :p), jan's (3/3) I'm offering help via 	http://theroomz.19.forumer.com:80/viewtopic.php?t=215&start=75&sid=0c892ab91f8b899c616578b04962c74f
215	20080208155146	FoROOM ~ View topic - Room 41 - Ready... Aim... (part2)	password	8 3:34 pm --> Lord of The Roomz Joined: 22 Sep 2006 Posts: 1347 Location: Hell *shows the way* There! :p _________________ .....:::ENTER THE ROOMZ:::..... Life is a room where the password is 'death' Progress: Roomz: mine (45/45 +4) :p, eri's (1/2), RG's (2/2), kish's (4/4 with magic :p), jan's (3/3) I'm offering help via PMs only if you like cryptic hints :p Back to top cycloney Posted: Sun Jan 06, 2008 3:41 pm --> Roomz fan Joined: 09 Dec 2007 Posts: 28 hey stachu english isn't my mother tongue so don't play with words with me bec	http://theroomz.19.forumer.com:80/viewtopic.php?t=215&start=75&sid=0c892ab91f8b899c616578b04962c74f
215	20080208155146	FoROOM ~ View topic - Room 41 - Ready... Aim... (part2)	hint	re the password is 'death' Progress: Roomz: mine (45/45 +4) :p, eri's (1/2), RG's (2/2), kish's (4/4 with magic :p), jan's (3/3) I'm offering help via PMs only if you like cryptic hints :p Back to top cycloney Posted: Sun Jan 06, 2008 3:41 pm --> Roomz fan Joined: 09 Dec 2007 Posts: 28 hey stachu english isn't my mother tongue so don't play with words with me bec. i can't catch up Chill! Don't u see I'm joking? :p EDIT: sorry stachu it's my fault i didn't understand that u r joking Back to top paulcito Posted: Sun Jan 06, 2008 9	http://theroomz.19.forumer.com:80/viewtopic.php?t=215&start=75&sid=0c892ab91f8b899c616578b04962c74f
215	20080208155146	FoROOM ~ View topic - Room 41 - Ready... Aim... (part2)	stachu	 :p), jan's (3/3) I'm offering help via PMs only if you like cryptic hints :p Back to top cycloney Posted: Sun Jan 06, 2008 3:41 pm --> Roomz fan Joined: 09 Dec 2007 Posts: 28 hey stachu english isn't my mother tongue so don't play with words with me bec. i can't catch up Chill! Don't u see I'm joking? :p EDIT: sorry stachu it's my fault i didn't understand that u r joking Back to top paulcito Posted: Sun Jan 06, 2008 9:49 pm --> Junior Helper Joined: 28 Sep 2007 Posts: 155 Location: Montevideo, Uruguay cycloney, your best friend 	http://theroomz.19.forumer.com:80/viewtopic.php?t=215&start=75&sid=0c892ab91f8b899c616578b04962c74f
215	20080208155146	FoROOM ~ View topic - Room 41 - Ready... Aim... (part2)	stachu	mz fan Joined: 09 Dec 2007 Posts: 28 hey stachu english isn't my mother tongue so don't play with words with me bec. i can't catch up Chill! Don't u see I'm joking? :p EDIT: sorry stachu it's my fault i didn't understand that u r joking Back to top paulcito Posted: Sun Jan 06, 2008 9:49 pm --> Junior Helper Joined: 28 Sep 2007 Posts: 155 Location: Montevideo, Uruguay cycloney, your best friend can help you, i'm sure... _________________ One Roomz, to rule them all.... Roomz 44/45 Bonus Roomz 1,2,4 (won't do 3, don't like its kind.	http://theroomz.19.forumer.com:80/viewtopic.php?t=215&start=75&sid=0c892ab91f8b899c616578b04962c74f
215	20080208155146	FoROOM ~ View topic - Room 41 - Ready... Aim... (part2)	solution	dles 1/2 kish rooms 1/3 Back to top cycloney Posted: Mon Jan 07, 2008 4:42 pm --> Roomz fan Joined: 09 Dec 2007 Posts: 28 thank u paulcito for your help but i still can't find any solution Back to top paulcito Posted: Mon Jan 07, 2008 5:52 pm --> Junior Helper Joined: 28 Sep 2007 Posts: 155 Location: Montevideo, Uruguay I'm confused about what you have got and what you haven't... _________________ One Roomz, to rule them all.... Roomz 44/45 Bonus Roomz 1,2,4 (won't do 3, don't like its kind...) jan's riddles 5/5 RG riddles 1/2 kish 	http://theroomz.19.forumer.com:80/viewtopic.php?t=215&start=75&sid=0c892ab91f8b899c616578b04962c74f
215	20080208155146	FoROOM ~ View topic - Room 41 - Ready... Aim... (part2)	Stachu	kish rooms 1/3 Back to top cycloney Posted: Mon Jan 07, 2008 6:56 pm --> Roomz fan Joined: 09 Dec 2007 Posts: 28 u already say that once above but i'm still confused Back to top .:Stachu:. Posted: Mon Jan 07, 2008 7:03 pm --> Lord of The Roomz Joined: 22 Sep 2006 Posts: 1347 Location: Hell Paulcito and cycloney - I think you should start PMing to each other :p _________________ .....:::ENTER THE ROOMZ:::..... Life is a room where the password is 'death' Progress: Roomz: mine (45/45 +4) :p, eri's (1/2), RG's (2/2), kish's (4/4 with	http://theroomz.19.forumer.com:80/viewtopic.php?t=215&start=75&sid=0c892ab91f8b899c616578b04962c74f
215	20080208155146	FoROOM ~ View topic - Room 41 - Ready... Aim... (part2)	password	 2006 Posts: 1347 Location: Hell Paulcito and cycloney - I think you should start PMing to each other :p _________________ .....:::ENTER THE ROOMZ:::..... Life is a room where the password is 'death' Progress: Roomz: mine (45/45 +4) :p, eri's (1/2), RG's (2/2), kish's (4/4 with magic :p), jan's (3/3) I'm offering help via PMs only if you like cryptic hints :p Back to top paulcito Posted: Tue Jan 08, 2008 11:16 am --> Junior Helper Joined: 28 Sep 2007 Posts: 155 Location: Montevideo, Uruguay .:Stachu:. wrote: Paulcito and cycloney - 	http://theroomz.19.forumer.com:80/viewtopic.php?t=215&start=75&sid=0c892ab91f8b899c616578b04962c74f
215	20080208155146	FoROOM ~ View topic - Room 41 - Ready... Aim... (part2)	hint	re the password is 'death' Progress: Roomz: mine (45/45 +4) :p, eri's (1/2), RG's (2/2), kish's (4/4 with magic :p), jan's (3/3) I'm offering help via PMs only if you like cryptic hints :p Back to top paulcito Posted: Tue Jan 08, 2008 11:16 am --> Junior Helper Joined: 28 Sep 2007 Posts: 155 Location: Montevideo, Uruguay .:Stachu:. wrote: Paulcito and cycloney - I think you should start PMing to each other :p i just was waiting for your OK... _________________ One Roomz, to rule them all.... Roomz 44/45 Bonus Roomz 1,2,4 (won't 	http://theroomz.19.forumer.com:80/viewtopic.php?t=215&start=75&sid=0c892ab91f8b899c616578b04962c74f
215	20080208155146	FoROOM ~ View topic - Room 41 - Ready... Aim... (part2)	Stachu	p via PMs only if you like cryptic hints :p Back to top paulcito Posted: Tue Jan 08, 2008 11:16 am --> Junior Helper Joined: 28 Sep 2007 Posts: 155 Location: Montevideo, Uruguay .:Stachu:. wrote: Paulcito and cycloney - I think you should start PMing to each other :p i just was waiting for your OK... _________________ One Roomz, to rule them all.... Roomz 44/45 Bonus Roomz 1,2,4 (won't do 3, don't like its kind...) jan's riddles 5/5 RG riddles 1/2 kish rooms 1/3 Back to top jane Posted: Wed Jan 09, 2008 12:43 am --> Wanderer Joine	http://theroomz.19.forumer.com:80/viewtopic.php?t=215&start=75&sid=0c892ab91f8b899c616578b04962c74f
215	20080208155146	FoROOM ~ View topic - Room 41 - Ready... Aim... (part2)	room 45	> Appreciated Helper Joined: 16 Feb 2007 Posts: 373 Location: New Zealand If you know what tool to use, then use it, PM me _________________ --------------------------- Status: In room 45, Last step 2/4 ------------------------------ Roomz: 44/45 Bonus Roomz: 4/4 Feel Free to PM me. WILL NOT SPOIL --------------------------- Back to top jane Posted: Wed Jan 09, 2008 1:38 am --> Wanderer Joined: 03 Jan 2008 Posts: 6 Location: california tazmind wrote: If you know what tool to use, then use it, PM me hey, i pm'ed you. edit: it's almo	http://theroomz.19.forumer.com:80/viewtopic.php?t=215&start=75&sid=0c892ab91f8b899c616578b04962c74f
215	20080208155146	FoROOM ~ View topic - Room 41 - Ready... Aim... (part2)	STACHU	hough. Back to top cycloney Posted: Thu Jan 10, 2008 1:33 am --> Roomz fan Joined: 09 Dec 2007 Posts: 28 Finally i got Out!!!! only with the help of SAS and PAULCITO certainly and STACHU u r so evil Back to top paulcito Posted: Thu Jan 10, 2008 11:42 am --> Junior Helper Joined: 28 Sep 2007 Posts: 155 Location: Montevideo, Uruguay cycloney wrote: Finally i got Out!!!! only with the help of SAS and PAULCITO certainly and STACHU u r so evil Gratz, cycloney... And yes, he is _________________ One Roomz, to rule them all.... Roomz 44/	http://theroomz.19.forumer.com:80/viewtopic.php?t=215&start=75&sid=0c892ab91f8b899c616578b04962c74f
215	20080208155146	FoROOM ~ View topic - Room 41 - Ready... Aim... (part2)	STACHU	 11:42 am --> Junior Helper Joined: 28 Sep 2007 Posts: 155 Location: Montevideo, Uruguay cycloney wrote: Finally i got Out!!!! only with the help of SAS and PAULCITO certainly and STACHU u r so evil Gratz, cycloney... And yes, he is _________________ One Roomz, to rule them all.... Roomz 44/45 Bonus Roomz 1,2,4 (won't do 3, don't like its kind...) jan's riddles 5/5 RG riddles 1/2 kish rooms 1/3 Back to top Cloughie Posted: Sun Jan 13, 2008 3:30 pm --> Wanderer Joined: 13 Jan 2008 Posts: 3 Before anyone comments - yes, this is my 1	http://theroomz.19.forumer.com:80/viewtopic.php?t=215&start=75&sid=0c892ab91f8b899c616578b04962c74f
215	20080208155146	FoROOM ~ View topic - Room 41 - Ready... Aim... (part2)	hint	30 pm --> Wanderer Joined: 13 Jan 2008 Posts: 3 Before anyone comments - yes, this is my 1st post, but that doesn't mean I've been cheating. I've just been using another forum for hints, but there's no-one there right now to help me, so I took Sas's advice and came here for a hint instead. I've got the l****** and d*** and done with them what I need to but am still not seeing anyhing useful. Please can I PM someone with my thoughts to see if I am on the right track? Back to top Jim Gamma Posted: Sun Jan 13, 2008 6:58 pm --> Appr	http://theroomz.19.forumer.com:80/viewtopic.php?t=215&start=75&sid=0c892ab91f8b899c616578b04962c74f
215	20080208155146	FoROOM ~ View topic - Room 41 - Ready... Aim... (part2)	hint	, but that doesn't mean I've been cheating. I've just been using another forum for hints, but there's no-one there right now to help me, so I took Sas's advice and came here for a hint instead. I've got the l****** and d*** and done with them what I need to but am still not seeing anyhing useful. Please can I PM someone with my thoughts to see if I am on the right track? Back to top Jim Gamma Posted: Sun Jan 13, 2008 6:58 pm --> Appreciated Helper Joined: 17 Oct 2006 Posts: 841 Location: London, England Sure - PM any Appreciated	http://theroomz.19.forumer.com:80/viewtopic.php?t=215&start=75&sid=0c892ab91f8b899c616578b04962c74f
215	20080208155146	FoROOM ~ View topic - Room 41 - Ready... Aim... (part2)	Stachu	? Back to top Jim Gamma Posted: Sun Jan 13, 2008 6:58 pm --> Appreciated Helper Joined: 17 Oct 2006 Posts: 841 Location: London, England Sure - PM any Appreciated/Junior Helper or Stachu - we'll be happy to help. _________________ I am available to answer PMs requesting hints. I will NOT give out answers, just major hints. PROGRESS: 45/45 BONUS: 1-4 KISH: 1-2 ERI: 1 (3rd note) JAN: 5 Back to top Display posts from previous: All Posts 1 Day 7 Days 2 Weeks 1 Month 3 Months 6 Months 1 Year Oldest First Newest First All times are GMT 	http://theroomz.19.forumer.com:80/viewtopic.php?t=215&start=75&sid=0c892ab91f8b899c616578b04962c74f
215	20080208155146	FoROOM ~ View topic - Room 41 - Ready... Aim... (part2)	hint	Oct 2006 Posts: 841 Location: London, England Sure - PM any Appreciated/Junior Helper or Stachu - we'll be happy to help. _________________ I am available to answer PMs requesting hints. I will NOT give out answers, just major hints. PROGRESS: 45/45 BONUS: 1-4 KISH: 1-2 ERI: 1 (3rd note) JAN: 5 Back to top Display posts from previous: All Posts 1 Day 7 Days 2 Weeks 1 Month 3 Months 6 Months 1 Year Oldest First Newest First All times are GMT + 1 Hour View next topic View previous topic Page 4 of 5 Goto page Previous 1 , 2 , 3 , 4	http://theroomz.19.forumer.com:80/viewtopic.php?t=215&start=75&sid=0c892ab91f8b899c616578b04962c74f
215	20080208155146	FoROOM ~ View topic - Room 41 - Ready... Aim... (part2)	hint	ure - PM any Appreciated/Junior Helper or Stachu - we'll be happy to help. _________________ I am available to answer PMs requesting hints. I will NOT give out answers, just major hints. PROGRESS: 45/45 BONUS: 1-4 KISH: 1-2 ERI: 1 (3rd note) JAN: 5 Back to top Display posts from previous: All Posts 1 Day 7 Days 2 Weeks 1 Month 3 Months 6 Months 1 Year Oldest First Newest First All times are GMT + 1 Hour View next topic View previous topic Page 4 of 5 Goto page Previous 1 , 2 , 3 , 4 , 5 Next FoROOM Forum Index ~ Roomz Jump to: S	http://theroomz.19.forumer.com:80/viewtopic.php?t=215&start=75&sid=0c892ab91f8b899c616578b04962c74f
236	20080208155236	FoROOM ~ View topic - Room 44 - A real pain...	Room 44	FoROOM ~ View topic - Room 44 - A real pain... FAQ Search Memberlist Usergroups fChat Log in Register Author Message Roomz ~ Room 44 - A real pain... cuki Posted: Fri Sep 21, 2007 11:11 am --> Roomer of roomers Joined: 02 Jan 2007 Posts: 128 Location: Torino, Italy almost all of us are stuck at the same step... don't know WHAT to search on this b... we have some hints but ther	http://theroomz.19.forumer.com:80/viewtopic.php?t=236&start=75&sid=0c892ab91f8b899c616578b04962c74f
236	20080208155236	FoROOM ~ View topic - Room 44 - A real pain...	Room 44	FoROOM ~ View topic - Room 44 - A real pain... FAQ Search Memberlist Usergroups fChat Log in Register Author Message Roomz ~ Room 44 - A real pain... cuki Posted: Fri Sep 21, 2007 11:11 am --> Roomer of roomers Joined: 02 Jan 2007 Posts: 128 Location: Torino, Italy almost all of us are stuck at the same step... don't know WHAT to search on this b... we have some hints but there are too many possibilities... and I am very stuck after analized a lot of things! _________________ r	http://theroomz.19.forumer.com:80/viewtopic.php?t=236&start=75&sid=0c892ab91f8b899c616578b04962c74f
236	20080208155236	FoROOM ~ View topic - Room 44 - A real pain...	hint	 am --> Roomer of roomers Joined: 02 Jan 2007 Posts: 128 Location: Torino, Italy almost all of us are stuck at the same step... don't know WHAT to search on this b... we have some hints but there are too many possibilities... and I am very stuck after analized a lot of things! _________________ r1 to 44 finished bonus: 1,2&4 completed (br3 no thanks :p) kish roomz: 1/3 stuck on 2nd eri's miniR: A....... note (my 2nd) always love roomz!!!! (and their creators) Back to top rawene Posted: Fri Sep 21, 2007 11:21 am --> Roomz addict 	http://theroomz.19.forumer.com:80/viewtopic.php?t=236&start=75&sid=0c892ab91f8b899c616578b04962c74f
236	20080208155236	FoROOM ~ View topic - Room 44 - A real pain...	Room 44	omz addict Joined: 18 Oct 2006 Posts: 59 Location: New Zealand I'm still stuck waaaayy back. only have the two notes. This is going to be a demon room. _________________ PROGRESS: Room 44/45 BONUS Room 4/4 (Bonus 3 - was the best!!) (Bonus 4 - ROFL!!) Back to top kish Posted: Sat Sep 22, 2007 1:11 am --> Roomz addict Joined: 30 May 2007 Posts: 92 Im out! Back to top Jim Gamma Posted: Sat Sep 22, 2007 1:16 am --> Appreciated Helper Joined: 17 Oct 2006 Posts: 841 Location: London, England Me too! And guess what? Quote: [01:15] JimGam	http://theroomz.19.forumer.com:80/viewtopic.php?t=236&start=75&sid=0c892ab91f8b899c616578b04962c74f
236	20080208155236	FoROOM ~ View topic - Room 44 - A real pain...	Room 4	: 18 Oct 2006 Posts: 59 Location: New Zealand I'm still stuck waaaayy back. only have the two notes. This is going to be a demon room. _________________ PROGRESS: Room 44/45 BONUS Room 4/4 (Bonus 3 - was the best!!) (Bonus 4 - ROFL!!) Back to top kish Posted: Sat Sep 22, 2007 1:11 am --> Roomz addict Joined: 30 May 2007 Posts: 92 Im out! Back to top Jim Gamma Posted: Sat Sep 22, 2007 1:16 am --> Appreciated Helper Joined: 17 Oct 2006 Posts: 841 Location: London, England Me too! And guess what? Quote: [01:15] JimGamma: Can we have 	http://theroomz.19.forumer.com:80/viewtopic.php?t=236&start=75&sid=0c892ab91f8b899c616578b04962c74f
236	20080208155236	FoROOM ~ View topic - Room 44 - A real pain...	Stachu	d Helper Joined: 17 Oct 2006 Posts: 841 Location: London, England Me too! And guess what? Quote: [01:15] JimGamma: Can we have a party in the thread now? [01:15] Kish: lol [01:15] Stachu: sure :p _________________ I am available to answer PMs requesting hints. I will NOT give out answers, just major hints. PROGRESS: 45/45 BONUS: 1-4 KISH: 1-2 ERI: 1 (3rd note) JAN: 5 Back to top kish Posted: Sat Sep 22, 2007 1:18 am --> Roomz addict Joined: 30 May 2007 Posts: 92 Quote: <Stachu> no more evilness Back to top tazmind Posted: Sat Sep 	http://theroomz.19.forumer.com:80/viewtopic.php?t=236&start=75&sid=0c892ab91f8b899c616578b04962c74f
236	20080208155236	FoROOM ~ View topic - Room 44 - A real pain...	hint	And guess what? Quote: [01:15] JimGamma: Can we have a party in the thread now? [01:15] Kish: lol [01:15] Stachu: sure :p _________________ I am available to answer PMs requesting hints. I will NOT give out answers, just major hints. PROGRESS: 45/45 BONUS: 1-4 KISH: 1-2 ERI: 1 (3rd note) JAN: 5 Back to top kish Posted: Sat Sep 22, 2007 1:18 am --> Roomz addict Joined: 30 May 2007 Posts: 92 Quote: <Stachu> no more evilness Back to top tazmind Posted: Sat Sep 22, 2007 1:39 am --> Appreciated Helper Joined: 16 Feb 2007 Posts: 373 L	http://theroomz.19.forumer.com:80/viewtopic.php?t=236&start=75&sid=0c892ab91f8b899c616578b04962c74f
236	20080208155236	FoROOM ~ View topic - Room 44 - A real pain...	hint	 have a party in the thread now? [01:15] Kish: lol [01:15] Stachu: sure :p _________________ I am available to answer PMs requesting hints. I will NOT give out answers, just major hints. PROGRESS: 45/45 BONUS: 1-4 KISH: 1-2 ERI: 1 (3rd note) JAN: 5 Back to top kish Posted: Sat Sep 22, 2007 1:18 am --> Roomz addict Joined: 30 May 2007 Posts: 92 Quote: <Stachu> no more evilness Back to top tazmind Posted: Sat Sep 22, 2007 1:39 am --> Appreciated Helper Joined: 16 Feb 2007 Posts: 373 Location: New Zealand 4th note... ______________	http://theroomz.19.forumer.com:80/viewtopic.php?t=236&start=75&sid=0c892ab91f8b899c616578b04962c74f
236	20080208155236	FoROOM ~ View topic - Room 44 - A real pain...	Stachu	major hints. PROGRESS: 45/45 BONUS: 1-4 KISH: 1-2 ERI: 1 (3rd note) JAN: 5 Back to top kish Posted: Sat Sep 22, 2007 1:18 am --> Roomz addict Joined: 30 May 2007 Posts: 92 Quote: <Stachu> no more evilness Back to top tazmind Posted: Sat Sep 22, 2007 1:39 am --> Appreciated Helper Joined: 16 Feb 2007 Posts: 373 Location: New Zealand 4th note... _________________ --------------------------- Status: In room 45, Last step 2/4 ------------------------------ Roomz: 44/45 Bonus Roomz: 4/4 Feel Free to PM me. WILL NOT SPOIL --------------	http://theroomz.19.forumer.com:80/viewtopic.php?t=236&start=75&sid=0c892ab91f8b899c616578b04962c74f
236	20080208155236	FoROOM ~ View topic - Room 44 - A real pain...	room 45	d Posted: Sat Sep 22, 2007 1:39 am --> Appreciated Helper Joined: 16 Feb 2007 Posts: 373 Location: New Zealand 4th note... _________________ --------------------------- Status: In room 45, Last step 2/4 ------------------------------ Roomz: 44/45 Bonus Roomz: 4/4 Feel Free to PM me. WILL NOT SPOIL --------------------------- Back to top shpwnz Posted: Sat Sep 22, 2007 9:07 pm --> Supreme roomer Joined: 23 May 2007 Posts: 263 Location: Following Stachu In HELL! out? stachu you were right... like always... sometimes i can be as blind	http://theroomz.19.forumer.com:80/viewtopic.php?t=236&start=75&sid=0c892ab91f8b899c616578b04962c74f
236	20080208155236	FoROOM ~ View topic - Room 44 - A real pain...	Stachu	Free to PM me. WILL NOT SPOIL --------------------------- Back to top shpwnz Posted: Sat Sep 22, 2007 9:07 pm --> Supreme roomer Joined: 23 May 2007 Posts: 263 Location: Following Stachu In HELL! out? stachu you were right... like always... sometimes i can be as blind as a mole XD _________________ Progress : (Roomz : 44/44) (Roomz Bonuses : 4/4) (Kish : 4/4) (RG's Puzzles : 1/2) (Eri : 0/2) (cams : 0/2) Back to top yoavhayun Posted: Sat Sep 22, 2007 11:46 pm --> Roomz addict Joined: 27 May 2007 Posts: 73 you're really out? how? t	http://theroomz.19.forumer.com:80/viewtopic.php?t=236&start=75&sid=0c892ab91f8b899c616578b04962c74f
236	20080208155236	FoROOM ~ View topic - Room 44 - A real pain...	stachu	OT SPOIL --------------------------- Back to top shpwnz Posted: Sat Sep 22, 2007 9:07 pm --> Supreme roomer Joined: 23 May 2007 Posts: 263 Location: Following Stachu In HELL! out? stachu you were right... like always... sometimes i can be as blind as a mole XD _________________ Progress : (Roomz : 44/44) (Roomz Bonuses : 4/4) (Kish : 4/4) (RG's Puzzles : 1/2) (Eri : 0/2) (cams : 0/2) Back to top yoavhayun Posted: Sat Sep 22, 2007 11:46 pm --> Roomz addict Joined: 27 May 2007 Posts: 73 you're really out? how? this room is impossibl	http://theroomz.19.forumer.com:80/viewtopic.php?t=236&start=75&sid=0c892ab91f8b899c616578b04962c74f
236	20080208155236	FoROOM ~ View topic - Room 44 - A real pain...	hint	mplete: 4/4 Kish Complete: 4/4 RG: 1/2 Eri: 0/1 ______________________________________________________________________ If you need any help you are welcomed to PM me. (I only give hints! not answers) Back to top .:Stachu:. Posted: Sun Sep 23, 2007 1:20 am --> Lord of The Roomz Joined: 22 Sep 2006 Posts: 1347 Location: Hell He was lying, as always Actually he's still stuck on 1st room, Kish was writing as Shpwnz all that time :p _________________ .....:::ENTER THE ROOMZ:::..... Life is a room where the password is 'death' Progres	http://theroomz.19.forumer.com:80/viewtopic.php?t=236&start=75&sid=0c892ab91f8b899c616578b04962c74f
236	20080208155236	FoROOM ~ View topic - Room 44 - A real pain...	Stachu	 1/2 Eri: 0/1 ______________________________________________________________________ If you need any help you are welcomed to PM me. (I only give hints! not answers) Back to top .:Stachu:. Posted: Sun Sep 23, 2007 1:20 am --> Lord of The Roomz Joined: 22 Sep 2006 Posts: 1347 Location: Hell He was lying, as always Actually he's still stuck on 1st room, Kish was writing as Shpwnz all that time :p _________________ .....:::ENTER THE ROOMZ:::..... Life is a room where the password is 'death' Progress: Roomz: mine (45/45 +4) :p, eri's 	http://theroomz.19.forumer.com:80/viewtopic.php?t=236&start=75&sid=0c892ab91f8b899c616578b04962c74f
236	20080208155236	FoROOM ~ View topic - Room 44 - A real pain...	password	 was lying, as always Actually he's still stuck on 1st room, Kish was writing as Shpwnz all that time :p _________________ .....:::ENTER THE ROOMZ:::..... Life is a room where the password is 'death' Progress: Roomz: mine (45/45 +4) :p, eri's (1/2), RG's (2/2), kish's (4/4 with magic :p), jan's (3/3) I'm offering help via PMs only if you like cryptic hints :p Back to top shpwnz Posted: Sun Sep 23, 2007 1:45 am --> Supreme roomer Joined: 23 May 2007 Posts: 263 Location: Following Stachu In HELL! you guys see the love between me and s	http://theroomz.19.forumer.com:80/viewtopic.php?t=236&start=75&sid=0c892ab91f8b899c616578b04962c74f
236	20080208155236	FoROOM ~ View topic - Room 44 - A real pain...	hint	re the password is 'death' Progress: Roomz: mine (45/45 +4) :p, eri's (1/2), RG's (2/2), kish's (4/4 with magic :p), jan's (3/3) I'm offering help via PMs only if you like cryptic hints :p Back to top shpwnz Posted: Sun Sep 23, 2007 1:45 am --> Supreme roomer Joined: 23 May 2007 Posts: 263 Location: Following Stachu In HELL! you guys see the love between me and stachu? its like we're brothers... pervert!!! :p _________________ Progress : (Roomz : 44/44) (Roomz Bonuses : 4/4) (Kish : 4/4) (RG's Puzzles : 1/2) (Eri : 0/2) (cams : 	http://theroomz.19.forumer.com:80/viewtopic.php?t=236&start=75&sid=0c892ab91f8b899c616578b04962c74f
236	20080208155236	FoROOM ~ View topic - Room 44 - A real pain...	Stachu	m offering help via PMs only if you like cryptic hints :p Back to top shpwnz Posted: Sun Sep 23, 2007 1:45 am --> Supreme roomer Joined: 23 May 2007 Posts: 263 Location: Following Stachu In HELL! you guys see the love between me and stachu? its like we're brothers... pervert!!! :p _________________ Progress : (Roomz : 44/44) (Roomz Bonuses : 4/4) (Kish : 4/4) (RG's Puzzles : 1/2) (Eri : 0/2) (cams : 0/2) Back to top cams Posted: Sun Sep 23, 2007 2:42 pm --> Supreme roomer Joined: 10 Jun 2007 Posts: 307 Location: South Korea poor s	http://theroomz.19.forumer.com:80/viewtopic.php?t=236&start=75&sid=0c892ab91f8b899c616578b04962c74f
236	20080208155236	FoROOM ~ View topic - Room 44 - A real pain...	stachu	s :p Back to top shpwnz Posted: Sun Sep 23, 2007 1:45 am --> Supreme roomer Joined: 23 May 2007 Posts: 263 Location: Following Stachu In HELL! you guys see the love between me and stachu? its like we're brothers... pervert!!! :p _________________ Progress : (Roomz : 44/44) (Roomz Bonuses : 4/4) (Kish : 4/4) (RG's Puzzles : 1/2) (Eri : 0/2) (cams : 0/2) Back to top cams Posted: Sun Sep 23, 2007 2:42 pm --> Supreme roomer Joined: 10 Jun 2007 Posts: 307 Location: South Korea poor shpwnz, he has a devil for a brother _________________	http://theroomz.19.forumer.com:80/viewtopic.php?t=236&start=75&sid=0c892ab91f8b899c616578b04962c74f
236	20080208155236	FoROOM ~ View topic - Room 44 - A real pain...	hint	ck to top sas Posted: Sun Sep 23, 2007 3:55 pm --> Appreciated Helper Joined: 30 Oct 2006 Posts: 535 Location: Melbourne, Australia Ok I am out now. Thank you to those who gave me hints.. you know who you are! (the list is too long for me to type ) Wow that was very very hard and tricky. But really clever, I dunno how you keep getting your ideas Stachu!!! edit: finished 44 and reached my 300 post at the same time _________________ Progress: 45/45 + Bonus 4/4 PM if you need help! (include details of where/what you are stuck on) -	http://theroomz.19.forumer.com:80/viewtopic.php?t=236&start=75&sid=0c892ab91f8b899c616578b04962c74f
236	20080208155236	FoROOM ~ View topic - Room 44 - A real pain...	Stachu	who gave me hints.. you know who you are! (the list is too long for me to type ) Wow that was very very hard and tricky. But really clever, I dunno how you keep getting your ideas Stachu!!! edit: finished 44 and reached my 300 post at the same time _________________ Progress: 45/45 + Bonus 4/4 PM if you need help! (include details of where/what you are stuck on) - I don't give out answers though. Back to top wartzNawl Posted: Sun Sep 23, 2007 6:38 pm --> Little roomer Joined: 14 Nov 2006 Posts: 23 Can anyone help??? Badly stuck on	http://theroomz.19.forumer.com:80/viewtopic.php?t=236&start=75&sid=0c892ab91f8b899c616578b04962c74f
236	20080208155236	FoROOM ~ View topic - Room 44 - A real pain...	password	y YAY out me too, thanks all people who help me, because this room was HARD EVIL AND SADISTIC... now it's time to see if I can enter in bonus r4, I'm on the right step to find the password... Thank you stachu for the ROOMZ, they are always COOL! _________________ r1 to 44 finished bonus: 1,2&4 completed (br3 no thanks :p) kish roomz: 1/3 stuck on 2nd eri's miniR: A....... note (my 2nd) always love roomz!!!! (and their creators) Back to top cams Posted: Mon Sep 24, 2007 7:19 am --> Supreme roomer Joined: 10 Jun 2007 Posts: 307 Locati	http://theroomz.19.forumer.com:80/viewtopic.php?t=236&start=75&sid=0c892ab91f8b899c616578b04962c74f
236	20080208155236	FoROOM ~ View topic - Room 44 - A real pain...	stachu	ks all people who help me, because this room was HARD EVIL AND SADISTIC... now it's time to see if I can enter in bonus r4, I'm on the right step to find the password... Thank you stachu for the ROOMZ, they are always COOL! _________________ r1 to 44 finished bonus: 1,2&4 completed (br3 no thanks :p) kish roomz: 1/3 stuck on 2nd eri's miniR: A....... note (my 2nd) always love roomz!!!! (and their creators) Back to top cams Posted: Mon Sep 24, 2007 7:19 am --> Supreme roomer Joined: 10 Jun 2007 Posts: 307 Location: South Korea I fo	http://theroomz.19.forumer.com:80/viewtopic.php?t=236&start=75&sid=0c892ab91f8b899c616578b04962c74f
236	20080208155236	FoROOM ~ View topic - Room 44 - A real pain...	hint	what you are stuck on) - I don't give out answers though. Back to top irvine Posted: Mon Sep 24, 2007 5:46 pm --> Little roomer Joined: 14 Aug 2007 Posts: 12 i have problem at the hint with pink numbers.....i think that my idea is correct but i don't know what can i do.....please help me Back to top quis Posted: Tue Sep 25, 2007 10:38 pm --> Roomz addict Joined: 03 Aug 2007 Posts: 92 Location: Stuttgart, Germany Still stuck on the fourth note, for many days now. No ideas anymore. Need _________________ 44/45 Roomz completed 4/4 	http://theroomz.19.forumer.com:80/viewtopic.php?t=236&start=75&sid=0c892ab91f8b899c616578b04962c74f
236	20080208155236	FoROOM ~ View topic - Room 44 - A real pain...	hint	ideas anymore. Need _________________ 44/45 Roomz completed 4/4 Bonus completed 1/3 kish rooms completed ############################## If you are stuck, PM me. I will try to give hints, but don't expect ANSWERS from me Back to top ThemePark Posted: Tue Sep 25, 2007 11:41 pm --> Roomz addict Joined: 01 Jul 2007 Posts: 56 Why do I always end up being too late, when all the regulars have solved the room all together? Meh, it sucks to be such a slow turtle. Back to top sas Posted: Wed Sep 26, 2007 1:24 am --> Appreciated Helper Joi	http://theroomz.19.forumer.com:80/viewtopic.php?t=236&start=75&sid=0c892ab91f8b899c616578b04962c74f
236	20080208155236	FoROOM ~ View topic - Room 44 - A real pain...	hint	k to top sas Posted: Wed Sep 26, 2007 1:24 am --> Appreciated Helper Joined: 30 Oct 2006 Posts: 535 Location: Melbourne, Australia But it means there are always people to give you hints if you get stuck ThemePark! ;p _________________ Progress: 45/45 + Bonus 4/4 PM if you need help! (include details of where/what you are stuck on) - I don't give out answers though. Back to top .:Stachu:. Posted: Wed Sep 26, 2007 1:33 am --> Lord of The Roomz Joined: 22 Sep 2006 Posts: 1347 Location: Hell That's not so sure, sas :p ______________	http://theroomz.19.forumer.com:80/viewtopic.php?t=236&start=75&sid=0c892ab91f8b899c616578b04962c74f
236	20080208155236	FoROOM ~ View topic - Room 44 - A real pain...	Stachu	 ThemePark! ;p _________________ Progress: 45/45 + Bonus 4/4 PM if you need help! (include details of where/what you are stuck on) - I don't give out answers though. Back to top .:Stachu:. Posted: Wed Sep 26, 2007 1:33 am --> Lord of The Roomz Joined: 22 Sep 2006 Posts: 1347 Location: Hell That's not so sure, sas :p _________________ .....:::ENTER THE ROOMZ:::..... Life is a room where the password is 'death' Progress: Roomz: mine (45/45 +4) :p, eri's (1/2), RG's (2/2), kish's (4/4 with magic :p), jan's (3/3) I'm offering help via	http://theroomz.19.forumer.com:80/viewtopic.php?t=236&start=75&sid=0c892ab91f8b899c616578b04962c74f
236	20080208155236	FoROOM ~ View topic - Room 44 - A real pain...	password	 1:33 am --> Lord of The Roomz Joined: 22 Sep 2006 Posts: 1347 Location: Hell That's not so sure, sas :p _________________ .....:::ENTER THE ROOMZ:::..... Life is a room where the password is 'death' Progress: Roomz: mine (45/45 +4) :p, eri's (1/2), RG's (2/2), kish's (4/4 with magic :p), jan's (3/3) I'm offering help via PMs only if you like cryptic hints :p Back to top sas Posted: Wed Sep 26, 2007 2:50 am --> Appreciated Helper Joined: 30 Oct 2006 Posts: 535 Location: Melbourne, Australia I will anyway Stachu :p </offtopic> :p ___	http://theroomz.19.forumer.com:80/viewtopic.php?t=236&start=75&sid=0c892ab91f8b899c616578b04962c74f
236	20080208155236	FoROOM ~ View topic - Room 44 - A real pain...	hint	re the password is 'death' Progress: Roomz: mine (45/45 +4) :p, eri's (1/2), RG's (2/2), kish's (4/4 with magic :p), jan's (3/3) I'm offering help via PMs only if you like cryptic hints :p Back to top sas Posted: Wed Sep 26, 2007 2:50 am --> Appreciated Helper Joined: 30 Oct 2006 Posts: 535 Location: Melbourne, Australia I will anyway Stachu :p </offtopic> :p _________________ Progress: 45/45 + Bonus 4/4 PM if you need help! (include details of where/what you are stuck on) - I don't give out answers though. Back to top rawene Po	http://theroomz.19.forumer.com:80/viewtopic.php?t=236&start=75&sid=0c892ab91f8b899c616578b04962c74f
236	20080208155236	FoROOM ~ View topic - Room 44 - A real pain...	Stachu	ly if you like cryptic hints :p Back to top sas Posted: Wed Sep 26, 2007 2:50 am --> Appreciated Helper Joined: 30 Oct 2006 Posts: 535 Location: Melbourne, Australia I will anyway Stachu :p </offtopic> :p _________________ Progress: 45/45 + Bonus 4/4 PM if you need help! (include details of where/what you are stuck on) - I don't give out answers though. Back to top rawene Posted: Wed Sep 26, 2007 11:19 am --> Roomz addict Joined: 18 Oct 2006 Posts: 59 Location: New Zealand I've got a note - maybe the fourth one - not sure. But the	http://theroomz.19.forumer.com:80/viewtopic.php?t=236&start=75&sid=0c892ab91f8b899c616578b04962c74f
236	20080208155236	FoROOM ~ View topic - Room 44 - A real pain...	Room 44	ate to what I think they should. It's impossible. Are you sure they are correct? If they are - I could sure do with some help as it don't make sense!!! _________________ PROGRESS: Room 44/45 BONUS Room 4/4 (Bonus 3 - was the best!!) (Bonus 4 - ROFL!!) Back to top Jim Gamma Posted: Wed Sep 26, 2007 11:27 am --> Appreciated Helper Joined: 17 Oct 2006 Posts: 841 Location: London, England Completely. _________________ I am available to answer PMs requesting hints. I will NOT give out answers, just major hints. PROGRESS: 45/45 BONUS: 1-	http://theroomz.19.forumer.com:80/viewtopic.php?t=236&start=75&sid=0c892ab91f8b899c616578b04962c74f
236	20080208155236	FoROOM ~ View topic - Room 44 - A real pain...	Room 4	nk they should. It's impossible. Are you sure they are correct? If they are - I could sure do with some help as it don't make sense!!! _________________ PROGRESS: Room 44/45 BONUS Room 4/4 (Bonus 3 - was the best!!) (Bonus 4 - ROFL!!) Back to top Jim Gamma Posted: Wed Sep 26, 2007 11:27 am --> Appreciated Helper Joined: 17 Oct 2006 Posts: 841 Location: London, England Completely. _________________ I am available to answer PMs requesting hints. I will NOT give out answers, just major hints. PROGRESS: 45/45 BONUS: 1-4 KISH: 1-2 ERI:	http://theroomz.19.forumer.com:80/viewtopic.php?t=236&start=75&sid=0c892ab91f8b899c616578b04962c74f
236	20080208155236	FoROOM ~ View topic - Room 44 - A real pain...	hint	ed: Wed Sep 26, 2007 11:27 am --> Appreciated Helper Joined: 17 Oct 2006 Posts: 841 Location: London, England Completely. _________________ I am available to answer PMs requesting hints. I will NOT give out answers, just major hints. PROGRESS: 45/45 BONUS: 1-4 KISH: 1-2 ERI: 1 (3rd note) JAN: 5 Back to top cams Posted: Wed Sep 26, 2007 4:11 pm --> Supreme roomer Joined: 10 Jun 2007 Posts: 307 Location: South Korea 4th note is too hard...... _________________ roomz complete: normal 44/45 bonus 1, 2, 3, 4 kish 2/3 eri 2/2 RG 1 jan	http://theroomz.19.forumer.com:80/viewtopic.php?t=236&start=75&sid=0c892ab91f8b899c616578b04962c74f
236	20080208155236	FoROOM ~ View topic - Room 44 - A real pain...	hint	elper Joined: 17 Oct 2006 Posts: 841 Location: London, England Completely. _________________ I am available to answer PMs requesting hints. I will NOT give out answers, just major hints. PROGRESS: 45/45 BONUS: 1-4 KISH: 1-2 ERI: 1 (3rd note) JAN: 5 Back to top cams Posted: Wed Sep 26, 2007 4:11 pm --> Supreme roomer Joined: 10 Jun 2007 Posts: 307 Location: South Korea 4th note is too hard...... _________________ roomz complete: normal 44/45 bonus 1, 2, 3, 4 kish 2/3 eri 2/2 RG 1 jan 5/10 Back to top Display posts from previous: 	http://theroomz.19.forumer.com:80/viewtopic.php?t=236&start=75&sid=0c892ab91f8b899c616578b04962c74f
308	20080208155307	FoROOM ~ View topic - Room 45 - Never ending story...	Room 45	FoROOM ~ View topic - Room 45 - Never ending story... FAQ Search Memberlist Usergroups fChat Log in Register Author Message Roomz ~ Room 45 - Never ending story... cams Posted: Sat Jan 19, 2008 3:38 pm --> Supreme roomer Joined: 10 Jun 2007 Posts: 307 Location: South Korea I decoded the p******* r***** note!!!!!!!!! though i'm not so sure what it means..... will think about it	http://theroomz.19.forumer.com:80/viewtopic.php?t=308&start=75&sid=0c892ab91f8b899c616578b04962c74f
308	20080208155307	FoROOM ~ View topic - Room 45 - Never ending story...	Room 45	FoROOM ~ View topic - Room 45 - Never ending story... FAQ Search Memberlist Usergroups fChat Log in Register Author Message Roomz ~ Room 45 - Never ending story... cams Posted: Sat Jan 19, 2008 3:38 pm --> Supreme roomer Joined: 10 Jun 2007 Posts: 307 Location: South Korea I decoded the p******* r***** note!!!!!!!!! though i'm not so sure what it means..... will think about it tommorow edit: GATE 3!!!!!!!!!!!!!! hmmm.... I think i know what those numbers are _________________ roomz co	http://theroomz.19.forumer.com:80/viewtopic.php?t=308&start=75&sid=0c892ab91f8b899c616578b04962c74f
308	20080208155307	FoROOM ~ View topic - Room 45 - Never ending story...	hint	10 Back to top Welshy Posted: Mon Jan 21, 2008 11:53 pm --> Little roomer Joined: 17 Oct 2007 Posts: 20 Location: Wales ok stuck on gate 2 for days can someone please pm me with a hint as to what key to use???? ha ha ha... I don't see any 'obvious one'???? Last edited by Welshy on Tue Jan 22, 2008 12:00 am; edited 1 time in total _________________ 44/45 Roomz completed 1/4 Bonus completed Back to top .:Stachu:. Posted: Mon Jan 21, 2008 11:55 pm --> Lord of The Roomz Joined: 22 Sep 2006 Posts: 1347 Location: Hell The obvious one 	http://theroomz.19.forumer.com:80/viewtopic.php?t=308&start=75&sid=0c892ab91f8b899c616578b04962c74f
308	20080208155307	FoROOM ~ View topic - Room 45 - Never ending story...	Stachu	on't see any 'obvious one'???? Last edited by Welshy on Tue Jan 22, 2008 12:00 am; edited 1 time in total _________________ 44/45 Roomz completed 1/4 Bonus completed Back to top .:Stachu:. Posted: Mon Jan 21, 2008 11:55 pm --> Lord of The Roomz Joined: 22 Sep 2006 Posts: 1347 Location: Hell The obvious one _________________ .....:::ENTER THE ROOMZ:::..... Life is a room where the password is 'death' Progress: Roomz: mine (45/45 +4) :p, eri's (1/2), RG's (2/2), kish's (4/4 with magic :p), jan's (3/3) I'm offering help via PMs only 	http://theroomz.19.forumer.com:80/viewtopic.php?t=308&start=75&sid=0c892ab91f8b899c616578b04962c74f
308	20080208155307	FoROOM ~ View topic - Room 45 - Never ending story...	password	n 21, 2008 11:55 pm --> Lord of The Roomz Joined: 22 Sep 2006 Posts: 1347 Location: Hell The obvious one _________________ .....:::ENTER THE ROOMZ:::..... Life is a room where the password is 'death' Progress: Roomz: mine (45/45 +4) :p, eri's (1/2), RG's (2/2), kish's (4/4 with magic :p), jan's (3/3) I'm offering help via PMs only if you like cryptic hints :p Back to top Welshy Posted: Tue Jan 22, 2008 12:34 am --> Little roomer Joined: 17 Oct 2007 Posts: 20 Location: Wales Ok am i missing something... found that but it doesnt seem 	http://theroomz.19.forumer.com:80/viewtopic.php?t=308&start=75&sid=0c892ab91f8b899c616578b04962c74f
308	20080208155307	FoROOM ~ View topic - Room 45 - Never ending story...	hint	re the password is 'death' Progress: Roomz: mine (45/45 +4) :p, eri's (1/2), RG's (2/2), kish's (4/4 with magic :p), jan's (3/3) I'm offering help via PMs only if you like cryptic hints :p Back to top Welshy Posted: Tue Jan 22, 2008 12:34 am --> Little roomer Joined: 17 Oct 2007 Posts: 20 Location: Wales Ok am i missing something... found that but it doesnt seem to be working for me. I get a load of rubbish.. he he.... got it. looked at it again... serves me right for trying to cut corners I suppose!!! sometimes things are just 	http://theroomz.19.forumer.com:80/viewtopic.php?t=308&start=75&sid=0c892ab91f8b899c616578b04962c74f
308	20080208155307	FoROOM ~ View topic - Room 45 - Never ending story...	hint	:40 am --> Appreciated Helper Joined: 17 Oct 2006 Posts: 841 Location: London, England Try this! Well that was a spoiler! _________________ I am available to answer PMs requesting hints. I will NOT give out answers, just major hints. PROGRESS: 45/45 BONUS: 1-4 KISH: 1-2 ERI: 1 (3rd note) JAN: 5 Back to top cams Posted: Tue Jan 22, 2008 3:54 pm --> Supreme roomer Joined: 10 Jun 2007 Posts: 307 Location: South Korea LOL!!!!!!!!! edit: got through half of gate 3 what on earth are those things?????? edit: What a surprise!!!!! Hello 	http://theroomz.19.forumer.com:80/viewtopic.php?t=308&start=75&sid=0c892ab91f8b899c616578b04962c74f
308	20080208155307	FoROOM ~ View topic - Room 45 - Never ending story...	hint	06 Posts: 841 Location: London, England Try this! Well that was a spoiler! _________________ I am available to answer PMs requesting hints. I will NOT give out answers, just major hints. PROGRESS: 45/45 BONUS: 1-4 KISH: 1-2 ERI: 1 (3rd note) JAN: 5 Back to top cams Posted: Tue Jan 22, 2008 3:54 pm --> Supreme roomer Joined: 10 Jun 2007 Posts: 307 Location: South Korea LOL!!!!!!!!! edit: got through half of gate 3 what on earth are those things?????? edit: What a surprise!!!!! Hello **f**!!!!!! _________________ roomz complete: n	http://theroomz.19.forumer.com:80/viewtopic.php?t=308&start=75&sid=0c892ab91f8b899c616578b04962c74f
308	20080208155307	FoROOM ~ View topic - Room 45 - Never ending story...	room 45	 2007 Posts: 373 Location: New Zealand good one cams... have fun at this bit . I'm still sitting at 2/4 on the last bit... _________________ --------------------------- Status: In room 45, Last step 2/4 ------------------------------ Roomz: 44/45 Bonus Roomz: 4/4 Feel Free to PM me. WILL NOT SPOIL --------------------------- Back to top Welshy Posted: Thu Jan 24, 2008 12:35 am --> Little roomer Joined: 17 Oct 2007 Posts: 20 Location: Wales I have progressed a little bit. I have the two notes for gate 2. translated at least one of t	http://theroomz.19.forumer.com:80/viewtopic.php?t=308&start=75&sid=0c892ab91f8b899c616578b04962c74f
308	20080208155307	FoROOM ~ View topic - Room 45 - Never ending story...	room 45	7, 2008 9:19 am --> Appreciated Helper Joined: 16 Feb 2007 Posts: 373 Location: New Zealand still no more progress... argh _________________ --------------------------- Status: In room 45, Last step 2/4 ------------------------------ Roomz: 44/45 Bonus Roomz: 4/4 Feel Free to PM me. WILL NOT SPOIL --------------------------- Back to top .:Stachu:. Posted: Sun Jan 27, 2008 1:07 pm --> Lord of The Roomz Joined: 22 Sep 2006 Posts: 1347 Location: Hell Time's passing and still only two roomers are out of this room. Shame on u guys :p Yo	http://theroomz.19.forumer.com:80/viewtopic.php?t=308&start=75&sid=0c892ab91f8b899c616578b04962c74f
308	20080208155307	FoROOM ~ View topic - Room 45 - Never ending story...	Stachu	------- Status: In room 45, Last step 2/4 ------------------------------ Roomz: 44/45 Bonus Roomz: 4/4 Feel Free to PM me. WILL NOT SPOIL --------------------------- Back to top .:Stachu:. Posted: Sun Jan 27, 2008 1:07 pm --> Lord of The Roomz Joined: 22 Sep 2006 Posts: 1347 Location: Hell Time's passing and still only two roomers are out of this room. Shame on u guys :p You really don't wanna see the surprise? :p Ask Jim or sas, it's worth it :p _________________ .....:::ENTER THE ROOMZ:::..... Life is a room where the password i	http://theroomz.19.forumer.com:80/viewtopic.php?t=308&start=75&sid=0c892ab91f8b899c616578b04962c74f
308	20080208155307	FoROOM ~ View topic - Room 45 - Never ending story...	password	is room. Shame on u guys :p You really don't wanna see the surprise? :p Ask Jim or sas, it's worth it :p _________________ .....:::ENTER THE ROOMZ:::..... Life is a room where the password is 'death' Progress: Roomz: mine (45/45 +4) :p, eri's (1/2), RG's (2/2), kish's (4/4 with magic :p), jan's (3/3) I'm offering help via PMs only if you like cryptic hints :p Back to top Jim Gamma Posted: Sun Jan 27, 2008 7:43 pm --> Appreciated Helper Joined: 17 Oct 2006 Posts: 841 Location: London, England Taz, Cams, just THINK! _________________ 	http://theroomz.19.forumer.com:80/viewtopic.php?t=308&start=75&sid=0c892ab91f8b899c616578b04962c74f
308	20080208155307	FoROOM ~ View topic - Room 45 - Never ending story...	hint	re the password is 'death' Progress: Roomz: mine (45/45 +4) :p, eri's (1/2), RG's (2/2), kish's (4/4 with magic :p), jan's (3/3) I'm offering help via PMs only if you like cryptic hints :p Back to top Jim Gamma Posted: Sun Jan 27, 2008 7:43 pm --> Appreciated Helper Joined: 17 Oct 2006 Posts: 841 Location: London, England Taz, Cams, just THINK! _________________ I am available to answer PMs requesting hints. I will NOT give out answers, just major hints. PROGRESS: 45/45 BONUS: 1-4 KISH: 1-2 ERI: 1 (3rd note) JAN: 5 Back to top c	http://theroomz.19.forumer.com:80/viewtopic.php?t=308&start=75&sid=0c892ab91f8b899c616578b04962c74f
308	20080208155307	FoROOM ~ View topic - Room 45 - Never ending story...	hint	n 27, 2008 7:43 pm --> Appreciated Helper Joined: 17 Oct 2006 Posts: 841 Location: London, England Taz, Cams, just THINK! _________________ I am available to answer PMs requesting hints. I will NOT give out answers, just major hints. PROGRESS: 45/45 BONUS: 1-4 KISH: 1-2 ERI: 1 (3rd note) JAN: 5 Back to top cams Posted: Mon Jan 28, 2008 2:09 pm --> Supreme roomer Joined: 10 Jun 2007 Posts: 307 Location: South Korea Jim Gamma wrote: Taz, Cams, just THINK! tried "think" at the HS, didn't work _________________ roomz complete: norma	http://theroomz.19.forumer.com:80/viewtopic.php?t=308&start=75&sid=0c892ab91f8b899c616578b04962c74f
308	20080208155307	FoROOM ~ View topic - Room 45 - Never ending story...	hint	d: 17 Oct 2006 Posts: 841 Location: London, England Taz, Cams, just THINK! _________________ I am available to answer PMs requesting hints. I will NOT give out answers, just major hints. PROGRESS: 45/45 BONUS: 1-4 KISH: 1-2 ERI: 1 (3rd note) JAN: 5 Back to top cams Posted: Mon Jan 28, 2008 2:09 pm --> Supreme roomer Joined: 10 Jun 2007 Posts: 307 Location: South Korea Jim Gamma wrote: Taz, Cams, just THINK! tried "think" at the HS, didn't work _________________ roomz complete: normal 44/45 bonus 1, 2, 3, 4 kish 2/3 eri 2/2 RG 1 	http://theroomz.19.forumer.com:80/viewtopic.php?t=308&start=75&sid=0c892ab91f8b899c616578b04962c74f
308	20080208155307	FoROOM ~ View topic - Room 45 - Never ending story...	Stachu	008 9:17 pm --> Appreciated Helper Joined: 16 Feb 2007 Posts: 373 Location: New Zealand ok, gonna take a break from 45 for a couple days, then come back and hopefully finish it... Stachu did sas ACTUALLY finish? _________________ --------------------------- Status: In room 45, Last step 2/4 ------------------------------ Roomz: 44/45 Bonus Roomz: 4/4 Feel Free to PM me. WILL NOT SPOIL --------------------------- Back to top .:Stachu:. Posted: Mon Jan 28, 2008 10:03 pm --> Lord of The Roomz Joined: 22 Sep 2006 Posts: 1347 Location:	http://theroomz.19.forumer.com:80/viewtopic.php?t=308&start=75&sid=0c892ab91f8b899c616578b04962c74f
308	20080208155307	FoROOM ~ View topic - Room 45 - Never ending story...	room 45	k, gonna take a break from 45 for a couple days, then come back and hopefully finish it... Stachu did sas ACTUALLY finish? _________________ --------------------------- Status: In room 45, Last step 2/4 ------------------------------ Roomz: 44/45 Bonus Roomz: 4/4 Feel Free to PM me. WILL NOT SPOIL --------------------------- Back to top .:Stachu:. Posted: Mon Jan 28, 2008 10:03 pm --> Lord of The Roomz Joined: 22 Sep 2006 Posts: 1347 Location: Hell Without ur riddle I guess ;p _________________ .....:::ENTER THE ROOMZ:::..... Life 	http://theroomz.19.forumer.com:80/viewtopic.php?t=308&start=75&sid=0c892ab91f8b899c616578b04962c74f
308	20080208155307	FoROOM ~ View topic - Room 45 - Never ending story...	Stachu	------- Status: In room 45, Last step 2/4 ------------------------------ Roomz: 44/45 Bonus Roomz: 4/4 Feel Free to PM me. WILL NOT SPOIL --------------------------- Back to top .:Stachu:. Posted: Mon Jan 28, 2008 10:03 pm --> Lord of The Roomz Joined: 22 Sep 2006 Posts: 1347 Location: Hell Without ur riddle I guess ;p _________________ .....:::ENTER THE ROOMZ:::..... Life is a room where the password is 'death' Progress: Roomz: mine (45/45 +4) :p, eri's (1/2), RG's (2/2), kish's (4/4 with magic :p), jan's (3/3) I'm offering help 	http://theroomz.19.forumer.com:80/viewtopic.php?t=308&start=75&sid=0c892ab91f8b899c616578b04962c74f
308	20080208155307	FoROOM ~ View topic - Room 45 - Never ending story...	password	:03 pm --> Lord of The Roomz Joined: 22 Sep 2006 Posts: 1347 Location: Hell Without ur riddle I guess ;p _________________ .....:::ENTER THE ROOMZ:::..... Life is a room where the password is 'death' Progress: Roomz: mine (45/45 +4) :p, eri's (1/2), RG's (2/2), kish's (4/4 with magic :p), jan's (3/3) I'm offering help via PMs only if you like cryptic hints :p Back to top sas Posted: Mon Jan 28, 2008 11:35 pm --> Appreciated Helper Joined: 30 Oct 2006 Posts: 535 Location: Melbourne, Australia Nah haven't done your riddle yet. But it 	http://theroomz.19.forumer.com:80/viewtopic.php?t=308&start=75&sid=0c892ab91f8b899c616578b04962c74f
308	20080208155307	FoROOM ~ View topic - Room 45 - Never ending story...	hint	re the password is 'death' Progress: Roomz: mine (45/45 +4) :p, eri's (1/2), RG's (2/2), kish's (4/4 with magic :p), jan's (3/3) I'm offering help via PMs only if you like cryptic hints :p Back to top sas Posted: Mon Jan 28, 2008 11:35 pm --> Appreciated Helper Joined: 30 Oct 2006 Posts: 535 Location: Melbourne, Australia Nah haven't done your riddle yet. But it wasn't finished when I completed the room so I reached the end. So I did finish Taz : OK, sas, sorry hun... i'm a bit grumpy cause still stuck on urs Stachu, can I hint 	http://theroomz.19.forumer.com:80/viewtopic.php?t=308&start=75&sid=0c892ab91f8b899c616578b04962c74f
308	20080208155307	FoROOM ~ View topic - Room 45 - Never ending story...	Stachu	 done your riddle yet. But it wasn't finished when I completed the room so I reached the end. So I did finish Taz : OK, sas, sorry hun... i'm a bit grumpy cause still stuck on urs Stachu, can I hint yet? Sure :p one ban more or less won't make any difference for me :ppp Sas... i say we tie him up and torture him Good idea! Last edited by sas on Tue Jan 29, 2008 11:55 pm; edited 2 times in total _________________ Progress: 45/45 + Bonus 4/4 PM if you need help! (include details of where/what you are stuck on) - I don't give out ans	http://theroomz.19.forumer.com:80/viewtopic.php?t=308&start=75&sid=0c892ab91f8b899c616578b04962c74f
308	20080208155307	FoROOM ~ View topic - Room 45 - Never ending story...	hint	dle yet. But it wasn't finished when I completed the room so I reached the end. So I did finish Taz : OK, sas, sorry hun... i'm a bit grumpy cause still stuck on urs Stachu, can I hint yet? Sure :p one ban more or less won't make any difference for me :ppp Sas... i say we tie him up and torture him Good idea! Last edited by sas on Tue Jan 29, 2008 11:55 pm; edited 2 times in total _________________ Progress: 45/45 + Bonus 4/4 PM if you need help! (include details of where/what you are stuck on) - I don't give out answers though.	http://theroomz.19.forumer.com:80/viewtopic.php?t=308&start=75&sid=0c892ab91f8b899c616578b04962c74f
308	20080208155307	FoROOM ~ View topic - Room 45 - Never ending story...	Room 44	ion: New Zealand Spent nearly four weeks on 45 now!! I have one of the final 4. I really need help. It's the spelling mistake that's really bugging me. _________________ PROGRESS: Room 44/45 BONUS Room 4/4 (Bonus 3 - was the best!!) (Bonus 4 - ROFL!!) Back to top cams Posted: Tue Jan 29, 2008 4:04 pm --> Supreme roomer Joined: 10 Jun 2007 Posts: 307 Location: South Korea .:Stachu:. wrote: You really don't wanna see the surprise? Do we see the surprise after we go through all of the gates? or after we input the final word at the loc	http://theroomz.19.forumer.com:80/viewtopic.php?t=308&start=75&sid=0c892ab91f8b899c616578b04962c74f
308	20080208155307	FoROOM ~ View topic - Room 45 - Never ending story...	Room 4	Spent nearly four weeks on 45 now!! I have one of the final 4. I really need help. It's the spelling mistake that's really bugging me. _________________ PROGRESS: Room 44/45 BONUS Room 4/4 (Bonus 3 - was the best!!) (Bonus 4 - ROFL!!) Back to top cams Posted: Tue Jan 29, 2008 4:04 pm --> Supreme roomer Joined: 10 Jun 2007 Posts: 307 Location: South Korea .:Stachu:. wrote: You really don't wanna see the surprise? Do we see the surprise after we go through all of the gates? or after we input the final word at the locker? ___________	http://theroomz.19.forumer.com:80/viewtopic.php?t=308&start=75&sid=0c892ab91f8b899c616578b04962c74f
308	20080208155307	FoROOM ~ View topic - Room 45 - Never ending story...	Stachu	 Room 4/4 (Bonus 3 - was the best!!) (Bonus 4 - ROFL!!) Back to top cams Posted: Tue Jan 29, 2008 4:04 pm --> Supreme roomer Joined: 10 Jun 2007 Posts: 307 Location: South Korea .:Stachu:. wrote: You really don't wanna see the surprise? Do we see the surprise after we go through all of the gates? or after we input the final word at the locker? _________________ roomz complete: normal 44/45 bonus 1, 2, 3, 4 kish 2/3 eri 2/2 RG 1 jan 5/10 Back to top Jim Gamma Posted: Tue Jan 29, 2008 4:19 pm --> Appreciated Helper Joined: 17 Oct 20	http://theroomz.19.forumer.com:80/viewtopic.php?t=308&start=75&sid=0c892ab91f8b899c616578b04962c74f
308	20080208155307	FoROOM ~ View topic - Room 45 - Never ending story...	hint	e Jan 29, 2008 4:19 pm --> Appreciated Helper Joined: 17 Oct 2006 Posts: 841 Location: London, England You'll find out... _________________ I am available to answer PMs requesting hints. I will NOT give out answers, just major hints. PROGRESS: 45/45 BONUS: 1-4 KISH: 1-2 ERI: 1 (3rd note) JAN: 5 Back to top cams Posted: Fri Feb 01, 2008 6:50 am --> Supreme roomer Joined: 10 Jun 2007 Posts: 307 Location: South Korea second note!!!!!!!! er.... that note seems very familiar. where did i see that? edit: third note !!!!!!!!!!!!!!!!!!!	http://theroomz.19.forumer.com:80/viewtopic.php?t=308&start=75&sid=0c892ab91f8b899c616578b04962c74f
308	20080208155307	FoROOM ~ View topic - Room 45 - Never ending story...	hint	oined: 17 Oct 2006 Posts: 841 Location: London, England You'll find out... _________________ I am available to answer PMs requesting hints. I will NOT give out answers, just major hints. PROGRESS: 45/45 BONUS: 1-4 KISH: 1-2 ERI: 1 (3rd note) JAN: 5 Back to top cams Posted: Fri Feb 01, 2008 6:50 am --> Supreme roomer Joined: 10 Jun 2007 Posts: 307 Location: South Korea second note!!!!!!!! er.... that note seems very familiar. where did i see that? edit: third note !!!!!!!!!!!!!!!!!!!! but where do i have to go now? edit: i need a	http://theroomz.19.forumer.com:80/viewtopic.php?t=308&start=75&sid=0c892ab91f8b899c616578b04962c74f
308	20080208155307	FoROOM ~ View topic - Room 45 - Never ending story...	hint	on: South Korea second note!!!!!!!! er.... that note seems very familiar. where did i see that? edit: third note !!!!!!!!!!!!!!!!!!!! but where do i have to go now? edit: i need a hint to where to go..... _________________ roomz complete: normal 44/45 bonus 1, 2, 3, 4 kish 2/3 eri 2/2 RG 1 jan 5/10 Back to top Jim Gamma Posted: Fri Feb 01, 2008 9:23 am --> Appreciated Helper Joined: 17 Oct 2006 Posts: 841 Location: London, England Think... (sorry, that's the best I can give you...) _________________ I am available to answer PMs 	http://theroomz.19.forumer.com:80/viewtopic.php?t=308&start=75&sid=0c892ab91f8b899c616578b04962c74f
308	20080208155307	FoROOM ~ View topic - Room 45 - Never ending story...	hint	iated Helper Joined: 17 Oct 2006 Posts: 841 Location: London, England Think... (sorry, that's the best I can give you...) _________________ I am available to answer PMs requesting hints. I will NOT give out answers, just major hints. PROGRESS: 45/45 BONUS: 1-4 KISH: 1-2 ERI: 1 (3rd note) JAN: 5 Back to top animoose Posted: Sun Feb 03, 2008 5:38 am --> Roomz fan Joined: 01 Jan 2008 Posts: 30 Location: Venice, California Still trying to get past the first stage. Can I get a hint from someone? I'll PM what I've got so far, and some	http://theroomz.19.forumer.com:80/viewtopic.php?t=308&start=75&sid=0c892ab91f8b899c616578b04962c74f
308	20080208155307	FoROOM ~ View topic - Room 45 - Never ending story...	hint	ation: London, England Think... (sorry, that's the best I can give you...) _________________ I am available to answer PMs requesting hints. I will NOT give out answers, just major hints. PROGRESS: 45/45 BONUS: 1-4 KISH: 1-2 ERI: 1 (3rd note) JAN: 5 Back to top animoose Posted: Sun Feb 03, 2008 5:38 am --> Roomz fan Joined: 01 Jan 2008 Posts: 30 Location: Venice, California Still trying to get past the first stage. Can I get a hint from someone? I'll PM what I've got so far, and some of the increasingly desparate things I've trie	http://theroomz.19.forumer.com:80/viewtopic.php?t=308&start=75&sid=0c892ab91f8b899c616578b04962c74f
308	20080208155307	FoROOM ~ View topic - Room 45 - Never ending story...	hint	ack to top animoose Posted: Sun Feb 03, 2008 5:38 am --> Roomz fan Joined: 01 Jan 2008 Posts: 30 Location: Venice, California Still trying to get past the first stage. Can I get a hint from someone? I'll PM what I've got so far, and some of the increasingly desparate things I've tried. Back to top rawene Posted: Sun Feb 03, 2008 6:12 am --> Roomz addict Joined: 18 Oct 2006 Posts: 59 Location: New Zealand Animoose I think Jim has just said it all - THINK!!! If you go back over your notes for the other 44 rooms - you shouldn't hav	http://theroomz.19.forumer.com:80/viewtopic.php?t=308&start=75&sid=0c892ab91f8b899c616578b04962c74f
308	20080208155307	FoROOM ~ View topic - Room 45 - Never ending story...	Room 44	ver your notes for the other 44 rooms - you shouldn't have too much trouble with the first part. If you're still stuck - you can PM - I'll try and help _________________ PROGRESS: Room 44/45 BONUS Room 4/4 (Bonus 3 - was the best!!) (Bonus 4 - ROFL!!) Back to top Display posts from previous: All Posts 1 Day 7 Days 2 Weeks 1 Month 3 Months 6 Months 1 Year Oldest First Newest First All times are GMT + 1 Hour View next topic View previous topic Page 4 of 5 Goto page Previous 1 , 2 , 3 , 4 , 5 Next FoROOM Forum Index ~ Roomz Jump to: S	http://theroomz.19.forumer.com:80/viewtopic.php?t=308&start=75&sid=0c892ab91f8b899c616578b04962c74f
308	20080208155307	FoROOM ~ View topic - Room 45 - Never ending story...	Room 4	r the other 44 rooms - you shouldn't have too much trouble with the first part. If you're still stuck - you can PM - I'll try and help _________________ PROGRESS: Room 44/45 BONUS Room 4/4 (Bonus 3 - was the best!!) (Bonus 4 - ROFL!!) Back to top Display posts from previous: All Posts 1 Day 7 Days 2 Weeks 1 Month 3 Months 6 Months 1 Year Oldest First Newest First All times are GMT + 1 Hour View next topic View previous topic Page 4 of 5 Goto page Previous 1 , 2 , 3 , 4 , 5 Next FoROOM Forum Index ~ Roomz Jump to: Select a forum Me	http://theroomz.19.forumer.com:80/viewtopic.php?t=308&start=75&sid=0c892ab91f8b899c616578b04962c74f
36	20080208155409	FoROOM ~ View topic - Room 15 - shame :P	hint	g for 4th Back to top tazmind Posted: Mon Aug 27, 2007 9:50 pm --> Appreciated Helper Joined: 16 Feb 2007 Posts: 373 Location: New Zealand sarah88t wrote: please help me... i've 3 hints, the hidden words, i think to know how convert but... searching on google i understand the type of conversion but is a numeric one! and there aren't number here! how to do it with letters??? i think you need to focus on what you needto convert _________________ --------------------------- Status: In room 45, Last step 2/4 ------------------------	http://theroomz.19.forumer.com:80/viewtopic.php?t=36&start=75&sid=0c892ab91f8b899c616578b04962c74f
36	20080208155409	FoROOM ~ View topic - Room 15 - shame :P	room 45	meric one! and there aren't number here! how to do it with letters??? i think you need to focus on what you needto convert _________________ --------------------------- Status: In room 45, Last step 2/4 ------------------------------ Roomz: 44/45 Bonus Roomz: 4/4 Feel Free to PM me. WILL NOT SPOIL --------------------------- Back to top Q-Idel Posted: Tue Aug 28, 2007 11:12 pm --> Little roomer Joined: 28 Aug 2007 Posts: 16 Location: Rochester, NY took a break, back now. I really liked 14. so unsure what to do now, I think it shoul	http://theroomz.19.forumer.com:80/viewtopic.php?t=36&start=75&sid=0c892ab91f8b899c616578b04962c74f
36	20080208155409	FoROOM ~ View topic - Room 15 - shame :P	room 45	73 Location: New Zealand take another look... with fresh eyes.. you may be able to spot some simeralites that wil help you _________________ --------------------------- Status: In room 45, Last step 2/4 ------------------------------ Roomz: 44/45 Bonus Roomz: 4/4 Feel Free to PM me. WILL NOT SPOIL --------------------------- Back to top Q-Idel Posted: Tue Aug 28, 2007 11:31 pm --> Little roomer Joined: 28 Aug 2007 Posts: 16 Location: Rochester, NY ok, I will try again tomorrow edit: oh wait, duh! so obvious next room will wait unti	http://theroomz.19.forumer.com:80/viewtopic.php?t=36&start=75&sid=0c892ab91f8b899c616578b04962c74f
36	20080208155409	FoROOM ~ View topic - Room 15 - shame :P	room 45	: New Zealand lol.... good on ya.... but plz dont double post... edit your previous one.... makes the forum look tidyer... _________________ --------------------------- Status: In room 45, Last step 2/4 ------------------------------ Roomz: 44/45 Bonus Roomz: 4/4 Feel Free to PM me. WILL NOT SPOIL --------------------------- Back to top ffh Posted: Fri Sep 14, 2007 12:02 pm --> Wanderer Joined: 12 Sep 2007 Posts: 7 pls help me, pm me, I've found a few things and did a few things, but I can't tell it here, because it would be too sp	http://theroomz.19.forumer.com:80/viewtopic.php?t=36&start=75&sid=0c892ab91f8b899c616578b04962c74f
36	20080208155409	FoROOM ~ View topic - Room 15 - shame :P	room 45	 2007 Posts: 373 Location: New Zealand PLease dont double post, edit your previous one (waits for mod to edit it properly) _________________ --------------------------- Status: In room 45, Last step 2/4 ------------------------------ Roomz: 44/45 Bonus Roomz: 4/4 Feel Free to PM me. WILL NOT SPOIL --------------------------- Back to top kitnakatina Posted: Wed Oct 03, 2007 9:33 pm --> Little roomer Joined: 01 Oct 2007 Posts: 10 Location: London I've read all the posts, I've 3 notes, one word and I know the system to convert, but I'	http://theroomz.19.forumer.com:80/viewtopic.php?t=36&start=75&sid=0c892ab91f8b899c616578b04962c74f
36	20080208155409	FoROOM ~ View topic - Room 15 - shame :P	room 45	8 9:27 pm --> Appreciated Helper Joined: 16 Feb 2007 Posts: 373 Location: New Zealand open your eyes, its not hard to find _________________ --------------------------- Status: In room 45, Last step 2/4 ------------------------------ Roomz: 44/45 Bonus Roomz: 4/4 Feel Free to PM me. WILL NOT SPOIL --------------------------- Back to top MeLiSsA Posted: Tue Jan 22, 2008 6:16 am --> Wanderer Joined: 18 Jan 2008 Posts: 4 Can someone please PM me? I have 3 notes. I know the system to use but I do not know the word to convert. I think I	http://theroomz.19.forumer.com:80/viewtopic.php?t=36&start=75&sid=0c892ab91f8b899c616578b04962c74f
36	20080208155409	FoROOM ~ View topic - Room 15 - shame :P	room 45	n 22, 2008 7:15 am --> Appreciated Helper Joined: 16 Feb 2007 Posts: 373 Location: New Zealand The word is in front of you _________________ --------------------------- Status: In room 45, Last step 2/4 ------------------------------ Roomz: 44/45 Bonus Roomz: 4/4 Feel Free to PM me. WILL NOT SPOIL --------------------------- Back to top Display posts from previous: All Posts 1 Day 7 Days 2 Weeks 1 Month 3 Months 6 Months 1 Year Oldest First Newest First All times are GMT + 1 Hour View next topic View previous topic Page 4 of 4 Goto	http://theroomz.19.forumer.com:80/viewtopic.php?t=36&start=75&sid=0c892ab91f8b899c616578b04962c74f
39	20080208155506	FoROOM ~ View topic - Room 18 - a lot of stuff ;p	hint	up on the spot. Back to top tazmind Posted: Thu Jan 10, 2008 4:27 am --> Appreciated Helper Joined: 16 Feb 2007 Posts: 373 Location: New Zealand Krabs... Jim has given you a large hint, as he got out of the room without knowing what that picture was... Simlify _________________ --------------------------- Status: In room 45, Last step 2/4 ------------------------------ Roomz: 44/45 Bonus Roomz: 4/4 Feel Free to PM me. WILL NOT SPOIL --------------------------- Back to top paulcito Posted: Thu Jan 10, 2008 11:41 am --> Junior Hel	http://theroomz.19.forumer.com:80/viewtopic.php?t=39&start=75&sid=0c892ab91f8b899c616578b04962c74f
39	20080208155506	FoROOM ~ View topic - Room 18 - a lot of stuff ;p	room 45	ealand Krabs... Jim has given you a large hint, as he got out of the room without knowing what that picture was... Simlify _________________ --------------------------- Status: In room 45, Last step 2/4 ------------------------------ Roomz: 44/45 Bonus Roomz: 4/4 Feel Free to PM me. WILL NOT SPOIL --------------------------- Back to top paulcito Posted: Thu Jan 10, 2008 11:41 am --> Junior Helper Joined: 28 Sep 2007 Posts: 155 Location: Montevideo, Uruguay Taz is right... You can progress here without knowing the word of that pictu	http://theroomz.19.forumer.com:80/viewtopic.php?t=39&start=75&sid=0c892ab91f8b899c616578b04962c74f
41	20080208155528	FoROOM ~ View topic - Room 12 - the gallery	hint	, 2008 12:26 am --> Wanderer Joined: 27 Jan 2008 Posts: 5 Location: Behind You Hehe...got through this room by myself, just wanted to post...GREAT ROOM! Btw...I picked up an extra hint with an additional riddle on it. Solving this does what? _________________ Don't look now...but I'm right behind you. Back to top tazmind Posted: Tue Jan 29, 2008 12:47 am --> Appreciated Helper Joined: 16 Feb 2007 Posts: 373 Location: New Zealand Guy.. pm me with it plz _________________ --------------------------- Status: In room 45, Last step 2	http://theroomz.19.forumer.com:80/viewtopic.php?t=41&start=75&sid=0c892ab91f8b899c616578b04962c74f
41	20080208155528	FoROOM ~ View topic - Room 12 - the gallery	room 45	 Jan 29, 2008 12:47 am --> Appreciated Helper Joined: 16 Feb 2007 Posts: 373 Location: New Zealand Guy.. pm me with it plz _________________ --------------------------- Status: In room 45, Last step 2/4 ------------------------------ Roomz: 44/45 Bonus Roomz: 4/4 Feel Free to PM me. WILL NOT SPOIL --------------------------- Back to top natz Posted: Wed Jan 30, 2008 10:57 pm --> Wanderer Joined: 11 Jan 2008 Posts: 3 hi can anyone help me please, i have got the first note thing by putting in 'w********e' but am not sure on what to d	http://theroomz.19.forumer.com:80/viewtopic.php?t=41&start=75&sid=0c892ab91f8b899c616578b04962c74f
5	20080208155644	FoROOM ~ View topic - Room 1 - the first step	room 45	zmind Posted: Fri Aug 03, 2007 9:40 pm --> Appreciated Helper Joined: 16 Feb 2007 Posts: 373 Location: New Zealand PM Sent _________________ --------------------------- Status: In room 45, Last step 2/4 ------------------------------ Roomz: 44/45 Bonus Roomz: 4/4 Feel Free to PM me. WILL NOT SPOIL --------------------------- Back to top starats Posted: Sun Aug 05, 2007 5:27 am --> Wanderer Joined: 05 Aug 2007 Posts: 1 how does this work i found a few words everywhere on the wall and the right place to look but none of them work now	http://theroomz.19.forumer.com:80/viewtopic.php?t=5&start=75&sid=0c892ab91f8b899c616578b04962c74f
5	20080208155644	FoROOM ~ View topic - Room 1 - the first step	room 45	is called a SPOILLER and is NOT cutie cutie.... Last edited by tazmind on Sun Sep 02, 2007 9:41 pm; edited 1 time in total _________________ --------------------------- Status: In room 45, Last step 2/4 ------------------------------ Roomz: 44/45 Bonus Roomz: 4/4 Feel Free to PM me. WILL NOT SPOIL --------------------------- Back to top tpruden014 Posted: Sun Sep 02, 2007 9:41 pm --> Wanderer Joined: 02 Sep 2007 Posts: 5 sorry. I did finally find the answer. Thanks. Back to top Anairda Posted: Thu Sep 20, 2007 4:20 am --> Little ro	http://theroomz.19.forumer.com:80/viewtopic.php?t=5&start=75&sid=0c892ab91f8b899c616578b04962c74f
5	20080208155644	FoROOM ~ View topic - Room 1 - the first step	hint	Feb 2007 Posts: 373 Location: New Zealand Anairda wrote: I need help... can someone PM me? thanks Where are you stuck... read through the posts in this thread... there are helpful hints _________________ --------------------------- Status: In room 45, Last step 2/4 ------------------------------ Roomz: 44/45 Bonus Roomz: 4/4 Feel Free to PM me. WILL NOT SPOIL --------------------------- Back to top GyRIdashai Posted: Thu Sep 20, 2007 11:01 am --> Wanderer Joined: 20 Sep 2007 Posts: 1 I nd help... desperately... Back to top quis 	http://theroomz.19.forumer.com:80/viewtopic.php?t=5&start=75&sid=0c892ab91f8b899c616578b04962c74f
5	20080208155644	FoROOM ~ View topic - Room 1 - the first step	room 45	 help... can someone PM me? thanks Where are you stuck... read through the posts in this thread... there are helpful hints _________________ --------------------------- Status: In room 45, Last step 2/4 ------------------------------ Roomz: 44/45 Bonus Roomz: 4/4 Feel Free to PM me. WILL NOT SPOIL --------------------------- Back to top GyRIdashai Posted: Thu Sep 20, 2007 11:01 am --> Wanderer Joined: 20 Sep 2007 Posts: 1 I nd help... desperately... Back to top quis Posted: Thu Sep 20, 2007 12:14 pm --> Roomz addict Joined: 03 Aug 	http://theroomz.19.forumer.com:80/viewtopic.php?t=5&start=75&sid=0c892ab91f8b899c616578b04962c74f
58	20080208155724	FoROOM ~ View topic - Room 22 - Hot Sun	hint	ll i can say is try _________________ 44/45 Roomz completed 4/4 Bonus completed 1/3 kish rooms completed ############################## If you are stuck, PM me. I will try to give hints, but don't expect ANSWERS from me Back to top tazmind Posted: Tue Sep 18, 2007 2:21 am --> Appreciated Helper Joined: 16 Feb 2007 Posts: 373 Location: New Zealand And try and try and try again... it's a pain but it can be done _________________ --------------------------- Status: In room 45, Last step 2/4 ------------------------------ Roomz: 44/	http://theroomz.19.forumer.com:80/viewtopic.php?t=58&start=75&sid=0c892ab91f8b899c616578b04962c74f
58	20080208155724	FoROOM ~ View topic - Room 22 - Hot Sun	room 45	elper Joined: 16 Feb 2007 Posts: 373 Location: New Zealand And try and try and try again... it's a pain but it can be done _________________ --------------------------- Status: In room 45, Last step 2/4 ------------------------------ Roomz: 44/45 Bonus Roomz: 4/4 Feel Free to PM me. WILL NOT SPOIL --------------------------- Back to top Anairda Posted: Fri Oct 05, 2007 7:44 pm --> Little roomer Joined: 20 Sep 2007 Posts: 20 Location: ARGENTINA Please! help! a word appeared. and i've tried a lot of things to continue and i'm still s	http://theroomz.19.forumer.com:80/viewtopic.php?t=58&start=75&sid=0c892ab91f8b899c616578b04962c74f
58	20080208155724	FoROOM ~ View topic - Room 22 - Hot Sun	room 45	preciated Helper Joined: 16 Feb 2007 Posts: 373 Location: New Zealand Lord... it is all a case of how you hold your tounge _________________ --------------------------- Status: In room 45, Last step 2/4 ------------------------------ Roomz: 44/45 Bonus Roomz: 4/4 Feel Free to PM me. WILL NOT SPOIL --------------------------- Back to top Display posts from previous: All Posts 1 Day 7 Days 2 Weeks 1 Month 3 Months 6 Months 1 Year Oldest First Newest First All times are GMT + 1 Hour View next topic View previous topic Page 4 of 4 Goto	http://theroomz.19.forumer.com:80/viewtopic.php?t=58&start=75&sid=0c892ab91f8b899c616578b04962c74f
	20071030230441	FoROOM ~ View topic - HISTORY of TR	Stachu	FoROOM ~ View topic - HISTORY of TR FAQ Search Memberlist Usergroups Log in Register Author Message Announcements ~ HISTORY of TR .:Stachu:. Posted: Tue Jul 31, 2007 11:12 am --> Lord of The Roomz Joined: 22 Sep 2006 Posts: 1160 Location: Hell In order not to make too much mess at the Message Board, whole history will be stored here. THE ROOMZ HISTORY: <b>21 Aug</b> - Room 43 is ready. <b>4 Aug</b> - New release - roomz 41 & 42 are ready. <b>26 Jul</b> - Room 40 and Bonus Room 3 awai	http://theroomz.19.forumer.com:80/viewtopic.php?p=4659
	20071030230441	FoROOM ~ View topic - HISTORY of TR	Room 43	Roomz Joined: 22 Sep 2006 Posts: 1160 Location: Hell In order not to make too much mess at the Message Board, whole history will be stored here. THE ROOMZ HISTORY: <b>21 Aug</b> - Room 43 is ready. <b>4 Aug</b> - New release - roomz 41 & 42 are ready. <b>26 Jul</b> - Room 40 and Bonus Room 3 awaits the challenge. <b>6 Jul</b> - New release - roomz 38 and 39 are ready. <b>25 Jun</b> - New roomz ready - 36 and 37. <b>22 Jun</b> - Bonus Room 2 is ready. <b>19 Jun</b> - Now you can access The Roomz from http://theroomz.org. <b>11 Jun</	http://theroomz.19.forumer.com:80/viewtopic.php?p=4659
	20071030230441	FoROOM ~ View topic - HISTORY of TR	Room 40	at the Message Board, whole history will be stored here. THE ROOMZ HISTORY: <b>21 Aug</b> - Room 43 is ready. <b>4 Aug</b> - New release - roomz 41 & 42 are ready. <b>26 Jul</b> - Room 40 and Bonus Room 3 awaits the challenge. <b>6 Jul</b> - New release - roomz 38 and 39 are ready. <b>25 Jun</b> - New roomz ready - 36 and 37. <b>22 Jun</b> - Bonus Room 2 is ready. <b>19 Jun</b> - Now you can access The Roomz from http://theroomz.org. <b>11 Jun</b> - Room 35 uploaded to the server. <b>10 Jun</b> - Room 34 is ready to play. <b>6 Jun<	http://theroomz.19.forumer.com:80/viewtopic.php?p=4659
	20071030230441	FoROOM ~ View topic - HISTORY of TR	Room 3	rd, whole history will be stored here. THE ROOMZ HISTORY: <b>21 Aug</b> - Room 43 is ready. <b>4 Aug</b> - New release - roomz 41 & 42 are ready. <b>26 Jul</b> - Room 40 and Bonus Room 3 awaits the challenge. <b>6 Jul</b> - New release - roomz 38 and 39 are ready. <b>25 Jun</b> - New roomz ready - 36 and 37. <b>22 Jun</b> - Bonus Room 2 is ready. <b>19 Jun</b> - Now you can access The Roomz from http://theroomz.org. <b>11 Jun</b> - Room 35 uploaded to the server. <b>10 Jun</b> - Room 34 is ready to play. <b>6 Jun</b> - New roomz (	http://theroomz.19.forumer.com:80/viewtopic.php?p=4659
	20071030230441	FoROOM ~ View topic - HISTORY of TR	Room 2	Jul</b> - Room 40 and Bonus Room 3 awaits the challenge. <b>6 Jul</b> - New release - roomz 38 and 39 are ready. <b>25 Jun</b> - New roomz ready - 36 and 37. <b>22 Jun</b> - Bonus Room 2 is ready. <b>19 Jun</b> - Now you can access The Roomz from http://theroomz.org. <b>11 Jun</b> - Room 35 uploaded to the server. <b>10 Jun</b> - Room 34 is ready to play. <b>6 Jun</b> - New roomz (31, 32 & 33) are available to play. <b>31 May</b> - New roomz (29 & 30) are available to play. <b>23 May</b> - The Roomz reborn: back to creation ______	http://theroomz.19.forumer.com:80/viewtopic.php?p=4659
	20080102173511	FoROOM ~ View topic - HISTORY of TR	Stachu	FoROOM ~ View topic - HISTORY of TR FAQ Search Memberlist Usergroups fChat Log in Register Author Message Announcements ~ HISTORY of TR .:Stachu:. Posted: Tue Jul 31, 2007 11:12 am --> Lord of The Roomz Joined: 22 Sep 2006 Posts: 1274 Location: Hell In order not to make too much mess at the Message Board, whole history will be stored here. THE ROOMZ HISTORY: <b>26 Dec</b> - Room 45 is done. <b>14 Sep</b> - New release - room 44 awaits. <b>28 Aug</b> - Bonus Room 4 saw the daylight. <b>21 A	http://theroomz.19.forumer.com:80/viewtopic.php?p=4659
	20080102173511	FoROOM ~ View topic - HISTORY of TR	Room 45	Roomz Joined: 22 Sep 2006 Posts: 1274 Location: Hell In order not to make too much mess at the Message Board, whole history will be stored here. THE ROOMZ HISTORY: <b>26 Dec</b> - Room 45 is done. <b>14 Sep</b> - New release - room 44 awaits. <b>28 Aug</b> - Bonus Room 4 saw the daylight. <b>21 Aug</b> - Room 43 is ready. <b>4 Aug</b> - New release - roomz 41 & 42 are ready. <b>26 Jul</b> - Room 40 and Bonus Room 3 awaits the challenge. <b>6 Jul</b> - New release - roomz 38 and 39 are ready. <b>25 Jun</b> - New roomz ready - 36 and	http://theroomz.19.forumer.com:80/viewtopic.php?p=4659
	20080102173511	FoROOM ~ View topic - HISTORY of TR	room 44	 Hell In order not to make too much mess at the Message Board, whole history will be stored here. THE ROOMZ HISTORY: <b>26 Dec</b> - Room 45 is done. <b>14 Sep</b> - New release - room 44 awaits. <b>28 Aug</b> - Bonus Room 4 saw the daylight. <b>21 Aug</b> - Room 43 is ready. <b>4 Aug</b> - New release - roomz 41 & 42 are ready. <b>26 Jul</b> - Room 40 and Bonus Room 3 awaits the challenge. <b>6 Jul</b> - New release - roomz 38 and 39 are ready. <b>25 Jun</b> - New roomz ready - 36 and 37. <b>22 Jun</b> - Bonus Room 2 is ready. <b>	http://theroomz.19.forumer.com:80/viewtopic.php?p=4659
	20080102173511	FoROOM ~ View topic - HISTORY of TR	Room 4	ss at the Message Board, whole history will be stored here. THE ROOMZ HISTORY: <b>26 Dec</b> - Room 45 is done. <b>14 Sep</b> - New release - room 44 awaits. <b>28 Aug</b> - Bonus Room 4 saw the daylight. <b>21 Aug</b> - Room 43 is ready. <b>4 Aug</b> - New release - roomz 41 & 42 are ready. <b>26 Jul</b> - Room 40 and Bonus Room 3 awaits the challenge. <b>6 Jul</b> - New release - roomz 38 and 39 are ready. <b>25 Jun</b> - New roomz ready - 36 and 37. <b>22 Jun</b> - Bonus Room 2 is ready. <b>19 Jun</b> - Now you can access The R	http://theroomz.19.forumer.com:80/viewtopic.php?p=4659
	20080102173511	FoROOM ~ View topic - HISTORY of TR	Room 43	ll be stored here. THE ROOMZ HISTORY: <b>26 Dec</b> - Room 45 is done. <b>14 Sep</b> - New release - room 44 awaits. <b>28 Aug</b> - Bonus Room 4 saw the daylight. <b>21 Aug</b> - Room 43 is ready. <b>4 Aug</b> - New release - roomz 41 & 42 are ready. <b>26 Jul</b> - Room 40 and Bonus Room 3 awaits the challenge. <b>6 Jul</b> - New release - roomz 38 and 39 are ready. <b>25 Jun</b> - New roomz ready - 36 and 37. <b>22 Jun</b> - Bonus Room 2 is ready. <b>19 Jun</b> - Now you can access The Roomz from http://theroomz.org. <b>11 Jun</	http://theroomz.19.forumer.com:80/viewtopic.php?p=4659
	20080102173511	FoROOM ~ View topic - HISTORY of TR	Room 40	ew release - room 44 awaits. <b>28 Aug</b> - Bonus Room 4 saw the daylight. <b>21 Aug</b> - Room 43 is ready. <b>4 Aug</b> - New release - roomz 41 & 42 are ready. <b>26 Jul</b> - Room 40 and Bonus Room 3 awaits the challenge. <b>6 Jul</b> - New release - roomz 38 and 39 are ready. <b>25 Jun</b> - New roomz ready - 36 and 37. <b>22 Jun</b> - Bonus Room 2 is ready. <b>19 Jun</b> - Now you can access The Roomz from http://theroomz.org. <b>11 Jun</b> - Room 35 uploaded to the server. <b>10 Jun</b> - Room 34 is ready to play. <b>6 Jun<	http://theroomz.19.forumer.com:80/viewtopic.php?p=4659
	20080102173511	FoROOM ~ View topic - HISTORY of TR	Room 3	44 awaits. <b>28 Aug</b> - Bonus Room 4 saw the daylight. <b>21 Aug</b> - Room 43 is ready. <b>4 Aug</b> - New release - roomz 41 & 42 are ready. <b>26 Jul</b> - Room 40 and Bonus Room 3 awaits the challenge. <b>6 Jul</b> - New release - roomz 38 and 39 are ready. <b>25 Jun</b> - New roomz ready - 36 and 37. <b>22 Jun</b> - Bonus Room 2 is ready. <b>19 Jun</b> - Now you can access The Roomz from http://theroomz.org. <b>11 Jun</b> - Room 35 uploaded to the server. <b>10 Jun</b> - Room 34 is ready to play. <b>6 Jun</b> - New roomz (	http://theroomz.19.forumer.com:80/viewtopic.php?p=4659
	20080102173511	FoROOM ~ View topic - HISTORY of TR	Room 2	Jul</b> - Room 40 and Bonus Room 3 awaits the challenge. <b>6 Jul</b> - New release - roomz 38 and 39 are ready. <b>25 Jun</b> - New roomz ready - 36 and 37. <b>22 Jun</b> - Bonus Room 2 is ready. <b>19 Jun</b> - Now you can access The Roomz from http://theroomz.org. <b>11 Jun</b> - Room 35 uploaded to the server. <b>10 Jun</b> - Room 34 is ready to play. <b>6 Jun</b> - New roomz (31, 32 & 33) are available to play. <b>31 May</b> - New roomz (29 & 30) are available to play. <b>23 May</b> - The Roomz reborn: back to creation ______	http://theroomz.19.forumer.com:80/viewtopic.php?p=4659
	20080303163910	FoROOM ~ View topic - HISTORY of TR	Stachu	FoROOM ~ View topic - HISTORY of TR FAQ Search Memberlist Usergroups fChat Log in Register Author Message Announcements ~ HISTORY of TR .:Stachu:. Posted: Tue Jul 31, 2007 11:12 am --> Lord of The Roomz Joined: 22 Sep 2006 Posts: 1365 Location: Hell In order not to make too much mess at the Message Board, whole history will be stored here. THE ROOMZ HISTORY: <b>26 Dec</b> - Room 45 is done. <b>14 Sep</b> - New release - room 44 awaits. <b>28 Aug</b> - Bonus Room 4 saw the daylight. <b>21 A	http://theroomz.19.forumer.com:80/viewtopic.php?p=4659
	20080303163910	FoROOM ~ View topic - HISTORY of TR	Room 45	Roomz Joined: 22 Sep 2006 Posts: 1365 Location: Hell In order not to make too much mess at the Message Board, whole history will be stored here. THE ROOMZ HISTORY: <b>26 Dec</b> - Room 45 is done. <b>14 Sep</b> - New release - room 44 awaits. <b>28 Aug</b> - Bonus Room 4 saw the daylight. <b>21 Aug</b> - Room 43 is ready. <b>4 Aug</b> - New release - roomz 41 & 42 are ready. <b>26 Jul</b> - Room 40 and Bonus Room 3 awaits the challenge. <b>6 Jul</b> - New release - roomz 38 and 39 are ready. <b>25 Jun</b> - New roomz ready - 36 and	http://theroomz.19.forumer.com:80/viewtopic.php?p=4659
	20080303163910	FoROOM ~ View topic - HISTORY of TR	room 44	 Hell In order not to make too much mess at the Message Board, whole history will be stored here. THE ROOMZ HISTORY: <b>26 Dec</b> - Room 45 is done. <b>14 Sep</b> - New release - room 44 awaits. <b>28 Aug</b> - Bonus Room 4 saw the daylight. <b>21 Aug</b> - Room 43 is ready. <b>4 Aug</b> - New release - roomz 41 & 42 are ready. <b>26 Jul</b> - Room 40 and Bonus Room 3 awaits the challenge. <b>6 Jul</b> - New release - roomz 38 and 39 are ready. <b>25 Jun</b> - New roomz ready - 36 and 37. <b>22 Jun</b> - Bonus Room 2 is ready. <b>	http://theroomz.19.forumer.com:80/viewtopic.php?p=4659
	20080303163910	FoROOM ~ View topic - HISTORY of TR	Room 4	ss at the Message Board, whole history will be stored here. THE ROOMZ HISTORY: <b>26 Dec</b> - Room 45 is done. <b>14 Sep</b> - New release - room 44 awaits. <b>28 Aug</b> - Bonus Room 4 saw the daylight. <b>21 Aug</b> - Room 43 is ready. <b>4 Aug</b> - New release - roomz 41 & 42 are ready. <b>26 Jul</b> - Room 40 and Bonus Room 3 awaits the challenge. <b>6 Jul</b> - New release - roomz 38 and 39 are ready. <b>25 Jun</b> - New roomz ready - 36 and 37. <b>22 Jun</b> - Bonus Room 2 is ready. <b>19 Jun</b> - Now you can access The R	http://theroomz.19.forumer.com:80/viewtopic.php?p=4659
	20080303163910	FoROOM ~ View topic - HISTORY of TR	Room 43	ll be stored here. THE ROOMZ HISTORY: <b>26 Dec</b> - Room 45 is done. <b>14 Sep</b> - New release - room 44 awaits. <b>28 Aug</b> - Bonus Room 4 saw the daylight. <b>21 Aug</b> - Room 43 is ready. <b>4 Aug</b> - New release - roomz 41 & 42 are ready. <b>26 Jul</b> - Room 40 and Bonus Room 3 awaits the challenge. <b>6 Jul</b> - New release - roomz 38 and 39 are ready. <b>25 Jun</b> - New roomz ready - 36 and 37. <b>22 Jun</b> - Bonus Room 2 is ready. <b>19 Jun</b> - Now you can access The Roomz from http://theroomz.org. <b>11 Jun</	http://theroomz.19.forumer.com:80/viewtopic.php?p=4659
	20080303163910	FoROOM ~ View topic - HISTORY of TR	Room 40	ew release - room 44 awaits. <b>28 Aug</b> - Bonus Room 4 saw the daylight. <b>21 Aug</b> - Room 43 is ready. <b>4 Aug</b> - New release - roomz 41 & 42 are ready. <b>26 Jul</b> - Room 40 and Bonus Room 3 awaits the challenge. <b>6 Jul</b> - New release - roomz 38 and 39 are ready. <b>25 Jun</b> - New roomz ready - 36 and 37. <b>22 Jun</b> - Bonus Room 2 is ready. <b>19 Jun</b> - Now you can access The Roomz from http://theroomz.org. <b>11 Jun</b> - Room 35 uploaded to the server. <b>10 Jun</b> - Room 34 is ready to play. <b>6 Jun<	http://theroomz.19.forumer.com:80/viewtopic.php?p=4659
	20080303163910	FoROOM ~ View topic - HISTORY of TR	Room 3	44 awaits. <b>28 Aug</b> - Bonus Room 4 saw the daylight. <b>21 Aug</b> - Room 43 is ready. <b>4 Aug</b> - New release - roomz 41 & 42 are ready. <b>26 Jul</b> - Room 40 and Bonus Room 3 awaits the challenge. <b>6 Jul</b> - New release - roomz 38 and 39 are ready. <b>25 Jun</b> - New roomz ready - 36 and 37. <b>22 Jun</b> - Bonus Room 2 is ready. <b>19 Jun</b> - Now you can access The Roomz from http://theroomz.org. <b>11 Jun</b> - Room 35 uploaded to the server. <b>10 Jun</b> - Room 34 is ready to play. <b>6 Jun</b> - New roomz (	http://theroomz.19.forumer.com:80/viewtopic.php?p=4659
	20080303163910	FoROOM ~ View topic - HISTORY of TR	Room 2	Jul</b> - Room 40 and Bonus Room 3 awaits the challenge. <b>6 Jul</b> - New release - roomz 38 and 39 are ready. <b>25 Jun</b> - New roomz ready - 36 and 37. <b>22 Jun</b> - Bonus Room 2 is ready. <b>19 Jun</b> - Now you can access The Roomz from http://theroomz.org. <b>11 Jun</b> - Room 35 uploaded to the server. <b>10 Jun</b> - Room 34 is ready to play. <b>6 Jun</b> - New roomz (31, 32 & 33) are available to play. <b>31 May</b> - New roomz (29 & 30) are available to play. <b>23 May</b> - The Roomz reborn: back to creation ______	http://theroomz.19.forumer.com:80/viewtopic.php?p=4659
	20081221132942	FoROOM ~ View topic - HISTORY of TR	Stachu	FoROOM ~ View topic - HISTORY of TR FAQ Search Memberlist Usergroups fChat Log in Register Author Message Announcements ~ HISTORY of TR .:Stachu:. Posted: Tue Jul 31, 2007 11:12 am --> Lord of The Roomz Joined: 22 Sep 2006 Posts: 1459 Location: Hell In order not to make too much mess at the Message Board, whole history will be stored here. THE ROOMZ HISTORY: <b>26 Dec</b> - Room 45 is done. <b>14 Sep</b> - New release - room 44 awaits. <b>28 Aug</b> - Bonus Room 4 saw the daylight. <b>21 A	http://theroomz.19.forumer.com:80/viewtopic.php?p=4659
	20081221132942	FoROOM ~ View topic - HISTORY of TR	Room 45	Roomz Joined: 22 Sep 2006 Posts: 1459 Location: Hell In order not to make too much mess at the Message Board, whole history will be stored here. THE ROOMZ HISTORY: <b>26 Dec</b> - Room 45 is done. <b>14 Sep</b> - New release - room 44 awaits. <b>28 Aug</b> - Bonus Room 4 saw the daylight. <b>21 Aug</b> - Room 43 is ready. <b>4 Aug</b> - New release - roomz 41 & 42 are ready. <b>26 Jul</b> - Room 40 and Bonus Room 3 awaits the challenge. <b>6 Jul</b> - New release - roomz 38 and 39 are ready. <b>25 Jun</b> - New roomz ready - 36 and	http://theroomz.19.forumer.com:80/viewtopic.php?p=4659
	20081221132942	FoROOM ~ View topic - HISTORY of TR	room 44	 Hell In order not to make too much mess at the Message Board, whole history will be stored here. THE ROOMZ HISTORY: <b>26 Dec</b> - Room 45 is done. <b>14 Sep</b> - New release - room 44 awaits. <b>28 Aug</b> - Bonus Room 4 saw the daylight. <b>21 Aug</b> - Room 43 is ready. <b>4 Aug</b> - New release - roomz 41 & 42 are ready. <b>26 Jul</b> - Room 40 and Bonus Room 3 awaits the challenge. <b>6 Jul</b> - New release - roomz 38 and 39 are ready. <b>25 Jun</b> - New roomz ready - 36 and 37. <b>22 Jun</b> - Bonus Room 2 is ready. <b>	http://theroomz.19.forumer.com:80/viewtopic.php?p=4659
	20081221132942	FoROOM ~ View topic - HISTORY of TR	Room 4	ss at the Message Board, whole history will be stored here. THE ROOMZ HISTORY: <b>26 Dec</b> - Room 45 is done. <b>14 Sep</b> - New release - room 44 awaits. <b>28 Aug</b> - Bonus Room 4 saw the daylight. <b>21 Aug</b> - Room 43 is ready. <b>4 Aug</b> - New release - roomz 41 & 42 are ready. <b>26 Jul</b> - Room 40 and Bonus Room 3 awaits the challenge. <b>6 Jul</b> - New release - roomz 38 and 39 are ready. <b>25 Jun</b> - New roomz ready - 36 and 37. <b>22 Jun</b> - Bonus Room 2 is ready. <b>19 Jun</b> - Now you can access The R	http://theroomz.19.forumer.com:80/viewtopic.php?p=4659
	20081221132942	FoROOM ~ View topic - HISTORY of TR	Room 43	ll be stored here. THE ROOMZ HISTORY: <b>26 Dec</b> - Room 45 is done. <b>14 Sep</b> - New release - room 44 awaits. <b>28 Aug</b> - Bonus Room 4 saw the daylight. <b>21 Aug</b> - Room 43 is ready. <b>4 Aug</b> - New release - roomz 41 & 42 are ready. <b>26 Jul</b> - Room 40 and Bonus Room 3 awaits the challenge. <b>6 Jul</b> - New release - roomz 38 and 39 are ready. <b>25 Jun</b> - New roomz ready - 36 and 37. <b>22 Jun</b> - Bonus Room 2 is ready. <b>19 Jun</b> - Now you can access The Roomz from http://theroomz.org. <b>11 Jun</	http://theroomz.19.forumer.com:80/viewtopic.php?p=4659
	20081221132942	FoROOM ~ View topic - HISTORY of TR	Room 40	ew release - room 44 awaits. <b>28 Aug</b> - Bonus Room 4 saw the daylight. <b>21 Aug</b> - Room 43 is ready. <b>4 Aug</b> - New release - roomz 41 & 42 are ready. <b>26 Jul</b> - Room 40 and Bonus Room 3 awaits the challenge. <b>6 Jul</b> - New release - roomz 38 and 39 are ready. <b>25 Jun</b> - New roomz ready - 36 and 37. <b>22 Jun</b> - Bonus Room 2 is ready. <b>19 Jun</b> - Now you can access The Roomz from http://theroomz.org. <b>11 Jun</b> - Room 35 uploaded to the server. <b>10 Jun</b> - Room 34 is ready to play. <b>6 Jun<	http://theroomz.19.forumer.com:80/viewtopic.php?p=4659
	20081221132942	FoROOM ~ View topic - HISTORY of TR	Room 3	44 awaits. <b>28 Aug</b> - Bonus Room 4 saw the daylight. <b>21 Aug</b> - Room 43 is ready. <b>4 Aug</b> - New release - roomz 41 & 42 are ready. <b>26 Jul</b> - Room 40 and Bonus Room 3 awaits the challenge. <b>6 Jul</b> - New release - roomz 38 and 39 are ready. <b>25 Jun</b> - New roomz ready - 36 and 37. <b>22 Jun</b> - Bonus Room 2 is ready. <b>19 Jun</b> - Now you can access The Roomz from http://theroomz.org. <b>11 Jun</b> - Room 35 uploaded to the server. <b>10 Jun</b> - Room 34 is ready to play. <b>6 Jun</b> - New roomz (	http://theroomz.19.forumer.com:80/viewtopic.php?p=4659
	20081221132942	FoROOM ~ View topic - HISTORY of TR	Room 2	Jul</b> - Room 40 and Bonus Room 3 awaits the challenge. <b>6 Jul</b> - New release - roomz 38 and 39 are ready. <b>25 Jun</b> - New roomz ready - 36 and 37. <b>22 Jun</b> - Bonus Room 2 is ready. <b>19 Jun</b> - Now you can access The Roomz from http://theroomz.org. <b>11 Jun</b> - Room 35 uploaded to the server. <b>10 Jun</b> - Room 34 is ready to play. <b>6 Jun</b> - New roomz (31, 32 & 33) are available to play. <b>31 May</b> - New roomz (29 & 30) are available to play. <b>23 May</b> - The Roomz reborn: back to creation ______	http://theroomz.19.forumer.com:80/viewtopic.php?p=4659
14	20080209131601	FoROOM ~ View topic - Room 3 - shape, shape, shape	room 45	 10:33 pm --> Appreciated Helper Joined: 16 Feb 2007 Posts: 373 Location: New Zealand Asilboz, PM me with what you have... _________________ --------------------------- Status: In room 45, Last step 2/4 ------------------------------ Roomz: 44/45 Bonus Roomz: 4/4 Feel Free to PM me. WILL NOT SPOIL --------------------------- Back to top irvine Posted: Tue Aug 14, 2007 3:57 pm --> Little roomer Joined: 14 Aug 2007 Posts: 12 please someone help me......i'm italian and i don't understand nothing about this level...can anyone sent me a	http://theroomz.19.forumer.com:80/viewtopic.php?t=14&postdays=0&postorder=asc&start=100
14	20080209131606	FoROOM ~ View topic - Room 3 - shape, shape, shape	room 45	7 Posts: 373 Location: New Zealand If you have Q***** you should know what K is.... If not, maybe some research could help _________________ --------------------------- Status: In room 45, Last step 2/4 ------------------------------ Roomz: 44/45 Bonus Roomz: 4/4 Feel Free to PM me. WILL NOT SPOIL --------------------------- Back to top khenya21 Posted: Wed Aug 15, 2007 9:45 pm --> Wanderer Joined: 15 Aug 2007 Posts: 5 can somebody pm me pls about room 3 thank you Back to top lindylou Posted: Wed Aug 15, 2007 9:55 pm --> Roomz addi	http://theroomz.19.forumer.com:80/viewtopic.php?t=14&postdays=0&postorder=asc&start=125
14	20080209131606	FoROOM ~ View topic - Room 3 - shape, shape, shape	room 45	ed Helper Joined: 16 Feb 2007 Posts: 373 Location: New Zealand you are on the wrong track...PM me with what ya done so far _________________ --------------------------- Status: In room 45, Last step 2/4 ------------------------------ Roomz: 44/45 Bonus Roomz: 4/4 Feel Free to PM me. WILL NOT SPOIL --------------------------- Back to top mirlenyi Posted: Sun Aug 26, 2007 10:02 pm --> Wanderer Joined: 26 Aug 2007 Posts: 1 hola, soy de venezuela y necesito ayuda con el nivel tres.. is very hard, plis help me please only use english th	http://theroomz.19.forumer.com:80/viewtopic.php?t=14&postdays=0&postorder=asc&start=125
14	20080209131606	FoROOM ~ View topic - Room 3 - shape, shape, shape	room 45	con el nivel tres.. is very hard, plis help me Could someone translate this for me so i can help? My spanish is very rusty _________________ --------------------------- Status: In room 45, Last step 2/4 ------------------------------ Roomz: 44/45 Bonus Roomz: 4/4 Feel Free to PM me. WILL NOT SPOIL --------------------------- Back to top Display posts from previous: All Posts 1 Day 7 Days 2 Weeks 1 Month 3 Months 6 Months 1 Year Oldest First Newest First All times are GMT + 1 Hour View next topic View previous topic Page 6 of 10 Got	http://theroomz.19.forumer.com:80/viewtopic.php?t=14&postdays=0&postorder=asc&start=125
14	20080209131611	FoROOM ~ View topic - Room 3 - shape, shape, shape	room 45	nd Ok... Have you read the posts in this forum??? LOTS of helpful info... Also look around... you may be missing something _________________ --------------------------- Status: In room 45, Last step 2/4 ------------------------------ Roomz: 44/45 Bonus Roomz: 4/4 Feel Free to PM me. WILL NOT SPOIL --------------------------- Back to top tpruden014 Posted: Sun Sep 02, 2007 11:17 pm --> Wanderer Joined: 02 Sep 2007 Posts: 5 I have read all the posts in this forum and finally figured out the letter I needed for the clue but I don't kn	http://theroomz.19.forumer.com:80/viewtopic.php?t=14&postdays=0&postorder=asc&start=150
14	20080209131611	FoROOM ~ View topic - Room 3 - shape, shape, shape	room 45	r Joined: 16 Feb 2007 Posts: 373 Location: New Zealand Think outside the room... where abouts in the world are you from??? _________________ --------------------------- Status: In room 45, Last step 2/4 ------------------------------ Roomz: 44/45 Bonus Roomz: 4/4 Feel Free to PM me. WILL NOT SPOIL --------------------------- Back to top tpruden014 Posted: Sun Sep 02, 2007 11:26 pm --> Wanderer Joined: 02 Sep 2007 Posts: 5 can someone please give me a hint for room three? Taz just DID. And not only once. edit: I am completely stuck 	http://theroomz.19.forumer.com:80/viewtopic.php?t=14&postdays=0&postorder=asc&start=150
14	20080209131611	FoROOM ~ View topic - Room 3 - shape, shape, shape	room 45	DONT DOUBLE POST (me pretending to be mod ) (and me backing you up. -Jim) (and me saying "suuuuuuuuuuuuuuuuuure :p" - TEO) _________________ --------------------------- Status: In room 45, Last step 2/4 ------------------------------ Roomz: 44/45 Bonus Roomz: 4/4 Feel Free to PM me. WILL NOT SPOIL --------------------------- Back to top TOM-REDAL Posted: Sat Sep 08, 2007 2:27 pm --> Wanderer Joined: 08 Sep 2007 Posts: 4 i know the k.......... and i know how to make the letters but it still dont work can anyone pm me plz Back to top	http://theroomz.19.forumer.com:80/viewtopic.php?t=14&postdays=0&postorder=asc&start=150
14	20080209131611	FoROOM ~ View topic - Room 3 - shape, shape, shape	room 45	ew Zealand Dont need to PM for this.... Just make sure you are using the right K******** and keep going till it make sence _________________ --------------------------- Status: In room 45, Last step 2/4 ------------------------------ Roomz: 44/45 Bonus Roomz: 4/4 Feel Free to PM me. WILL NOT SPOIL --------------------------- Back to top Randomino Posted: Mon Sep 10, 2007 7:50 am --> Wanderer Joined: 10 Sep 2007 Posts: 2 GAH! i need some help guys, can someone plz PM me tellin me what the letters are! PLZ! i kno wat the 'k' is, i kn	http://theroomz.19.forumer.com:80/viewtopic.php?t=14&postdays=0&postorder=asc&start=150
14	20080209131611	FoROOM ~ View topic - Room 3 - shape, shape, shape	room 45	at Nov 17, 2007 9:14 pm --> Appreciated Helper Joined: 16 Feb 2007 Posts: 373 Location: New Zealand Think outside the room _________________ --------------------------- Status: In room 45, Last step 2/4 ------------------------------ Roomz: 44/45 Bonus Roomz: 4/4 Feel Free to PM me. WILL NOT SPOIL --------------------------- Back to top Thagra Posted: Sat Nov 17, 2007 10:09 pm --> Wanderer Joined: 17 Nov 2007 Posts: 5 T____T then i must be a stupid.... please, help.! [Edit]: Hey, i think i found something , who can i ask if i'm rig	http://theroomz.19.forumer.com:80/viewtopic.php?t=14&postdays=0&postorder=asc&start=150
14	20080209131622	FoROOM ~ View topic - Room 3 - shape, shape, shape	room 45	07 Posts: 373 Location: New Zealand tomboy, if you have some shapes, the rest should be easy. pm me if you are still stuck _________________ --------------------------- Status: In room 45, Last step 2/4 ------------------------------ Roomz: 44/45 Bonus Roomz: 4/4 Feel Free to PM me. WILL NOT SPOIL --------------------------- Back to top Zed Posted: Thu Jan 24, 2008 1:41 am --> Wanderer Joined: 24 Jan 2008 Posts: 1 This "K" thing is confusing me...all I see is a hook in the game...and also looking at my hands the only thing I see re	http://theroomz.19.forumer.com:80/viewtopic.php?t=14&postdays=0&postorder=asc&start=200
14	20080209131637	FoROOM ~ View topic - Room 3 - shape, shape, shape	hint	 Jun 23, 2007 5:19 am --> Appreciated Helper Joined: 16 Feb 2007 Posts: 373 Location: New Zealand i think you are refering to the way people put up K******* when they just want to hint not spoil. Think carefully, and outside the square(room?), K will become very obivoius... then just follow the intructions on the wall. If this is too spoily edit it plz Last edited by tazmind on Wed Aug 01, 2007 7:33 am; edited 1 time in total _________________ --------------------------- Status: In room 45, Last step 2/4 ------------------------	http://theroomz.19.forumer.com:80/viewtopic.php?t=14&postdays=0&postorder=asc&start=75
14	20080209131637	FoROOM ~ View topic - Room 3 - shape, shape, shape	room 45	 on the wall. If this is too spoily edit it plz Last edited by tazmind on Wed Aug 01, 2007 7:33 am; edited 1 time in total _________________ --------------------------- Status: In room 45, Last step 2/4 ------------------------------ Roomz: 44/45 Bonus Roomz: 4/4 Feel Free to PM me. WILL NOT SPOIL --------------------------- Back to top sk1nnypig Posted: Sat Jun 23, 2007 7:12 pm --> Wanderer Joined: 23 Jun 2007 Posts: 2 yea im still working on the room ...but i still dont get what the letters mean....shapes??!?!? the letters have n	http://theroomz.19.forumer.com:80/viewtopic.php?t=14&postdays=0&postorder=asc&start=75
5	20080208155619	FoROOM ~ View topic - Room 1 - the first step	room 45	zmind Posted: Fri Aug 03, 2007 9:40 pm --> Appreciated Helper Joined: 16 Feb 2007 Posts: 373 Location: New Zealand PM Sent _________________ --------------------------- Status: In room 45, Last step 2/4 ------------------------------ Roomz: 44/45 Bonus Roomz: 4/4 Feel Free to PM me. WILL NOT SPOIL --------------------------- Back to top starats Posted: Sun Aug 05, 2007 5:27 am --> Wanderer Joined: 05 Aug 2007 Posts: 1 how does this work i found a few words everywhere on the wall and the right place to look but none of them work now	http://theroomz.19.forumer.com:80/viewtopic.php?t=5&postdays=0&postorder=asc&start=75
5	20080208155619	FoROOM ~ View topic - Room 1 - the first step	room 45	is called a SPOILLER and is NOT cutie cutie.... Last edited by tazmind on Sun Sep 02, 2007 9:41 pm; edited 1 time in total _________________ --------------------------- Status: In room 45, Last step 2/4 ------------------------------ Roomz: 44/45 Bonus Roomz: 4/4 Feel Free to PM me. WILL NOT SPOIL --------------------------- Back to top tpruden014 Posted: Sun Sep 02, 2007 9:41 pm --> Wanderer Joined: 02 Sep 2007 Posts: 5 sorry. I did finally find the answer. Thanks. Back to top Anairda Posted: Thu Sep 20, 2007 4:20 am --> Little ro	http://theroomz.19.forumer.com:80/viewtopic.php?t=5&postdays=0&postorder=asc&start=75
5	20080208155619	FoROOM ~ View topic - Room 1 - the first step	hint	Feb 2007 Posts: 373 Location: New Zealand Anairda wrote: I need help... can someone PM me? thanks Where are you stuck... read through the posts in this thread... there are helpful hints _________________ --------------------------- Status: In room 45, Last step 2/4 ------------------------------ Roomz: 44/45 Bonus Roomz: 4/4 Feel Free to PM me. WILL NOT SPOIL --------------------------- Back to top GyRIdashai Posted: Thu Sep 20, 2007 11:01 am --> Wanderer Joined: 20 Sep 2007 Posts: 1 I nd help... desperately... Back to top quis 	http://theroomz.19.forumer.com:80/viewtopic.php?t=5&postdays=0&postorder=asc&start=75
5	20080208155619	FoROOM ~ View topic - Room 1 - the first step	room 45	 help... can someone PM me? thanks Where are you stuck... read through the posts in this thread... there are helpful hints _________________ --------------------------- Status: In room 45, Last step 2/4 ------------------------------ Roomz: 44/45 Bonus Roomz: 4/4 Feel Free to PM me. WILL NOT SPOIL --------------------------- Back to top GyRIdashai Posted: Thu Sep 20, 2007 11:01 am --> Wanderer Joined: 20 Sep 2007 Posts: 1 I nd help... desperately... Back to top quis Posted: Thu Sep 20, 2007 12:14 pm --> Roomz addict Joined: 03 Aug 	http://theroomz.19.forumer.com:80/viewtopic.php?t=5&postdays=0&postorder=asc&start=75
98	20071102143856	FoROOM ~ View topic - TheRoomz IRC channel	download	p brainwreck Posted: Mon Jun 04, 2007 7:15 pm --> Roomz addict Joined: 04 Jan 2007 Posts: 50 Hey I tried this - the java applelet Jim sent had all errors in the script so I didn't download and the mirc set up under NY says I am forbidden to look at that website - as I said this may be above my head but I tried and did not succeed. I am afraid any help anyone might send to get me in may be beyond my understanding? _________________ Progress: Completed 29 & Bonus Room 1 Currently on 30 but taking a break. Ok to PM for HELP! Back to to	http://theroomz.19.forumer.com:80/viewtopic.php?t=98
98	20071102143856	FoROOM ~ View topic - TheRoomz IRC channel	Room 1	above my head but I tried and did not succeed. I am afraid any help anyone might send to get me in may be beyond my understanding? _________________ Progress: Completed 29 & Bonus Room 1 Currently on 30 but taking a break. Ok to PM for HELP! Back to top .:Stachu:. Posted: Mon Jun 04, 2007 7:18 pm --> Lord of The Roomz Joined: 22 Sep 2006 Posts: 1165 Location: Hell Try to download it from this link: http://www.reverse.net/pub/mirc/mirc621.exe then install it, run and connect to server above _________________ .....:::ENTER THE ROOMZ	http://theroomz.19.forumer.com:80/viewtopic.php?t=98
98	20071102143856	FoROOM ~ View topic - TheRoomz IRC channel	Stachu	ight send to get me in may be beyond my understanding? _________________ Progress: Completed 29 & Bonus Room 1 Currently on 30 but taking a break. Ok to PM for HELP! Back to top .:Stachu:. Posted: Mon Jun 04, 2007 7:18 pm --> Lord of The Roomz Joined: 22 Sep 2006 Posts: 1165 Location: Hell Try to download it from this link: http://www.reverse.net/pub/mirc/mirc621.exe then install it, run and connect to server above _________________ .....:::ENTER THE ROOMZ:::..... I'm the ruler, uou're the roomer... Progress: eri's riddles (1/1), 	http://theroomz.19.forumer.com:80/viewtopic.php?t=98
98	20071102143856	FoROOM ~ View topic - TheRoomz IRC channel	download	ly on 30 but taking a break. Ok to PM for HELP! Back to top .:Stachu:. Posted: Mon Jun 04, 2007 7:18 pm --> Lord of The Roomz Joined: 22 Sep 2006 Posts: 1165 Location: Hell Try to download it from this link: http://www.reverse.net/pub/mirc/mirc621.exe then install it, run and connect to server above _________________ .....:::ENTER THE ROOMZ:::..... I'm the ruler, uou're the roomer... Progress: eri's riddles (1/1), rg riddles (2/2) Back to top Jim Gamma Posted: Tue Jun 05, 2007 9:04 pm --> Appreciated Helper Joined: 17 Oct 2006 Posts	http://theroomz.19.forumer.com:80/viewtopic.php?t=98
98	20080102173521	FoROOM ~ View topic - TheRoomz IRC channel	hint	 Life is a room where the password is 'death' - by myself :p Progress: Roomz: mine (45/45 +4) :p, eri's (1/2), RG's (2/2), kish's (4/4 with magic :p), jan's (3/3) I can give you a hint but getting helpful one is like slapping with a trout without a trout :p Back to top brainwreck Posted: Mon Jun 04, 2007 7:15 pm --> Roomz addict Joined: 04 Jan 2007 Posts: 50 Hey I tried this - the java applelet Jim sent had all errors in the script so I didn't download and the mirc set up under NY says I am forbidden to look at that website - as	http://theroomz.19.forumer.com:80/viewtopic.php?t=98
98	20080102173521	FoROOM ~ View topic - TheRoomz IRC channel	download	p brainwreck Posted: Mon Jun 04, 2007 7:15 pm --> Roomz addict Joined: 04 Jan 2007 Posts: 50 Hey I tried this - the java applelet Jim sent had all errors in the script so I didn't download and the mirc set up under NY says I am forbidden to look at that website - as I said this may be above my head but I tried and did not succeed. I am afraid any help anyone might send to get me in may be beyond my understanding? _________________ Progress: Completed 29 & Bonus Room 1 Currently on 30 but taking a break. Ok to PM for HELP! Back to to	http://theroomz.19.forumer.com:80/viewtopic.php?t=98
98	20080102173521	FoROOM ~ View topic - TheRoomz IRC channel	Room 1	above my head but I tried and did not succeed. I am afraid any help anyone might send to get me in may be beyond my understanding? _________________ Progress: Completed 29 & Bonus Room 1 Currently on 30 but taking a break. Ok to PM for HELP! Back to top .:Stachu:. Posted: Mon Jun 04, 2007 7:18 pm --> Lord of The Roomz Joined: 22 Sep 2006 Posts: 1274 Location: Hell Try to download it from this link: http://www.reverse.net/pub/mirc/mirc621.exe then install it, run and connect to server above _________________ .....:::ENTER THE ROOMZ	http://theroomz.19.forumer.com:80/viewtopic.php?t=98
98	20080102173521	FoROOM ~ View topic - TheRoomz IRC channel	Stachu	ight send to get me in may be beyond my understanding? _________________ Progress: Completed 29 & Bonus Room 1 Currently on 30 but taking a break. Ok to PM for HELP! Back to top .:Stachu:. Posted: Mon Jun 04, 2007 7:18 pm --> Lord of The Roomz Joined: 22 Sep 2006 Posts: 1274 Location: Hell Try to download it from this link: http://www.reverse.net/pub/mirc/mirc621.exe then install it, run and connect to server above _________________ .....:::ENTER THE ROOMZ:::..... Life is a room where the password is 'death' - by myself :p Progres	http://theroomz.19.forumer.com:80/viewtopic.php?t=98
98	20080102173521	FoROOM ~ View topic - TheRoomz IRC channel	download	ly on 30 but taking a break. Ok to PM for HELP! Back to top .:Stachu:. Posted: Mon Jun 04, 2007 7:18 pm --> Lord of The Roomz Joined: 22 Sep 2006 Posts: 1274 Location: Hell Try to download it from this link: http://www.reverse.net/pub/mirc/mirc621.exe then install it, run and connect to server above _________________ .....:::ENTER THE ROOMZ:::..... Life is a room where the password is 'death' - by myself :p Progress: Roomz: mine (45/45 +4) :p, eri's (1/2), RG's (2/2), kish's (4/4 with magic :p), jan's (3/3) I can give you a hint but	http://theroomz.19.forumer.com:80/viewtopic.php?t=98
98	20081221133002	FoROOM ~ View topic - TheRoomz IRC channel	hint	h' Progress: Roomz: mine (45/45 +4) :p, eri's (1/2), RG's (2/2), kish's (4/4 with magic :p), jan's (3/10), puzz_hunt's (many) :p I'm offering help via PMs only if you like cryptic hints :p Back to top brainwreck Posted: Mon Jun 04, 2007 7:15 pm --> Roomz addict Joined: 04 Jan 2007 Posts: 50 Hey I tried this - the java applelet Jim sent had all errors in the script so I didn't download and the mirc set up under NY says I am forbidden to look at that website - as I said this may be above my head but I tried and did not succeed. I 	http://theroomz.19.forumer.com:80/viewtopic.php?t=98
98	20081221133002	FoROOM ~ View topic - TheRoomz IRC channel	download	p brainwreck Posted: Mon Jun 04, 2007 7:15 pm --> Roomz addict Joined: 04 Jan 2007 Posts: 50 Hey I tried this - the java applelet Jim sent had all errors in the script so I didn't download and the mirc set up under NY says I am forbidden to look at that website - as I said this may be above my head but I tried and did not succeed. I am afraid any help anyone might send to get me in may be beyond my understanding? _________________ Progress: Completed 29 & Bonus Room 1 Currently on 30 but taking a break. Ok to PM for HELP! Back to to	http://theroomz.19.forumer.com:80/viewtopic.php?t=98
98	20081221133002	FoROOM ~ View topic - TheRoomz IRC channel	Room 1	above my head but I tried and did not succeed. I am afraid any help anyone might send to get me in may be beyond my understanding? _________________ Progress: Completed 29 & Bonus Room 1 Currently on 30 but taking a break. Ok to PM for HELP! Back to top .:Stachu:. Posted: Mon Jun 04, 2007 7:18 pm --> Lord of The Roomz Joined: 22 Sep 2006 Posts: 1459 Location: Hell Try to download it from this link: http://www.reverse.net/pub/mirc/mirc621.exe then install it, run and connect to server above _________________ .....:::ENTER THE ROOMZ	http://theroomz.19.forumer.com:80/viewtopic.php?t=98
98	20081221133002	FoROOM ~ View topic - TheRoomz IRC channel	Stachu	ight send to get me in may be beyond my understanding? _________________ Progress: Completed 29 & Bonus Room 1 Currently on 30 but taking a break. Ok to PM for HELP! Back to top .:Stachu:. Posted: Mon Jun 04, 2007 7:18 pm --> Lord of The Roomz Joined: 22 Sep 2006 Posts: 1459 Location: Hell Try to download it from this link: http://www.reverse.net/pub/mirc/mirc621.exe then install it, run and connect to server above _________________ .....:::ENTER THE ROOMZ:::..... Life is a room where the password is 'death' Progress: Roomz: mine 	http://theroomz.19.forumer.com:80/viewtopic.php?t=98
98	20081221133002	FoROOM ~ View topic - TheRoomz IRC channel	download	ly on 30 but taking a break. Ok to PM for HELP! Back to top .:Stachu:. Posted: Mon Jun 04, 2007 7:18 pm --> Lord of The Roomz Joined: 22 Sep 2006 Posts: 1459 Location: Hell Try to download it from this link: http://www.reverse.net/pub/mirc/mirc621.exe then install it, run and connect to server above _________________ .....:::ENTER THE ROOMZ:::..... Life is a room where the password is 'death' Progress: Roomz: mine (45/45 +4) :p, eri's (1/2), RG's (2/2), kish's (4/4 with magic :p), jan's (3/10), puzz_hunt's (many) :p I'm offering hel	http://theroomz.19.forumer.com:80/viewtopic.php?t=98
98	20110618104232	FoROOM ~ View topic - TheRoomz IRC channel	hint	h' Progress: Roomz: mine (45/45 +5) :p, eri's (1/2), RG's (2/2), kish's (4/4 with magic :p), jan's (3/10), puzz_hunt's (many) :p I'm offering help via PMs only if you like cryptic hints :p Back to top brainwreck Posted: Mon Jun 04, 2007 7:15 pm --> Roomz addict Joined: 04 Jan 2007 Posts: 50 Hey I tried this - the java applelet Jim sent had all errors in the script so I didn't download and the mirc set up under NY says I am forbidden to look at that website - as I said this may be above my head but I tried and did not succeed. I 	http://theroomz.19.forumer.com:80/viewtopic.php?t=98
98	20110618104232	FoROOM ~ View topic - TheRoomz IRC channel	download	p brainwreck Posted: Mon Jun 04, 2007 7:15 pm --> Roomz addict Joined: 04 Jan 2007 Posts: 50 Hey I tried this - the java applelet Jim sent had all errors in the script so I didn't download and the mirc set up under NY says I am forbidden to look at that website - as I said this may be above my head but I tried and did not succeed. I am afraid any help anyone might send to get me in may be beyond my understanding? _________________ Progress: Completed 29 & Bonus Room 1 Currently on 30 but taking a break. Ok to PM for HELP! Back to to	http://theroomz.19.forumer.com:80/viewtopic.php?t=98
98	20110618104232	FoROOM ~ View topic - TheRoomz IRC channel	Room 1	above my head but I tried and did not succeed. I am afraid any help anyone might send to get me in may be beyond my understanding? _________________ Progress: Completed 29 & Bonus Room 1 Currently on 30 but taking a break. Ok to PM for HELP! Back to top .:Stachu:. Posted: Mon Jun 04, 2007 7:18 pm --> Lord of The Roomz Joined: 22 Sep 2006 Posts: 1530 Location: Hell Try to download it from this link: http://www.reverse.net/pub/mirc/mirc621.exe then install it, run and connect to server above _________________ .....:::ENTER THE ROOMZ	http://theroomz.19.forumer.com:80/viewtopic.php?t=98
98	20110618104232	FoROOM ~ View topic - TheRoomz IRC channel	Stachu	ight send to get me in may be beyond my understanding? _________________ Progress: Completed 29 & Bonus Room 1 Currently on 30 but taking a break. Ok to PM for HELP! Back to top .:Stachu:. Posted: Mon Jun 04, 2007 7:18 pm --> Lord of The Roomz Joined: 22 Sep 2006 Posts: 1530 Location: Hell Try to download it from this link: http://www.reverse.net/pub/mirc/mirc621.exe then install it, run and connect to server above _________________ .....:::ENTER THE ROOMZ:::..... Life is a room where the password is 'death' Progress: Roomz: mine 	http://theroomz.19.forumer.com:80/viewtopic.php?t=98
98	20110618104232	FoROOM ~ View topic - TheRoomz IRC channel	download	ly on 30 but taking a break. Ok to PM for HELP! Back to top .:Stachu:. Posted: Mon Jun 04, 2007 7:18 pm --> Lord of The Roomz Joined: 22 Sep 2006 Posts: 1530 Location: Hell Try to download it from this link: http://www.reverse.net/pub/mirc/mirc621.exe then install it, run and connect to server above _________________ .....:::ENTER THE ROOMZ:::..... Life is a room where the password is 'death' Progress: Roomz: mine (45/45 +5) :p, eri's (1/2), RG's (2/2), kish's (4/4 with magic :p), jan's (3/10), puzz_hunt's (many) :p I'm offering hel	http://theroomz.19.forumer.com:80/viewtopic.php?t=98
98	20110914035950	FoROOM ~ View topic - TheRoomz IRC channel	hint	h' Progress: Roomz: mine (45/45 +5) :p, eri's (1/2), RG's (2/2), kish's (4/4 with magic :p), jan's (3/10), puzz_hunt's (many) :p I'm offering help via PMs only if you like cryptic hints :p Back to top brainwreck Posted: Mon Jun 04, 2007 7:15 pm --> Roomz addict Joined: 04 Jan 2007 Posts: 50 Hey I tried this - the java applelet Jim sent had all errors in the script so I didn't download and the mirc set up under NY says I am forbidden to look at that website - as I said this may be above my head but I tried and did not succeed. I 	http://theroomz.19.forumer.com:80/viewtopic.php?t=98
98	20110914035950	FoROOM ~ View topic - TheRoomz IRC channel	download	p brainwreck Posted: Mon Jun 04, 2007 7:15 pm --> Roomz addict Joined: 04 Jan 2007 Posts: 50 Hey I tried this - the java applelet Jim sent had all errors in the script so I didn't download and the mirc set up under NY says I am forbidden to look at that website - as I said this may be above my head but I tried and did not succeed. I am afraid any help anyone might send to get me in may be beyond my understanding? _________________ Progress: Completed 29 & Bonus Room 1 Currently on 30 but taking a break. Ok to PM for HELP! Back to to	http://theroomz.19.forumer.com:80/viewtopic.php?t=98
98	20110914035950	FoROOM ~ View topic - TheRoomz IRC channel	Room 1	above my head but I tried and did not succeed. I am afraid any help anyone might send to get me in may be beyond my understanding? _________________ Progress: Completed 29 & Bonus Room 1 Currently on 30 but taking a break. Ok to PM for HELP! Back to top .:Stachu:. Posted: Mon Jun 04, 2007 7:18 pm --> Lord of The Roomz Joined: 22 Sep 2006 Posts: 1530 Location: Hell Try to download it from this link: http://www.reverse.net/pub/mirc/mirc621.exe then install it, run and connect to server above _________________ .....:::ENTER THE ROOMZ	http://theroomz.19.forumer.com:80/viewtopic.php?t=98
98	20110914035950	FoROOM ~ View topic - TheRoomz IRC channel	Stachu	ight send to get me in may be beyond my understanding? _________________ Progress: Completed 29 & Bonus Room 1 Currently on 30 but taking a break. Ok to PM for HELP! Back to top .:Stachu:. Posted: Mon Jun 04, 2007 7:18 pm --> Lord of The Roomz Joined: 22 Sep 2006 Posts: 1530 Location: Hell Try to download it from this link: http://www.reverse.net/pub/mirc/mirc621.exe then install it, run and connect to server above _________________ .....:::ENTER THE ROOMZ:::..... Life is a room where the password is 'death' Progress: Roomz: mine 	http://theroomz.19.forumer.com:80/viewtopic.php?t=98
98	20110914035950	FoROOM ~ View topic - TheRoomz IRC channel	download	ly on 30 but taking a break. Ok to PM for HELP! Back to top .:Stachu:. Posted: Mon Jun 04, 2007 7:18 pm --> Lord of The Roomz Joined: 22 Sep 2006 Posts: 1530 Location: Hell Try to download it from this link: http://www.reverse.net/pub/mirc/mirc621.exe then install it, run and connect to server above _________________ .....:::ENTER THE ROOMZ:::..... Life is a room where the password is 'death' Progress: Roomz: mine (45/45 +5) :p, eri's (1/2), RG's (2/2), kish's (4/4 with magic :p), jan's (3/10), puzz_hunt's (many) :p I'm offering hel	http://theroomz.19.forumer.com:80/viewtopic.php?t=98
98	20120215135356	FoROOM ~ View topic - TheRoomz IRC channel	hint	h' Progress: Roomz: mine (45/45 +5) :p, eri's (1/2), RG's (2/2), kish's (4/4 with magic :p), jan's (3/10), puzz_hunt's (many) :p I'm offering help via PMs only if you like cryptic hints :p Back to top brainwreck Posted: Mon Jun 04, 2007 7:15 pm --> Roomz addict Joined: 04 Jan 2007 Posts: 50 Hey I tried this - the java applelet Jim sent had all errors in the script so I didn't download and the mirc set up under NY says I am forbidden to look at that website - as I said this may be above my head but I tried and did not succeed. I 	http://theroomz.19.forumer.com:80/viewtopic.php?t=98
98	20120215135356	FoROOM ~ View topic - TheRoomz IRC channel	download	p brainwreck Posted: Mon Jun 04, 2007 7:15 pm --> Roomz addict Joined: 04 Jan 2007 Posts: 50 Hey I tried this - the java applelet Jim sent had all errors in the script so I didn't download and the mirc set up under NY says I am forbidden to look at that website - as I said this may be above my head but I tried and did not succeed. I am afraid any help anyone might send to get me in may be beyond my understanding? _________________ Progress: Completed 29 & Bonus Room 1 Currently on 30 but taking a break. Ok to PM for HELP! Back to to	http://theroomz.19.forumer.com:80/viewtopic.php?t=98
98	20120215135356	FoROOM ~ View topic - TheRoomz IRC channel	Room 1	above my head but I tried and did not succeed. I am afraid any help anyone might send to get me in may be beyond my understanding? _________________ Progress: Completed 29 & Bonus Room 1 Currently on 30 but taking a break. Ok to PM for HELP! Back to top .:Stachu:. Posted: Mon Jun 04, 2007 7:18 pm --> Lord of The Roomz Joined: 22 Sep 2006 Posts: 1534 Location: Hell Try to download it from this link: http://www.reverse.net/pub/mirc/mirc621.exe then install it, run and connect to server above _________________ .....:::ENTER THE ROOMZ	http://theroomz.19.forumer.com:80/viewtopic.php?t=98
98	20120215135356	FoROOM ~ View topic - TheRoomz IRC channel	Stachu	ight send to get me in may be beyond my understanding? _________________ Progress: Completed 29 & Bonus Room 1 Currently on 30 but taking a break. Ok to PM for HELP! Back to top .:Stachu:. Posted: Mon Jun 04, 2007 7:18 pm --> Lord of The Roomz Joined: 22 Sep 2006 Posts: 1534 Location: Hell Try to download it from this link: http://www.reverse.net/pub/mirc/mirc621.exe then install it, run and connect to server above _________________ .....:::ENTER THE ROOMZ:::..... Life is a room where the password is 'death' Progress: Roomz: mine 	http://theroomz.19.forumer.com:80/viewtopic.php?t=98
98	20120215135356	FoROOM ~ View topic - TheRoomz IRC channel	download	ly on 30 but taking a break. Ok to PM for HELP! Back to top .:Stachu:. Posted: Mon Jun 04, 2007 7:18 pm --> Lord of The Roomz Joined: 22 Sep 2006 Posts: 1534 Location: Hell Try to download it from this link: http://www.reverse.net/pub/mirc/mirc621.exe then install it, run and connect to server above _________________ .....:::ENTER THE ROOMZ:::..... Life is a room where the password is 'death' Progress: Roomz: mine (45/45 +5) :p, eri's (1/2), RG's (2/2), kish's (4/4 with magic :p), jan's (3/10), puzz_hunt's (many) :p I'm offering hel	http://theroomz.19.forumer.com:80/viewtopic.php?t=98
