crawl	query_url	error
CC-MAIN-2008-2009	theroomz.yoyo.pl/Redirect.swf	RuntimeError('https://index.commoncrawl.org/CC-MAIN-2008-2009-index?url=theroomz.yoyo.pl%2FRedirect.swf&matchType=exact&output=json: HTTP Error 503: Service Temporarily Unavailable')
CC-MAIN-2008-2009	theroomz.yoyo.pl/bonus.txt	RuntimeError('https://index.commoncrawl.org/CC-MAIN-2008-2009-index?url=theroomz.yoyo.pl%2Fbonus.txt&matchType=exact&output=json: HTTP Error 503: Service Temporarily Unavailable')
CC-MAIN-2008-2009	theroomz.yoyo.pl/BlackAndWhite.swf	RuntimeError('https://index.commoncrawl.org/CC-MAIN-2008-2009-index?url=theroomz.yoyo.pl%2FBlackAndWhite.swf&matchType=exact&output=json: HTTP Error 503: Service Temporarily Unavailable')
CC-MAIN-2008-2009	www.theroomz.yoyo.pl/check.swf	RuntimeError('https://index.commoncrawl.org/CC-MAIN-2008-2009-index?url=www.theroomz.yoyo.pl%2Fcheck.swf&matchType=exact&output=json: HTTP Error 503: Service Temporarily Unavailable')
CC-MAIN-2008-2009	www.theroomz.yoyo.pl/about.swf	RuntimeError('https://index.commoncrawl.org/CC-MAIN-2008-2009-index?url=www.theroomz.yoyo.pl%2Fabout.swf&matchType=exact&output=json: HTTP Error 503: Service Temporarily Unavailable')
CC-MAIN-2008-2009	www.theroomz.yoyo.pl/solutions.swf	RuntimeError('https://index.commoncrawl.org/CC-MAIN-2008-2009-index?url=www.theroomz.yoyo.pl%2Fsolutions.swf&matchType=exact&output=json: HTTP Error 503: Service Temporarily Unavailable')
CC-MAIN-2008-2009	theroomz.yoyo.pl/solutions.swf	RuntimeError('https://index.commoncrawl.org/CC-MAIN-2008-2009-index?url=theroomz.yoyo.pl%2Fsolutions.swf&matchType=exact&output=json: HTTP Error 503: Service Temporarily Unavailable')
CC-MAIN-2008-2009	www.theroomz.yoyo.pl/sciemka.swf	RuntimeError('https://index.commoncrawl.org/CC-MAIN-2008-2009-index?url=www.theroomz.yoyo.pl%2Fsciemka.swf&matchType=exact&output=json: HTTP Error 503: Service Temporarily Unavailable')
CC-MAIN-2008-2009	theroomz.yoyo.pl/sciemka.swf	RuntimeError('https://index.commoncrawl.org/CC-MAIN-2008-2009-index?url=theroomz.yoyo.pl%2Fsciemka.swf&matchType=exact&output=json: HTTP Error 503: Service Temporarily Unavailable')
CC-MAIN-2008-2009	theroomz.yoyo.pl/paper/BlackAndWhite.swf	RuntimeError('https://index.commoncrawl.org/CC-MAIN-2008-2009-index?url=theroomz.yoyo.pl%2Fpaper%2FBlackAndWhite.swf&matchType=exact&output=json: HTTP Error 503: Service Temporarily Unavailable')
CC-MAIN-2008-2009	www.theroomz.yoyo.pl/BlackAndWhite.swf	RuntimeError('https://index.commoncrawl.org/CC-MAIN-2008-2009-index?url=www.theroomz.yoyo.pl%2FBlackAndWhite.swf&matchType=exact&output=json: HTTP Error 503: Service Temporarily Unavailable')
CC-MAIN-2008-2009	www.theroomz.yoyo.pl/bonus.txt	RuntimeError('https://index.commoncrawl.org/CC-MAIN-2008-2009-index?url=www.theroomz.yoyo.pl%2Fbonus.txt&matchType=exact&output=json: HTTP Error 503: Service Temporarily Unavailable')
CC-MAIN-2008-2009	www.theroomz.yoyo.pl/tescik.swf	RuntimeError('https://index.commoncrawl.org/CC-MAIN-2008-2009-index?url=www.theroomz.yoyo.pl%2Ftescik.swf&matchType=exact&output=json: HTTP Error 503: Service Temporarily Unavailable')
CC-MAIN-2008-2009	theroomz.yoyo.pl/check.swf	RuntimeError('https://index.commoncrawl.org/CC-MAIN-2008-2009-index?url=theroomz.yoyo.pl%2Fcheck.swf&matchType=exact&output=json: HTTP Error 503: Service Temporarily Unavailable')
CC-MAIN-2008-2009	theroomz.yoyo.pl/cannon.txt	RuntimeError('https://index.commoncrawl.org/CC-MAIN-2008-2009-index?url=theroomz.yoyo.pl%2Fcannon.txt&matchType=exact&output=json: HTTP Error 503: Service Temporarily Unavailable')
CC-MAIN-2008-2009	www.theroomz.yoyo.pl/paper/BlackAndWhite.swf	RuntimeError('https://index.commoncrawl.org/CC-MAIN-2008-2009-index?url=www.theroomz.yoyo.pl%2Fpaper%2FBlackAndWhite.swf&matchType=exact&output=json: HTTP Error 503: Service Temporarily Unavailable')
CC-MAIN-2008-2009	theroomz.yoyo.pl/about.swf	RuntimeError('https://index.commoncrawl.org/CC-MAIN-2008-2009-index?url=theroomz.yoyo.pl%2Fabout.swf&matchType=exact&output=json: HTTP Error 503: Service Temporarily Unavailable')
CC-MAIN-2008-2009	theroomz.yoyo.pl/hof.swf	RuntimeError('https://index.commoncrawl.org/CC-MAIN-2008-2009-index?url=theroomz.yoyo.pl%2Fhof.swf&matchType=exact&output=json: HTTP Error 503: Service Temporarily Unavailable')
CC-MAIN-2008-2009	www.theroomz.yoyo.pl/ile.txt	RuntimeError('https://index.commoncrawl.org/CC-MAIN-2008-2009-index?url=www.theroomz.yoyo.pl%2File.txt&matchType=exact&output=json: HTTP Error 503: Service Temporarily Unavailable')
CC-MAIN-2008-2009	theroomz.yoyo.pl/yoyo.pnq	RuntimeError('https://index.commoncrawl.org/CC-MAIN-2008-2009-index?url=theroomz.yoyo.pl%2Fyoyo.pnq&matchType=exact&output=json: HTTP Error 503: Service Temporarily Unavailable')
CC-MAIN-2008-2009	theroomz.yoyo.pl/ile.txt	RuntimeError('https://index.commoncrawl.org/CC-MAIN-2008-2009-index?url=theroomz.yoyo.pl%2File.txt&matchType=exact&output=json: HTTP Error 503: Service Temporarily Unavailable')
CC-MAIN-2008-2009	www.theroomz.yoyo.pl/rules.swf	RuntimeError('https://index.commoncrawl.org/CC-MAIN-2008-2009-index?url=www.theroomz.yoyo.pl%2Frules.swf&matchType=exact&output=json: HTTP Error 503: Service Temporarily Unavailable')
CC-MAIN-2008-2009	theroomz.yoyo.pl/rules.swf	RuntimeError('https://index.commoncrawl.org/CC-MAIN-2008-2009-index?url=theroomz.yoyo.pl%2Frules.swf&matchType=exact&output=json: HTTP Error 404: Not Found')
CC-MAIN-2008-2009	theroomz.yoyo.pl/tescik.swf	RuntimeError('https://index.commoncrawl.org/CC-MAIN-2008-2009-index?url=theroomz.yoyo.pl%2Ftescik.swf&matchType=exact&output=json: HTTP Error 404: Not Found')
CC-MAIN-2008-2009	www.theroomz.yoyo.pl/yoyo.pnq	RuntimeError('https://index.commoncrawl.org/CC-MAIN-2008-2009-index?url=www.theroomz.yoyo.pl%2Fyoyo.pnq&matchType=exact&output=json: <urlopen error timed out>')
CC-MAIN-2008-2009	www.theroomz.yoyo.pl/hof.swf	RuntimeError('https://index.commoncrawl.org/CC-MAIN-2008-2009-index?url=www.theroomz.yoyo.pl%2Fhof.swf&matchType=exact&output=json: <urlopen error timed out>')
CC-MAIN-2008-2009	www.theroomz.yoyo.pl/cannon.txt	RuntimeError('https://index.commoncrawl.org/CC-MAIN-2008-2009-index?url=www.theroomz.yoyo.pl%2Fcannon.txt&matchType=exact&output=json: <urlopen error timed out>')
CC-MAIN-2008-2009	www.theroomz.yoyo.pl/Redirect.swf	RuntimeError('https://index.commoncrawl.org/CC-MAIN-2008-2009-index?url=www.theroomz.yoyo.pl%2FRedirect.swf&matchType=exact&output=json: <urlopen error timed out>')
CC-MAIN-2008-2009	theroomz.org/yoyo.pnq	RuntimeError('https://index.commoncrawl.org/CC-MAIN-2008-2009-index?url=theroomz.org%2Fyoyo.pnq&matchType=exact&output=json: <urlopen error timed out>')
CC-MAIN-2008-2009	www.theroomz.org/about.swf	RuntimeError('https://index.commoncrawl.org/CC-MAIN-2008-2009-index?url=www.theroomz.org%2Fabout.swf&matchType=exact&output=json: <urlopen error timed out>')
CC-MAIN-2008-2009	theroomz.org/sciemka.swf	RuntimeError('https://index.commoncrawl.org/CC-MAIN-2008-2009-index?url=theroomz.org%2Fsciemka.swf&matchType=exact&output=json: <urlopen error timed out>')
CC-MAIN-2008-2009	theroomz.org/rules.swf	RuntimeError('https://index.commoncrawl.org/CC-MAIN-2008-2009-index?url=theroomz.org%2Frules.swf&matchType=exact&output=json: <urlopen error timed out>')
CC-MAIN-2008-2009	www.theroomz.org/sciemka.swf	RuntimeError('https://index.commoncrawl.org/CC-MAIN-2008-2009-index?url=www.theroomz.org%2Fsciemka.swf&matchType=exact&output=json: <urlopen error timed out>')
CC-MAIN-2008-2009	theroomz.org/paper/BlackAndWhite.swf	RuntimeError('https://index.commoncrawl.org/CC-MAIN-2008-2009-index?url=theroomz.org%2Fpaper%2FBlackAndWhite.swf&matchType=exact&output=json: <urlopen error timed out>')
CC-MAIN-2008-2009	theroomz.org/ile.txt	RuntimeError('https://index.commoncrawl.org/CC-MAIN-2008-2009-index?url=theroomz.org%2File.txt&matchType=exact&output=json: <urlopen error timed out>')
CC-MAIN-2008-2009	theroomz.org/Redirect.swf	RuntimeError('https://index.commoncrawl.org/CC-MAIN-2008-2009-index?url=theroomz.org%2FRedirect.swf&matchType=exact&output=json: <urlopen error timed out>')
CC-MAIN-2008-2009	theroomz.org/BlackAndWhite.swf	RuntimeError('https://index.commoncrawl.org/CC-MAIN-2008-2009-index?url=theroomz.org%2FBlackAndWhite.swf&matchType=exact&output=json: <urlopen error timed out>')
CC-MAIN-2008-2009	theroomz.org/bonus.txt	RuntimeError('https://index.commoncrawl.org/CC-MAIN-2008-2009-index?url=theroomz.org%2Fbonus.txt&matchType=exact&output=json: <urlopen error timed out>')
CC-MAIN-2008-2009	theroomz.org/about.swf	RuntimeError('https://index.commoncrawl.org/CC-MAIN-2008-2009-index?url=theroomz.org%2Fabout.swf&matchType=exact&output=json: <urlopen error timed out>')
CC-MAIN-2008-2009	www.theroomz.org/rules.swf	RuntimeError('https://index.commoncrawl.org/CC-MAIN-2008-2009-index?url=www.theroomz.org%2Frules.swf&matchType=exact&output=json: <urlopen error timed out>')
CC-MAIN-2008-2009	www.theroomz.org/check.swf	RuntimeError('https://index.commoncrawl.org/CC-MAIN-2008-2009-index?url=www.theroomz.org%2Fcheck.swf&matchType=exact&output=json: <urlopen error timed out>')
CC-MAIN-2008-2009	theroomz.org/check.swf	RuntimeError('https://index.commoncrawl.org/CC-MAIN-2008-2009-index?url=theroomz.org%2Fcheck.swf&matchType=exact&output=json: <urlopen error timed out>')
CC-MAIN-2008-2009	theroomz.org/cannon.txt	RuntimeError('https://index.commoncrawl.org/CC-MAIN-2008-2009-index?url=theroomz.org%2Fcannon.txt&matchType=exact&output=json: <urlopen error timed out>')
CC-MAIN-2008-2009	theroomz.org/tescik.swf	RuntimeError('https://index.commoncrawl.org/CC-MAIN-2008-2009-index?url=theroomz.org%2Ftescik.swf&matchType=exact&output=json: <urlopen error timed out>')
CC-MAIN-2008-2009	theroomz.org/solutions.swf	RuntimeError('https://index.commoncrawl.org/CC-MAIN-2008-2009-index?url=theroomz.org%2Fsolutions.swf&matchType=exact&output=json: <urlopen error timed out>')
CC-MAIN-2008-2009	theroomz.org/hof.swf	RuntimeError('https://index.commoncrawl.org/CC-MAIN-2008-2009-index?url=theroomz.org%2Fhof.swf&matchType=exact&output=json: <urlopen error timed out>')
CC-MAIN-2008-2009	www.theroomz.org/solutions.swf	RuntimeError('https://index.commoncrawl.org/CC-MAIN-2008-2009-index?url=www.theroomz.org%2Fsolutions.swf&matchType=exact&output=json: <urlopen error timed out>')
CC-MAIN-2008-2009	www.theroomz.org/tescik.swf	RuntimeError('https://index.commoncrawl.org/CC-MAIN-2008-2009-index?url=www.theroomz.org%2Ftescik.swf&matchType=exact&output=json: <urlopen error timed out>')
CC-MAIN-2008-2009	www.theroomz.org/bonus.txt	RuntimeError('https://index.commoncrawl.org/CC-MAIN-2008-2009-index?url=www.theroomz.org%2Fbonus.txt&matchType=exact&output=json: <urlopen error timed out>')
CC-MAIN-2008-2009	www.theroomz.org/paper/BlackAndWhite.swf	RuntimeError('https://index.commoncrawl.org/CC-MAIN-2008-2009-index?url=www.theroomz.org%2Fpaper%2FBlackAndWhite.swf&matchType=exact&output=json: <urlopen error timed out>')
CC-MAIN-2008-2009	www.theroomz.org/BlackAndWhite.swf	RuntimeError('https://index.commoncrawl.org/CC-MAIN-2008-2009-index?url=www.theroomz.org%2FBlackAndWhite.swf&matchType=exact&output=json: <urlopen error timed out>')
CC-MAIN-2008-2009	www.theroomz.org/ile.txt	RuntimeError('https://index.commoncrawl.org/CC-MAIN-2008-2009-index?url=www.theroomz.org%2File.txt&matchType=exact&output=json: <urlopen error timed out>')
CC-MAIN-2008-2009	dreamward.home.pl/theroomz/cannon.txt	RuntimeError('https://index.commoncrawl.org/CC-MAIN-2008-2009-index?url=dreamward.home.pl%2Ftheroomz%2Fcannon.txt&matchType=exact&output=json: <urlopen error timed out>')
CC-MAIN-2008-2009	dreamwardgames.com/theroomz/sciemka.swf	RuntimeError('https://index.commoncrawl.org/CC-MAIN-2008-2009-index?url=dreamwardgames.com%2Ftheroomz%2Fsciemka.swf&matchType=exact&output=json: <urlopen error timed out>')
CC-MAIN-2008-2009	dreamward.home.pl/theroomz/BlackAndWhite.swf	RuntimeError('https://index.commoncrawl.org/CC-MAIN-2008-2009-index?url=dreamward.home.pl%2Ftheroomz%2FBlackAndWhite.swf&matchType=exact&output=json: <urlopen error timed out>')
CC-MAIN-2008-2009	dreamward.home.pl/theroomz/paper/BlackAndWhite.swf	RuntimeError('https://index.commoncrawl.org/CC-MAIN-2008-2009-index?url=dreamward.home.pl%2Ftheroomz%2Fpaper%2FBlackAndWhite.swf&matchType=exact&output=json: <urlopen error timed out>')
CC-MAIN-2008-2009	dreamward.home.pl/theroomz/about.swf	RuntimeError('https://index.commoncrawl.org/CC-MAIN-2008-2009-index?url=dreamward.home.pl%2Ftheroomz%2Fabout.swf&matchType=exact&output=json: <urlopen error timed out>')
CC-MAIN-2008-2009	www.theroomz.org/Redirect.swf	RuntimeError('https://index.commoncrawl.org/CC-MAIN-2008-2009-index?url=www.theroomz.org%2FRedirect.swf&matchType=exact&output=json: <urlopen error timed out>')
CC-MAIN-2008-2009	dreamward.home.pl/theroomz/bonus.txt	RuntimeError('https://index.commoncrawl.org/CC-MAIN-2008-2009-index?url=dreamward.home.pl%2Ftheroomz%2Fbonus.txt&matchType=exact&output=json: <urlopen error timed out>')
CC-MAIN-2008-2009	dreamward.home.pl/theroomz/ile.txt	RuntimeError('https://index.commoncrawl.org/CC-MAIN-2008-2009-index?url=dreamward.home.pl%2Ftheroomz%2File.txt&matchType=exact&output=json: <urlopen error timed out>')
CC-MAIN-2008-2009	www.theroomz.org/hof.swf	RuntimeError('https://index.commoncrawl.org/CC-MAIN-2008-2009-index?url=www.theroomz.org%2Fhof.swf&matchType=exact&output=json: <urlopen error timed out>')
CC-MAIN-2008-2009	dreamward.home.pl/theroomz/yoyo.pnq	RuntimeError('https://index.commoncrawl.org/CC-MAIN-2008-2009-index?url=dreamward.home.pl%2Ftheroomz%2Fyoyo.pnq&matchType=exact&output=json: <urlopen error timed out>')
CC-MAIN-2008-2009	dreamwardgames.com/theroomz/check.swf	RuntimeError('https://index.commoncrawl.org/CC-MAIN-2008-2009-index?url=dreamwardgames.com%2Ftheroomz%2Fcheck.swf&matchType=exact&output=json: <urlopen error timed out>')
CC-MAIN-2008-2009	dreamward.home.pl/theroomz/solutions.swf	RuntimeError('https://index.commoncrawl.org/CC-MAIN-2008-2009-index?url=dreamward.home.pl%2Ftheroomz%2Fsolutions.swf&matchType=exact&output=json: <urlopen error timed out>')
CC-MAIN-2008-2009	dreamward.home.pl/theroomz/sciemka.swf	RuntimeError('https://index.commoncrawl.org/CC-MAIN-2008-2009-index?url=dreamward.home.pl%2Ftheroomz%2Fsciemka.swf&matchType=exact&output=json: <urlopen error timed out>')
CC-MAIN-2008-2009	www.theroomz.org/cannon.txt	RuntimeError('https://index.commoncrawl.org/CC-MAIN-2008-2009-index?url=www.theroomz.org%2Fcannon.txt&matchType=exact&output=json: <urlopen error timed out>')
CC-MAIN-2008-2009	dreamward.home.pl/theroomz/hof.swf	RuntimeError('https://index.commoncrawl.org/CC-MAIN-2008-2009-index?url=dreamward.home.pl%2Ftheroomz%2Fhof.swf&matchType=exact&output=json: <urlopen error timed out>')
CC-MAIN-2008-2009	dreamward.home.pl/theroomz/tescik.swf	RuntimeError('https://index.commoncrawl.org/CC-MAIN-2008-2009-index?url=dreamward.home.pl%2Ftheroomz%2Ftescik.swf&matchType=exact&output=json: <urlopen error timed out>')
CC-MAIN-2008-2009	www.theroomz.org/yoyo.pnq	RuntimeError('https://index.commoncrawl.org/CC-MAIN-2008-2009-index?url=www.theroomz.org%2Fyoyo.pnq&matchType=exact&output=json: <urlopen error timed out>')
CC-MAIN-2008-2009	dreamward.home.pl/theroomz/Redirect.swf	RuntimeError('https://index.commoncrawl.org/CC-MAIN-2008-2009-index?url=dreamward.home.pl%2Ftheroomz%2FRedirect.swf&matchType=exact&output=json: <urlopen error timed out>')
CC-MAIN-2008-2009	dreamward.home.pl/theroomz/rules.swf	RuntimeError('https://index.commoncrawl.org/CC-MAIN-2008-2009-index?url=dreamward.home.pl%2Ftheroomz%2Frules.swf&matchType=exact&output=json: <urlopen error timed out>')
CC-MAIN-2008-2009	dreamward.home.pl/theroomz/check.swf	RuntimeError('https://index.commoncrawl.org/CC-MAIN-2008-2009-index?url=dreamward.home.pl%2Ftheroomz%2Fcheck.swf&matchType=exact&output=json: <urlopen error timed out>')
CC-MAIN-2008-2009	dreamwardgames.com/theroomz/about.swf	RuntimeError('https://index.commoncrawl.org/CC-MAIN-2008-2009-index?url=dreamwardgames.com%2Ftheroomz%2Fabout.swf&matchType=exact&output=json: <urlopen error timed out>')
CC-MAIN-2008-2009	dreamwardgames.com/theroomz/rules.swf	RuntimeError('https://index.commoncrawl.org/CC-MAIN-2008-2009-index?url=dreamwardgames.com%2Ftheroomz%2Frules.swf&matchType=exact&output=json: <urlopen error timed out>')
CC-MAIN-2008-2009	dreamwardgames.com/theroomz/solutions.swf	RuntimeError('https://index.commoncrawl.org/CC-MAIN-2008-2009-index?url=dreamwardgames.com%2Ftheroomz%2Fsolutions.swf&matchType=exact&output=json: <urlopen error timed out>')
CC-MAIN-2008-2009	dreamwardgames.com/theroomz/tescik.swf	RuntimeError('https://index.commoncrawl.org/CC-MAIN-2008-2009-index?url=dreamwardgames.com%2Ftheroomz%2Ftescik.swf&matchType=exact&output=json: <urlopen error timed out>')
CC-MAIN-2008-2009	dreamwardgames.com/theroomz/Redirect.swf	RuntimeError('https://index.commoncrawl.org/CC-MAIN-2008-2009-index?url=dreamwardgames.com%2Ftheroomz%2FRedirect.swf&matchType=exact&output=json: <urlopen error timed out>')
CC-MAIN-2008-2009	dreamwardgames.com/theroomz/paper/BlackAndWhite.swf	RuntimeError('https://index.commoncrawl.org/CC-MAIN-2008-2009-index?url=dreamwardgames.com%2Ftheroomz%2Fpaper%2FBlackAndWhite.swf&matchType=exact&output=json: <urlopen error timed out>')
CC-MAIN-2008-2009	dreamwardgames.com/theroomz/cannon.txt	RuntimeError('https://index.commoncrawl.org/CC-MAIN-2008-2009-index?url=dreamwardgames.com%2Ftheroomz%2Fcannon.txt&matchType=exact&output=json: <urlopen error timed out>')
CC-MAIN-2008-2009	dreamwardgames.com/theroomz/yoyo.pnq	RuntimeError('https://index.commoncrawl.org/CC-MAIN-2008-2009-index?url=dreamwardgames.com%2Ftheroomz%2Fyoyo.pnq&matchType=exact&output=json: <urlopen error timed out>')
CC-MAIN-2008-2009	dreamwardgames.com/theroomz/bonus.txt	RuntimeError('https://index.commoncrawl.org/CC-MAIN-2008-2009-index?url=dreamwardgames.com%2Ftheroomz%2Fbonus.txt&matchType=exact&output=json: <urlopen error timed out>')
CC-MAIN-2008-2009	dreamwardgames.com/theroomz/ile.txt	RuntimeError('https://index.commoncrawl.org/CC-MAIN-2008-2009-index?url=dreamwardgames.com%2Ftheroomz%2File.txt&matchType=exact&output=json: <urlopen error timed out>')
CC-MAIN-2008-2009	dreamwardgames.com/theroomz/BlackAndWhite.swf	RuntimeError('https://index.commoncrawl.org/CC-MAIN-2008-2009-index?url=dreamwardgames.com%2Ftheroomz%2FBlackAndWhite.swf&matchType=exact&output=json: <urlopen error timed out>')
CC-MAIN-2008-2009	dreamwardgames.com/theroomz/hof.swf	RuntimeError('https://index.commoncrawl.org/CC-MAIN-2008-2009-index?url=dreamwardgames.com%2Ftheroomz%2Fhof.swf&matchType=exact&output=json: <urlopen error timed out>')
CC-MAIN-2009-2010	theroomz.yoyo.pl/check.swf	RuntimeError('https://index.commoncrawl.org/CC-MAIN-2009-2010-index?url=theroomz.yoyo.pl%2Fcheck.swf&matchType=exact&output=json: <urlopen error timed out>')
CC-MAIN-2009-2010	theroomz.yoyo.pl/BlackAndWhite.swf	RuntimeError('https://index.commoncrawl.org/CC-MAIN-2009-2010-index?url=theroomz.yoyo.pl%2FBlackAndWhite.swf&matchType=exact&output=json: <urlopen error timed out>')
CC-MAIN-2009-2010	theroomz.yoyo.pl/about.swf	RuntimeError('https://index.commoncrawl.org/CC-MAIN-2009-2010-index?url=theroomz.yoyo.pl%2Fabout.swf&matchType=exact&output=json: <urlopen error timed out>')
CC-MAIN-2009-2010	theroomz.yoyo.pl/tescik.swf	RuntimeError('https://index.commoncrawl.org/CC-MAIN-2009-2010-index?url=theroomz.yoyo.pl%2Ftescik.swf&matchType=exact&output=json: <urlopen error timed out>')
CC-MAIN-2009-2010	theroomz.yoyo.pl/ile.txt	RuntimeError('https://index.commoncrawl.org/CC-MAIN-2009-2010-index?url=theroomz.yoyo.pl%2File.txt&matchType=exact&output=json: <urlopen error timed out>')
CC-MAIN-2009-2010	theroomz.yoyo.pl/sciemka.swf	RuntimeError('https://index.commoncrawl.org/CC-MAIN-2009-2010-index?url=theroomz.yoyo.pl%2Fsciemka.swf&matchType=exact&output=json: <urlopen error timed out>')
CC-MAIN-2009-2010	theroomz.yoyo.pl/Redirect.swf	RuntimeError('https://index.commoncrawl.org/CC-MAIN-2009-2010-index?url=theroomz.yoyo.pl%2FRedirect.swf&matchType=exact&output=json: <urlopen error timed out>')
CC-MAIN-2009-2010	theroomz.yoyo.pl/paper/BlackAndWhite.swf	RuntimeError('https://index.commoncrawl.org/CC-MAIN-2009-2010-index?url=theroomz.yoyo.pl%2Fpaper%2FBlackAndWhite.swf&matchType=exact&output=json: <urlopen error timed out>')
CC-MAIN-2009-2010	theroomz.yoyo.pl/hof.swf	RuntimeError('https://index.commoncrawl.org/CC-MAIN-2009-2010-index?url=theroomz.yoyo.pl%2Fhof.swf&matchType=exact&output=json: <urlopen error timed out>')
CC-MAIN-2009-2010	theroomz.yoyo.pl/rules.swf	RuntimeError('https://index.commoncrawl.org/CC-MAIN-2009-2010-index?url=theroomz.yoyo.pl%2Frules.swf&matchType=exact&output=json: <urlopen error timed out>')
CC-MAIN-2009-2010	theroomz.yoyo.pl/bonus.txt	RuntimeError('https://index.commoncrawl.org/CC-MAIN-2009-2010-index?url=theroomz.yoyo.pl%2Fbonus.txt&matchType=exact&output=json: <urlopen error timed out>')
CC-MAIN-2009-2010	theroomz.yoyo.pl/solutions.swf	RuntimeError('https://index.commoncrawl.org/CC-MAIN-2009-2010-index?url=theroomz.yoyo.pl%2Fsolutions.swf&matchType=exact&output=json: <urlopen error timed out>')
CC-MAIN-2009-2010	theroomz.yoyo.pl/cannon.txt	RuntimeError('https://index.commoncrawl.org/CC-MAIN-2009-2010-index?url=theroomz.yoyo.pl%2Fcannon.txt&matchType=exact&output=json: <urlopen error timed out>')
CC-MAIN-2009-2010	www.theroomz.yoyo.pl/check.swf	RuntimeError('https://index.commoncrawl.org/CC-MAIN-2009-2010-index?url=www.theroomz.yoyo.pl%2Fcheck.swf&matchType=exact&output=json: <urlopen error timed out>')
CC-MAIN-2009-2010	www.theroomz.yoyo.pl/sciemka.swf	RuntimeError('https://index.commoncrawl.org/CC-MAIN-2009-2010-index?url=www.theroomz.yoyo.pl%2Fsciemka.swf&matchType=exact&output=json: <urlopen error timed out>')
CC-MAIN-2009-2010	theroomz.yoyo.pl/yoyo.pnq	RuntimeError('https://index.commoncrawl.org/CC-MAIN-2009-2010-index?url=theroomz.yoyo.pl%2Fyoyo.pnq&matchType=exact&output=json: <urlopen error timed out>')
CC-MAIN-2009-2010	www.theroomz.yoyo.pl/about.swf	RuntimeError('https://index.commoncrawl.org/CC-MAIN-2009-2010-index?url=www.theroomz.yoyo.pl%2Fabout.swf&matchType=exact&output=json: <urlopen error timed out>')
CC-MAIN-2009-2010	www.theroomz.yoyo.pl/paper/BlackAndWhite.swf	RuntimeError('https://index.commoncrawl.org/CC-MAIN-2009-2010-index?url=www.theroomz.yoyo.pl%2Fpaper%2FBlackAndWhite.swf&matchType=exact&output=json: <urlopen error timed out>')
CC-MAIN-2009-2010	www.theroomz.yoyo.pl/bonus.txt	RuntimeError('https://index.commoncrawl.org/CC-MAIN-2009-2010-index?url=www.theroomz.yoyo.pl%2Fbonus.txt&matchType=exact&output=json: <urlopen error timed out>')
CC-MAIN-2009-2010	www.theroomz.yoyo.pl/rules.swf	RuntimeError('https://index.commoncrawl.org/CC-MAIN-2009-2010-index?url=www.theroomz.yoyo.pl%2Frules.swf&matchType=exact&output=json: <urlopen error timed out>')
CC-MAIN-2009-2010	www.theroomz.yoyo.pl/tescik.swf	RuntimeError('https://index.commoncrawl.org/CC-MAIN-2009-2010-index?url=www.theroomz.yoyo.pl%2Ftescik.swf&matchType=exact&output=json: <urlopen error timed out>')
CC-MAIN-2009-2010	www.theroomz.yoyo.pl/BlackAndWhite.swf	RuntimeError('https://index.commoncrawl.org/CC-MAIN-2009-2010-index?url=www.theroomz.yoyo.pl%2FBlackAndWhite.swf&matchType=exact&output=json: <urlopen error timed out>')
CC-MAIN-2009-2010	www.theroomz.yoyo.pl/solutions.swf	RuntimeError('https://index.commoncrawl.org/CC-MAIN-2009-2010-index?url=www.theroomz.yoyo.pl%2Fsolutions.swf&matchType=exact&output=json: <urlopen error timed out>')
CC-MAIN-2009-2010	www.theroomz.yoyo.pl/ile.txt	RuntimeError('https://index.commoncrawl.org/CC-MAIN-2009-2010-index?url=www.theroomz.yoyo.pl%2File.txt&matchType=exact&output=json: <urlopen error timed out>')
CC-MAIN-2009-2010	theroomz.org/bonus.txt	RuntimeError('https://index.commoncrawl.org/CC-MAIN-2009-2010-index?url=theroomz.org%2Fbonus.txt&matchType=exact&output=json: <urlopen error timed out>')
CC-MAIN-2009-2010	www.theroomz.yoyo.pl/hof.swf	RuntimeError('https://index.commoncrawl.org/CC-MAIN-2009-2010-index?url=www.theroomz.yoyo.pl%2Fhof.swf&matchType=exact&output=json: <urlopen error timed out>')
CC-MAIN-2009-2010	www.theroomz.yoyo.pl/cannon.txt	RuntimeError('https://index.commoncrawl.org/CC-MAIN-2009-2010-index?url=www.theroomz.yoyo.pl%2Fcannon.txt&matchType=exact&output=json: <urlopen error timed out>')
CC-MAIN-2009-2010	theroomz.org/solutions.swf	RuntimeError('https://index.commoncrawl.org/CC-MAIN-2009-2010-index?url=theroomz.org%2Fsolutions.swf&matchType=exact&output=json: <urlopen error timed out>')
CC-MAIN-2009-2010	theroomz.org/rules.swf	RuntimeError('https://index.commoncrawl.org/CC-MAIN-2009-2010-index?url=theroomz.org%2Frules.swf&matchType=exact&output=json: <urlopen error timed out>')
CC-MAIN-2009-2010	theroomz.org/tescik.swf	RuntimeError('https://index.commoncrawl.org/CC-MAIN-2009-2010-index?url=theroomz.org%2Ftescik.swf&matchType=exact&output=json: <urlopen error timed out>')
CC-MAIN-2009-2010	www.theroomz.yoyo.pl/Redirect.swf	RuntimeError('https://index.commoncrawl.org/CC-MAIN-2009-2010-index?url=www.theroomz.yoyo.pl%2FRedirect.swf&matchType=exact&output=json: <urlopen error timed out>')
CC-MAIN-2009-2010	theroomz.org/about.swf	RuntimeError('https://index.commoncrawl.org/CC-MAIN-2009-2010-index?url=theroomz.org%2Fabout.swf&matchType=exact&output=json: <urlopen error timed out>')
CC-MAIN-2009-2010	theroomz.org/ile.txt	RuntimeError('https://index.commoncrawl.org/CC-MAIN-2009-2010-index?url=theroomz.org%2File.txt&matchType=exact&output=json: <urlopen error timed out>')
CC-MAIN-2009-2010	theroomz.org/check.swf	RuntimeError('https://index.commoncrawl.org/CC-MAIN-2009-2010-index?url=theroomz.org%2Fcheck.swf&matchType=exact&output=json: <urlopen error timed out>')
CC-MAIN-2009-2010	www.theroomz.yoyo.pl/yoyo.pnq	RuntimeError('https://index.commoncrawl.org/CC-MAIN-2009-2010-index?url=www.theroomz.yoyo.pl%2Fyoyo.pnq&matchType=exact&output=json: <urlopen error timed out>')
CC-MAIN-2009-2010	theroomz.org/sciemka.swf	RuntimeError('https://index.commoncrawl.org/CC-MAIN-2009-2010-index?url=theroomz.org%2Fsciemka.swf&matchType=exact&output=json: <urlopen error timed out>')
CC-MAIN-2009-2010	theroomz.org/paper/BlackAndWhite.swf	RuntimeError('https://index.commoncrawl.org/CC-MAIN-2009-2010-index?url=theroomz.org%2Fpaper%2FBlackAndWhite.swf&matchType=exact&output=json: <urlopen error timed out>')
CC-MAIN-2009-2010	theroomz.org/Redirect.swf	RuntimeError('https://index.commoncrawl.org/CC-MAIN-2009-2010-index?url=theroomz.org%2FRedirect.swf&matchType=exact&output=json: <urlopen error timed out>')
CC-MAIN-2009-2010	theroomz.org/BlackAndWhite.swf	RuntimeError('https://index.commoncrawl.org/CC-MAIN-2009-2010-index?url=theroomz.org%2FBlackAndWhite.swf&matchType=exact&output=json: <urlopen error timed out>')
CC-MAIN-2009-2010	theroomz.org/hof.swf	RuntimeError('https://index.commoncrawl.org/CC-MAIN-2009-2010-index?url=theroomz.org%2Fhof.swf&matchType=exact&output=json: <urlopen error timed out>')
CC-MAIN-2009-2010	www.theroomz.org/rules.swf	RuntimeError('https://index.commoncrawl.org/CC-MAIN-2009-2010-index?url=www.theroomz.org%2Frules.swf&matchType=exact&output=json: <urlopen error timed out>')
CC-MAIN-2009-2010	www.theroomz.org/check.swf	RuntimeError('https://index.commoncrawl.org/CC-MAIN-2009-2010-index?url=www.theroomz.org%2Fcheck.swf&matchType=exact&output=json: <urlopen error timed out>')
CC-MAIN-2009-2010	www.theroomz.org/about.swf	RuntimeError('https://index.commoncrawl.org/CC-MAIN-2009-2010-index?url=www.theroomz.org%2Fabout.swf&matchType=exact&output=json: <urlopen error timed out>')
CC-MAIN-2009-2010	www.theroomz.org/sciemka.swf	RuntimeError('https://index.commoncrawl.org/CC-MAIN-2009-2010-index?url=www.theroomz.org%2Fsciemka.swf&matchType=exact&output=json: <urlopen error timed out>')
CC-MAIN-2009-2010	theroomz.org/cannon.txt	RuntimeError('https://index.commoncrawl.org/CC-MAIN-2009-2010-index?url=theroomz.org%2Fcannon.txt&matchType=exact&output=json: <urlopen error timed out>')
CC-MAIN-2009-2010	www.theroomz.org/solutions.swf	RuntimeError('https://index.commoncrawl.org/CC-MAIN-2009-2010-index?url=www.theroomz.org%2Fsolutions.swf&matchType=exact&output=json: <urlopen error timed out>')
CC-MAIN-2009-2010	theroomz.org/yoyo.pnq	RuntimeError('https://index.commoncrawl.org/CC-MAIN-2009-2010-index?url=theroomz.org%2Fyoyo.pnq&matchType=exact&output=json: <urlopen error timed out>')
CC-MAIN-2009-2010	www.theroomz.org/tescik.swf	RuntimeError('https://index.commoncrawl.org/CC-MAIN-2009-2010-index?url=www.theroomz.org%2Ftescik.swf&matchType=exact&output=json: <urlopen error timed out>')
CC-MAIN-2009-2010	www.theroomz.org/paper/BlackAndWhite.swf	RuntimeError('https://index.commoncrawl.org/CC-MAIN-2009-2010-index?url=www.theroomz.org%2Fpaper%2FBlackAndWhite.swf&matchType=exact&output=json: <urlopen error timed out>')
CC-MAIN-2009-2010	www.theroomz.org/yoyo.pnq	RuntimeError('https://index.commoncrawl.org/CC-MAIN-2009-2010-index?url=www.theroomz.org%2Fyoyo.pnq&matchType=exact&output=json: <urlopen error timed out>')
CC-MAIN-2009-2010	www.theroomz.org/bonus.txt	RuntimeError('https://index.commoncrawl.org/CC-MAIN-2009-2010-index?url=www.theroomz.org%2Fbonus.txt&matchType=exact&output=json: <urlopen error timed out>')
CC-MAIN-2009-2010	dreamward.home.pl/theroomz/about.swf	RuntimeError('https://index.commoncrawl.org/CC-MAIN-2009-2010-index?url=dreamward.home.pl%2Ftheroomz%2Fabout.swf&matchType=exact&output=json: <urlopen error timed out>')
CC-MAIN-2009-2010	www.theroomz.org/hof.swf	RuntimeError('https://index.commoncrawl.org/CC-MAIN-2009-2010-index?url=www.theroomz.org%2Fhof.swf&matchType=exact&output=json: <urlopen error timed out>')
CC-MAIN-2009-2010	www.theroomz.org/cannon.txt	RuntimeError('https://index.commoncrawl.org/CC-MAIN-2009-2010-index?url=www.theroomz.org%2Fcannon.txt&matchType=exact&output=json: <urlopen error timed out>')
CC-MAIN-2009-2010	www.theroomz.org/Redirect.swf	RuntimeError('https://index.commoncrawl.org/CC-MAIN-2009-2010-index?url=www.theroomz.org%2FRedirect.swf&matchType=exact&output=json: <urlopen error timed out>')
CC-MAIN-2009-2010	dreamward.home.pl/theroomz/check.swf	RuntimeError('https://index.commoncrawl.org/CC-MAIN-2009-2010-index?url=dreamward.home.pl%2Ftheroomz%2Fcheck.swf&matchType=exact&output=json: <urlopen error timed out>')
CC-MAIN-2009-2010	www.theroomz.org/BlackAndWhite.swf	RuntimeError('https://index.commoncrawl.org/CC-MAIN-2009-2010-index?url=www.theroomz.org%2FBlackAndWhite.swf&matchType=exact&output=json: <urlopen error timed out>')
CC-MAIN-2009-2010	www.theroomz.org/ile.txt	RuntimeError('https://index.commoncrawl.org/CC-MAIN-2009-2010-index?url=www.theroomz.org%2File.txt&matchType=exact&output=json: <urlopen error timed out>')
CC-MAIN-2009-2010	dreamward.home.pl/theroomz/sciemka.swf	RuntimeError('https://index.commoncrawl.org/CC-MAIN-2009-2010-index?url=dreamward.home.pl%2Ftheroomz%2Fsciemka.swf&matchType=exact&output=json: <urlopen error timed out>')
CC-MAIN-2009-2010	dreamward.home.pl/theroomz/rules.swf	RuntimeError('https://index.commoncrawl.org/CC-MAIN-2009-2010-index?url=dreamward.home.pl%2Ftheroomz%2Frules.swf&matchType=exact&output=json: <urlopen error timed out>')
CC-MAIN-2009-2010	dreamward.home.pl/theroomz/paper/BlackAndWhite.swf	RuntimeError('https://index.commoncrawl.org/CC-MAIN-2009-2010-index?url=dreamward.home.pl%2Ftheroomz%2Fpaper%2FBlackAndWhite.swf&matchType=exact&output=json: <urlopen error timed out>')
CC-MAIN-2009-2010	dreamward.home.pl/theroomz/hof.swf	RuntimeError('https://index.commoncrawl.org/CC-MAIN-2009-2010-index?url=dreamward.home.pl%2Ftheroomz%2Fhof.swf&matchType=exact&output=json: <urlopen error timed out>')
CC-MAIN-2009-2010	dreamward.home.pl/theroomz/cannon.txt	RuntimeError('https://index.commoncrawl.org/CC-MAIN-2009-2010-index?url=dreamward.home.pl%2Ftheroomz%2Fcannon.txt&matchType=exact&output=json: <urlopen error timed out>')
CC-MAIN-2009-2010	dreamward.home.pl/theroomz/ile.txt	RuntimeError('https://index.commoncrawl.org/CC-MAIN-2009-2010-index?url=dreamward.home.pl%2Ftheroomz%2File.txt&matchType=exact&output=json: <urlopen error timed out>')
CC-MAIN-2009-2010	dreamward.home.pl/theroomz/yoyo.pnq	RuntimeError('https://index.commoncrawl.org/CC-MAIN-2009-2010-index?url=dreamward.home.pl%2Ftheroomz%2Fyoyo.pnq&matchType=exact&output=json: <urlopen error timed out>')
CC-MAIN-2009-2010	dreamward.home.pl/theroomz/bonus.txt	RuntimeError('https://index.commoncrawl.org/CC-MAIN-2009-2010-index?url=dreamward.home.pl%2Ftheroomz%2Fbonus.txt&matchType=exact&output=json: <urlopen error timed out>')
CC-MAIN-2009-2010	dreamward.home.pl/theroomz/BlackAndWhite.swf	RuntimeError('https://index.commoncrawl.org/CC-MAIN-2009-2010-index?url=dreamward.home.pl%2Ftheroomz%2FBlackAndWhite.swf&matchType=exact&output=json: <urlopen error timed out>')
CC-MAIN-2009-2010	dreamwardgames.com/theroomz/sciemka.swf	RuntimeError('https://index.commoncrawl.org/CC-MAIN-2009-2010-index?url=dreamwardgames.com%2Ftheroomz%2Fsciemka.swf&matchType=exact&output=json: <urlopen error timed out>')
CC-MAIN-2009-2010	dreamwardgames.com/theroomz/check.swf	RuntimeError('https://index.commoncrawl.org/CC-MAIN-2009-2010-index?url=dreamwardgames.com%2Ftheroomz%2Fcheck.swf&matchType=exact&output=json: <urlopen error timed out>')
CC-MAIN-2009-2010	dreamward.home.pl/theroomz/solutions.swf	RuntimeError('https://index.commoncrawl.org/CC-MAIN-2009-2010-index?url=dreamward.home.pl%2Ftheroomz%2Fsolutions.swf&matchType=exact&output=json: <urlopen error timed out>')
CC-MAIN-2009-2010	dreamward.home.pl/theroomz/Redirect.swf	RuntimeError('https://index.commoncrawl.org/CC-MAIN-2009-2010-index?url=dreamward.home.pl%2Ftheroomz%2FRedirect.swf&matchType=exact&output=json: <urlopen error timed out>')
CC-MAIN-2009-2010	dreamward.home.pl/theroomz/tescik.swf	RuntimeError('https://index.commoncrawl.org/CC-MAIN-2009-2010-index?url=dreamward.home.pl%2Ftheroomz%2Ftescik.swf&matchType=exact&output=json: <urlopen error timed out>')
CC-MAIN-2009-2010	dreamwardgames.com/theroomz/yoyo.pnq	RuntimeError('https://index.commoncrawl.org/CC-MAIN-2009-2010-index?url=dreamwardgames.com%2Ftheroomz%2Fyoyo.pnq&matchType=exact&output=json: <urlopen error timed out>')
CC-MAIN-2009-2010	dreamwardgames.com/theroomz/Redirect.swf	RuntimeError('https://index.commoncrawl.org/CC-MAIN-2009-2010-index?url=dreamwardgames.com%2Ftheroomz%2FRedirect.swf&matchType=exact&output=json: <urlopen error timed out>')
CC-MAIN-2009-2010	dreamwardgames.com/theroomz/bonus.txt	RuntimeError('https://index.commoncrawl.org/CC-MAIN-2009-2010-index?url=dreamwardgames.com%2Ftheroomz%2Fbonus.txt&matchType=exact&output=json: <urlopen error timed out>')
CC-MAIN-2009-2010	dreamwardgames.com/theroomz/paper/BlackAndWhite.swf	RuntimeError('https://index.commoncrawl.org/CC-MAIN-2009-2010-index?url=dreamwardgames.com%2Ftheroomz%2Fpaper%2FBlackAndWhite.swf&matchType=exact&output=json: <urlopen error timed out>')
CC-MAIN-2009-2010	dreamwardgames.com/theroomz/solutions.swf	RuntimeError('https://index.commoncrawl.org/CC-MAIN-2009-2010-index?url=dreamwardgames.com%2Ftheroomz%2Fsolutions.swf&matchType=exact&output=json: <urlopen error timed out>')
CC-MAIN-2009-2010	dreamwardgames.com/theroomz/rules.swf	RuntimeError('https://index.commoncrawl.org/CC-MAIN-2009-2010-index?url=dreamwardgames.com%2Ftheroomz%2Frules.swf&matchType=exact&output=json: <urlopen error timed out>')
CC-MAIN-2009-2010	dreamwardgames.com/theroomz/tescik.swf	RuntimeError('https://index.commoncrawl.org/CC-MAIN-2009-2010-index?url=dreamwardgames.com%2Ftheroomz%2Ftescik.swf&matchType=exact&output=json: <urlopen error timed out>')
CC-MAIN-2009-2010	dreamwardgames.com/theroomz/ile.txt	RuntimeError('https://index.commoncrawl.org/CC-MAIN-2009-2010-index?url=dreamwardgames.com%2Ftheroomz%2File.txt&matchType=exact&output=json: <urlopen error timed out>')
CC-MAIN-2009-2010	dreamwardgames.com/theroomz/about.swf	RuntimeError('https://index.commoncrawl.org/CC-MAIN-2009-2010-index?url=dreamwardgames.com%2Ftheroomz%2Fabout.swf&matchType=exact&output=json: <urlopen error timed out>')
CC-MAIN-2009-2010	dreamwardgames.com/theroomz/cannon.txt	RuntimeError('https://index.commoncrawl.org/CC-MAIN-2009-2010-index?url=dreamwardgames.com%2Ftheroomz%2Fcannon.txt&matchType=exact&output=json: <urlopen error timed out>')
CC-MAIN-2009-2010	dreamwardgames.com/theroomz/BlackAndWhite.swf	RuntimeError('https://index.commoncrawl.org/CC-MAIN-2009-2010-index?url=dreamwardgames.com%2Ftheroomz%2FBlackAndWhite.swf&matchType=exact&output=json: <urlopen error timed out>')
CC-MAIN-2009-2010	dreamwardgames.com/theroomz/hof.swf	RuntimeError('https://index.commoncrawl.org/CC-MAIN-2009-2010-index?url=dreamwardgames.com%2Ftheroomz%2Fhof.swf&matchType=exact&output=json: <urlopen error timed out>')
CC-MAIN-2013-20	theroomz.yoyo.pl/sciemka.swf	RuntimeError('https://index.commoncrawl.org/CC-MAIN-2013-20-index?url=theroomz.yoyo.pl%2Fsciemka.swf&matchType=exact&output=json: <urlopen error timed out>')
CC-MAIN-2013-20	theroomz.yoyo.pl/solutions.swf	RuntimeError('https://index.commoncrawl.org/CC-MAIN-2013-20-index?url=theroomz.yoyo.pl%2Fsolutions.swf&matchType=exact&output=json: <urlopen error timed out>')
CC-MAIN-2013-20	theroomz.yoyo.pl/tescik.swf	RuntimeError('https://index.commoncrawl.org/CC-MAIN-2013-20-index?url=theroomz.yoyo.pl%2Ftescik.swf&matchType=exact&output=json: <urlopen error timed out>')
CC-MAIN-2013-20	theroomz.yoyo.pl/Redirect.swf	RuntimeError('https://index.commoncrawl.org/CC-MAIN-2013-20-index?url=theroomz.yoyo.pl%2FRedirect.swf&matchType=exact&output=json: <urlopen error timed out>')
CC-MAIN-2013-20	theroomz.yoyo.pl/hof.swf	RuntimeError('https://index.commoncrawl.org/CC-MAIN-2013-20-index?url=theroomz.yoyo.pl%2Fhof.swf&matchType=exact&output=json: <urlopen error timed out>')
CC-MAIN-2013-20	theroomz.yoyo.pl/about.swf	RuntimeError('https://index.commoncrawl.org/CC-MAIN-2013-20-index?url=theroomz.yoyo.pl%2Fabout.swf&matchType=exact&output=json: <urlopen error timed out>')
CC-MAIN-2013-20	theroomz.yoyo.pl/check.swf	RuntimeError('https://index.commoncrawl.org/CC-MAIN-2013-20-index?url=theroomz.yoyo.pl%2Fcheck.swf&matchType=exact&output=json: <urlopen error timed out>')
CC-MAIN-2013-20	theroomz.yoyo.pl/bonus.txt	RuntimeError('https://index.commoncrawl.org/CC-MAIN-2013-20-index?url=theroomz.yoyo.pl%2Fbonus.txt&matchType=exact&output=json: <urlopen error timed out>')
CC-MAIN-2013-20	theroomz.yoyo.pl/ile.txt	RuntimeError('https://index.commoncrawl.org/CC-MAIN-2013-20-index?url=theroomz.yoyo.pl%2File.txt&matchType=exact&output=json: <urlopen error timed out>')
CC-MAIN-2013-20	theroomz.yoyo.pl/BlackAndWhite.swf	RuntimeError('https://index.commoncrawl.org/CC-MAIN-2013-20-index?url=theroomz.yoyo.pl%2FBlackAndWhite.swf&matchType=exact&output=json: <urlopen error timed out>')
CC-MAIN-2013-20	theroomz.yoyo.pl/rules.swf	RuntimeError('https://index.commoncrawl.org/CC-MAIN-2013-20-index?url=theroomz.yoyo.pl%2Frules.swf&matchType=exact&output=json: <urlopen error timed out>')
CC-MAIN-2013-20	theroomz.yoyo.pl/paper/BlackAndWhite.swf	RuntimeError('https://index.commoncrawl.org/CC-MAIN-2013-20-index?url=theroomz.yoyo.pl%2Fpaper%2FBlackAndWhite.swf&matchType=exact&output=json: <urlopen error timed out>')
CC-MAIN-2013-20	www.theroomz.yoyo.pl/about.swf	RuntimeError('https://index.commoncrawl.org/CC-MAIN-2013-20-index?url=www.theroomz.yoyo.pl%2Fabout.swf&matchType=exact&output=json: <urlopen error timed out>')
CC-MAIN-2013-20	theroomz.yoyo.pl/cannon.txt	RuntimeError('https://index.commoncrawl.org/CC-MAIN-2013-20-index?url=theroomz.yoyo.pl%2Fcannon.txt&matchType=exact&output=json: <urlopen error timed out>')
CC-MAIN-2013-20	www.theroomz.yoyo.pl/ile.txt	RuntimeError('https://index.commoncrawl.org/CC-MAIN-2013-20-index?url=www.theroomz.yoyo.pl%2File.txt&matchType=exact&output=json: <urlopen error timed out>')
CC-MAIN-2013-20	www.theroomz.yoyo.pl/BlackAndWhite.swf	RuntimeError('https://index.commoncrawl.org/CC-MAIN-2013-20-index?url=www.theroomz.yoyo.pl%2FBlackAndWhite.swf&matchType=exact&output=json: <urlopen error timed out>')
CC-MAIN-2013-20	www.theroomz.yoyo.pl/check.swf	RuntimeError('https://index.commoncrawl.org/CC-MAIN-2013-20-index?url=www.theroomz.yoyo.pl%2Fcheck.swf&matchType=exact&output=json: <urlopen error timed out>')
CC-MAIN-2013-20	www.theroomz.yoyo.pl/rules.swf	RuntimeError('https://index.commoncrawl.org/CC-MAIN-2013-20-index?url=www.theroomz.yoyo.pl%2Frules.swf&matchType=exact&output=json: <urlopen error timed out>')
CC-MAIN-2013-20	www.theroomz.yoyo.pl/sciemka.swf	RuntimeError('https://index.commoncrawl.org/CC-MAIN-2013-20-index?url=www.theroomz.yoyo.pl%2Fsciemka.swf&matchType=exact&output=json: <urlopen error timed out>')
CC-MAIN-2013-20	www.theroomz.yoyo.pl/bonus.txt	RuntimeError('https://index.commoncrawl.org/CC-MAIN-2013-20-index?url=www.theroomz.yoyo.pl%2Fbonus.txt&matchType=exact&output=json: <urlopen error timed out>')
CC-MAIN-2013-20	theroomz.yoyo.pl/yoyo.pnq	RuntimeError('https://index.commoncrawl.org/CC-MAIN-2013-20-index?url=theroomz.yoyo.pl%2Fyoyo.pnq&matchType=exact&output=json: <urlopen error timed out>')
CC-MAIN-2013-20	www.theroomz.yoyo.pl/solutions.swf	RuntimeError('https://index.commoncrawl.org/CC-MAIN-2013-20-index?url=www.theroomz.yoyo.pl%2Fsolutions.swf&matchType=exact&output=json: <urlopen error timed out>')
CC-MAIN-2013-20	www.theroomz.yoyo.pl/tescik.swf	RuntimeError('https://index.commoncrawl.org/CC-MAIN-2013-20-index?url=www.theroomz.yoyo.pl%2Ftescik.swf&matchType=exact&output=json: <urlopen error timed out>')
CC-MAIN-2013-20	www.theroomz.yoyo.pl/paper/BlackAndWhite.swf	RuntimeError('https://index.commoncrawl.org/CC-MAIN-2013-20-index?url=www.theroomz.yoyo.pl%2Fpaper%2FBlackAndWhite.swf&matchType=exact&output=json: <urlopen error timed out>')
CC-MAIN-2013-20	theroomz.org/check.swf	RuntimeError('https://index.commoncrawl.org/CC-MAIN-2013-20-index?url=theroomz.org%2Fcheck.swf&matchType=exact&output=json: <urlopen error timed out>')
CC-MAIN-2013-20	www.theroomz.yoyo.pl/hof.swf	RuntimeError('https://index.commoncrawl.org/CC-MAIN-2013-20-index?url=www.theroomz.yoyo.pl%2Fhof.swf&matchType=exact&output=json: <urlopen error timed out>')
CC-MAIN-2013-20	theroomz.org/tescik.swf	RuntimeError('https://index.commoncrawl.org/CC-MAIN-2013-20-index?url=theroomz.org%2Ftescik.swf&matchType=exact&output=json: <urlopen error timed out>')
CC-MAIN-2013-20	www.theroomz.yoyo.pl/yoyo.pnq	RuntimeError('https://index.commoncrawl.org/CC-MAIN-2013-20-index?url=www.theroomz.yoyo.pl%2Fyoyo.pnq&matchType=exact&output=json: <urlopen error timed out>')
CC-MAIN-2013-20	www.theroomz.yoyo.pl/Redirect.swf	RuntimeError('https://index.commoncrawl.org/CC-MAIN-2013-20-index?url=www.theroomz.yoyo.pl%2FRedirect.swf&matchType=exact&output=json: <urlopen error timed out>')
CC-MAIN-2013-20	theroomz.org/rules.swf	RuntimeError('https://index.commoncrawl.org/CC-MAIN-2013-20-index?url=theroomz.org%2Frules.swf&matchType=exact&output=json: <urlopen error timed out>')
CC-MAIN-2013-20	theroomz.org/about.swf	RuntimeError('https://index.commoncrawl.org/CC-MAIN-2013-20-index?url=theroomz.org%2Fabout.swf&matchType=exact&output=json: <urlopen error timed out>')
CC-MAIN-2013-20	theroomz.org/sciemka.swf	RuntimeError('https://index.commoncrawl.org/CC-MAIN-2013-20-index?url=theroomz.org%2Fsciemka.swf&matchType=exact&output=json: <urlopen error timed out>')
CC-MAIN-2013-20	theroomz.org/solutions.swf	RuntimeError('https://index.commoncrawl.org/CC-MAIN-2013-20-index?url=theroomz.org%2Fsolutions.swf&matchType=exact&output=json: <urlopen error timed out>')
CC-MAIN-2013-20	theroomz.org/ile.txt	RuntimeError('https://index.commoncrawl.org/CC-MAIN-2013-20-index?url=theroomz.org%2File.txt&matchType=exact&output=json: <urlopen error timed out>')
CC-MAIN-2013-20	www.theroomz.yoyo.pl/cannon.txt	RuntimeError('https://index.commoncrawl.org/CC-MAIN-2013-20-index?url=www.theroomz.yoyo.pl%2Fcannon.txt&matchType=exact&output=json: <urlopen error timed out>')
CC-MAIN-2013-20	theroomz.org/bonus.txt	RuntimeError('https://index.commoncrawl.org/CC-MAIN-2013-20-index?url=theroomz.org%2Fbonus.txt&matchType=exact&output=json: <urlopen error timed out>')
CC-MAIN-2013-20	theroomz.org/Redirect.swf	RuntimeError('https://index.commoncrawl.org/CC-MAIN-2013-20-index?url=theroomz.org%2FRedirect.swf&matchType=exact&output=json: <urlopen error timed out>')
CC-MAIN-2013-20	theroomz.org/BlackAndWhite.swf	RuntimeError('https://index.commoncrawl.org/CC-MAIN-2013-20-index?url=theroomz.org%2FBlackAndWhite.swf&matchType=exact&output=json: <urlopen error timed out>')
CC-MAIN-2013-20	theroomz.org/yoyo.pnq	RuntimeError('https://index.commoncrawl.org/CC-MAIN-2013-20-index?url=theroomz.org%2Fyoyo.pnq&matchType=exact&output=json: <urlopen error timed out>')
CC-MAIN-2013-20	www.theroomz.org/check.swf	RuntimeError('https://index.commoncrawl.org/CC-MAIN-2013-20-index?url=www.theroomz.org%2Fcheck.swf&matchType=exact&output=json: <urlopen error timed out>')
CC-MAIN-2013-20	www.theroomz.org/sciemka.swf	RuntimeError('https://index.commoncrawl.org/CC-MAIN-2013-20-index?url=www.theroomz.org%2Fsciemka.swf&matchType=exact&output=json: <urlopen error timed out>')
CC-MAIN-2013-20	www.theroomz.org/rules.swf	RuntimeError('https://index.commoncrawl.org/CC-MAIN-2013-20-index?url=www.theroomz.org%2Frules.swf&matchType=exact&output=json: <urlopen error timed out>')
CC-MAIN-2013-20	theroomz.org/hof.swf	RuntimeError('https://index.commoncrawl.org/CC-MAIN-2013-20-index?url=theroomz.org%2Fhof.swf&matchType=exact&output=json: <urlopen error timed out>')
CC-MAIN-2013-20	theroomz.org/cannon.txt	RuntimeError('https://index.commoncrawl.org/CC-MAIN-2013-20-index?url=theroomz.org%2Fcannon.txt&matchType=exact&output=json: <urlopen error timed out>')
CC-MAIN-2013-20	theroomz.org/paper/BlackAndWhite.swf	RuntimeError('https://index.commoncrawl.org/CC-MAIN-2013-20-index?url=theroomz.org%2Fpaper%2FBlackAndWhite.swf&matchType=exact&output=json: <urlopen error timed out>')
CC-MAIN-2013-20	www.theroomz.org/tescik.swf	RuntimeError('https://index.commoncrawl.org/CC-MAIN-2013-20-index?url=www.theroomz.org%2Ftescik.swf&matchType=exact&output=json: <urlopen error timed out>')
CC-MAIN-2013-20	www.theroomz.org/about.swf	RuntimeError('https://index.commoncrawl.org/CC-MAIN-2013-20-index?url=www.theroomz.org%2Fabout.swf&matchType=exact&output=json: <urlopen error timed out>')
CC-MAIN-2013-20	www.theroomz.org/solutions.swf	RuntimeError('https://index.commoncrawl.org/CC-MAIN-2013-20-index?url=www.theroomz.org%2Fsolutions.swf&matchType=exact&output=json: <urlopen error timed out>')
CC-MAIN-2013-20	www.theroomz.org/hof.swf	RuntimeError('https://index.commoncrawl.org/CC-MAIN-2013-20-index?url=www.theroomz.org%2Fhof.swf&matchType=exact&output=json: <urlopen error timed out>')
CC-MAIN-2013-20	www.theroomz.org/Redirect.swf	RuntimeError('https://index.commoncrawl.org/CC-MAIN-2013-20-index?url=www.theroomz.org%2FRedirect.swf&matchType=exact&output=json: <urlopen error timed out>')
CC-MAIN-2013-20	dreamward.home.pl/theroomz/about.swf	RuntimeError('https://index.commoncrawl.org/CC-MAIN-2013-20-index?url=dreamward.home.pl%2Ftheroomz%2Fabout.swf&matchType=exact&output=json: <urlopen error timed out>')
CC-MAIN-2013-20	dreamward.home.pl/theroomz/sciemka.swf	RuntimeError('https://index.commoncrawl.org/CC-MAIN-2013-20-index?url=dreamward.home.pl%2Ftheroomz%2Fsciemka.swf&matchType=exact&output=json: <urlopen error timed out>')
CC-MAIN-2013-20	www.theroomz.org/yoyo.pnq	RuntimeError('https://index.commoncrawl.org/CC-MAIN-2013-20-index?url=www.theroomz.org%2Fyoyo.pnq&matchType=exact&output=json: <urlopen error timed out>')
CC-MAIN-2013-20	www.theroomz.org/ile.txt	RuntimeError('https://index.commoncrawl.org/CC-MAIN-2013-20-index?url=www.theroomz.org%2File.txt&matchType=exact&output=json: <urlopen error timed out>')
CC-MAIN-2013-20	www.theroomz.org/BlackAndWhite.swf	RuntimeError('https://index.commoncrawl.org/CC-MAIN-2013-20-index?url=www.theroomz.org%2FBlackAndWhite.swf&matchType=exact&output=json: <urlopen error timed out>')
CC-MAIN-2013-20	www.theroomz.org/bonus.txt	RuntimeError('https://index.commoncrawl.org/CC-MAIN-2013-20-index?url=www.theroomz.org%2Fbonus.txt&matchType=exact&output=json: <urlopen error timed out>')
CC-MAIN-2013-20	dreamward.home.pl/theroomz/rules.swf	RuntimeError('https://index.commoncrawl.org/CC-MAIN-2013-20-index?url=dreamward.home.pl%2Ftheroomz%2Frules.swf&matchType=exact&output=json: <urlopen error timed out>')
CC-MAIN-2013-20	www.theroomz.org/paper/BlackAndWhite.swf	RuntimeError('https://index.commoncrawl.org/CC-MAIN-2013-20-index?url=www.theroomz.org%2Fpaper%2FBlackAndWhite.swf&matchType=exact&output=json: <urlopen error timed out>')
CC-MAIN-2013-20	dreamward.home.pl/theroomz/check.swf	RuntimeError('https://index.commoncrawl.org/CC-MAIN-2013-20-index?url=dreamward.home.pl%2Ftheroomz%2Fcheck.swf&matchType=exact&output=json: <urlopen error timed out>')
CC-MAIN-2013-20	www.theroomz.org/cannon.txt	RuntimeError('https://index.commoncrawl.org/CC-MAIN-2013-20-index?url=www.theroomz.org%2Fcannon.txt&matchType=exact&output=json: <urlopen error timed out>')
CC-MAIN-2013-20	dreamward.home.pl/theroomz/bonus.txt	RuntimeError('https://index.commoncrawl.org/CC-MAIN-2013-20-index?url=dreamward.home.pl%2Ftheroomz%2Fbonus.txt&matchType=exact&output=json: <urlopen error timed out>')
CC-MAIN-2013-20	dreamward.home.pl/theroomz/solutions.swf	RuntimeError('https://index.commoncrawl.org/CC-MAIN-2013-20-index?url=dreamward.home.pl%2Ftheroomz%2Fsolutions.swf&matchType=exact&output=json: <urlopen error timed out>')
CC-MAIN-2013-20	dreamward.home.pl/theroomz/BlackAndWhite.swf	RuntimeError('https://index.commoncrawl.org/CC-MAIN-2013-20-index?url=dreamward.home.pl%2Ftheroomz%2FBlackAndWhite.swf&matchType=exact&output=json: <urlopen error timed out>')
CC-MAIN-2013-20	dreamward.home.pl/theroomz/tescik.swf	RuntimeError('https://index.commoncrawl.org/CC-MAIN-2013-20-index?url=dreamward.home.pl%2Ftheroomz%2Ftescik.swf&matchType=exact&output=json: <urlopen error timed out>')
CC-MAIN-2013-20	dreamward.home.pl/theroomz/ile.txt	RuntimeError('https://index.commoncrawl.org/CC-MAIN-2013-20-index?url=dreamward.home.pl%2Ftheroomz%2File.txt&matchType=exact&output=json: <urlopen error timed out>')
CC-MAIN-2013-20	dreamwardgames.com/theroomz/sciemka.swf	RuntimeError('https://index.commoncrawl.org/CC-MAIN-2013-20-index?url=dreamwardgames.com%2Ftheroomz%2Fsciemka.swf&matchType=exact&output=json: <urlopen error timed out>')
CC-MAIN-2013-20	dreamward.home.pl/theroomz/hof.swf	RuntimeError('https://index.commoncrawl.org/CC-MAIN-2013-20-index?url=dreamward.home.pl%2Ftheroomz%2Fhof.swf&matchType=exact&output=json: <urlopen error timed out>')
CC-MAIN-2013-20	dreamward.home.pl/theroomz/yoyo.pnq	RuntimeError('https://index.commoncrawl.org/CC-MAIN-2013-20-index?url=dreamward.home.pl%2Ftheroomz%2Fyoyo.pnq&matchType=exact&output=json: <urlopen error timed out>')
CC-MAIN-2013-20	dreamward.home.pl/theroomz/paper/BlackAndWhite.swf	RuntimeError('https://index.commoncrawl.org/CC-MAIN-2013-20-index?url=dreamward.home.pl%2Ftheroomz%2Fpaper%2FBlackAndWhite.swf&matchType=exact&output=json: <urlopen error timed out>')
CC-MAIN-2013-20	dreamward.home.pl/theroomz/Redirect.swf	RuntimeError('https://index.commoncrawl.org/CC-MAIN-2013-20-index?url=dreamward.home.pl%2Ftheroomz%2FRedirect.swf&matchType=exact&output=json: <urlopen error timed out>')
CC-MAIN-2013-20	dreamward.home.pl/theroomz/cannon.txt	RuntimeError('https://index.commoncrawl.org/CC-MAIN-2013-20-index?url=dreamward.home.pl%2Ftheroomz%2Fcannon.txt&matchType=exact&output=json: <urlopen error timed out>')
CC-MAIN-2013-20	dreamwardgames.com/theroomz/check.swf	RuntimeError('https://index.commoncrawl.org/CC-MAIN-2013-20-index?url=dreamwardgames.com%2Ftheroomz%2Fcheck.swf&matchType=exact&output=json: <urlopen error timed out>')
CC-MAIN-2013-20	dreamwardgames.com/theroomz/cannon.txt	RuntimeError('https://index.commoncrawl.org/CC-MAIN-2013-20-index?url=dreamwardgames.com%2Ftheroomz%2Fcannon.txt&matchType=exact&output=json: <urlopen error timed out>')
CC-MAIN-2013-20	dreamwardgames.com/theroomz/ile.txt	RuntimeError('https://index.commoncrawl.org/CC-MAIN-2013-20-index?url=dreamwardgames.com%2Ftheroomz%2File.txt&matchType=exact&output=json: <urlopen error timed out>')
CC-MAIN-2013-20	dreamwardgames.com/theroomz/paper/BlackAndWhite.swf	RuntimeError('https://index.commoncrawl.org/CC-MAIN-2013-20-index?url=dreamwardgames.com%2Ftheroomz%2Fpaper%2FBlackAndWhite.swf&matchType=exact&output=json: <urlopen error timed out>')
CC-MAIN-2013-20	dreamwardgames.com/theroomz/rules.swf	RuntimeError('https://index.commoncrawl.org/CC-MAIN-2013-20-index?url=dreamwardgames.com%2Ftheroomz%2Frules.swf&matchType=exact&output=json: <urlopen error timed out>')
CC-MAIN-2013-20	dreamwardgames.com/theroomz/BlackAndWhite.swf	RuntimeError('https://index.commoncrawl.org/CC-MAIN-2013-20-index?url=dreamwardgames.com%2Ftheroomz%2FBlackAndWhite.swf&matchType=exact&output=json: <urlopen error timed out>')
CC-MAIN-2013-20	dreamwardgames.com/theroomz/yoyo.pnq	RuntimeError('https://index.commoncrawl.org/CC-MAIN-2013-20-index?url=dreamwardgames.com%2Ftheroomz%2Fyoyo.pnq&matchType=exact&output=json: <urlopen error timed out>')
CC-MAIN-2013-20	dreamwardgames.com/theroomz/solutions.swf	RuntimeError('https://index.commoncrawl.org/CC-MAIN-2013-20-index?url=dreamwardgames.com%2Ftheroomz%2Fsolutions.swf&matchType=exact&output=json: <urlopen error timed out>')
CC-MAIN-2013-20	dreamwardgames.com/theroomz/hof.swf	RuntimeError('https://index.commoncrawl.org/CC-MAIN-2013-20-index?url=dreamwardgames.com%2Ftheroomz%2Fhof.swf&matchType=exact&output=json: <urlopen error timed out>')
CC-MAIN-2013-20	dreamwardgames.com/theroomz/about.swf	RuntimeError('https://index.commoncrawl.org/CC-MAIN-2013-20-index?url=dreamwardgames.com%2Ftheroomz%2Fabout.swf&matchType=exact&output=json: <urlopen error timed out>')
CC-MAIN-2013-20	dreamwardgames.com/theroomz/tescik.swf	RuntimeError('https://index.commoncrawl.org/CC-MAIN-2013-20-index?url=dreamwardgames.com%2Ftheroomz%2Ftescik.swf&matchType=exact&output=json: <urlopen error timed out>')
CC-MAIN-2013-20	dreamwardgames.com/theroomz/Redirect.swf	RuntimeError('https://index.commoncrawl.org/CC-MAIN-2013-20-index?url=dreamwardgames.com%2Ftheroomz%2FRedirect.swf&matchType=exact&output=json: <urlopen error timed out>')
CC-MAIN-2013-20	dreamwardgames.com/theroomz/bonus.txt	RuntimeError('https://index.commoncrawl.org/CC-MAIN-2013-20-index?url=dreamwardgames.com%2Ftheroomz%2Fbonus.txt&matchType=exact&output=json: <urlopen error timed out>')
CC-MAIN-2013-48	theroomz.yoyo.pl/hof.swf	RuntimeError('https://index.commoncrawl.org/CC-MAIN-2013-48-index?url=theroomz.yoyo.pl%2Fhof.swf&matchType=exact&output=json: <urlopen error timed out>')
CC-MAIN-2013-48	theroomz.yoyo.pl/BlackAndWhite.swf	RuntimeError('https://index.commoncrawl.org/CC-MAIN-2013-48-index?url=theroomz.yoyo.pl%2FBlackAndWhite.swf&matchType=exact&output=json: <urlopen error timed out>')
CC-MAIN-2013-48	theroomz.yoyo.pl/solutions.swf	RuntimeError('https://index.commoncrawl.org/CC-MAIN-2013-48-index?url=theroomz.yoyo.pl%2Fsolutions.swf&matchType=exact&output=json: <urlopen error timed out>')
CC-MAIN-2013-48	theroomz.yoyo.pl/Redirect.swf	RuntimeError('https://index.commoncrawl.org/CC-MAIN-2013-48-index?url=theroomz.yoyo.pl%2FRedirect.swf&matchType=exact&output=json: <urlopen error timed out>')
CC-MAIN-2013-48	theroomz.yoyo.pl/paper/BlackAndWhite.swf	RuntimeError('https://index.commoncrawl.org/CC-MAIN-2013-48-index?url=theroomz.yoyo.pl%2Fpaper%2FBlackAndWhite.swf&matchType=exact&output=json: <urlopen error timed out>')
CC-MAIN-2013-48	theroomz.yoyo.pl/sciemka.swf	RuntimeError('https://index.commoncrawl.org/CC-MAIN-2013-48-index?url=theroomz.yoyo.pl%2Fsciemka.swf&matchType=exact&output=json: <urlopen error timed out>')
CC-MAIN-2013-48	theroomz.yoyo.pl/about.swf	RuntimeError('https://index.commoncrawl.org/CC-MAIN-2013-48-index?url=theroomz.yoyo.pl%2Fabout.swf&matchType=exact&output=json: <urlopen error timed out>')
CC-MAIN-2013-48	theroomz.yoyo.pl/bonus.txt	RuntimeError('https://index.commoncrawl.org/CC-MAIN-2013-48-index?url=theroomz.yoyo.pl%2Fbonus.txt&matchType=exact&output=json: <urlopen error timed out>')
CC-MAIN-2013-48	theroomz.yoyo.pl/tescik.swf	RuntimeError('https://index.commoncrawl.org/CC-MAIN-2013-48-index?url=theroomz.yoyo.pl%2Ftescik.swf&matchType=exact&output=json: <urlopen error timed out>')
CC-MAIN-2013-48	theroomz.yoyo.pl/rules.swf	RuntimeError('https://index.commoncrawl.org/CC-MAIN-2013-48-index?url=theroomz.yoyo.pl%2Frules.swf&matchType=exact&output=json: <urlopen error timed out>')
CC-MAIN-2013-48	theroomz.yoyo.pl/check.swf	RuntimeError('https://index.commoncrawl.org/CC-MAIN-2013-48-index?url=theroomz.yoyo.pl%2Fcheck.swf&matchType=exact&output=json: <urlopen error timed out>')
CC-MAIN-2013-48	theroomz.yoyo.pl/ile.txt	RuntimeError('https://index.commoncrawl.org/CC-MAIN-2013-48-index?url=theroomz.yoyo.pl%2File.txt&matchType=exact&output=json: <urlopen error timed out>')
CC-MAIN-2013-48	www.theroomz.yoyo.pl/hof.swf	RuntimeError('https://index.commoncrawl.org/CC-MAIN-2013-48-index?url=www.theroomz.yoyo.pl%2Fhof.swf&matchType=exact&output=json: <urlopen error timed out>')
CC-MAIN-2013-48	www.theroomz.yoyo.pl/cannon.txt	RuntimeError('https://index.commoncrawl.org/CC-MAIN-2013-48-index?url=www.theroomz.yoyo.pl%2Fcannon.txt&matchType=exact&output=json: <urlopen error timed out>')
CC-MAIN-2013-48	www.theroomz.yoyo.pl/rules.swf	RuntimeError('https://index.commoncrawl.org/CC-MAIN-2013-48-index?url=www.theroomz.yoyo.pl%2Frules.swf&matchType=exact&output=json: <urlopen error timed out>')
CC-MAIN-2013-48	www.theroomz.yoyo.pl/about.swf	RuntimeError('https://index.commoncrawl.org/CC-MAIN-2013-48-index?url=www.theroomz.yoyo.pl%2Fabout.swf&matchType=exact&output=json: <urlopen error timed out>')
CC-MAIN-2013-48	www.theroomz.yoyo.pl/tescik.swf	RuntimeError('https://index.commoncrawl.org/CC-MAIN-2013-48-index?url=www.theroomz.yoyo.pl%2Ftescik.swf&matchType=exact&output=json: <urlopen error timed out>')
CC-MAIN-2013-48	www.theroomz.yoyo.pl/Redirect.swf	RuntimeError('https://index.commoncrawl.org/CC-MAIN-2013-48-index?url=www.theroomz.yoyo.pl%2FRedirect.swf&matchType=exact&output=json: <urlopen error timed out>')
CC-MAIN-2013-48	theroomz.org/rules.swf	RuntimeError('https://index.commoncrawl.org/CC-MAIN-2013-48-index?url=theroomz.org%2Frules.swf&matchType=exact&output=json: <urlopen error timed out>')
CC-MAIN-2013-48	theroomz.org/sciemka.swf	RuntimeError('https://index.commoncrawl.org/CC-MAIN-2013-48-index?url=theroomz.org%2Fsciemka.swf&matchType=exact&output=json: <urlopen error timed out>')
CC-MAIN-2013-48	theroomz.org/bonus.txt	RuntimeError('https://index.commoncrawl.org/CC-MAIN-2013-48-index?url=theroomz.org%2Fbonus.txt&matchType=exact&output=json: <urlopen error timed out>')
CC-MAIN-2013-48	theroomz.org/check.swf	RuntimeError('https://index.commoncrawl.org/CC-MAIN-2013-48-index?url=theroomz.org%2Fcheck.swf&matchType=exact&output=json: <urlopen error timed out>')
CC-MAIN-2013-48	www.theroomz.yoyo.pl/yoyo.pnq	RuntimeError('https://index.commoncrawl.org/CC-MAIN-2013-48-index?url=www.theroomz.yoyo.pl%2Fyoyo.pnq&matchType=exact&output=json: <urlopen error timed out>')
CC-MAIN-2013-48	www.theroomz.yoyo.pl/BlackAndWhite.swf	RuntimeError('https://index.commoncrawl.org/CC-MAIN-2013-48-index?url=www.theroomz.yoyo.pl%2FBlackAndWhite.swf&matchType=exact&output=json: <urlopen error timed out>')
CC-MAIN-2013-48	www.theroomz.yoyo.pl/ile.txt	RuntimeError('https://index.commoncrawl.org/CC-MAIN-2013-48-index?url=www.theroomz.yoyo.pl%2File.txt&matchType=exact&output=json: <urlopen error timed out>')
CC-MAIN-2013-48	theroomz.org/about.swf	RuntimeError('https://index.commoncrawl.org/CC-MAIN-2013-48-index?url=theroomz.org%2Fabout.swf&matchType=exact&output=json: <urlopen error timed out>')
CC-MAIN-2013-48	theroomz.yoyo.pl/cannon.txt	RuntimeError('https://index.commoncrawl.org/CC-MAIN-2013-48-index?url=theroomz.yoyo.pl%2Fcannon.txt&matchType=exact&output=json: <urlopen error timed out>')
CC-MAIN-2013-48	www.theroomz.yoyo.pl/paper/BlackAndWhite.swf	RuntimeError('https://index.commoncrawl.org/CC-MAIN-2013-48-index?url=www.theroomz.yoyo.pl%2Fpaper%2FBlackAndWhite.swf&matchType=exact&output=json: <urlopen error timed out>')
CC-MAIN-2013-48	theroomz.org/ile.txt	RuntimeError('https://index.commoncrawl.org/CC-MAIN-2013-48-index?url=theroomz.org%2File.txt&matchType=exact&output=json: <urlopen error timed out>')
CC-MAIN-2013-48	www.theroomz.yoyo.pl/sciemka.swf	RuntimeError('https://index.commoncrawl.org/CC-MAIN-2013-48-index?url=www.theroomz.yoyo.pl%2Fsciemka.swf&matchType=exact&output=json: <urlopen error timed out>')
CC-MAIN-2013-48	www.theroomz.yoyo.pl/bonus.txt	RuntimeError('https://index.commoncrawl.org/CC-MAIN-2013-48-index?url=www.theroomz.yoyo.pl%2Fbonus.txt&matchType=exact&output=json: <urlopen error timed out>')
CC-MAIN-2013-48	theroomz.yoyo.pl/yoyo.pnq	RuntimeError('https://index.commoncrawl.org/CC-MAIN-2013-48-index?url=theroomz.yoyo.pl%2Fyoyo.pnq&matchType=exact&output=json: <urlopen error timed out>')
CC-MAIN-2013-48	theroomz.org/tescik.swf	RuntimeError('https://index.commoncrawl.org/CC-MAIN-2013-48-index?url=theroomz.org%2Ftescik.swf&matchType=exact&output=json: <urlopen error timed out>')
CC-MAIN-2013-48	www.theroomz.yoyo.pl/solutions.swf	RuntimeError('https://index.commoncrawl.org/CC-MAIN-2013-48-index?url=www.theroomz.yoyo.pl%2Fsolutions.swf&matchType=exact&output=json: <urlopen error timed out>')
CC-MAIN-2013-48	theroomz.org/solutions.swf	RuntimeError('https://index.commoncrawl.org/CC-MAIN-2013-48-index?url=theroomz.org%2Fsolutions.swf&matchType=exact&output=json: <urlopen error timed out>')
CC-MAIN-2013-48	www.theroomz.yoyo.pl/check.swf	RuntimeError('https://index.commoncrawl.org/CC-MAIN-2013-48-index?url=www.theroomz.yoyo.pl%2Fcheck.swf&matchType=exact&output=json: <urlopen error timed out>')
CC-MAIN-2013-48	www.theroomz.org/bonus.txt	RuntimeError('https://index.commoncrawl.org/CC-MAIN-2013-48-index?url=www.theroomz.org%2Fbonus.txt&matchType=exact&output=json: <urlopen error timed out>')
CC-MAIN-2013-48	theroomz.org/yoyo.pnq	RuntimeError('https://index.commoncrawl.org/CC-MAIN-2013-48-index?url=theroomz.org%2Fyoyo.pnq&matchType=exact&output=json: <urlopen error timed out>')
CC-MAIN-2013-48	www.theroomz.org/tescik.swf	RuntimeError('https://index.commoncrawl.org/CC-MAIN-2013-48-index?url=www.theroomz.org%2Ftescik.swf&matchType=exact&output=json: <urlopen error timed out>')
CC-MAIN-2013-48	www.theroomz.org/yoyo.pnq	RuntimeError('https://index.commoncrawl.org/CC-MAIN-2013-48-index?url=www.theroomz.org%2Fyoyo.pnq&matchType=exact&output=json: <urlopen error timed out>')
CC-MAIN-2013-48	theroomz.org/BlackAndWhite.swf	RuntimeError('https://index.commoncrawl.org/CC-MAIN-2013-48-index?url=theroomz.org%2FBlackAndWhite.swf&matchType=exact&output=json: <urlopen error timed out>')
CC-MAIN-2013-48	www.theroomz.org/about.swf	RuntimeError('https://index.commoncrawl.org/CC-MAIN-2013-48-index?url=www.theroomz.org%2Fabout.swf&matchType=exact&output=json: <urlopen error timed out>')
CC-MAIN-2013-48	www.theroomz.org/Redirect.swf	RuntimeError('https://index.commoncrawl.org/CC-MAIN-2013-48-index?url=www.theroomz.org%2FRedirect.swf&matchType=exact&output=json: <urlopen error timed out>')
CC-MAIN-2013-48	www.theroomz.org/ile.txt	RuntimeError('https://index.commoncrawl.org/CC-MAIN-2013-48-index?url=www.theroomz.org%2File.txt&matchType=exact&output=json: <urlopen error timed out>')
CC-MAIN-2013-48	dreamward.home.pl/theroomz/check.swf	RuntimeError('https://index.commoncrawl.org/CC-MAIN-2013-48-index?url=dreamward.home.pl%2Ftheroomz%2Fcheck.swf&matchType=exact&output=json: <urlopen error timed out>')
CC-MAIN-2013-48	dreamward.home.pl/theroomz/sciemka.swf	RuntimeError('https://index.commoncrawl.org/CC-MAIN-2013-48-index?url=dreamward.home.pl%2Ftheroomz%2Fsciemka.swf&matchType=exact&output=json: <urlopen error timed out>')
CC-MAIN-2013-48	www.theroomz.org/sciemka.swf	RuntimeError('https://index.commoncrawl.org/CC-MAIN-2013-48-index?url=www.theroomz.org%2Fsciemka.swf&matchType=exact&output=json: <urlopen error timed out>')
CC-MAIN-2013-48	theroomz.org/cannon.txt	RuntimeError('https://index.commoncrawl.org/CC-MAIN-2013-48-index?url=theroomz.org%2Fcannon.txt&matchType=exact&output=json: <urlopen error timed out>')
CC-MAIN-2013-48	www.theroomz.org/check.swf	RuntimeError('https://index.commoncrawl.org/CC-MAIN-2013-48-index?url=www.theroomz.org%2Fcheck.swf&matchType=exact&output=json: <urlopen error timed out>')
CC-MAIN-2013-48	www.theroomz.org/BlackAndWhite.swf	RuntimeError('https://index.commoncrawl.org/CC-MAIN-2013-48-index?url=www.theroomz.org%2FBlackAndWhite.swf&matchType=exact&output=json: <urlopen error timed out>')
CC-MAIN-2013-48	theroomz.org/paper/BlackAndWhite.swf	RuntimeError('https://index.commoncrawl.org/CC-MAIN-2013-48-index?url=theroomz.org%2Fpaper%2FBlackAndWhite.swf&matchType=exact&output=json: <urlopen error timed out>')
CC-MAIN-2013-48	www.theroomz.org/paper/BlackAndWhite.swf	RuntimeError('https://index.commoncrawl.org/CC-MAIN-2013-48-index?url=www.theroomz.org%2Fpaper%2FBlackAndWhite.swf&matchType=exact&output=json: <urlopen error timed out>')
CC-MAIN-2013-48	theroomz.org/Redirect.swf	RuntimeError('https://index.commoncrawl.org/CC-MAIN-2013-48-index?url=theroomz.org%2FRedirect.swf&matchType=exact&output=json: <urlopen error timed out>')
CC-MAIN-2013-48	www.theroomz.org/solutions.swf	RuntimeError('https://index.commoncrawl.org/CC-MAIN-2013-48-index?url=www.theroomz.org%2Fsolutions.swf&matchType=exact&output=json: <urlopen error timed out>')
CC-MAIN-2013-48	www.theroomz.org/hof.swf	RuntimeError('https://index.commoncrawl.org/CC-MAIN-2013-48-index?url=www.theroomz.org%2Fhof.swf&matchType=exact&output=json: <urlopen error timed out>')
CC-MAIN-2013-48	www.theroomz.org/cannon.txt	RuntimeError('https://index.commoncrawl.org/CC-MAIN-2013-48-index?url=www.theroomz.org%2Fcannon.txt&matchType=exact&output=json: <urlopen error timed out>')
CC-MAIN-2013-48	theroomz.org/hof.swf	RuntimeError('https://index.commoncrawl.org/CC-MAIN-2013-48-index?url=theroomz.org%2Fhof.swf&matchType=exact&output=json: <urlopen error timed out>')
CC-MAIN-2013-48	www.theroomz.org/rules.swf	RuntimeError('https://index.commoncrawl.org/CC-MAIN-2013-48-index?url=www.theroomz.org%2Frules.swf&matchType=exact&output=json: <urlopen error timed out>')
CC-MAIN-2013-48	dreamward.home.pl/theroomz/about.swf	RuntimeError('https://index.commoncrawl.org/CC-MAIN-2013-48-index?url=dreamward.home.pl%2Ftheroomz%2Fabout.swf&matchType=exact&output=json: <urlopen error timed out>')
CC-MAIN-2013-48	dreamward.home.pl/theroomz/rules.swf	RuntimeError('https://index.commoncrawl.org/CC-MAIN-2013-48-index?url=dreamward.home.pl%2Ftheroomz%2Frules.swf&matchType=exact&output=json: <urlopen error timed out>')
CC-MAIN-2013-48	dreamwardgames.com/theroomz/ile.txt	RuntimeError('https://index.commoncrawl.org/CC-MAIN-2013-48-index?url=dreamwardgames.com%2Ftheroomz%2File.txt&matchType=exact&output=json: <urlopen error timed out>')
CC-MAIN-2013-48	dreamwardgames.com/theroomz/hof.swf	RuntimeError('https://index.commoncrawl.org/CC-MAIN-2013-48-index?url=dreamwardgames.com%2Ftheroomz%2Fhof.swf&matchType=exact&output=json: <urlopen error timed out>')
CC-MAIN-2013-48	dreamward.home.pl/theroomz/paper/BlackAndWhite.swf	RuntimeError('https://index.commoncrawl.org/CC-MAIN-2013-48-index?url=dreamward.home.pl%2Ftheroomz%2Fpaper%2FBlackAndWhite.swf&matchType=exact&output=json: <urlopen error timed out>')
CC-MAIN-2013-48	dreamwardgames.com/theroomz/check.swf	RuntimeError('https://index.commoncrawl.org/CC-MAIN-2013-48-index?url=dreamwardgames.com%2Ftheroomz%2Fcheck.swf&matchType=exact&output=json: <urlopen error timed out>')
CC-MAIN-2013-48	dreamward.home.pl/theroomz/cannon.txt	RuntimeError('https://index.commoncrawl.org/CC-MAIN-2013-48-index?url=dreamward.home.pl%2Ftheroomz%2Fcannon.txt&matchType=exact&output=json: <urlopen error timed out>')
CC-MAIN-2013-48	dreamwardgames.com/theroomz/tescik.swf	RuntimeError('https://index.commoncrawl.org/CC-MAIN-2013-48-index?url=dreamwardgames.com%2Ftheroomz%2Ftescik.swf&matchType=exact&output=json: <urlopen error timed out>')
CC-MAIN-2013-48	dreamwardgames.com/theroomz/rules.swf	RuntimeError('https://index.commoncrawl.org/CC-MAIN-2013-48-index?url=dreamwardgames.com%2Ftheroomz%2Frules.swf&matchType=exact&output=json: <urlopen error timed out>')
CC-MAIN-2013-48	dreamward.home.pl/theroomz/solutions.swf	RuntimeError('https://index.commoncrawl.org/CC-MAIN-2013-48-index?url=dreamward.home.pl%2Ftheroomz%2Fsolutions.swf&matchType=exact&output=json: <urlopen error timed out>')
CC-MAIN-2013-48	dreamwardgames.com/theroomz/about.swf	RuntimeError('https://index.commoncrawl.org/CC-MAIN-2013-48-index?url=dreamwardgames.com%2Ftheroomz%2Fabout.swf&matchType=exact&output=json: <urlopen error timed out>')
CC-MAIN-2013-48	dreamwardgames.com/theroomz/Redirect.swf	RuntimeError('https://index.commoncrawl.org/CC-MAIN-2013-48-index?url=dreamwardgames.com%2Ftheroomz%2FRedirect.swf&matchType=exact&output=json: <urlopen error timed out>')
CC-MAIN-2013-48	dreamwardgames.com/theroomz/solutions.swf	RuntimeError('https://index.commoncrawl.org/CC-MAIN-2013-48-index?url=dreamwardgames.com%2Ftheroomz%2Fsolutions.swf&matchType=exact&output=json: <urlopen error timed out>')
CC-MAIN-2013-48	dreamward.home.pl/theroomz/yoyo.pnq	RuntimeError('https://index.commoncrawl.org/CC-MAIN-2013-48-index?url=dreamward.home.pl%2Ftheroomz%2Fyoyo.pnq&matchType=exact&output=json: <urlopen error timed out>')
CC-MAIN-2013-48	dreamward.home.pl/theroomz/hof.swf	RuntimeError('https://index.commoncrawl.org/CC-MAIN-2013-48-index?url=dreamward.home.pl%2Ftheroomz%2Fhof.swf&matchType=exact&output=json: <urlopen error timed out>')
CC-MAIN-2013-48	dreamward.home.pl/theroomz/bonus.txt	RuntimeError('https://index.commoncrawl.org/CC-MAIN-2013-48-index?url=dreamward.home.pl%2Ftheroomz%2Fbonus.txt&matchType=exact&output=json: <urlopen error timed out>')
CC-MAIN-2013-48	dreamward.home.pl/theroomz/ile.txt	RuntimeError('https://index.commoncrawl.org/CC-MAIN-2013-48-index?url=dreamward.home.pl%2Ftheroomz%2File.txt&matchType=exact&output=json: <urlopen error timed out>')
CC-MAIN-2013-48	dreamwardgames.com/theroomz/BlackAndWhite.swf	RuntimeError('https://index.commoncrawl.org/CC-MAIN-2013-48-index?url=dreamwardgames.com%2Ftheroomz%2FBlackAndWhite.swf&matchType=exact&output=json: <urlopen error timed out>')
CC-MAIN-2013-48	dreamwardgames.com/theroomz/bonus.txt	RuntimeError('https://index.commoncrawl.org/CC-MAIN-2013-48-index?url=dreamwardgames.com%2Ftheroomz%2Fbonus.txt&matchType=exact&output=json: <urlopen error timed out>')
CC-MAIN-2013-48	dreamward.home.pl/theroomz/tescik.swf	RuntimeError('https://index.commoncrawl.org/CC-MAIN-2013-48-index?url=dreamward.home.pl%2Ftheroomz%2Ftescik.swf&matchType=exact&output=json: <urlopen error timed out>')
CC-MAIN-2013-48	dreamwardgames.com/theroomz/paper/BlackAndWhite.swf	RuntimeError('https://index.commoncrawl.org/CC-MAIN-2013-48-index?url=dreamwardgames.com%2Ftheroomz%2Fpaper%2FBlackAndWhite.swf&matchType=exact&output=json: <urlopen error timed out>')
CC-MAIN-2013-48	dreamward.home.pl/theroomz/Redirect.swf	RuntimeError('https://index.commoncrawl.org/CC-MAIN-2013-48-index?url=dreamward.home.pl%2Ftheroomz%2FRedirect.swf&matchType=exact&output=json: <urlopen error timed out>')
CC-MAIN-2013-48	dreamward.home.pl/theroomz/BlackAndWhite.swf	RuntimeError('https://index.commoncrawl.org/CC-MAIN-2013-48-index?url=dreamward.home.pl%2Ftheroomz%2FBlackAndWhite.swf&matchType=exact&output=json: <urlopen error timed out>')
CC-MAIN-2013-48	dreamwardgames.com/theroomz/sciemka.swf	RuntimeError('https://index.commoncrawl.org/CC-MAIN-2013-48-index?url=dreamwardgames.com%2Ftheroomz%2Fsciemka.swf&matchType=exact&output=json: <urlopen error timed out>')
CC-MAIN-2013-48	dreamwardgames.com/theroomz/yoyo.pnq	RuntimeError('https://index.commoncrawl.org/CC-MAIN-2013-48-index?url=dreamwardgames.com%2Ftheroomz%2Fyoyo.pnq&matchType=exact&output=json: <urlopen error timed out>')
CC-MAIN-2013-48	dreamwardgames.com/theroomz/cannon.txt	RuntimeError('https://index.commoncrawl.org/CC-MAIN-2013-48-index?url=dreamwardgames.com%2Ftheroomz%2Fcannon.txt&matchType=exact&output=json: <urlopen error timed out>')
CC-MAIN-2014-10	www.theroomz.yoyo.pl/solutions.swf	RuntimeError('https://index.commoncrawl.org/CC-MAIN-2014-10-index?url=www.theroomz.yoyo.pl%2Fsolutions.swf&matchType=exact&output=json: <urlopen error timed out>')
CC-MAIN-2014-10	theroomz.yoyo.pl/yoyo.pnq	RuntimeError('https://index.commoncrawl.org/CC-MAIN-2014-10-index?url=theroomz.yoyo.pl%2Fyoyo.pnq&matchType=exact&output=json: <urlopen error timed out>')
CC-MAIN-2014-10	www.theroomz.yoyo.pl/sciemka.swf	RuntimeError('https://index.commoncrawl.org/CC-MAIN-2014-10-index?url=www.theroomz.yoyo.pl%2Fsciemka.swf&matchType=exact&output=json: <urlopen error timed out>')
CC-MAIN-2014-10	www.theroomz.yoyo.pl/tescik.swf	RuntimeError('https://index.commoncrawl.org/CC-MAIN-2014-10-index?url=www.theroomz.yoyo.pl%2Ftescik.swf&matchType=exact&output=json: <urlopen error timed out>')
CC-MAIN-2014-10	www.theroomz.yoyo.pl/bonus.txt	RuntimeError('https://index.commoncrawl.org/CC-MAIN-2014-10-index?url=www.theroomz.yoyo.pl%2Fbonus.txt&matchType=exact&output=json: <urlopen error timed out>')
CC-MAIN-2014-10	theroomz.yoyo.pl/tescik.swf	RuntimeError('https://index.commoncrawl.org/CC-MAIN-2014-10-index?url=theroomz.yoyo.pl%2Ftescik.swf&matchType=exact&output=json: <urlopen error timed out>')
CC-MAIN-2014-10	theroomz.yoyo.pl/bonus.txt	RuntimeError('https://index.commoncrawl.org/CC-MAIN-2014-10-index?url=theroomz.yoyo.pl%2Fbonus.txt&matchType=exact&output=json: <urlopen error timed out>')
CC-MAIN-2014-10	theroomz.yoyo.pl/rules.swf	RuntimeError('https://index.commoncrawl.org/CC-MAIN-2014-10-index?url=theroomz.yoyo.pl%2Frules.swf&matchType=exact&output=json: <urlopen error timed out>')
CC-MAIN-2014-10	theroomz.yoyo.pl/Redirect.swf	RuntimeError('https://index.commoncrawl.org/CC-MAIN-2014-10-index?url=theroomz.yoyo.pl%2FRedirect.swf&matchType=exact&output=json: <urlopen error timed out>')
CC-MAIN-2014-10	www.theroomz.yoyo.pl/ile.txt	RuntimeError('https://index.commoncrawl.org/CC-MAIN-2014-10-index?url=www.theroomz.yoyo.pl%2File.txt&matchType=exact&output=json: <urlopen error timed out>')
CC-MAIN-2014-10	theroomz.yoyo.pl/check.swf	RuntimeError('https://index.commoncrawl.org/CC-MAIN-2014-10-index?url=theroomz.yoyo.pl%2Fcheck.swf&matchType=exact&output=json: <urlopen error timed out>')
CC-MAIN-2014-10	theroomz.yoyo.pl/paper/BlackAndWhite.swf	RuntimeError('https://index.commoncrawl.org/CC-MAIN-2014-10-index?url=theroomz.yoyo.pl%2Fpaper%2FBlackAndWhite.swf&matchType=exact&output=json: <urlopen error timed out>')
CC-MAIN-2014-10	theroomz.yoyo.pl/ile.txt	RuntimeError('https://index.commoncrawl.org/CC-MAIN-2014-10-index?url=theroomz.yoyo.pl%2File.txt&matchType=exact&output=json: <urlopen error timed out>')
CC-MAIN-2014-10	theroomz.yoyo.pl/BlackAndWhite.swf	RuntimeError('https://index.commoncrawl.org/CC-MAIN-2014-10-index?url=theroomz.yoyo.pl%2FBlackAndWhite.swf&matchType=exact&output=json: <urlopen error timed out>')
CC-MAIN-2014-10	theroomz.yoyo.pl/sciemka.swf	RuntimeError('https://index.commoncrawl.org/CC-MAIN-2014-10-index?url=theroomz.yoyo.pl%2Fsciemka.swf&matchType=exact&output=json: <urlopen error timed out>')
CC-MAIN-2014-10	www.theroomz.yoyo.pl/rules.swf	RuntimeError('https://index.commoncrawl.org/CC-MAIN-2014-10-index?url=www.theroomz.yoyo.pl%2Frules.swf&matchType=exact&output=json: <urlopen error timed out>')
CC-MAIN-2014-10	theroomz.yoyo.pl/about.swf	RuntimeError('https://index.commoncrawl.org/CC-MAIN-2014-10-index?url=theroomz.yoyo.pl%2Fabout.swf&matchType=exact&output=json: <urlopen error timed out>')
CC-MAIN-2014-10	theroomz.yoyo.pl/solutions.swf	RuntimeError('https://index.commoncrawl.org/CC-MAIN-2014-10-index?url=theroomz.yoyo.pl%2Fsolutions.swf&matchType=exact&output=json: <urlopen error timed out>')
CC-MAIN-2014-10	theroomz.yoyo.pl/hof.swf	RuntimeError('https://index.commoncrawl.org/CC-MAIN-2014-10-index?url=theroomz.yoyo.pl%2Fhof.swf&matchType=exact&output=json: <urlopen error timed out>')
CC-MAIN-2014-10	www.theroomz.yoyo.pl/check.swf	RuntimeError('https://index.commoncrawl.org/CC-MAIN-2014-10-index?url=www.theroomz.yoyo.pl%2Fcheck.swf&matchType=exact&output=json: <urlopen error timed out>')
CC-MAIN-2014-10	www.theroomz.yoyo.pl/about.swf	RuntimeError('https://index.commoncrawl.org/CC-MAIN-2014-10-index?url=www.theroomz.yoyo.pl%2Fabout.swf&matchType=exact&output=json: <urlopen error timed out>')
CC-MAIN-2014-10	theroomz.yoyo.pl/cannon.txt	RuntimeError('https://index.commoncrawl.org/CC-MAIN-2014-10-index?url=theroomz.yoyo.pl%2Fcannon.txt&matchType=exact&output=json: <urlopen error timed out>')
CC-MAIN-2014-10	www.theroomz.yoyo.pl/paper/BlackAndWhite.swf	RuntimeError('https://index.commoncrawl.org/CC-MAIN-2014-10-index?url=www.theroomz.yoyo.pl%2Fpaper%2FBlackAndWhite.swf&matchType=exact&output=json: <urlopen error timed out>')
CC-MAIN-2014-10	www.theroomz.yoyo.pl/BlackAndWhite.swf	RuntimeError('https://index.commoncrawl.org/CC-MAIN-2014-10-index?url=www.theroomz.yoyo.pl%2FBlackAndWhite.swf&matchType=exact&output=json: <urlopen error timed out>')
CC-MAIN-2014-10	www.theroomz.org/rules.swf	RuntimeError('https://index.commoncrawl.org/CC-MAIN-2014-10-index?url=www.theroomz.org%2Frules.swf&matchType=exact&output=json: <urlopen error timed out>')
CC-MAIN-2014-10	theroomz.org/bonus.txt	RuntimeError('https://index.commoncrawl.org/CC-MAIN-2014-10-index?url=theroomz.org%2Fbonus.txt&matchType=exact&output=json: <urlopen error timed out>')
CC-MAIN-2014-10	theroomz.org/about.swf	RuntimeError('https://index.commoncrawl.org/CC-MAIN-2014-10-index?url=theroomz.org%2Fabout.swf&matchType=exact&output=json: <urlopen error timed out>')
CC-MAIN-2014-10	theroomz.org/solutions.swf	RuntimeError('https://index.commoncrawl.org/CC-MAIN-2014-10-index?url=theroomz.org%2Fsolutions.swf&matchType=exact&output=json: <urlopen error timed out>')
CC-MAIN-2014-10	www.theroomz.yoyo.pl/yoyo.pnq	RuntimeError('https://index.commoncrawl.org/CC-MAIN-2014-10-index?url=www.theroomz.yoyo.pl%2Fyoyo.pnq&matchType=exact&output=json: <urlopen error timed out>')
CC-MAIN-2014-10	theroomz.org/Redirect.swf	RuntimeError('https://index.commoncrawl.org/CC-MAIN-2014-10-index?url=theroomz.org%2FRedirect.swf&matchType=exact&output=json: <urlopen error timed out>')
CC-MAIN-2014-10	theroomz.org/rules.swf	RuntimeError('https://index.commoncrawl.org/CC-MAIN-2014-10-index?url=theroomz.org%2Frules.swf&matchType=exact&output=json: <urlopen error timed out>')
CC-MAIN-2014-10	theroomz.org/ile.txt	RuntimeError('https://index.commoncrawl.org/CC-MAIN-2014-10-index?url=theroomz.org%2File.txt&matchType=exact&output=json: <urlopen error timed out>')
CC-MAIN-2014-10	www.theroomz.yoyo.pl/Redirect.swf	RuntimeError('https://index.commoncrawl.org/CC-MAIN-2014-10-index?url=www.theroomz.yoyo.pl%2FRedirect.swf&matchType=exact&output=json: <urlopen error timed out>')
CC-MAIN-2014-10	www.theroomz.org/check.swf	RuntimeError('https://index.commoncrawl.org/CC-MAIN-2014-10-index?url=www.theroomz.org%2Fcheck.swf&matchType=exact&output=json: <urlopen error timed out>')
CC-MAIN-2014-10	theroomz.org/hof.swf	RuntimeError('https://index.commoncrawl.org/CC-MAIN-2014-10-index?url=theroomz.org%2Fhof.swf&matchType=exact&output=json: <urlopen error timed out>')
CC-MAIN-2014-10	www.theroomz.org/sciemka.swf	RuntimeError('https://index.commoncrawl.org/CC-MAIN-2014-10-index?url=www.theroomz.org%2Fsciemka.swf&matchType=exact&output=json: <urlopen error timed out>')
CC-MAIN-2014-10	theroomz.org/check.swf	RuntimeError('https://index.commoncrawl.org/CC-MAIN-2014-10-index?url=theroomz.org%2Fcheck.swf&matchType=exact&output=json: <urlopen error timed out>')
CC-MAIN-2014-10	theroomz.org/yoyo.pnq	RuntimeError('https://index.commoncrawl.org/CC-MAIN-2014-10-index?url=theroomz.org%2Fyoyo.pnq&matchType=exact&output=json: <urlopen error timed out>')
CC-MAIN-2014-10	theroomz.org/paper/BlackAndWhite.swf	RuntimeError('https://index.commoncrawl.org/CC-MAIN-2014-10-index?url=theroomz.org%2Fpaper%2FBlackAndWhite.swf&matchType=exact&output=json: <urlopen error timed out>')
CC-MAIN-2014-10	theroomz.org/BlackAndWhite.swf	RuntimeError('https://index.commoncrawl.org/CC-MAIN-2014-10-index?url=theroomz.org%2FBlackAndWhite.swf&matchType=exact&output=json: <urlopen error timed out>')
CC-MAIN-2014-10	theroomz.org/tescik.swf	RuntimeError('https://index.commoncrawl.org/CC-MAIN-2014-10-index?url=theroomz.org%2Ftescik.swf&matchType=exact&output=json: <urlopen error timed out>')
CC-MAIN-2014-10	www.theroomz.yoyo.pl/cannon.txt	RuntimeError('https://index.commoncrawl.org/CC-MAIN-2014-10-index?url=www.theroomz.yoyo.pl%2Fcannon.txt&matchType=exact&output=json: <urlopen error timed out>')
CC-MAIN-2014-10	www.theroomz.yoyo.pl/hof.swf	RuntimeError('https://index.commoncrawl.org/CC-MAIN-2014-10-index?url=www.theroomz.yoyo.pl%2Fhof.swf&matchType=exact&output=json: <urlopen error timed out>')
CC-MAIN-2014-10	www.theroomz.org/about.swf	RuntimeError('https://index.commoncrawl.org/CC-MAIN-2014-10-index?url=www.theroomz.org%2Fabout.swf&matchType=exact&output=json: <urlopen error timed out>')
CC-MAIN-2014-10	theroomz.org/cannon.txt	RuntimeError('https://index.commoncrawl.org/CC-MAIN-2014-10-index?url=theroomz.org%2Fcannon.txt&matchType=exact&output=json: <urlopen error timed out>')
CC-MAIN-2014-10	theroomz.org/sciemka.swf	RuntimeError('https://index.commoncrawl.org/CC-MAIN-2014-10-index?url=theroomz.org%2Fsciemka.swf&matchType=exact&output=json: <urlopen error timed out>')
CC-MAIN-2014-10	www.theroomz.org/solutions.swf	RuntimeError('https://index.commoncrawl.org/CC-MAIN-2014-10-index?url=www.theroomz.org%2Fsolutions.swf&matchType=exact&output=json: <urlopen error timed out>')
CC-MAIN-2014-10	www.theroomz.org/tescik.swf	RuntimeError('https://index.commoncrawl.org/CC-MAIN-2014-10-index?url=www.theroomz.org%2Ftescik.swf&matchType=exact&output=json: <urlopen error timed out>')
CC-MAIN-2014-10	www.theroomz.org/BlackAndWhite.swf	RuntimeError('https://index.commoncrawl.org/CC-MAIN-2014-10-index?url=www.theroomz.org%2FBlackAndWhite.swf&matchType=exact&output=json: <urlopen error timed out>')
CC-MAIN-2014-10	www.theroomz.org/hof.swf	RuntimeError('https://index.commoncrawl.org/CC-MAIN-2014-10-index?url=www.theroomz.org%2Fhof.swf&matchType=exact&output=json: <urlopen error timed out>')
CC-MAIN-2014-10	www.theroomz.org/yoyo.pnq	RuntimeError('https://index.commoncrawl.org/CC-MAIN-2014-10-index?url=www.theroomz.org%2Fyoyo.pnq&matchType=exact&output=json: <urlopen error timed out>')
CC-MAIN-2014-10	dreamward.home.pl/theroomz/sciemka.swf	RuntimeError('https://index.commoncrawl.org/CC-MAIN-2014-10-index?url=dreamward.home.pl%2Ftheroomz%2Fsciemka.swf&matchType=exact&output=json: <urlopen error timed out>')
CC-MAIN-2014-10	dreamward.home.pl/theroomz/check.swf	RuntimeError('https://index.commoncrawl.org/CC-MAIN-2014-10-index?url=dreamward.home.pl%2Ftheroomz%2Fcheck.swf&matchType=exact&output=json: <urlopen error timed out>')
CC-MAIN-2014-10	www.theroomz.org/ile.txt	RuntimeError('https://index.commoncrawl.org/CC-MAIN-2014-10-index?url=www.theroomz.org%2File.txt&matchType=exact&output=json: <urlopen error timed out>')
CC-MAIN-2014-10	www.theroomz.org/bonus.txt	RuntimeError('https://index.commoncrawl.org/CC-MAIN-2014-10-index?url=www.theroomz.org%2Fbonus.txt&matchType=exact&output=json: <urlopen error timed out>')
CC-MAIN-2014-10	dreamward.home.pl/theroomz/about.swf	RuntimeError('https://index.commoncrawl.org/CC-MAIN-2014-10-index?url=dreamward.home.pl%2Ftheroomz%2Fabout.swf&matchType=exact&output=json: <urlopen error timed out>')
CC-MAIN-2014-10	www.theroomz.org/Redirect.swf	RuntimeError('https://index.commoncrawl.org/CC-MAIN-2014-10-index?url=www.theroomz.org%2FRedirect.swf&matchType=exact&output=json: <urlopen error timed out>')
CC-MAIN-2014-10	www.theroomz.org/paper/BlackAndWhite.swf	RuntimeError('https://index.commoncrawl.org/CC-MAIN-2014-10-index?url=www.theroomz.org%2Fpaper%2FBlackAndWhite.swf&matchType=exact&output=json: <urlopen error timed out>')
CC-MAIN-2014-10	www.theroomz.org/cannon.txt	RuntimeError('https://index.commoncrawl.org/CC-MAIN-2014-10-index?url=www.theroomz.org%2Fcannon.txt&matchType=exact&output=json: <urlopen error timed out>')
CC-MAIN-2014-10	dreamward.home.pl/theroomz/Redirect.swf	RuntimeError('https://index.commoncrawl.org/CC-MAIN-2014-10-index?url=dreamward.home.pl%2Ftheroomz%2FRedirect.swf&matchType=exact&output=json: <urlopen error timed out>')
CC-MAIN-2014-10	dreamward.home.pl/theroomz/solutions.swf	RuntimeError('https://index.commoncrawl.org/CC-MAIN-2014-10-index?url=dreamward.home.pl%2Ftheroomz%2Fsolutions.swf&matchType=exact&output=json: <urlopen error timed out>')
CC-MAIN-2014-10	dreamward.home.pl/theroomz/cannon.txt	RuntimeError('https://index.commoncrawl.org/CC-MAIN-2014-10-index?url=dreamward.home.pl%2Ftheroomz%2Fcannon.txt&matchType=exact&output=json: <urlopen error timed out>')
CC-MAIN-2014-10	dreamward.home.pl/theroomz/BlackAndWhite.swf	RuntimeError('https://index.commoncrawl.org/CC-MAIN-2014-10-index?url=dreamward.home.pl%2Ftheroomz%2FBlackAndWhite.swf&matchType=exact&output=json: <urlopen error timed out>')
CC-MAIN-2014-10	dreamward.home.pl/theroomz/tescik.swf	RuntimeError('https://index.commoncrawl.org/CC-MAIN-2014-10-index?url=dreamward.home.pl%2Ftheroomz%2Ftescik.swf&matchType=exact&output=json: <urlopen error timed out>')
CC-MAIN-2014-10	dreamward.home.pl/theroomz/yoyo.pnq	RuntimeError('https://index.commoncrawl.org/CC-MAIN-2014-10-index?url=dreamward.home.pl%2Ftheroomz%2Fyoyo.pnq&matchType=exact&output=json: <urlopen error timed out>')
CC-MAIN-2014-10	dreamward.home.pl/theroomz/bonus.txt	RuntimeError('https://index.commoncrawl.org/CC-MAIN-2014-10-index?url=dreamward.home.pl%2Ftheroomz%2Fbonus.txt&matchType=exact&output=json: <urlopen error timed out>')
CC-MAIN-2014-10	dreamward.home.pl/theroomz/paper/BlackAndWhite.swf	RuntimeError('https://index.commoncrawl.org/CC-MAIN-2014-10-index?url=dreamward.home.pl%2Ftheroomz%2Fpaper%2FBlackAndWhite.swf&matchType=exact&output=json: <urlopen error timed out>')
CC-MAIN-2014-10	dreamward.home.pl/theroomz/ile.txt	RuntimeError('https://index.commoncrawl.org/CC-MAIN-2014-10-index?url=dreamward.home.pl%2Ftheroomz%2File.txt&matchType=exact&output=json: <urlopen error timed out>')
CC-MAIN-2014-10	dreamward.home.pl/theroomz/rules.swf	RuntimeError('https://index.commoncrawl.org/CC-MAIN-2014-10-index?url=dreamward.home.pl%2Ftheroomz%2Frules.swf&matchType=exact&output=json: <urlopen error timed out>')
CC-MAIN-2014-10	dreamward.home.pl/theroomz/hof.swf	RuntimeError('https://index.commoncrawl.org/CC-MAIN-2014-10-index?url=dreamward.home.pl%2Ftheroomz%2Fhof.swf&matchType=exact&output=json: <urlopen error timed out>')
CC-MAIN-2014-10	dreamwardgames.com/theroomz/sciemka.swf	RuntimeError('https://index.commoncrawl.org/CC-MAIN-2014-10-index?url=dreamwardgames.com%2Ftheroomz%2Fsciemka.swf&matchType=exact&output=json: <urlopen error timed out>')
CC-MAIN-2014-10	dreamwardgames.com/theroomz/check.swf	RuntimeError('https://index.commoncrawl.org/CC-MAIN-2014-10-index?url=dreamwardgames.com%2Ftheroomz%2Fcheck.swf&matchType=exact&output=json: <urlopen error timed out>')
CC-MAIN-2014-10	dreamwardgames.com/theroomz/bonus.txt	RuntimeError('https://index.commoncrawl.org/CC-MAIN-2014-10-index?url=dreamwardgames.com%2Ftheroomz%2Fbonus.txt&matchType=exact&output=json: <urlopen error timed out>')
CC-MAIN-2014-10	dreamwardgames.com/theroomz/solutions.swf	RuntimeError('https://index.commoncrawl.org/CC-MAIN-2014-10-index?url=dreamwardgames.com%2Ftheroomz%2Fsolutions.swf&matchType=exact&output=json: <urlopen error timed out>')
CC-MAIN-2014-52	theroomz.yoyo.pl/paper/BlackAndWhite.swf	RuntimeError('https://index.commoncrawl.org/CC-MAIN-2014-52-index?url=theroomz.yoyo.pl%2Fpaper%2FBlackAndWhite.swf&matchType=exact&output=json: <urlopen error timed out>')
CC-MAIN-2014-52	theroomz.yoyo.pl/check.swf	RuntimeError('https://index.commoncrawl.org/CC-MAIN-2014-52-index?url=theroomz.yoyo.pl%2Fcheck.swf&matchType=exact&output=json: <urlopen error timed out>')
CC-MAIN-2014-52	theroomz.yoyo.pl/sciemka.swf	RuntimeError('https://index.commoncrawl.org/CC-MAIN-2014-52-index?url=theroomz.yoyo.pl%2Fsciemka.swf&matchType=exact&output=json: <urlopen error timed out>')
CC-MAIN-2014-52	theroomz.yoyo.pl/ile.txt	RuntimeError('https://index.commoncrawl.org/CC-MAIN-2014-52-index?url=theroomz.yoyo.pl%2File.txt&matchType=exact&output=json: <urlopen error timed out>')
CC-MAIN-2014-52	theroomz.yoyo.pl/rules.swf	RuntimeError('https://index.commoncrawl.org/CC-MAIN-2014-52-index?url=theroomz.yoyo.pl%2Frules.swf&matchType=exact&output=json: <urlopen error timed out>')
CC-MAIN-2014-10	dreamwardgames.com/theroomz/Redirect.swf	RuntimeError('https://index.commoncrawl.org/CC-MAIN-2014-10-index?url=dreamwardgames.com%2Ftheroomz%2FRedirect.swf&matchType=exact&output=json: <urlopen error timed out>')
CC-MAIN-2014-52	theroomz.yoyo.pl/BlackAndWhite.swf	RuntimeError('https://index.commoncrawl.org/CC-MAIN-2014-52-index?url=theroomz.yoyo.pl%2FBlackAndWhite.swf&matchType=exact&output=json: <urlopen error timed out>')
CC-MAIN-2014-10	dreamwardgames.com/theroomz/cannon.txt	RuntimeError('https://index.commoncrawl.org/CC-MAIN-2014-10-index?url=dreamwardgames.com%2Ftheroomz%2Fcannon.txt&matchType=exact&output=json: <urlopen error timed out>')
CC-MAIN-2014-10	dreamwardgames.com/theroomz/ile.txt	RuntimeError('https://index.commoncrawl.org/CC-MAIN-2014-10-index?url=dreamwardgames.com%2Ftheroomz%2File.txt&matchType=exact&output=json: <urlopen error timed out>')
CC-MAIN-2014-10	dreamwardgames.com/theroomz/about.swf	RuntimeError('https://index.commoncrawl.org/CC-MAIN-2014-10-index?url=dreamwardgames.com%2Ftheroomz%2Fabout.swf&matchType=exact&output=json: <urlopen error timed out>')
CC-MAIN-2014-10	dreamwardgames.com/theroomz/paper/BlackAndWhite.swf	RuntimeError('https://index.commoncrawl.org/CC-MAIN-2014-10-index?url=dreamwardgames.com%2Ftheroomz%2Fpaper%2FBlackAndWhite.swf&matchType=exact&output=json: <urlopen error timed out>')
CC-MAIN-2014-10	dreamwardgames.com/theroomz/yoyo.pnq	RuntimeError('https://index.commoncrawl.org/CC-MAIN-2014-10-index?url=dreamwardgames.com%2Ftheroomz%2Fyoyo.pnq&matchType=exact&output=json: <urlopen error timed out>')
CC-MAIN-2014-52	theroomz.yoyo.pl/bonus.txt	RuntimeError('https://index.commoncrawl.org/CC-MAIN-2014-52-index?url=theroomz.yoyo.pl%2Fbonus.txt&matchType=exact&output=json: <urlopen error timed out>')
CC-MAIN-2014-10	dreamwardgames.com/theroomz/BlackAndWhite.swf	RuntimeError('https://index.commoncrawl.org/CC-MAIN-2014-10-index?url=dreamwardgames.com%2Ftheroomz%2FBlackAndWhite.swf&matchType=exact&output=json: <urlopen error timed out>')
CC-MAIN-2014-52	theroomz.yoyo.pl/solutions.swf	RuntimeError('https://index.commoncrawl.org/CC-MAIN-2014-52-index?url=theroomz.yoyo.pl%2Fsolutions.swf&matchType=exact&output=json: <urlopen error timed out>')
CC-MAIN-2014-10	dreamwardgames.com/theroomz/rules.swf	RuntimeError('https://index.commoncrawl.org/CC-MAIN-2014-10-index?url=dreamwardgames.com%2Ftheroomz%2Frules.swf&matchType=exact&output=json: <urlopen error timed out>')
CC-MAIN-2014-52	theroomz.yoyo.pl/about.swf	RuntimeError('https://index.commoncrawl.org/CC-MAIN-2014-52-index?url=theroomz.yoyo.pl%2Fabout.swf&matchType=exact&output=json: <urlopen error timed out>')
CC-MAIN-2014-52	theroomz.yoyo.pl/tescik.swf	RuntimeError('https://index.commoncrawl.org/CC-MAIN-2014-52-index?url=theroomz.yoyo.pl%2Ftescik.swf&matchType=exact&output=json: <urlopen error timed out>')
CC-MAIN-2014-10	dreamwardgames.com/theroomz/tescik.swf	RuntimeError('https://index.commoncrawl.org/CC-MAIN-2014-10-index?url=dreamwardgames.com%2Ftheroomz%2Ftescik.swf&matchType=exact&output=json: <urlopen error timed out>')
CC-MAIN-2014-10	dreamwardgames.com/theroomz/hof.swf	RuntimeError('https://index.commoncrawl.org/CC-MAIN-2014-10-index?url=dreamwardgames.com%2Ftheroomz%2Fhof.swf&matchType=exact&output=json: <urlopen error timed out>')
CC-MAIN-2014-52	theroomz.yoyo.pl/hof.swf	RuntimeError('https://index.commoncrawl.org/CC-MAIN-2014-52-index?url=theroomz.yoyo.pl%2Fhof.swf&matchType=exact&output=json: <urlopen error timed out>')
CC-MAIN-2014-52	theroomz.yoyo.pl/Redirect.swf	RuntimeError('https://index.commoncrawl.org/CC-MAIN-2014-52-index?url=theroomz.yoyo.pl%2FRedirect.swf&matchType=exact&output=json: <urlopen error timed out>')
CC-MAIN-2014-52	theroomz.org/solutions.swf	RuntimeError('https://index.commoncrawl.org/CC-MAIN-2014-52-index?url=theroomz.org%2Fsolutions.swf&matchType=exact&output=json: <urlopen error timed out>')
CC-MAIN-2014-52	theroomz.org/sciemka.swf	RuntimeError('https://index.commoncrawl.org/CC-MAIN-2014-52-index?url=theroomz.org%2Fsciemka.swf&matchType=exact&output=json: <urlopen error timed out>')
CC-MAIN-2014-52	www.theroomz.yoyo.pl/solutions.swf	RuntimeError('https://index.commoncrawl.org/CC-MAIN-2014-52-index?url=www.theroomz.yoyo.pl%2Fsolutions.swf&matchType=exact&output=json: <urlopen error timed out>')
CC-MAIN-2014-52	www.theroomz.yoyo.pl/sciemka.swf	RuntimeError('https://index.commoncrawl.org/CC-MAIN-2014-52-index?url=www.theroomz.yoyo.pl%2Fsciemka.swf&matchType=exact&output=json: <urlopen error timed out>')
CC-MAIN-2014-52	theroomz.yoyo.pl/cannon.txt	RuntimeError('https://index.commoncrawl.org/CC-MAIN-2014-52-index?url=theroomz.yoyo.pl%2Fcannon.txt&matchType=exact&output=json: <urlopen error timed out>')
CC-MAIN-2014-52	www.theroomz.yoyo.pl/paper/BlackAndWhite.swf	RuntimeError('https://index.commoncrawl.org/CC-MAIN-2014-52-index?url=www.theroomz.yoyo.pl%2Fpaper%2FBlackAndWhite.swf&matchType=exact&output=json: <urlopen error timed out>')
CC-MAIN-2014-52	theroomz.yoyo.pl/yoyo.pnq	RuntimeError('https://index.commoncrawl.org/CC-MAIN-2014-52-index?url=theroomz.yoyo.pl%2Fyoyo.pnq&matchType=exact&output=json: <urlopen error timed out>')
CC-MAIN-2014-52	www.theroomz.yoyo.pl/about.swf	RuntimeError('https://index.commoncrawl.org/CC-MAIN-2014-52-index?url=www.theroomz.yoyo.pl%2Fabout.swf&matchType=exact&output=json: <urlopen error timed out>')
CC-MAIN-2014-52	www.theroomz.yoyo.pl/BlackAndWhite.swf	RuntimeError('https://index.commoncrawl.org/CC-MAIN-2014-52-index?url=www.theroomz.yoyo.pl%2FBlackAndWhite.swf&matchType=exact&output=json: <urlopen error timed out>')
CC-MAIN-2014-52	www.theroomz.yoyo.pl/rules.swf	RuntimeError('https://index.commoncrawl.org/CC-MAIN-2014-52-index?url=www.theroomz.yoyo.pl%2Frules.swf&matchType=exact&output=json: <urlopen error timed out>')
CC-MAIN-2014-52	theroomz.org/rules.swf	RuntimeError('https://index.commoncrawl.org/CC-MAIN-2014-52-index?url=theroomz.org%2Frules.swf&matchType=exact&output=json: <urlopen error timed out>')
CC-MAIN-2014-52	www.theroomz.yoyo.pl/cannon.txt	RuntimeError('https://index.commoncrawl.org/CC-MAIN-2014-52-index?url=www.theroomz.yoyo.pl%2Fcannon.txt&matchType=exact&output=json: <urlopen error timed out>')
CC-MAIN-2014-52	www.theroomz.yoyo.pl/bonus.txt	RuntimeError('https://index.commoncrawl.org/CC-MAIN-2014-52-index?url=www.theroomz.yoyo.pl%2Fbonus.txt&matchType=exact&output=json: <urlopen error timed out>')
CC-MAIN-2014-52	www.theroomz.yoyo.pl/yoyo.pnq	RuntimeError('https://index.commoncrawl.org/CC-MAIN-2014-52-index?url=www.theroomz.yoyo.pl%2Fyoyo.pnq&matchType=exact&output=json: <urlopen error timed out>')
CC-MAIN-2014-52	www.theroomz.yoyo.pl/check.swf	RuntimeError('https://index.commoncrawl.org/CC-MAIN-2014-52-index?url=www.theroomz.yoyo.pl%2Fcheck.swf&matchType=exact&output=json: <urlopen error timed out>')
CC-MAIN-2014-52	www.theroomz.yoyo.pl/tescik.swf	RuntimeError('https://index.commoncrawl.org/CC-MAIN-2014-52-index?url=www.theroomz.yoyo.pl%2Ftescik.swf&matchType=exact&output=json: <urlopen error timed out>')
CC-MAIN-2014-52	theroomz.org/check.swf	RuntimeError('https://index.commoncrawl.org/CC-MAIN-2014-52-index?url=theroomz.org%2Fcheck.swf&matchType=exact&output=json: <urlopen error timed out>')
CC-MAIN-2014-52	theroomz.org/tescik.swf	RuntimeError('https://index.commoncrawl.org/CC-MAIN-2014-52-index?url=theroomz.org%2Ftescik.swf&matchType=exact&output=json: <urlopen error timed out>')
CC-MAIN-2014-52	theroomz.org/about.swf	RuntimeError('https://index.commoncrawl.org/CC-MAIN-2014-52-index?url=theroomz.org%2Fabout.swf&matchType=exact&output=json: <urlopen error timed out>')
CC-MAIN-2014-52	www.theroomz.yoyo.pl/Redirect.swf	RuntimeError('https://index.commoncrawl.org/CC-MAIN-2014-52-index?url=www.theroomz.yoyo.pl%2FRedirect.swf&matchType=exact&output=json: <urlopen error timed out>')
CC-MAIN-2014-52	www.theroomz.yoyo.pl/ile.txt	RuntimeError('https://index.commoncrawl.org/CC-MAIN-2014-52-index?url=www.theroomz.yoyo.pl%2File.txt&matchType=exact&output=json: <urlopen error timed out>')
CC-MAIN-2014-52	www.theroomz.yoyo.pl/hof.swf	RuntimeError('https://index.commoncrawl.org/CC-MAIN-2014-52-index?url=www.theroomz.yoyo.pl%2Fhof.swf&matchType=exact&output=json: <urlopen error timed out>')
CC-MAIN-2014-52	theroomz.org/ile.txt	RuntimeError('https://index.commoncrawl.org/CC-MAIN-2014-52-index?url=theroomz.org%2File.txt&matchType=exact&output=json: <urlopen error timed out>')
CC-MAIN-2014-52	theroomz.org/bonus.txt	RuntimeError('https://index.commoncrawl.org/CC-MAIN-2014-52-index?url=theroomz.org%2Fbonus.txt&matchType=exact&output=json: <urlopen error timed out>')
CC-MAIN-2014-52	www.theroomz.org/sciemka.swf	RuntimeError('https://index.commoncrawl.org/CC-MAIN-2014-52-index?url=www.theroomz.org%2Fsciemka.swf&matchType=exact&output=json: <urlopen error timed out>')
CC-MAIN-2014-52	www.theroomz.org/BlackAndWhite.swf	RuntimeError('https://index.commoncrawl.org/CC-MAIN-2014-52-index?url=www.theroomz.org%2FBlackAndWhite.swf&matchType=exact&output=json: <urlopen error timed out>')
CC-MAIN-2014-52	theroomz.org/hof.swf	RuntimeError('https://index.commoncrawl.org/CC-MAIN-2014-52-index?url=theroomz.org%2Fhof.swf&matchType=exact&output=json: <urlopen error timed out>')
CC-MAIN-2014-52	www.theroomz.org/hof.swf	RuntimeError('https://index.commoncrawl.org/CC-MAIN-2014-52-index?url=www.theroomz.org%2Fhof.swf&matchType=exact&output=json: <urlopen error timed out>')
CC-MAIN-2014-52	theroomz.org/paper/BlackAndWhite.swf	RuntimeError('https://index.commoncrawl.org/CC-MAIN-2014-52-index?url=theroomz.org%2Fpaper%2FBlackAndWhite.swf&matchType=exact&output=json: <urlopen error timed out>')
CC-MAIN-2014-52	theroomz.org/BlackAndWhite.swf	RuntimeError('https://index.commoncrawl.org/CC-MAIN-2014-52-index?url=theroomz.org%2FBlackAndWhite.swf&matchType=exact&output=json: <urlopen error timed out>')
CC-MAIN-2014-52	www.theroomz.org/Redirect.swf	RuntimeError('https://index.commoncrawl.org/CC-MAIN-2014-52-index?url=www.theroomz.org%2FRedirect.swf&matchType=exact&output=json: <urlopen error timed out>')
CC-MAIN-2014-52	www.theroomz.org/ile.txt	RuntimeError('https://index.commoncrawl.org/CC-MAIN-2014-52-index?url=www.theroomz.org%2File.txt&matchType=exact&output=json: <urlopen error timed out>')
CC-MAIN-2014-52	theroomz.org/cannon.txt	RuntimeError('https://index.commoncrawl.org/CC-MAIN-2014-52-index?url=theroomz.org%2Fcannon.txt&matchType=exact&output=json: <urlopen error timed out>')
CC-MAIN-2014-52	www.theroomz.org/solutions.swf	RuntimeError('https://index.commoncrawl.org/CC-MAIN-2014-52-index?url=www.theroomz.org%2Fsolutions.swf&matchType=exact&output=json: <urlopen error timed out>')
CC-MAIN-2014-52	www.theroomz.org/tescik.swf	RuntimeError('https://index.commoncrawl.org/CC-MAIN-2014-52-index?url=www.theroomz.org%2Ftescik.swf&matchType=exact&output=json: <urlopen error timed out>')
CC-MAIN-2014-52	dreamward.home.pl/theroomz/check.swf	RuntimeError('https://index.commoncrawl.org/CC-MAIN-2014-52-index?url=dreamward.home.pl%2Ftheroomz%2Fcheck.swf&matchType=exact&output=json: <urlopen error timed out>')
CC-MAIN-2014-52	www.theroomz.org/cannon.txt	RuntimeError('https://index.commoncrawl.org/CC-MAIN-2014-52-index?url=www.theroomz.org%2Fcannon.txt&matchType=exact&output=json: <urlopen error timed out>')
CC-MAIN-2014-52	www.theroomz.org/check.swf	RuntimeError('https://index.commoncrawl.org/CC-MAIN-2014-52-index?url=www.theroomz.org%2Fcheck.swf&matchType=exact&output=json: <urlopen error timed out>')
CC-MAIN-2014-52	theroomz.org/yoyo.pnq	RuntimeError('https://index.commoncrawl.org/CC-MAIN-2014-52-index?url=theroomz.org%2Fyoyo.pnq&matchType=exact&output=json: <urlopen error timed out>')
CC-MAIN-2014-52	www.theroomz.org/rules.swf	RuntimeError('https://index.commoncrawl.org/CC-MAIN-2014-52-index?url=www.theroomz.org%2Frules.swf&matchType=exact&output=json: <urlopen error timed out>')
CC-MAIN-2014-52	www.theroomz.org/bonus.txt	RuntimeError('https://index.commoncrawl.org/CC-MAIN-2014-52-index?url=www.theroomz.org%2Fbonus.txt&matchType=exact&output=json: <urlopen error timed out>')
CC-MAIN-2014-52	www.theroomz.org/yoyo.pnq	RuntimeError('https://index.commoncrawl.org/CC-MAIN-2014-52-index?url=www.theroomz.org%2Fyoyo.pnq&matchType=exact&output=json: <urlopen error timed out>')
CC-MAIN-2014-52	www.theroomz.org/about.swf	RuntimeError('https://index.commoncrawl.org/CC-MAIN-2014-52-index?url=www.theroomz.org%2Fabout.swf&matchType=exact&output=json: <urlopen error timed out>')
CC-MAIN-2014-52	theroomz.org/Redirect.swf	RuntimeError('https://index.commoncrawl.org/CC-MAIN-2014-52-index?url=theroomz.org%2FRedirect.swf&matchType=exact&output=json: <urlopen error timed out>')
CC-MAIN-2014-52	www.theroomz.org/paper/BlackAndWhite.swf	RuntimeError('https://index.commoncrawl.org/CC-MAIN-2014-52-index?url=www.theroomz.org%2Fpaper%2FBlackAndWhite.swf&matchType=exact&output=json: <urlopen error timed out>')
CC-MAIN-2014-52	dreamward.home.pl/theroomz/sciemka.swf	RuntimeError('https://index.commoncrawl.org/CC-MAIN-2014-52-index?url=dreamward.home.pl%2Ftheroomz%2Fsciemka.swf&matchType=exact&output=json: <urlopen error timed out>')
CC-MAIN-2014-52	dreamward.home.pl/theroomz/rules.swf	RuntimeError('https://index.commoncrawl.org/CC-MAIN-2014-52-index?url=dreamward.home.pl%2Ftheroomz%2Frules.swf&matchType=exact&output=json: <urlopen error timed out>')
CC-MAIN-2014-52	dreamward.home.pl/theroomz/about.swf	RuntimeError('https://index.commoncrawl.org/CC-MAIN-2014-52-index?url=dreamward.home.pl%2Ftheroomz%2Fabout.swf&matchType=exact&output=json: <urlopen error timed out>')
CC-MAIN-2014-52	dreamwardgames.com/theroomz/BlackAndWhite.swf	RuntimeError('https://index.commoncrawl.org/CC-MAIN-2014-52-index?url=dreamwardgames.com%2Ftheroomz%2FBlackAndWhite.swf&matchType=exact&output=json: <urlopen error timed out>')
CC-MAIN-2014-52	dreamwardgames.com/theroomz/ile.txt	RuntimeError('https://index.commoncrawl.org/CC-MAIN-2014-52-index?url=dreamwardgames.com%2Ftheroomz%2File.txt&matchType=exact&output=json: <urlopen error timed out>')
CC-MAIN-2014-52	dreamwardgames.com/theroomz/paper/BlackAndWhite.swf	RuntimeError('https://index.commoncrawl.org/CC-MAIN-2014-52-index?url=dreamwardgames.com%2Ftheroomz%2Fpaper%2FBlackAndWhite.swf&matchType=exact&output=json: <urlopen error timed out>')
CC-MAIN-2014-52	dreamwardgames.com/theroomz/sciemka.swf	RuntimeError('https://index.commoncrawl.org/CC-MAIN-2014-52-index?url=dreamwardgames.com%2Ftheroomz%2Fsciemka.swf&matchType=exact&output=json: <urlopen error timed out>')
CC-MAIN-2014-52	dreamward.home.pl/theroomz/yoyo.pnq	RuntimeError('https://index.commoncrawl.org/CC-MAIN-2014-52-index?url=dreamward.home.pl%2Ftheroomz%2Fyoyo.pnq&matchType=exact&output=json: <urlopen error timed out>')
CC-MAIN-2014-52	dreamward.home.pl/theroomz/cannon.txt	RuntimeError('https://index.commoncrawl.org/CC-MAIN-2014-52-index?url=dreamward.home.pl%2Ftheroomz%2Fcannon.txt&matchType=exact&output=json: <urlopen error timed out>')
CC-MAIN-2014-52	dreamwardgames.com/theroomz/about.swf	RuntimeError('https://index.commoncrawl.org/CC-MAIN-2014-52-index?url=dreamwardgames.com%2Ftheroomz%2Fabout.swf&matchType=exact&output=json: <urlopen error timed out>')
CC-MAIN-2014-52	dreamward.home.pl/theroomz/solutions.swf	RuntimeError('https://index.commoncrawl.org/CC-MAIN-2014-52-index?url=dreamward.home.pl%2Ftheroomz%2Fsolutions.swf&matchType=exact&output=json: <urlopen error timed out>')
CC-MAIN-2014-52	dreamwardgames.com/theroomz/solutions.swf	RuntimeError('https://index.commoncrawl.org/CC-MAIN-2014-52-index?url=dreamwardgames.com%2Ftheroomz%2Fsolutions.swf&matchType=exact&output=json: <urlopen error timed out>')
CC-MAIN-2014-52	dreamward.home.pl/theroomz/tescik.swf	RuntimeError('https://index.commoncrawl.org/CC-MAIN-2014-52-index?url=dreamward.home.pl%2Ftheroomz%2Ftescik.swf&matchType=exact&output=json: <urlopen error timed out>')
CC-MAIN-2014-52	dreamwardgames.com/theroomz/bonus.txt	RuntimeError('https://index.commoncrawl.org/CC-MAIN-2014-52-index?url=dreamwardgames.com%2Ftheroomz%2Fbonus.txt&matchType=exact&output=json: <urlopen error timed out>')
CC-MAIN-2014-52	dreamward.home.pl/theroomz/BlackAndWhite.swf	RuntimeError('https://index.commoncrawl.org/CC-MAIN-2014-52-index?url=dreamward.home.pl%2Ftheroomz%2FBlackAndWhite.swf&matchType=exact&output=json: <urlopen error timed out>')
CC-MAIN-2014-52	dreamward.home.pl/theroomz/hof.swf	RuntimeError('https://index.commoncrawl.org/CC-MAIN-2014-52-index?url=dreamward.home.pl%2Ftheroomz%2Fhof.swf&matchType=exact&output=json: <urlopen error timed out>')
CC-MAIN-2014-52	dreamward.home.pl/theroomz/paper/BlackAndWhite.swf	RuntimeError('https://index.commoncrawl.org/CC-MAIN-2014-52-index?url=dreamward.home.pl%2Ftheroomz%2Fpaper%2FBlackAndWhite.swf&matchType=exact&output=json: <urlopen error timed out>')
CC-MAIN-2014-52	dreamwardgames.com/theroomz/check.swf	RuntimeError('https://index.commoncrawl.org/CC-MAIN-2014-52-index?url=dreamwardgames.com%2Ftheroomz%2Fcheck.swf&matchType=exact&output=json: <urlopen error timed out>')
CC-MAIN-2014-52	dreamwardgames.com/theroomz/hof.swf	RuntimeError('https://index.commoncrawl.org/CC-MAIN-2014-52-index?url=dreamwardgames.com%2Ftheroomz%2Fhof.swf&matchType=exact&output=json: <urlopen error timed out>')
CC-MAIN-2014-52	dreamwardgames.com/theroomz/tescik.swf	RuntimeError('https://index.commoncrawl.org/CC-MAIN-2014-52-index?url=dreamwardgames.com%2Ftheroomz%2Ftescik.swf&matchType=exact&output=json: <urlopen error timed out>')
CC-MAIN-2014-52	dreamwardgames.com/theroomz/rules.swf	RuntimeError('https://index.commoncrawl.org/CC-MAIN-2014-52-index?url=dreamwardgames.com%2Ftheroomz%2Frules.swf&matchType=exact&output=json: <urlopen error timed out>')
CC-MAIN-2014-52	dreamward.home.pl/theroomz/ile.txt	RuntimeError('https://index.commoncrawl.org/CC-MAIN-2014-52-index?url=dreamward.home.pl%2Ftheroomz%2File.txt&matchType=exact&output=json: <urlopen error timed out>')
CC-MAIN-2014-52	dreamward.home.pl/theroomz/Redirect.swf	RuntimeError('https://index.commoncrawl.org/CC-MAIN-2014-52-index?url=dreamward.home.pl%2Ftheroomz%2FRedirect.swf&matchType=exact&output=json: <urlopen error timed out>')
CC-MAIN-2014-52	dreamward.home.pl/theroomz/bonus.txt	RuntimeError('https://index.commoncrawl.org/CC-MAIN-2014-52-index?url=dreamward.home.pl%2Ftheroomz%2Fbonus.txt&matchType=exact&output=json: <urlopen error timed out>')
CC-MAIN-2014-52	dreamwardgames.com/theroomz/Redirect.swf	RuntimeError('https://index.commoncrawl.org/CC-MAIN-2014-52-index?url=dreamwardgames.com%2Ftheroomz%2FRedirect.swf&matchType=exact&output=json: <urlopen error timed out>')
CC-MAIN-2014-52	dreamwardgames.com/theroomz/cannon.txt	RuntimeError('https://index.commoncrawl.org/CC-MAIN-2014-52-index?url=dreamwardgames.com%2Ftheroomz%2Fcannon.txt&matchType=exact&output=json: <urlopen error timed out>')
CC-MAIN-2014-52	dreamwardgames.com/theroomz/yoyo.pnq	RuntimeError('https://index.commoncrawl.org/CC-MAIN-2014-52-index?url=dreamwardgames.com%2Ftheroomz%2Fyoyo.pnq&matchType=exact&output=json: <urlopen error timed out>')
CC-MAIN-2015-06	theroomz.yoyo.pl/paper/BlackAndWhite.swf	RuntimeError('https://index.commoncrawl.org/CC-MAIN-2015-06-index?url=theroomz.yoyo.pl%2Fpaper%2FBlackAndWhite.swf&matchType=exact&output=json: <urlopen error timed out>')
CC-MAIN-2015-06	theroomz.yoyo.pl/hof.swf	RuntimeError('https://index.commoncrawl.org/CC-MAIN-2015-06-index?url=theroomz.yoyo.pl%2Fhof.swf&matchType=exact&output=json: <urlopen error timed out>')
CC-MAIN-2015-06	theroomz.yoyo.pl/Redirect.swf	RuntimeError('https://index.commoncrawl.org/CC-MAIN-2015-06-index?url=theroomz.yoyo.pl%2FRedirect.swf&matchType=exact&output=json: <urlopen error timed out>')
CC-MAIN-2015-06	www.theroomz.yoyo.pl/about.swf	RuntimeError('https://index.commoncrawl.org/CC-MAIN-2015-06-index?url=www.theroomz.yoyo.pl%2Fabout.swf&matchType=exact&output=json: <urlopen error timed out>')
CC-MAIN-2015-06	theroomz.yoyo.pl/about.swf	RuntimeError('https://index.commoncrawl.org/CC-MAIN-2015-06-index?url=theroomz.yoyo.pl%2Fabout.swf&matchType=exact&output=json: <urlopen error timed out>')
CC-MAIN-2015-06	theroomz.yoyo.pl/bonus.txt	RuntimeError('https://index.commoncrawl.org/CC-MAIN-2015-06-index?url=theroomz.yoyo.pl%2Fbonus.txt&matchType=exact&output=json: <urlopen error timed out>')
CC-MAIN-2015-06	www.theroomz.yoyo.pl/rules.swf	RuntimeError('https://index.commoncrawl.org/CC-MAIN-2015-06-index?url=www.theroomz.yoyo.pl%2Frules.swf&matchType=exact&output=json: <urlopen error timed out>')
CC-MAIN-2015-06	theroomz.yoyo.pl/ile.txt	RuntimeError('https://index.commoncrawl.org/CC-MAIN-2015-06-index?url=theroomz.yoyo.pl%2File.txt&matchType=exact&output=json: <urlopen error timed out>')
CC-MAIN-2015-06	theroomz.yoyo.pl/cannon.txt	RuntimeError('https://index.commoncrawl.org/CC-MAIN-2015-06-index?url=theroomz.yoyo.pl%2Fcannon.txt&matchType=exact&output=json: <urlopen error timed out>')
CC-MAIN-2015-06	www.theroomz.yoyo.pl/tescik.swf	RuntimeError('https://index.commoncrawl.org/CC-MAIN-2015-06-index?url=www.theroomz.yoyo.pl%2Ftescik.swf&matchType=exact&output=json: <urlopen error timed out>')
CC-MAIN-2015-06	theroomz.yoyo.pl/yoyo.pnq	RuntimeError('https://index.commoncrawl.org/CC-MAIN-2015-06-index?url=theroomz.yoyo.pl%2Fyoyo.pnq&matchType=exact&output=json: <urlopen error timed out>')
CC-MAIN-2015-06	theroomz.yoyo.pl/BlackAndWhite.swf	RuntimeError('https://index.commoncrawl.org/CC-MAIN-2015-06-index?url=theroomz.yoyo.pl%2FBlackAndWhite.swf&matchType=exact&output=json: <urlopen error timed out>')
CC-MAIN-2015-06	theroomz.yoyo.pl/sciemka.swf	RuntimeError('https://index.commoncrawl.org/CC-MAIN-2015-06-index?url=theroomz.yoyo.pl%2Fsciemka.swf&matchType=exact&output=json: <urlopen error timed out>')
CC-MAIN-2015-06	theroomz.yoyo.pl/rules.swf	RuntimeError('https://index.commoncrawl.org/CC-MAIN-2015-06-index?url=theroomz.yoyo.pl%2Frules.swf&matchType=exact&output=json: <urlopen error timed out>')
CC-MAIN-2015-06	theroomz.yoyo.pl/tescik.swf	RuntimeError('https://index.commoncrawl.org/CC-MAIN-2015-06-index?url=theroomz.yoyo.pl%2Ftescik.swf&matchType=exact&output=json: <urlopen error timed out>')
CC-MAIN-2015-06	www.theroomz.yoyo.pl/check.swf	RuntimeError('https://index.commoncrawl.org/CC-MAIN-2015-06-index?url=www.theroomz.yoyo.pl%2Fcheck.swf&matchType=exact&output=json: <urlopen error timed out>')
CC-MAIN-2015-06	theroomz.yoyo.pl/solutions.swf	RuntimeError('https://index.commoncrawl.org/CC-MAIN-2015-06-index?url=theroomz.yoyo.pl%2Fsolutions.swf&matchType=exact&output=json: <urlopen error timed out>')
CC-MAIN-2015-06	www.theroomz.yoyo.pl/solutions.swf	RuntimeError('https://index.commoncrawl.org/CC-MAIN-2015-06-index?url=www.theroomz.yoyo.pl%2Fsolutions.swf&matchType=exact&output=json: <urlopen error timed out>')
CC-MAIN-2015-06	www.theroomz.yoyo.pl/ile.txt	RuntimeError('https://index.commoncrawl.org/CC-MAIN-2015-06-index?url=www.theroomz.yoyo.pl%2File.txt&matchType=exact&output=json: <urlopen error timed out>')
CC-MAIN-2015-06	www.theroomz.yoyo.pl/sciemka.swf	RuntimeError('https://index.commoncrawl.org/CC-MAIN-2015-06-index?url=www.theroomz.yoyo.pl%2Fsciemka.swf&matchType=exact&output=json: <urlopen error timed out>')
CC-MAIN-2015-06	theroomz.yoyo.pl/check.swf	RuntimeError('https://index.commoncrawl.org/CC-MAIN-2015-06-index?url=theroomz.yoyo.pl%2Fcheck.swf&matchType=exact&output=json: <urlopen error timed out>')
CC-MAIN-2015-06	www.theroomz.yoyo.pl/bonus.txt	RuntimeError('https://index.commoncrawl.org/CC-MAIN-2015-06-index?url=www.theroomz.yoyo.pl%2Fbonus.txt&matchType=exact&output=json: <urlopen error timed out>')
CC-MAIN-2015-06	www.theroomz.yoyo.pl/BlackAndWhite.swf	RuntimeError('https://index.commoncrawl.org/CC-MAIN-2015-06-index?url=www.theroomz.yoyo.pl%2FBlackAndWhite.swf&matchType=exact&output=json: <urlopen error timed out>')
CC-MAIN-2015-06	www.theroomz.yoyo.pl/paper/BlackAndWhite.swf	RuntimeError('https://index.commoncrawl.org/CC-MAIN-2015-06-index?url=www.theroomz.yoyo.pl%2Fpaper%2FBlackAndWhite.swf&matchType=exact&output=json: <urlopen error timed out>')
CC-MAIN-2015-06	theroomz.org/bonus.txt	RuntimeError('https://index.commoncrawl.org/CC-MAIN-2015-06-index?url=theroomz.org%2Fbonus.txt&matchType=exact&output=json: <urlopen error timed out>')
CC-MAIN-2015-06	theroomz.org/cannon.txt	RuntimeError('https://index.commoncrawl.org/CC-MAIN-2015-06-index?url=theroomz.org%2Fcannon.txt&matchType=exact&output=json: <urlopen error timed out>')
CC-MAIN-2015-06	theroomz.org/BlackAndWhite.swf	RuntimeError('https://index.commoncrawl.org/CC-MAIN-2015-06-index?url=theroomz.org%2FBlackAndWhite.swf&matchType=exact&output=json: <urlopen error timed out>')
CC-MAIN-2015-06	theroomz.org/ile.txt	RuntimeError('https://index.commoncrawl.org/CC-MAIN-2015-06-index?url=theroomz.org%2File.txt&matchType=exact&output=json: <urlopen error timed out>')
CC-MAIN-2015-06	www.theroomz.org/about.swf	RuntimeError('https://index.commoncrawl.org/CC-MAIN-2015-06-index?url=www.theroomz.org%2Fabout.swf&matchType=exact&output=json: <urlopen error timed out>')
CC-MAIN-2015-06	theroomz.org/paper/BlackAndWhite.swf	RuntimeError('https://index.commoncrawl.org/CC-MAIN-2015-06-index?url=theroomz.org%2Fpaper%2FBlackAndWhite.swf&matchType=exact&output=json: <urlopen error timed out>')
CC-MAIN-2015-06	www.theroomz.yoyo.pl/Redirect.swf	RuntimeError('https://index.commoncrawl.org/CC-MAIN-2015-06-index?url=www.theroomz.yoyo.pl%2FRedirect.swf&matchType=exact&output=json: <urlopen error timed out>')
CC-MAIN-2015-06	www.theroomz.yoyo.pl/hof.swf	RuntimeError('https://index.commoncrawl.org/CC-MAIN-2015-06-index?url=www.theroomz.yoyo.pl%2Fhof.swf&matchType=exact&output=json: <urlopen error timed out>')
CC-MAIN-2015-06	theroomz.org/check.swf	RuntimeError('https://index.commoncrawl.org/CC-MAIN-2015-06-index?url=theroomz.org%2Fcheck.swf&matchType=exact&output=json: <urlopen error timed out>')
CC-MAIN-2015-06	theroomz.org/hof.swf	RuntimeError('https://index.commoncrawl.org/CC-MAIN-2015-06-index?url=theroomz.org%2Fhof.swf&matchType=exact&output=json: <urlopen error timed out>')
CC-MAIN-2015-06	theroomz.org/rules.swf	RuntimeError('https://index.commoncrawl.org/CC-MAIN-2015-06-index?url=theroomz.org%2Frules.swf&matchType=exact&output=json: <urlopen error timed out>')
CC-MAIN-2015-06	www.theroomz.org/sciemka.swf	RuntimeError('https://index.commoncrawl.org/CC-MAIN-2015-06-index?url=www.theroomz.org%2Fsciemka.swf&matchType=exact&output=json: <urlopen error timed out>')
CC-MAIN-2015-06	www.theroomz.yoyo.pl/cannon.txt	RuntimeError('https://index.commoncrawl.org/CC-MAIN-2015-06-index?url=www.theroomz.yoyo.pl%2Fcannon.txt&matchType=exact&output=json: <urlopen error timed out>')
CC-MAIN-2015-06	www.theroomz.yoyo.pl/yoyo.pnq	RuntimeError('https://index.commoncrawl.org/CC-MAIN-2015-06-index?url=www.theroomz.yoyo.pl%2Fyoyo.pnq&matchType=exact&output=json: <urlopen error timed out>')
CC-MAIN-2015-06	theroomz.org/about.swf	RuntimeError('https://index.commoncrawl.org/CC-MAIN-2015-06-index?url=theroomz.org%2Fabout.swf&matchType=exact&output=json: <urlopen error timed out>')
CC-MAIN-2015-06	theroomz.org/yoyo.pnq	RuntimeError('https://index.commoncrawl.org/CC-MAIN-2015-06-index?url=theroomz.org%2Fyoyo.pnq&matchType=exact&output=json: <urlopen error timed out>')
CC-MAIN-2015-06	theroomz.org/sciemka.swf	RuntimeError('https://index.commoncrawl.org/CC-MAIN-2015-06-index?url=theroomz.org%2Fsciemka.swf&matchType=exact&output=json: <urlopen error timed out>')
CC-MAIN-2015-06	theroomz.org/tescik.swf	RuntimeError('https://index.commoncrawl.org/CC-MAIN-2015-06-index?url=theroomz.org%2Ftescik.swf&matchType=exact&output=json: <urlopen error timed out>')
CC-MAIN-2015-06	theroomz.org/Redirect.swf	RuntimeError('https://index.commoncrawl.org/CC-MAIN-2015-06-index?url=theroomz.org%2FRedirect.swf&matchType=exact&output=json: <urlopen error timed out>')
CC-MAIN-2015-06	www.theroomz.org/check.swf	RuntimeError('https://index.commoncrawl.org/CC-MAIN-2015-06-index?url=www.theroomz.org%2Fcheck.swf&matchType=exact&output=json: <urlopen error timed out>')
CC-MAIN-2015-06	theroomz.org/solutions.swf	RuntimeError('https://index.commoncrawl.org/CC-MAIN-2015-06-index?url=theroomz.org%2Fsolutions.swf&matchType=exact&output=json: <urlopen error timed out>')
CC-MAIN-2015-06	www.theroomz.org/rules.swf	RuntimeError('https://index.commoncrawl.org/CC-MAIN-2015-06-index?url=www.theroomz.org%2Frules.swf&matchType=exact&output=json: <urlopen error timed out>')
CC-MAIN-2015-06	www.theroomz.org/tescik.swf	RuntimeError('https://index.commoncrawl.org/CC-MAIN-2015-06-index?url=www.theroomz.org%2Ftescik.swf&matchType=exact&output=json: <urlopen error timed out>')
CC-MAIN-2015-06	www.theroomz.org/solutions.swf	RuntimeError('https://index.commoncrawl.org/CC-MAIN-2015-06-index?url=www.theroomz.org%2Fsolutions.swf&matchType=exact&output=json: <urlopen error timed out>')
CC-MAIN-2015-06	www.theroomz.org/ile.txt	RuntimeError('https://index.commoncrawl.org/CC-MAIN-2015-06-index?url=www.theroomz.org%2File.txt&matchType=exact&output=json: <urlopen error timed out>')
CC-MAIN-2015-06	dreamward.home.pl/theroomz/paper/BlackAndWhite.swf	RuntimeError('https://index.commoncrawl.org/CC-MAIN-2015-06-index?url=dreamward.home.pl%2Ftheroomz%2Fpaper%2FBlackAndWhite.swf&matchType=exact&output=json: <urlopen error timed out>')
CC-MAIN-2015-06	dreamward.home.pl/theroomz/check.swf	RuntimeError('https://index.commoncrawl.org/CC-MAIN-2015-06-index?url=dreamward.home.pl%2Ftheroomz%2Fcheck.swf&matchType=exact&output=json: <urlopen error timed out>')
CC-MAIN-2015-06	www.theroomz.org/bonus.txt	RuntimeError('https://index.commoncrawl.org/CC-MAIN-2015-06-index?url=www.theroomz.org%2Fbonus.txt&matchType=exact&output=json: <urlopen error timed out>')
CC-MAIN-2015-06	www.theroomz.org/paper/BlackAndWhite.swf	RuntimeError('https://index.commoncrawl.org/CC-MAIN-2015-06-index?url=www.theroomz.org%2Fpaper%2FBlackAndWhite.swf&matchType=exact&output=json: <urlopen error timed out>')
CC-MAIN-2015-06	dreamward.home.pl/theroomz/yoyo.pnq	RuntimeError('https://index.commoncrawl.org/CC-MAIN-2015-06-index?url=dreamward.home.pl%2Ftheroomz%2Fyoyo.pnq&matchType=exact&output=json: <urlopen error timed out>')
CC-MAIN-2015-06	dreamward.home.pl/theroomz/BlackAndWhite.swf	RuntimeError('https://index.commoncrawl.org/CC-MAIN-2015-06-index?url=dreamward.home.pl%2Ftheroomz%2FBlackAndWhite.swf&matchType=exact&output=json: <urlopen error timed out>')
CC-MAIN-2015-06	dreamward.home.pl/theroomz/hof.swf	RuntimeError('https://index.commoncrawl.org/CC-MAIN-2015-06-index?url=dreamward.home.pl%2Ftheroomz%2Fhof.swf&matchType=exact&output=json: <urlopen error timed out>')
CC-MAIN-2015-06	dreamward.home.pl/theroomz/Redirect.swf	RuntimeError('https://index.commoncrawl.org/CC-MAIN-2015-06-index?url=dreamward.home.pl%2Ftheroomz%2FRedirect.swf&matchType=exact&output=json: <urlopen error timed out>')
CC-MAIN-2015-06	dreamward.home.pl/theroomz/tescik.swf	RuntimeError('https://index.commoncrawl.org/CC-MAIN-2015-06-index?url=dreamward.home.pl%2Ftheroomz%2Ftescik.swf&matchType=exact&output=json: <urlopen error timed out>')
CC-MAIN-2015-06	dreamward.home.pl/theroomz/solutions.swf	RuntimeError('https://index.commoncrawl.org/CC-MAIN-2015-06-index?url=dreamward.home.pl%2Ftheroomz%2Fsolutions.swf&matchType=exact&output=json: <urlopen error timed out>')
CC-MAIN-2015-06	www.theroomz.org/yoyo.pnq	RuntimeError('https://index.commoncrawl.org/CC-MAIN-2015-06-index?url=www.theroomz.org%2Fyoyo.pnq&matchType=exact&output=json: <urlopen error timed out>')
CC-MAIN-2015-06	www.theroomz.org/cannon.txt	RuntimeError('https://index.commoncrawl.org/CC-MAIN-2015-06-index?url=www.theroomz.org%2Fcannon.txt&matchType=exact&output=json: <urlopen error timed out>')
CC-MAIN-2015-06	www.theroomz.org/Redirect.swf	RuntimeError('https://index.commoncrawl.org/CC-MAIN-2015-06-index?url=www.theroomz.org%2FRedirect.swf&matchType=exact&output=json: <urlopen error timed out>')
CC-MAIN-2015-06	dreamward.home.pl/theroomz/sciemka.swf	RuntimeError('https://index.commoncrawl.org/CC-MAIN-2015-06-index?url=dreamward.home.pl%2Ftheroomz%2Fsciemka.swf&matchType=exact&output=json: <urlopen error timed out>')
CC-MAIN-2015-06	dreamward.home.pl/theroomz/bonus.txt	RuntimeError('https://index.commoncrawl.org/CC-MAIN-2015-06-index?url=dreamward.home.pl%2Ftheroomz%2Fbonus.txt&matchType=exact&output=json: <urlopen error timed out>')
CC-MAIN-2015-06	www.theroomz.org/hof.swf	RuntimeError('https://index.commoncrawl.org/CC-MAIN-2015-06-index?url=www.theroomz.org%2Fhof.swf&matchType=exact&output=json: <urlopen error timed out>')
CC-MAIN-2015-06	dreamward.home.pl/theroomz/rules.swf	RuntimeError('https://index.commoncrawl.org/CC-MAIN-2015-06-index?url=dreamward.home.pl%2Ftheroomz%2Frules.swf&matchType=exact&output=json: <urlopen error timed out>')
CC-MAIN-2015-06	www.theroomz.org/BlackAndWhite.swf	RuntimeError('https://index.commoncrawl.org/CC-MAIN-2015-06-index?url=www.theroomz.org%2FBlackAndWhite.swf&matchType=exact&output=json: <urlopen error timed out>')
CC-MAIN-2015-06	dreamward.home.pl/theroomz/about.swf	RuntimeError('https://index.commoncrawl.org/CC-MAIN-2015-06-index?url=dreamward.home.pl%2Ftheroomz%2Fabout.swf&matchType=exact&output=json: <urlopen error timed out>')
CC-MAIN-2015-06	dreamward.home.pl/theroomz/ile.txt	RuntimeError('https://index.commoncrawl.org/CC-MAIN-2015-06-index?url=dreamward.home.pl%2Ftheroomz%2File.txt&matchType=exact&output=json: <urlopen error timed out>')
CC-MAIN-2015-06	dreamward.home.pl/theroomz/cannon.txt	RuntimeError('https://index.commoncrawl.org/CC-MAIN-2015-06-index?url=dreamward.home.pl%2Ftheroomz%2Fcannon.txt&matchType=exact&output=json: <urlopen error timed out>')
CC-MAIN-2015-06	dreamwardgames.com/theroomz/check.swf	RuntimeError('https://index.commoncrawl.org/CC-MAIN-2015-06-index?url=dreamwardgames.com%2Ftheroomz%2Fcheck.swf&matchType=exact&output=json: <urlopen error timed out>')
CC-MAIN-2015-06	dreamwardgames.com/theroomz/sciemka.swf	RuntimeError('https://index.commoncrawl.org/CC-MAIN-2015-06-index?url=dreamwardgames.com%2Ftheroomz%2Fsciemka.swf&matchType=exact&output=json: <urlopen error timed out>')
CC-MAIN-2015-06	dreamwardgames.com/theroomz/hof.swf	RuntimeError('https://index.commoncrawl.org/CC-MAIN-2015-06-index?url=dreamwardgames.com%2Ftheroomz%2Fhof.swf&matchType=exact&output=json: HTTP Error 503: Service Temporarily Unavailable')
CC-MAIN-2015-48	theroomz.yoyo.pl/solutions.swf	RuntimeError('https://index.commoncrawl.org/CC-MAIN-2015-48-index?url=theroomz.yoyo.pl%2Fsolutions.swf&matchType=exact&output=json: HTTP Error 503: Service Temporarily Unavailable')
CC-MAIN-2015-48	theroomz.yoyo.pl/bonus.txt	RuntimeError('https://index.commoncrawl.org/CC-MAIN-2015-48-index?url=theroomz.yoyo.pl%2Fbonus.txt&matchType=exact&output=json: HTTP Error 503: Service Temporarily Unavailable')
CC-MAIN-2015-06	dreamwardgames.com/theroomz/paper/BlackAndWhite.swf	RuntimeError('https://index.commoncrawl.org/CC-MAIN-2015-06-index?url=dreamwardgames.com%2Ftheroomz%2Fpaper%2FBlackAndWhite.swf&matchType=exact&output=json: HTTP Error 503: Service Temporarily Unavailable')
CC-MAIN-2015-06	dreamwardgames.com/theroomz/solutions.swf	RuntimeError('https://index.commoncrawl.org/CC-MAIN-2015-06-index?url=dreamwardgames.com%2Ftheroomz%2Fsolutions.swf&matchType=exact&output=json: HTTP Error 503: Service Temporarily Unavailable')
CC-MAIN-2015-48	theroomz.yoyo.pl/check.swf	RuntimeError('https://index.commoncrawl.org/CC-MAIN-2015-48-index?url=theroomz.yoyo.pl%2Fcheck.swf&matchType=exact&output=json: HTTP Error 503: Service Temporarily Unavailable')
CC-MAIN-2015-06	dreamwardgames.com/theroomz/cannon.txt	RuntimeError('https://index.commoncrawl.org/CC-MAIN-2015-06-index?url=dreamwardgames.com%2Ftheroomz%2Fcannon.txt&matchType=exact&output=json: HTTP Error 503: Service Temporarily Unavailable')
CC-MAIN-2015-06	dreamwardgames.com/theroomz/BlackAndWhite.swf	RuntimeError('https://index.commoncrawl.org/CC-MAIN-2015-06-index?url=dreamwardgames.com%2Ftheroomz%2FBlackAndWhite.swf&matchType=exact&output=json: HTTP Error 503: Service Temporarily Unavailable')
CC-MAIN-2015-48	theroomz.yoyo.pl/rules.swf	RuntimeError('https://index.commoncrawl.org/CC-MAIN-2015-48-index?url=theroomz.yoyo.pl%2Frules.swf&matchType=exact&output=json: HTTP Error 503: Service Temporarily Unavailable')
CC-MAIN-2015-06	dreamwardgames.com/theroomz/Redirect.swf	RuntimeError('https://index.commoncrawl.org/CC-MAIN-2015-06-index?url=dreamwardgames.com%2Ftheroomz%2FRedirect.swf&matchType=exact&output=json: HTTP Error 503: Service Temporarily Unavailable')
CC-MAIN-2015-06	dreamwardgames.com/theroomz/rules.swf	RuntimeError('https://index.commoncrawl.org/CC-MAIN-2015-06-index?url=dreamwardgames.com%2Ftheroomz%2Frules.swf&matchType=exact&output=json: HTTP Error 503: Service Temporarily Unavailable')
CC-MAIN-2015-48	theroomz.yoyo.pl/about.swf	RuntimeError('https://index.commoncrawl.org/CC-MAIN-2015-48-index?url=theroomz.yoyo.pl%2Fabout.swf&matchType=exact&output=json: HTTP Error 503: Service Temporarily Unavailable')
CC-MAIN-2015-48	theroomz.yoyo.pl/sciemka.swf	RuntimeError('https://index.commoncrawl.org/CC-MAIN-2015-48-index?url=theroomz.yoyo.pl%2Fsciemka.swf&matchType=exact&output=json: HTTP Error 503: Service Temporarily Unavailable')
CC-MAIN-2015-06	dreamwardgames.com/theroomz/about.swf	RuntimeError('https://index.commoncrawl.org/CC-MAIN-2015-06-index?url=dreamwardgames.com%2Ftheroomz%2Fabout.swf&matchType=exact&output=json: HTTP Error 503: Service Temporarily Unavailable')
CC-MAIN-2015-48	theroomz.yoyo.pl/tescik.swf	RuntimeError('https://index.commoncrawl.org/CC-MAIN-2015-48-index?url=theroomz.yoyo.pl%2Ftescik.swf&matchType=exact&output=json: HTTP Error 503: Service Temporarily Unavailable')
CC-MAIN-2015-48	theroomz.yoyo.pl/BlackAndWhite.swf	RuntimeError('https://index.commoncrawl.org/CC-MAIN-2015-48-index?url=theroomz.yoyo.pl%2FBlackAndWhite.swf&matchType=exact&output=json: HTTP Error 503: Service Temporarily Unavailable')
CC-MAIN-2015-48	theroomz.yoyo.pl/ile.txt	RuntimeError('https://index.commoncrawl.org/CC-MAIN-2015-48-index?url=theroomz.yoyo.pl%2File.txt&matchType=exact&output=json: HTTP Error 503: Service Temporarily Unavailable')
CC-MAIN-2015-06	dreamwardgames.com/theroomz/ile.txt	RuntimeError('https://index.commoncrawl.org/CC-MAIN-2015-06-index?url=dreamwardgames.com%2Ftheroomz%2File.txt&matchType=exact&output=json: HTTP Error 503: Service Temporarily Unavailable')
CC-MAIN-2015-06	dreamwardgames.com/theroomz/tescik.swf	RuntimeError('https://index.commoncrawl.org/CC-MAIN-2015-06-index?url=dreamwardgames.com%2Ftheroomz%2Ftescik.swf&matchType=exact&output=json: HTTP Error 503: Service Temporarily Unavailable')
CC-MAIN-2015-48	theroomz.yoyo.pl/paper/BlackAndWhite.swf	RuntimeError('https://index.commoncrawl.org/CC-MAIN-2015-48-index?url=theroomz.yoyo.pl%2Fpaper%2FBlackAndWhite.swf&matchType=exact&output=json: HTTP Error 503: Service Temporarily Unavailable')
CC-MAIN-2015-48	theroomz.yoyo.pl/hof.swf	RuntimeError('https://index.commoncrawl.org/CC-MAIN-2015-48-index?url=theroomz.yoyo.pl%2Fhof.swf&matchType=exact&output=json: HTTP Error 503: Service Temporarily Unavailable')
CC-MAIN-2015-48	theroomz.yoyo.pl/Redirect.swf	RuntimeError('https://index.commoncrawl.org/CC-MAIN-2015-48-index?url=theroomz.yoyo.pl%2FRedirect.swf&matchType=exact&output=json: HTTP Error 503: Service Temporarily Unavailable')
CC-MAIN-2015-06	dreamwardgames.com/theroomz/bonus.txt	RuntimeError('https://index.commoncrawl.org/CC-MAIN-2015-06-index?url=dreamwardgames.com%2Ftheroomz%2Fbonus.txt&matchType=exact&output=json: HTTP Error 404: Not Found')
CC-MAIN-2015-06	dreamwardgames.com/theroomz/yoyo.pnq	RuntimeError('https://index.commoncrawl.org/CC-MAIN-2015-06-index?url=dreamwardgames.com%2Ftheroomz%2Fyoyo.pnq&matchType=exact&output=json: HTTP Error 404: Not Found')
CC-MAIN-2015-48	www.theroomz.yoyo.pl/check.swf	RuntimeError('https://index.commoncrawl.org/CC-MAIN-2015-48-index?url=www.theroomz.yoyo.pl%2Fcheck.swf&matchType=exact&output=json: <urlopen error timed out>')
CC-MAIN-2015-48	www.theroomz.yoyo.pl/Redirect.swf	RuntimeError('https://index.commoncrawl.org/CC-MAIN-2015-48-index?url=www.theroomz.yoyo.pl%2FRedirect.swf&matchType=exact&output=json: <urlopen error timed out>')
CC-MAIN-2015-48	www.theroomz.yoyo.pl/ile.txt	RuntimeError('https://index.commoncrawl.org/CC-MAIN-2015-48-index?url=www.theroomz.yoyo.pl%2File.txt&matchType=exact&output=json: <urlopen error timed out>')
CC-MAIN-2015-48	theroomz.yoyo.pl/yoyo.pnq	RuntimeError('https://index.commoncrawl.org/CC-MAIN-2015-48-index?url=theroomz.yoyo.pl%2Fyoyo.pnq&matchType=exact&output=json: <urlopen error timed out>')
CC-MAIN-2015-48	www.theroomz.yoyo.pl/rules.swf	RuntimeError('https://index.commoncrawl.org/CC-MAIN-2015-48-index?url=www.theroomz.yoyo.pl%2Frules.swf&matchType=exact&output=json: <urlopen error timed out>')
CC-MAIN-2015-48	www.theroomz.yoyo.pl/about.swf	RuntimeError('https://index.commoncrawl.org/CC-MAIN-2015-48-index?url=www.theroomz.yoyo.pl%2Fabout.swf&matchType=exact&output=json: <urlopen error timed out>')
CC-MAIN-2015-48	www.theroomz.yoyo.pl/BlackAndWhite.swf	RuntimeError('https://index.commoncrawl.org/CC-MAIN-2015-48-index?url=www.theroomz.yoyo.pl%2FBlackAndWhite.swf&matchType=exact&output=json: <urlopen error timed out>')
CC-MAIN-2015-48	www.theroomz.yoyo.pl/solutions.swf	RuntimeError('https://index.commoncrawl.org/CC-MAIN-2015-48-index?url=www.theroomz.yoyo.pl%2Fsolutions.swf&matchType=exact&output=json: <urlopen error timed out>')
CC-MAIN-2015-48	www.theroomz.yoyo.pl/bonus.txt	RuntimeError('https://index.commoncrawl.org/CC-MAIN-2015-48-index?url=www.theroomz.yoyo.pl%2Fbonus.txt&matchType=exact&output=json: <urlopen error timed out>')
CC-MAIN-2015-48	theroomz.yoyo.pl/cannon.txt	RuntimeError('https://index.commoncrawl.org/CC-MAIN-2015-48-index?url=theroomz.yoyo.pl%2Fcannon.txt&matchType=exact&output=json: <urlopen error timed out>')
CC-MAIN-2015-48	www.theroomz.yoyo.pl/tescik.swf	RuntimeError('https://index.commoncrawl.org/CC-MAIN-2015-48-index?url=www.theroomz.yoyo.pl%2Ftescik.swf&matchType=exact&output=json: <urlopen error timed out>')
CC-MAIN-2015-48	www.theroomz.yoyo.pl/paper/BlackAndWhite.swf	RuntimeError('https://index.commoncrawl.org/CC-MAIN-2015-48-index?url=www.theroomz.yoyo.pl%2Fpaper%2FBlackAndWhite.swf&matchType=exact&output=json: <urlopen error timed out>')
CC-MAIN-2015-48	www.theroomz.yoyo.pl/sciemka.swf	RuntimeError('https://index.commoncrawl.org/CC-MAIN-2015-48-index?url=www.theroomz.yoyo.pl%2Fsciemka.swf&matchType=exact&output=json: <urlopen error timed out>')
CC-MAIN-2015-48	www.theroomz.yoyo.pl/hof.swf	RuntimeError('https://index.commoncrawl.org/CC-MAIN-2015-48-index?url=www.theroomz.yoyo.pl%2Fhof.swf&matchType=exact&output=json: <urlopen error timed out>')
CC-MAIN-2015-48	www.theroomz.yoyo.pl/yoyo.pnq	RuntimeError('https://index.commoncrawl.org/CC-MAIN-2015-48-index?url=www.theroomz.yoyo.pl%2Fyoyo.pnq&matchType=exact&output=json: <urlopen error timed out>')
CC-MAIN-2015-48	www.theroomz.yoyo.pl/cannon.txt	RuntimeError('https://index.commoncrawl.org/CC-MAIN-2015-48-index?url=www.theroomz.yoyo.pl%2Fcannon.txt&matchType=exact&output=json: <urlopen error timed out>')
CC-MAIN-2015-48	theroomz.org/check.swf	RuntimeError('https://index.commoncrawl.org/CC-MAIN-2015-48-index?url=theroomz.org%2Fcheck.swf&matchType=exact&output=json: <urlopen error timed out>')
CC-MAIN-2015-48	theroomz.org/sciemka.swf	RuntimeError('https://index.commoncrawl.org/CC-MAIN-2015-48-index?url=theroomz.org%2Fsciemka.swf&matchType=exact&output=json: <urlopen error timed out>')
CC-MAIN-2015-48	theroomz.org/about.swf	RuntimeError('https://index.commoncrawl.org/CC-MAIN-2015-48-index?url=theroomz.org%2Fabout.swf&matchType=exact&output=json: <urlopen error timed out>')
CC-MAIN-2015-48	theroomz.org/rules.swf	RuntimeError('https://index.commoncrawl.org/CC-MAIN-2015-48-index?url=theroomz.org%2Frules.swf&matchType=exact&output=json: <urlopen error timed out>')
CC-MAIN-2015-48	theroomz.org/solutions.swf	RuntimeError('https://index.commoncrawl.org/CC-MAIN-2015-48-index?url=theroomz.org%2Fsolutions.swf&matchType=exact&output=json: <urlopen error timed out>')
CC-MAIN-2015-48	theroomz.org/tescik.swf	RuntimeError('https://index.commoncrawl.org/CC-MAIN-2015-48-index?url=theroomz.org%2Ftescik.swf&matchType=exact&output=json: <urlopen error timed out>')
CC-MAIN-2015-48	theroomz.org/bonus.txt	RuntimeError('https://index.commoncrawl.org/CC-MAIN-2015-48-index?url=theroomz.org%2Fbonus.txt&matchType=exact&output=json: <urlopen error timed out>')
CC-MAIN-2015-48	theroomz.org/ile.txt	RuntimeError('https://index.commoncrawl.org/CC-MAIN-2015-48-index?url=theroomz.org%2File.txt&matchType=exact&output=json: <urlopen error timed out>')
CC-MAIN-2015-48	www.theroomz.org/ile.txt	RuntimeError('https://index.commoncrawl.org/CC-MAIN-2015-48-index?url=www.theroomz.org%2File.txt&matchType=exact&output=json: <urlopen error timed out>')
CC-MAIN-2015-48	www.theroomz.org/bonus.txt	RuntimeError('https://index.commoncrawl.org/CC-MAIN-2015-48-index?url=www.theroomz.org%2Fbonus.txt&matchType=exact&output=json: <urlopen error timed out>')
CC-MAIN-2015-48	www.theroomz.org/paper/BlackAndWhite.swf	RuntimeError('https://index.commoncrawl.org/CC-MAIN-2015-48-index?url=www.theroomz.org%2Fpaper%2FBlackAndWhite.swf&matchType=exact&output=json: <urlopen error timed out>')
CC-MAIN-2015-48	www.theroomz.org/hof.swf	RuntimeError('https://index.commoncrawl.org/CC-MAIN-2015-48-index?url=www.theroomz.org%2Fhof.swf&matchType=exact&output=json: <urlopen error timed out>')
CC-MAIN-2015-48	www.theroomz.org/about.swf	RuntimeError('https://index.commoncrawl.org/CC-MAIN-2015-48-index?url=www.theroomz.org%2Fabout.swf&matchType=exact&output=json: <urlopen error timed out>')
CC-MAIN-2015-48	theroomz.org/Redirect.swf	RuntimeError('https://index.commoncrawl.org/CC-MAIN-2015-48-index?url=theroomz.org%2FRedirect.swf&matchType=exact&output=json: <urlopen error timed out>')
CC-MAIN-2015-48	theroomz.org/yoyo.pnq	RuntimeError('https://index.commoncrawl.org/CC-MAIN-2015-48-index?url=theroomz.org%2Fyoyo.pnq&matchType=exact&output=json: <urlopen error timed out>')
CC-MAIN-2015-48	www.theroomz.org/check.swf	RuntimeError('https://index.commoncrawl.org/CC-MAIN-2015-48-index?url=www.theroomz.org%2Fcheck.swf&matchType=exact&output=json: <urlopen error timed out>')
CC-MAIN-2015-48	theroomz.org/cannon.txt	RuntimeError('https://index.commoncrawl.org/CC-MAIN-2015-48-index?url=theroomz.org%2Fcannon.txt&matchType=exact&output=json: <urlopen error timed out>')
CC-MAIN-2015-48	theroomz.org/BlackAndWhite.swf	RuntimeError('https://index.commoncrawl.org/CC-MAIN-2015-48-index?url=theroomz.org%2FBlackAndWhite.swf&matchType=exact&output=json: <urlopen error timed out>')
CC-MAIN-2015-48	www.theroomz.org/BlackAndWhite.swf	RuntimeError('https://index.commoncrawl.org/CC-MAIN-2015-48-index?url=www.theroomz.org%2FBlackAndWhite.swf&matchType=exact&output=json: <urlopen error timed out>')
CC-MAIN-2015-48	theroomz.org/paper/BlackAndWhite.swf	RuntimeError('https://index.commoncrawl.org/CC-MAIN-2015-48-index?url=theroomz.org%2Fpaper%2FBlackAndWhite.swf&matchType=exact&output=json: <urlopen error timed out>')
CC-MAIN-2015-48	www.theroomz.org/rules.swf	RuntimeError('https://index.commoncrawl.org/CC-MAIN-2015-48-index?url=www.theroomz.org%2Frules.swf&matchType=exact&output=json: <urlopen error timed out>')
CC-MAIN-2015-48	www.theroomz.org/tescik.swf	RuntimeError('https://index.commoncrawl.org/CC-MAIN-2015-48-index?url=www.theroomz.org%2Ftescik.swf&matchType=exact&output=json: <urlopen error timed out>')
CC-MAIN-2015-48	theroomz.org/hof.swf	RuntimeError('https://index.commoncrawl.org/CC-MAIN-2015-48-index?url=theroomz.org%2Fhof.swf&matchType=exact&output=json: <urlopen error timed out>')
CC-MAIN-2015-48	www.theroomz.org/solutions.swf	RuntimeError('https://index.commoncrawl.org/CC-MAIN-2015-48-index?url=www.theroomz.org%2Fsolutions.swf&matchType=exact&output=json: <urlopen error timed out>')
CC-MAIN-2015-48	www.theroomz.org/sciemka.swf	RuntimeError('https://index.commoncrawl.org/CC-MAIN-2015-48-index?url=www.theroomz.org%2Fsciemka.swf&matchType=exact&output=json: <urlopen error timed out>')
CC-MAIN-2015-48	www.theroomz.org/yoyo.pnq	RuntimeError('https://index.commoncrawl.org/CC-MAIN-2015-48-index?url=www.theroomz.org%2Fyoyo.pnq&matchType=exact&output=json: <urlopen error timed out>')
CC-MAIN-2015-48	www.theroomz.org/Redirect.swf	RuntimeError('https://index.commoncrawl.org/CC-MAIN-2015-48-index?url=www.theroomz.org%2FRedirect.swf&matchType=exact&output=json: <urlopen error timed out>')
CC-MAIN-2015-48	www.theroomz.org/cannon.txt	RuntimeError('https://index.commoncrawl.org/CC-MAIN-2015-48-index?url=www.theroomz.org%2Fcannon.txt&matchType=exact&output=json: <urlopen error timed out>')
CC-MAIN-2015-48	dreamward.home.pl/theroomz/check.swf	RuntimeError('https://index.commoncrawl.org/CC-MAIN-2015-48-index?url=dreamward.home.pl%2Ftheroomz%2Fcheck.swf&matchType=exact&output=json: <urlopen error timed out>')
CC-MAIN-2015-48	dreamward.home.pl/theroomz/sciemka.swf	RuntimeError('https://index.commoncrawl.org/CC-MAIN-2015-48-index?url=dreamward.home.pl%2Ftheroomz%2Fsciemka.swf&matchType=exact&output=json: <urlopen error timed out>')
CC-MAIN-2015-48	dreamward.home.pl/theroomz/about.swf	RuntimeError('https://index.commoncrawl.org/CC-MAIN-2015-48-index?url=dreamward.home.pl%2Ftheroomz%2Fabout.swf&matchType=exact&output=json: <urlopen error timed out>')
CC-MAIN-2015-48	dreamward.home.pl/theroomz/rules.swf	RuntimeError('https://index.commoncrawl.org/CC-MAIN-2015-48-index?url=dreamward.home.pl%2Ftheroomz%2Frules.swf&matchType=exact&output=json: <urlopen error timed out>')
CC-MAIN-2015-48	dreamward.home.pl/theroomz/Redirect.swf	RuntimeError('https://index.commoncrawl.org/CC-MAIN-2015-48-index?url=dreamward.home.pl%2Ftheroomz%2FRedirect.swf&matchType=exact&output=json: <urlopen error timed out>')
CC-MAIN-2015-48	dreamward.home.pl/theroomz/tescik.swf	RuntimeError('https://index.commoncrawl.org/CC-MAIN-2015-48-index?url=dreamward.home.pl%2Ftheroomz%2Ftescik.swf&matchType=exact&output=json: <urlopen error timed out>')
CC-MAIN-2015-48	dreamwardgames.com/theroomz/tescik.swf	RuntimeError('https://index.commoncrawl.org/CC-MAIN-2015-48-index?url=dreamwardgames.com%2Ftheroomz%2Ftescik.swf&matchType=exact&output=json: <urlopen error timed out>')
CC-MAIN-2015-48	dreamwardgames.com/theroomz/sciemka.swf	RuntimeError('https://index.commoncrawl.org/CC-MAIN-2015-48-index?url=dreamwardgames.com%2Ftheroomz%2Fsciemka.swf&matchType=exact&output=json: <urlopen error timed out>')
CC-MAIN-2015-48	dreamward.home.pl/theroomz/ile.txt	RuntimeError('https://index.commoncrawl.org/CC-MAIN-2015-48-index?url=dreamward.home.pl%2Ftheroomz%2File.txt&matchType=exact&output=json: <urlopen error timed out>')
CC-MAIN-2015-48	dreamwardgames.com/theroomz/check.swf	RuntimeError('https://index.commoncrawl.org/CC-MAIN-2015-48-index?url=dreamwardgames.com%2Ftheroomz%2Fcheck.swf&matchType=exact&output=json: <urlopen error timed out>')
CC-MAIN-2015-48	dreamwardgames.com/theroomz/about.swf	RuntimeError('https://index.commoncrawl.org/CC-MAIN-2015-48-index?url=dreamwardgames.com%2Ftheroomz%2Fabout.swf&matchType=exact&output=json: <urlopen error timed out>')
CC-MAIN-2015-48	dreamward.home.pl/theroomz/cannon.txt	RuntimeError('https://index.commoncrawl.org/CC-MAIN-2015-48-index?url=dreamward.home.pl%2Ftheroomz%2Fcannon.txt&matchType=exact&output=json: <urlopen error timed out>')
CC-MAIN-2015-48	dreamward.home.pl/theroomz/paper/BlackAndWhite.swf	RuntimeError('https://index.commoncrawl.org/CC-MAIN-2015-48-index?url=dreamward.home.pl%2Ftheroomz%2Fpaper%2FBlackAndWhite.swf&matchType=exact&output=json: <urlopen error timed out>')
CC-MAIN-2015-48	dreamward.home.pl/theroomz/BlackAndWhite.swf	RuntimeError('https://index.commoncrawl.org/CC-MAIN-2015-48-index?url=dreamward.home.pl%2Ftheroomz%2FBlackAndWhite.swf&matchType=exact&output=json: <urlopen error timed out>')
CC-MAIN-2015-48	dreamward.home.pl/theroomz/hof.swf	RuntimeError('https://index.commoncrawl.org/CC-MAIN-2015-48-index?url=dreamward.home.pl%2Ftheroomz%2Fhof.swf&matchType=exact&output=json: <urlopen error timed out>')
CC-MAIN-2015-48	dreamward.home.pl/theroomz/yoyo.pnq	RuntimeError('https://index.commoncrawl.org/CC-MAIN-2015-48-index?url=dreamward.home.pl%2Ftheroomz%2Fyoyo.pnq&matchType=exact&output=json: <urlopen error timed out>')
CC-MAIN-2015-48	dreamwardgames.com/theroomz/ile.txt	RuntimeError('https://index.commoncrawl.org/CC-MAIN-2015-48-index?url=dreamwardgames.com%2Ftheroomz%2File.txt&matchType=exact&output=json: <urlopen error timed out>')
CC-MAIN-2015-48	dreamward.home.pl/theroomz/bonus.txt	RuntimeError('https://index.commoncrawl.org/CC-MAIN-2015-48-index?url=dreamward.home.pl%2Ftheroomz%2Fbonus.txt&matchType=exact&output=json: <urlopen error timed out>')
CC-MAIN-2015-48	dreamward.home.pl/theroomz/solutions.swf	RuntimeError('https://index.commoncrawl.org/CC-MAIN-2015-48-index?url=dreamward.home.pl%2Ftheroomz%2Fsolutions.swf&matchType=exact&output=json: <urlopen error timed out>')
CC-MAIN-2015-48	dreamwardgames.com/theroomz/solutions.swf	RuntimeError('https://index.commoncrawl.org/CC-MAIN-2015-48-index?url=dreamwardgames.com%2Ftheroomz%2Fsolutions.swf&matchType=exact&output=json: <urlopen error timed out>')
CC-MAIN-2015-48	dreamwardgames.com/theroomz/rules.swf	RuntimeError('https://index.commoncrawl.org/CC-MAIN-2015-48-index?url=dreamwardgames.com%2Ftheroomz%2Frules.swf&matchType=exact&output=json: <urlopen error timed out>')
CC-MAIN-2015-48	dreamwardgames.com/theroomz/BlackAndWhite.swf	RuntimeError('https://index.commoncrawl.org/CC-MAIN-2015-48-index?url=dreamwardgames.com%2Ftheroomz%2FBlackAndWhite.swf&matchType=exact&output=json: <urlopen error timed out>')
CC-MAIN-2015-48	dreamwardgames.com/theroomz/bonus.txt	RuntimeError('https://index.commoncrawl.org/CC-MAIN-2015-48-index?url=dreamwardgames.com%2Ftheroomz%2Fbonus.txt&matchType=exact&output=json: <urlopen error timed out>')
CC-MAIN-2015-48	dreamwardgames.com/theroomz/paper/BlackAndWhite.swf	RuntimeError('https://index.commoncrawl.org/CC-MAIN-2015-48-index?url=dreamwardgames.com%2Ftheroomz%2Fpaper%2FBlackAndWhite.swf&matchType=exact&output=json: <urlopen error timed out>')
CC-MAIN-2015-48	dreamwardgames.com/theroomz/Redirect.swf	RuntimeError('https://index.commoncrawl.org/CC-MAIN-2015-48-index?url=dreamwardgames.com%2Ftheroomz%2FRedirect.swf&matchType=exact&output=json: <urlopen error timed out>')
CC-MAIN-2015-48	dreamwardgames.com/theroomz/hof.swf	RuntimeError('https://index.commoncrawl.org/CC-MAIN-2015-48-index?url=dreamwardgames.com%2Ftheroomz%2Fhof.swf&matchType=exact&output=json: <urlopen error timed out>')
CC-MAIN-2015-48	dreamwardgames.com/theroomz/cannon.txt	RuntimeError('https://index.commoncrawl.org/CC-MAIN-2015-48-index?url=dreamwardgames.com%2Ftheroomz%2Fcannon.txt&matchType=exact&output=json: <urlopen error timed out>')
CC-MAIN-2015-48	dreamwardgames.com/theroomz/yoyo.pnq	RuntimeError('https://index.commoncrawl.org/CC-MAIN-2015-48-index?url=dreamwardgames.com%2Ftheroomz%2Fyoyo.pnq&matchType=exact&output=json: <urlopen error timed out>')
CC-MAIN-2016-07	theroomz.yoyo.pl/hof.swf	RuntimeError('https://index.commoncrawl.org/CC-MAIN-2016-07-index?url=theroomz.yoyo.pl%2Fhof.swf&matchType=exact&output=json: <urlopen error timed out>')
CC-MAIN-2016-07	www.theroomz.yoyo.pl/sciemka.swf	RuntimeError('https://index.commoncrawl.org/CC-MAIN-2016-07-index?url=www.theroomz.yoyo.pl%2Fsciemka.swf&matchType=exact&output=json: <urlopen error timed out>')
CC-MAIN-2016-07	theroomz.yoyo.pl/BlackAndWhite.swf	RuntimeError('https://index.commoncrawl.org/CC-MAIN-2016-07-index?url=theroomz.yoyo.pl%2FBlackAndWhite.swf&matchType=exact&output=json: <urlopen error timed out>')
CC-MAIN-2016-07	www.theroomz.yoyo.pl/about.swf	RuntimeError('https://index.commoncrawl.org/CC-MAIN-2016-07-index?url=www.theroomz.yoyo.pl%2Fabout.swf&matchType=exact&output=json: <urlopen error timed out>')
CC-MAIN-2016-07	theroomz.yoyo.pl/Redirect.swf	RuntimeError('https://index.commoncrawl.org/CC-MAIN-2016-07-index?url=theroomz.yoyo.pl%2FRedirect.swf&matchType=exact&output=json: <urlopen error timed out>')
CC-MAIN-2016-07	theroomz.yoyo.pl/solutions.swf	RuntimeError('https://index.commoncrawl.org/CC-MAIN-2016-07-index?url=theroomz.yoyo.pl%2Fsolutions.swf&matchType=exact&output=json: <urlopen error timed out>')
CC-MAIN-2016-07	theroomz.yoyo.pl/tescik.swf	RuntimeError('https://index.commoncrawl.org/CC-MAIN-2016-07-index?url=theroomz.yoyo.pl%2Ftescik.swf&matchType=exact&output=json: <urlopen error timed out>')
CC-MAIN-2016-07	theroomz.yoyo.pl/cannon.txt	RuntimeError('https://index.commoncrawl.org/CC-MAIN-2016-07-index?url=theroomz.yoyo.pl%2Fcannon.txt&matchType=exact&output=json: <urlopen error timed out>')
CC-MAIN-2016-07	theroomz.yoyo.pl/yoyo.pnq	RuntimeError('https://index.commoncrawl.org/CC-MAIN-2016-07-index?url=theroomz.yoyo.pl%2Fyoyo.pnq&matchType=exact&output=json: <urlopen error timed out>')
CC-MAIN-2016-07	theroomz.yoyo.pl/check.swf	RuntimeError('https://index.commoncrawl.org/CC-MAIN-2016-07-index?url=theroomz.yoyo.pl%2Fcheck.swf&matchType=exact&output=json: <urlopen error timed out>')
CC-MAIN-2016-07	theroomz.yoyo.pl/rules.swf	RuntimeError('https://index.commoncrawl.org/CC-MAIN-2016-07-index?url=theroomz.yoyo.pl%2Frules.swf&matchType=exact&output=json: <urlopen error timed out>')
CC-MAIN-2016-07	www.theroomz.yoyo.pl/check.swf	RuntimeError('https://index.commoncrawl.org/CC-MAIN-2016-07-index?url=www.theroomz.yoyo.pl%2Fcheck.swf&matchType=exact&output=json: <urlopen error timed out>')
CC-MAIN-2016-07	theroomz.yoyo.pl/sciemka.swf	RuntimeError('https://index.commoncrawl.org/CC-MAIN-2016-07-index?url=theroomz.yoyo.pl%2Fsciemka.swf&matchType=exact&output=json: <urlopen error timed out>')
CC-MAIN-2016-07	theroomz.yoyo.pl/ile.txt	RuntimeError('https://index.commoncrawl.org/CC-MAIN-2016-07-index?url=theroomz.yoyo.pl%2File.txt&matchType=exact&output=json: <urlopen error timed out>')
CC-MAIN-2016-07	theroomz.yoyo.pl/bonus.txt	RuntimeError('https://index.commoncrawl.org/CC-MAIN-2016-07-index?url=theroomz.yoyo.pl%2Fbonus.txt&matchType=exact&output=json: <urlopen error timed out>')
CC-MAIN-2016-07	theroomz.yoyo.pl/about.swf	RuntimeError('https://index.commoncrawl.org/CC-MAIN-2016-07-index?url=theroomz.yoyo.pl%2Fabout.swf&matchType=exact&output=json: <urlopen error timed out>')
CC-MAIN-2016-07	theroomz.yoyo.pl/paper/BlackAndWhite.swf	RuntimeError('https://index.commoncrawl.org/CC-MAIN-2016-07-index?url=theroomz.yoyo.pl%2Fpaper%2FBlackAndWhite.swf&matchType=exact&output=json: <urlopen error timed out>')
CC-MAIN-2016-07	www.theroomz.yoyo.pl/rules.swf	RuntimeError('https://index.commoncrawl.org/CC-MAIN-2016-07-index?url=www.theroomz.yoyo.pl%2Frules.swf&matchType=exact&output=json: <urlopen error timed out>')
CC-MAIN-2016-07	www.theroomz.yoyo.pl/solutions.swf	RuntimeError('https://index.commoncrawl.org/CC-MAIN-2016-07-index?url=www.theroomz.yoyo.pl%2Fsolutions.swf&matchType=exact&output=json: <urlopen error timed out>')
CC-MAIN-2016-07	www.theroomz.yoyo.pl/tescik.swf	RuntimeError('https://index.commoncrawl.org/CC-MAIN-2016-07-index?url=www.theroomz.yoyo.pl%2Ftescik.swf&matchType=exact&output=json: <urlopen error timed out>')
CC-MAIN-2016-07	www.theroomz.yoyo.pl/bonus.txt	RuntimeError('https://index.commoncrawl.org/CC-MAIN-2016-07-index?url=www.theroomz.yoyo.pl%2Fbonus.txt&matchType=exact&output=json: <urlopen error timed out>')
CC-MAIN-2016-07	www.theroomz.yoyo.pl/ile.txt	RuntimeError('https://index.commoncrawl.org/CC-MAIN-2016-07-index?url=www.theroomz.yoyo.pl%2File.txt&matchType=exact&output=json: <urlopen error timed out>')
CC-MAIN-2016-07	www.theroomz.yoyo.pl/BlackAndWhite.swf	RuntimeError('https://index.commoncrawl.org/CC-MAIN-2016-07-index?url=www.theroomz.yoyo.pl%2FBlackAndWhite.swf&matchType=exact&output=json: <urlopen error timed out>')
CC-MAIN-2016-07	www.theroomz.yoyo.pl/paper/BlackAndWhite.swf	RuntimeError('https://index.commoncrawl.org/CC-MAIN-2016-07-index?url=www.theroomz.yoyo.pl%2Fpaper%2FBlackAndWhite.swf&matchType=exact&output=json: <urlopen error timed out>')
CC-MAIN-2016-07	www.theroomz.yoyo.pl/Redirect.swf	RuntimeError('https://index.commoncrawl.org/CC-MAIN-2016-07-index?url=www.theroomz.yoyo.pl%2FRedirect.swf&matchType=exact&output=json: <urlopen error timed out>')
CC-MAIN-2016-07	theroomz.org/about.swf	RuntimeError('https://index.commoncrawl.org/CC-MAIN-2016-07-index?url=theroomz.org%2Fabout.swf&matchType=exact&output=json: <urlopen error timed out>')
CC-MAIN-2016-07	theroomz.org/paper/BlackAndWhite.swf	RuntimeError('https://index.commoncrawl.org/CC-MAIN-2016-07-index?url=theroomz.org%2Fpaper%2FBlackAndWhite.swf&matchType=exact&output=json: <urlopen error timed out>')
CC-MAIN-2016-07	theroomz.org/hof.swf	RuntimeError('https://index.commoncrawl.org/CC-MAIN-2016-07-index?url=theroomz.org%2Fhof.swf&matchType=exact&output=json: <urlopen error timed out>')
CC-MAIN-2016-07	theroomz.org/sciemka.swf	RuntimeError('https://index.commoncrawl.org/CC-MAIN-2016-07-index?url=theroomz.org%2Fsciemka.swf&matchType=exact&output=json: <urlopen error timed out>')
CC-MAIN-2016-07	www.theroomz.yoyo.pl/yoyo.pnq	RuntimeError('https://index.commoncrawl.org/CC-MAIN-2016-07-index?url=www.theroomz.yoyo.pl%2Fyoyo.pnq&matchType=exact&output=json: <urlopen error timed out>')
CC-MAIN-2016-07	theroomz.org/bonus.txt	RuntimeError('https://index.commoncrawl.org/CC-MAIN-2016-07-index?url=theroomz.org%2Fbonus.txt&matchType=exact&output=json: <urlopen error timed out>')
CC-MAIN-2016-07	theroomz.org/tescik.swf	RuntimeError('https://index.commoncrawl.org/CC-MAIN-2016-07-index?url=theroomz.org%2Ftescik.swf&matchType=exact&output=json: <urlopen error timed out>')
CC-MAIN-2016-07	theroomz.org/BlackAndWhite.swf	RuntimeError('https://index.commoncrawl.org/CC-MAIN-2016-07-index?url=theroomz.org%2FBlackAndWhite.swf&matchType=exact&output=json: <urlopen error timed out>')
CC-MAIN-2016-07	theroomz.org/rules.swf	RuntimeError('https://index.commoncrawl.org/CC-MAIN-2016-07-index?url=theroomz.org%2Frules.swf&matchType=exact&output=json: <urlopen error timed out>')
CC-MAIN-2016-07	theroomz.org/solutions.swf	RuntimeError('https://index.commoncrawl.org/CC-MAIN-2016-07-index?url=theroomz.org%2Fsolutions.swf&matchType=exact&output=json: <urlopen error timed out>')
CC-MAIN-2016-07	theroomz.org/ile.txt	RuntimeError('https://index.commoncrawl.org/CC-MAIN-2016-07-index?url=theroomz.org%2File.txt&matchType=exact&output=json: <urlopen error timed out>')
CC-MAIN-2016-07	theroomz.org/yoyo.pnq	RuntimeError('https://index.commoncrawl.org/CC-MAIN-2016-07-index?url=theroomz.org%2Fyoyo.pnq&matchType=exact&output=json: <urlopen error timed out>')
CC-MAIN-2016-07	www.theroomz.yoyo.pl/cannon.txt	RuntimeError('https://index.commoncrawl.org/CC-MAIN-2016-07-index?url=www.theroomz.yoyo.pl%2Fcannon.txt&matchType=exact&output=json: <urlopen error timed out>')
CC-MAIN-2016-07	theroomz.org/Redirect.swf	RuntimeError('https://index.commoncrawl.org/CC-MAIN-2016-07-index?url=theroomz.org%2FRedirect.swf&matchType=exact&output=json: <urlopen error timed out>')
CC-MAIN-2016-07	www.theroomz.yoyo.pl/hof.swf	RuntimeError('https://index.commoncrawl.org/CC-MAIN-2016-07-index?url=www.theroomz.yoyo.pl%2Fhof.swf&matchType=exact&output=json: <urlopen error timed out>')
CC-MAIN-2016-07	theroomz.org/check.swf	RuntimeError('https://index.commoncrawl.org/CC-MAIN-2016-07-index?url=theroomz.org%2Fcheck.swf&matchType=exact&output=json: <urlopen error timed out>')
CC-MAIN-2016-07	www.theroomz.org/check.swf	RuntimeError('https://index.commoncrawl.org/CC-MAIN-2016-07-index?url=www.theroomz.org%2Fcheck.swf&matchType=exact&output=json: <urlopen error timed out>')
CC-MAIN-2016-07	theroomz.org/cannon.txt	RuntimeError('https://index.commoncrawl.org/CC-MAIN-2016-07-index?url=theroomz.org%2Fcannon.txt&matchType=exact&output=json: <urlopen error timed out>')
CC-MAIN-2016-07	www.theroomz.org/sciemka.swf	RuntimeError('https://index.commoncrawl.org/CC-MAIN-2016-07-index?url=www.theroomz.org%2Fsciemka.swf&matchType=exact&output=json: <urlopen error timed out>')
CC-MAIN-2016-07	www.theroomz.org/about.swf	RuntimeError('https://index.commoncrawl.org/CC-MAIN-2016-07-index?url=www.theroomz.org%2Fabout.swf&matchType=exact&output=json: <urlopen error timed out>')
CC-MAIN-2016-07	www.theroomz.org/rules.swf	RuntimeError('https://index.commoncrawl.org/CC-MAIN-2016-07-index?url=www.theroomz.org%2Frules.swf&matchType=exact&output=json: <urlopen error timed out>')
CC-MAIN-2016-07	www.theroomz.org/solutions.swf	RuntimeError('https://index.commoncrawl.org/CC-MAIN-2016-07-index?url=www.theroomz.org%2Fsolutions.swf&matchType=exact&output=json: <urlopen error timed out>')
CC-MAIN-2016-07	www.theroomz.org/tescik.swf	RuntimeError('https://index.commoncrawl.org/CC-MAIN-2016-07-index?url=www.theroomz.org%2Ftescik.swf&matchType=exact&output=json: <urlopen error timed out>')
CC-MAIN-2016-07	www.theroomz.org/ile.txt	RuntimeError('https://index.commoncrawl.org/CC-MAIN-2016-07-index?url=www.theroomz.org%2File.txt&matchType=exact&output=json: <urlopen error timed out>')
CC-MAIN-2016-07	www.theroomz.org/BlackAndWhite.swf	RuntimeError('https://index.commoncrawl.org/CC-MAIN-2016-07-index?url=www.theroomz.org%2FBlackAndWhite.swf&matchType=exact&output=json: <urlopen error timed out>')
CC-MAIN-2016-07	dreamward.home.pl/theroomz/ile.txt	RuntimeError('https://index.commoncrawl.org/CC-MAIN-2016-07-index?url=dreamward.home.pl%2Ftheroomz%2File.txt&matchType=exact&output=json: <urlopen error timed out>')
CC-MAIN-2016-07	www.theroomz.org/paper/BlackAndWhite.swf	RuntimeError('https://index.commoncrawl.org/CC-MAIN-2016-07-index?url=www.theroomz.org%2Fpaper%2FBlackAndWhite.swf&matchType=exact&output=json: <urlopen error timed out>')
CC-MAIN-2016-07	dreamward.home.pl/theroomz/sciemka.swf	RuntimeError('https://index.commoncrawl.org/CC-MAIN-2016-07-index?url=dreamward.home.pl%2Ftheroomz%2Fsciemka.swf&matchType=exact&output=json: <urlopen error timed out>')
CC-MAIN-2016-07	dreamward.home.pl/theroomz/BlackAndWhite.swf	RuntimeError('https://index.commoncrawl.org/CC-MAIN-2016-07-index?url=dreamward.home.pl%2Ftheroomz%2FBlackAndWhite.swf&matchType=exact&output=json: <urlopen error timed out>')
CC-MAIN-2016-07	www.theroomz.org/bonus.txt	RuntimeError('https://index.commoncrawl.org/CC-MAIN-2016-07-index?url=www.theroomz.org%2Fbonus.txt&matchType=exact&output=json: <urlopen error timed out>')
CC-MAIN-2016-07	dreamward.home.pl/theroomz/tescik.swf	RuntimeError('https://index.commoncrawl.org/CC-MAIN-2016-07-index?url=dreamward.home.pl%2Ftheroomz%2Ftescik.swf&matchType=exact&output=json: <urlopen error timed out>')
CC-MAIN-2016-07	dreamward.home.pl/theroomz/solutions.swf	RuntimeError('https://index.commoncrawl.org/CC-MAIN-2016-07-index?url=dreamward.home.pl%2Ftheroomz%2Fsolutions.swf&matchType=exact&output=json: <urlopen error timed out>')
CC-MAIN-2016-07	dreamward.home.pl/theroomz/about.swf	RuntimeError('https://index.commoncrawl.org/CC-MAIN-2016-07-index?url=dreamward.home.pl%2Ftheroomz%2Fabout.swf&matchType=exact&output=json: <urlopen error timed out>')
CC-MAIN-2016-07	dreamward.home.pl/theroomz/rules.swf	RuntimeError('https://index.commoncrawl.org/CC-MAIN-2016-07-index?url=dreamward.home.pl%2Ftheroomz%2Frules.swf&matchType=exact&output=json: <urlopen error timed out>')
CC-MAIN-2016-07	www.theroomz.org/cannon.txt	RuntimeError('https://index.commoncrawl.org/CC-MAIN-2016-07-index?url=www.theroomz.org%2Fcannon.txt&matchType=exact&output=json: <urlopen error timed out>')
CC-MAIN-2016-07	dreamward.home.pl/theroomz/check.swf	RuntimeError('https://index.commoncrawl.org/CC-MAIN-2016-07-index?url=dreamward.home.pl%2Ftheroomz%2Fcheck.swf&matchType=exact&output=json: <urlopen error timed out>')
CC-MAIN-2016-07	www.theroomz.org/yoyo.pnq	RuntimeError('https://index.commoncrawl.org/CC-MAIN-2016-07-index?url=www.theroomz.org%2Fyoyo.pnq&matchType=exact&output=json: <urlopen error timed out>')
CC-MAIN-2016-07	www.theroomz.org/hof.swf	RuntimeError('https://index.commoncrawl.org/CC-MAIN-2016-07-index?url=www.theroomz.org%2Fhof.swf&matchType=exact&output=json: <urlopen error timed out>')
CC-MAIN-2016-07	www.theroomz.org/Redirect.swf	RuntimeError('https://index.commoncrawl.org/CC-MAIN-2016-07-index?url=www.theroomz.org%2FRedirect.swf&matchType=exact&output=json: <urlopen error timed out>')
CC-MAIN-2016-07	dreamward.home.pl/theroomz/bonus.txt	RuntimeError('https://index.commoncrawl.org/CC-MAIN-2016-07-index?url=dreamward.home.pl%2Ftheroomz%2Fbonus.txt&matchType=exact&output=json: <urlopen error timed out>')
CC-MAIN-2016-07	dreamward.home.pl/theroomz/paper/BlackAndWhite.swf	RuntimeError('https://index.commoncrawl.org/CC-MAIN-2016-07-index?url=dreamward.home.pl%2Ftheroomz%2Fpaper%2FBlackAndWhite.swf&matchType=exact&output=json: <urlopen error timed out>')
CC-MAIN-2016-07	dreamward.home.pl/theroomz/hof.swf	RuntimeError('https://index.commoncrawl.org/CC-MAIN-2016-07-index?url=dreamward.home.pl%2Ftheroomz%2Fhof.swf&matchType=exact&output=json: <urlopen error timed out>')
CC-MAIN-2016-07	dreamward.home.pl/theroomz/Redirect.swf	RuntimeError('https://index.commoncrawl.org/CC-MAIN-2016-07-index?url=dreamward.home.pl%2Ftheroomz%2FRedirect.swf&matchType=exact&output=json: <urlopen error timed out>')
CC-MAIN-2016-07	dreamward.home.pl/theroomz/cannon.txt	RuntimeError('https://index.commoncrawl.org/CC-MAIN-2016-07-index?url=dreamward.home.pl%2Ftheroomz%2Fcannon.txt&matchType=exact&output=json: <urlopen error timed out>')
CC-MAIN-2016-07	dreamward.home.pl/theroomz/yoyo.pnq	RuntimeError('https://index.commoncrawl.org/CC-MAIN-2016-07-index?url=dreamward.home.pl%2Ftheroomz%2Fyoyo.pnq&matchType=exact&output=json: <urlopen error timed out>')
CC-MAIN-2016-07	dreamwardgames.com/theroomz/check.swf	RuntimeError('https://index.commoncrawl.org/CC-MAIN-2016-07-index?url=dreamwardgames.com%2Ftheroomz%2Fcheck.swf&matchType=exact&output=json: <urlopen error timed out>')
CC-MAIN-2016-07	dreamwardgames.com/theroomz/sciemka.swf	RuntimeError('https://index.commoncrawl.org/CC-MAIN-2016-07-index?url=dreamwardgames.com%2Ftheroomz%2Fsciemka.swf&matchType=exact&output=json: <urlopen error timed out>')
CC-MAIN-2016-50	theroomz.yoyo.pl/rules.swf	RuntimeError('https://index.commoncrawl.org/CC-MAIN-2016-50-index?url=theroomz.yoyo.pl%2Frules.swf&matchType=exact&output=json: <urlopen error timed out>')
CC-MAIN-2016-50	theroomz.yoyo.pl/sciemka.swf	RuntimeError('https://index.commoncrawl.org/CC-MAIN-2016-50-index?url=theroomz.yoyo.pl%2Fsciemka.swf&matchType=exact&output=json: <urlopen error timed out>')
CC-MAIN-2016-07	dreamwardgames.com/theroomz/bonus.txt	RuntimeError('https://index.commoncrawl.org/CC-MAIN-2016-07-index?url=dreamwardgames.com%2Ftheroomz%2Fbonus.txt&matchType=exact&output=json: <urlopen error timed out>')
CC-MAIN-2016-07	dreamwardgames.com/theroomz/solutions.swf	RuntimeError('https://index.commoncrawl.org/CC-MAIN-2016-07-index?url=dreamwardgames.com%2Ftheroomz%2Fsolutions.swf&matchType=exact&output=json: <urlopen error timed out>')
CC-MAIN-2016-07	dreamwardgames.com/theroomz/tescik.swf	RuntimeError('https://index.commoncrawl.org/CC-MAIN-2016-07-index?url=dreamwardgames.com%2Ftheroomz%2Ftescik.swf&matchType=exact&output=json: <urlopen error timed out>')
CC-MAIN-2016-07	dreamwardgames.com/theroomz/rules.swf	RuntimeError('https://index.commoncrawl.org/CC-MAIN-2016-07-index?url=dreamwardgames.com%2Ftheroomz%2Frules.swf&matchType=exact&output=json: <urlopen error timed out>')
CC-MAIN-2016-50	theroomz.yoyo.pl/check.swf	RuntimeError('https://index.commoncrawl.org/CC-MAIN-2016-50-index?url=theroomz.yoyo.pl%2Fcheck.swf&matchType=exact&output=json: <urlopen error timed out>')
CC-MAIN-2016-07	dreamwardgames.com/theroomz/BlackAndWhite.swf	RuntimeError('https://index.commoncrawl.org/CC-MAIN-2016-07-index?url=dreamwardgames.com%2Ftheroomz%2FBlackAndWhite.swf&matchType=exact&output=json: <urlopen error timed out>')
CC-MAIN-2016-07	dreamwardgames.com/theroomz/cannon.txt	RuntimeError('https://index.commoncrawl.org/CC-MAIN-2016-07-index?url=dreamwardgames.com%2Ftheroomz%2Fcannon.txt&matchType=exact&output=json: <urlopen error timed out>')
CC-MAIN-2016-50	theroomz.yoyo.pl/about.swf	RuntimeError('https://index.commoncrawl.org/CC-MAIN-2016-50-index?url=theroomz.yoyo.pl%2Fabout.swf&matchType=exact&output=json: <urlopen error timed out>')
CC-MAIN-2016-07	dreamwardgames.com/theroomz/Redirect.swf	RuntimeError('https://index.commoncrawl.org/CC-MAIN-2016-07-index?url=dreamwardgames.com%2Ftheroomz%2FRedirect.swf&matchType=exact&output=json: <urlopen error timed out>')
CC-MAIN-2016-50	theroomz.yoyo.pl/solutions.swf	RuntimeError('https://index.commoncrawl.org/CC-MAIN-2016-50-index?url=theroomz.yoyo.pl%2Fsolutions.swf&matchType=exact&output=json: <urlopen error timed out>')
CC-MAIN-2016-07	dreamwardgames.com/theroomz/ile.txt	RuntimeError('https://index.commoncrawl.org/CC-MAIN-2016-07-index?url=dreamwardgames.com%2Ftheroomz%2File.txt&matchType=exact&output=json: <urlopen error timed out>')
CC-MAIN-2016-07	dreamwardgames.com/theroomz/about.swf	RuntimeError('https://index.commoncrawl.org/CC-MAIN-2016-07-index?url=dreamwardgames.com%2Ftheroomz%2Fabout.swf&matchType=exact&output=json: <urlopen error timed out>')
CC-MAIN-2016-07	dreamwardgames.com/theroomz/hof.swf	RuntimeError('https://index.commoncrawl.org/CC-MAIN-2016-07-index?url=dreamwardgames.com%2Ftheroomz%2Fhof.swf&matchType=exact&output=json: <urlopen error timed out>')
CC-MAIN-2016-07	dreamwardgames.com/theroomz/paper/BlackAndWhite.swf	RuntimeError('https://index.commoncrawl.org/CC-MAIN-2016-07-index?url=dreamwardgames.com%2Ftheroomz%2Fpaper%2FBlackAndWhite.swf&matchType=exact&output=json: <urlopen error timed out>')
CC-MAIN-2016-07	dreamwardgames.com/theroomz/yoyo.pnq	RuntimeError('https://index.commoncrawl.org/CC-MAIN-2016-07-index?url=dreamwardgames.com%2Ftheroomz%2Fyoyo.pnq&matchType=exact&output=json: <urlopen error timed out>')
CC-MAIN-2016-50	theroomz.yoyo.pl/tescik.swf	RuntimeError('https://index.commoncrawl.org/CC-MAIN-2016-50-index?url=theroomz.yoyo.pl%2Ftescik.swf&matchType=exact&output=json: <urlopen error timed out>')
CC-MAIN-2016-50	theroomz.yoyo.pl/ile.txt	RuntimeError('https://index.commoncrawl.org/CC-MAIN-2016-50-index?url=theroomz.yoyo.pl%2File.txt&matchType=exact&output=json: <urlopen error timed out>')
CC-MAIN-2016-50	theroomz.yoyo.pl/bonus.txt	RuntimeError('https://index.commoncrawl.org/CC-MAIN-2016-50-index?url=theroomz.yoyo.pl%2Fbonus.txt&matchType=exact&output=json: <urlopen error timed out>')
CC-MAIN-2016-50	theroomz.yoyo.pl/paper/BlackAndWhite.swf	RuntimeError('https://index.commoncrawl.org/CC-MAIN-2016-50-index?url=theroomz.yoyo.pl%2Fpaper%2FBlackAndWhite.swf&matchType=exact&output=json: <urlopen error timed out>')
CC-MAIN-2016-50	theroomz.yoyo.pl/BlackAndWhite.swf	RuntimeError('https://index.commoncrawl.org/CC-MAIN-2016-50-index?url=theroomz.yoyo.pl%2FBlackAndWhite.swf&matchType=exact&output=json: <urlopen error timed out>')
CC-MAIN-2016-50	theroomz.yoyo.pl/Redirect.swf	RuntimeError('https://index.commoncrawl.org/CC-MAIN-2016-50-index?url=theroomz.yoyo.pl%2FRedirect.swf&matchType=exact&output=json: <urlopen error timed out>')
CC-MAIN-2016-50	theroomz.yoyo.pl/hof.swf	RuntimeError('https://index.commoncrawl.org/CC-MAIN-2016-50-index?url=theroomz.yoyo.pl%2Fhof.swf&matchType=exact&output=json: <urlopen error timed out>')
CC-MAIN-2016-50	www.theroomz.yoyo.pl/sciemka.swf	RuntimeError('https://index.commoncrawl.org/CC-MAIN-2016-50-index?url=www.theroomz.yoyo.pl%2Fsciemka.swf&matchType=exact&output=json: <urlopen error timed out>')
CC-MAIN-2016-50	www.theroomz.yoyo.pl/check.swf	RuntimeError('https://index.commoncrawl.org/CC-MAIN-2016-50-index?url=www.theroomz.yoyo.pl%2Fcheck.swf&matchType=exact&output=json: <urlopen error timed out>')
CC-MAIN-2016-50	www.theroomz.yoyo.pl/tescik.swf	RuntimeError('https://index.commoncrawl.org/CC-MAIN-2016-50-index?url=www.theroomz.yoyo.pl%2Ftescik.swf&matchType=exact&output=json: <urlopen error timed out>')
CC-MAIN-2016-50	www.theroomz.yoyo.pl/BlackAndWhite.swf	RuntimeError('https://index.commoncrawl.org/CC-MAIN-2016-50-index?url=www.theroomz.yoyo.pl%2FBlackAndWhite.swf&matchType=exact&output=json: <urlopen error timed out>')
CC-MAIN-2016-50	www.theroomz.yoyo.pl/ile.txt	RuntimeError('https://index.commoncrawl.org/CC-MAIN-2016-50-index?url=www.theroomz.yoyo.pl%2File.txt&matchType=exact&output=json: <urlopen error timed out>')
CC-MAIN-2016-50	www.theroomz.yoyo.pl/solutions.swf	RuntimeError('https://index.commoncrawl.org/CC-MAIN-2016-50-index?url=www.theroomz.yoyo.pl%2Fsolutions.swf&matchType=exact&output=json: <urlopen error timed out>')
CC-MAIN-2016-50	theroomz.org/check.swf	RuntimeError('https://index.commoncrawl.org/CC-MAIN-2016-50-index?url=theroomz.org%2Fcheck.swf&matchType=exact&output=json: <urlopen error timed out>')
CC-MAIN-2016-50	www.theroomz.yoyo.pl/rules.swf	RuntimeError('https://index.commoncrawl.org/CC-MAIN-2016-50-index?url=www.theroomz.yoyo.pl%2Frules.swf&matchType=exact&output=json: <urlopen error timed out>')
CC-MAIN-2016-50	www.theroomz.yoyo.pl/about.swf	RuntimeError('https://index.commoncrawl.org/CC-MAIN-2016-50-index?url=www.theroomz.yoyo.pl%2Fabout.swf&matchType=exact&output=json: <urlopen error timed out>')
CC-MAIN-2016-50	www.theroomz.yoyo.pl/yoyo.pnq	RuntimeError('https://index.commoncrawl.org/CC-MAIN-2016-50-index?url=www.theroomz.yoyo.pl%2Fyoyo.pnq&matchType=exact&output=json: <urlopen error timed out>')
CC-MAIN-2016-50	theroomz.yoyo.pl/cannon.txt	RuntimeError('https://index.commoncrawl.org/CC-MAIN-2016-50-index?url=theroomz.yoyo.pl%2Fcannon.txt&matchType=exact&output=json: <urlopen error timed out>')
CC-MAIN-2016-50	www.theroomz.yoyo.pl/hof.swf	RuntimeError('https://index.commoncrawl.org/CC-MAIN-2016-50-index?url=www.theroomz.yoyo.pl%2Fhof.swf&matchType=exact&output=json: <urlopen error timed out>')
CC-MAIN-2016-50	www.theroomz.yoyo.pl/paper/BlackAndWhite.swf	RuntimeError('https://index.commoncrawl.org/CC-MAIN-2016-50-index?url=www.theroomz.yoyo.pl%2Fpaper%2FBlackAndWhite.swf&matchType=exact&output=json: <urlopen error timed out>')
CC-MAIN-2016-50	www.theroomz.yoyo.pl/Redirect.swf	RuntimeError('https://index.commoncrawl.org/CC-MAIN-2016-50-index?url=www.theroomz.yoyo.pl%2FRedirect.swf&matchType=exact&output=json: <urlopen error timed out>')
CC-MAIN-2016-50	www.theroomz.yoyo.pl/bonus.txt	RuntimeError('https://index.commoncrawl.org/CC-MAIN-2016-50-index?url=www.theroomz.yoyo.pl%2Fbonus.txt&matchType=exact&output=json: <urlopen error timed out>')
CC-MAIN-2016-50	www.theroomz.yoyo.pl/cannon.txt	RuntimeError('https://index.commoncrawl.org/CC-MAIN-2016-50-index?url=www.theroomz.yoyo.pl%2Fcannon.txt&matchType=exact&output=json: <urlopen error timed out>')
CC-MAIN-2016-50	theroomz.yoyo.pl/yoyo.pnq	RuntimeError('https://index.commoncrawl.org/CC-MAIN-2016-50-index?url=theroomz.yoyo.pl%2Fyoyo.pnq&matchType=exact&output=json: <urlopen error timed out>')
CC-MAIN-2016-50	theroomz.org/sciemka.swf	RuntimeError('https://index.commoncrawl.org/CC-MAIN-2016-50-index?url=theroomz.org%2Fsciemka.swf&matchType=exact&output=json: <urlopen error timed out>')
CC-MAIN-2016-50	theroomz.org/about.swf	RuntimeError('https://index.commoncrawl.org/CC-MAIN-2016-50-index?url=theroomz.org%2Fabout.swf&matchType=exact&output=json: <urlopen error timed out>')
CC-MAIN-2016-50	theroomz.org/rules.swf	RuntimeError('https://index.commoncrawl.org/CC-MAIN-2016-50-index?url=theroomz.org%2Frules.swf&matchType=exact&output=json: <urlopen error timed out>')
CC-MAIN-2016-50	theroomz.org/tescik.swf	RuntimeError('https://index.commoncrawl.org/CC-MAIN-2016-50-index?url=theroomz.org%2Ftescik.swf&matchType=exact&output=json: <urlopen error timed out>')
CC-MAIN-2016-50	theroomz.org/solutions.swf	RuntimeError('https://index.commoncrawl.org/CC-MAIN-2016-50-index?url=theroomz.org%2Fsolutions.swf&matchType=exact&output=json: <urlopen error timed out>')
CC-MAIN-2016-50	theroomz.org/bonus.txt	RuntimeError('https://index.commoncrawl.org/CC-MAIN-2016-50-index?url=theroomz.org%2Fbonus.txt&matchType=exact&output=json: <urlopen error timed out>')
CC-MAIN-2016-50	theroomz.org/ile.txt	RuntimeError('https://index.commoncrawl.org/CC-MAIN-2016-50-index?url=theroomz.org%2File.txt&matchType=exact&output=json: <urlopen error timed out>')
CC-MAIN-2016-50	theroomz.org/paper/BlackAndWhite.swf	RuntimeError('https://index.commoncrawl.org/CC-MAIN-2016-50-index?url=theroomz.org%2Fpaper%2FBlackAndWhite.swf&matchType=exact&output=json: <urlopen error timed out>')
CC-MAIN-2016-50	www.theroomz.org/paper/BlackAndWhite.swf	RuntimeError('https://index.commoncrawl.org/CC-MAIN-2016-50-index?url=www.theroomz.org%2Fpaper%2FBlackAndWhite.swf&matchType=exact&output=json: <urlopen error timed out>')
CC-MAIN-2016-50	www.theroomz.org/sciemka.swf	RuntimeError('https://index.commoncrawl.org/CC-MAIN-2016-50-index?url=www.theroomz.org%2Fsciemka.swf&matchType=exact&output=json: <urlopen error timed out>')
CC-MAIN-2016-50	www.theroomz.org/check.swf	RuntimeError('https://index.commoncrawl.org/CC-MAIN-2016-50-index?url=www.theroomz.org%2Fcheck.swf&matchType=exact&output=json: <urlopen error timed out>')
CC-MAIN-2016-50	theroomz.org/Redirect.swf	RuntimeError('https://index.commoncrawl.org/CC-MAIN-2016-50-index?url=theroomz.org%2FRedirect.swf&matchType=exact&output=json: <urlopen error timed out>')
CC-MAIN-2016-50	theroomz.org/yoyo.pnq	RuntimeError('https://index.commoncrawl.org/CC-MAIN-2016-50-index?url=theroomz.org%2Fyoyo.pnq&matchType=exact&output=json: <urlopen error timed out>')
CC-MAIN-2016-50	theroomz.org/hof.swf	RuntimeError('https://index.commoncrawl.org/CC-MAIN-2016-50-index?url=theroomz.org%2Fhof.swf&matchType=exact&output=json: <urlopen error timed out>')
CC-MAIN-2016-50	theroomz.org/BlackAndWhite.swf	RuntimeError('https://index.commoncrawl.org/CC-MAIN-2016-50-index?url=theroomz.org%2FBlackAndWhite.swf&matchType=exact&output=json: <urlopen error timed out>')
CC-MAIN-2016-50	theroomz.org/cannon.txt	RuntimeError('https://index.commoncrawl.org/CC-MAIN-2016-50-index?url=theroomz.org%2Fcannon.txt&matchType=exact&output=json: <urlopen error timed out>')
CC-MAIN-2016-50	www.theroomz.org/ile.txt	RuntimeError('https://index.commoncrawl.org/CC-MAIN-2016-50-index?url=www.theroomz.org%2File.txt&matchType=exact&output=json: <urlopen error timed out>')
CC-MAIN-2016-50	www.theroomz.org/hof.swf	RuntimeError('https://index.commoncrawl.org/CC-MAIN-2016-50-index?url=www.theroomz.org%2Fhof.swf&matchType=exact&output=json: <urlopen error timed out>')
CC-MAIN-2016-50	www.theroomz.org/tescik.swf	RuntimeError('https://index.commoncrawl.org/CC-MAIN-2016-50-index?url=www.theroomz.org%2Ftescik.swf&matchType=exact&output=json: <urlopen error timed out>')
CC-MAIN-2016-50	www.theroomz.org/BlackAndWhite.swf	RuntimeError('https://index.commoncrawl.org/CC-MAIN-2016-50-index?url=www.theroomz.org%2FBlackAndWhite.swf&matchType=exact&output=json: <urlopen error timed out>')
CC-MAIN-2016-50	www.theroomz.org/about.swf	RuntimeError('https://index.commoncrawl.org/CC-MAIN-2016-50-index?url=www.theroomz.org%2Fabout.swf&matchType=exact&output=json: <urlopen error timed out>')
CC-MAIN-2016-50	www.theroomz.org/rules.swf	RuntimeError('https://index.commoncrawl.org/CC-MAIN-2016-50-index?url=www.theroomz.org%2Frules.swf&matchType=exact&output=json: <urlopen error timed out>')
CC-MAIN-2016-50	www.theroomz.org/solutions.swf	RuntimeError('https://index.commoncrawl.org/CC-MAIN-2016-50-index?url=www.theroomz.org%2Fsolutions.swf&matchType=exact&output=json: <urlopen error timed out>')
CC-MAIN-2016-50	www.theroomz.org/bonus.txt	RuntimeError('https://index.commoncrawl.org/CC-MAIN-2016-50-index?url=www.theroomz.org%2Fbonus.txt&matchType=exact&output=json: <urlopen error timed out>')
CC-MAIN-2016-50	www.theroomz.org/Redirect.swf	RuntimeError('https://index.commoncrawl.org/CC-MAIN-2016-50-index?url=www.theroomz.org%2FRedirect.swf&matchType=exact&output=json: <urlopen error timed out>')
CC-MAIN-2016-50	www.theroomz.org/yoyo.pnq	RuntimeError('https://index.commoncrawl.org/CC-MAIN-2016-50-index?url=www.theroomz.org%2Fyoyo.pnq&matchType=exact&output=json: <urlopen error timed out>')
CC-MAIN-2016-50	www.theroomz.org/cannon.txt	RuntimeError('https://index.commoncrawl.org/CC-MAIN-2016-50-index?url=www.theroomz.org%2Fcannon.txt&matchType=exact&output=json: <urlopen error timed out>')
CC-MAIN-2016-50	dreamward.home.pl/theroomz/check.swf	RuntimeError('https://index.commoncrawl.org/CC-MAIN-2016-50-index?url=dreamward.home.pl%2Ftheroomz%2Fcheck.swf&matchType=exact&output=json: <urlopen error timed out>')
CC-MAIN-2016-50	dreamward.home.pl/theroomz/sciemka.swf	RuntimeError('https://index.commoncrawl.org/CC-MAIN-2016-50-index?url=dreamward.home.pl%2Ftheroomz%2Fsciemka.swf&matchType=exact&output=json: <urlopen error timed out>')
CC-MAIN-2016-50	dreamward.home.pl/theroomz/about.swf	RuntimeError('https://index.commoncrawl.org/CC-MAIN-2016-50-index?url=dreamward.home.pl%2Ftheroomz%2Fabout.swf&matchType=exact&output=json: <urlopen error timed out>')
CC-MAIN-2016-50	dreamward.home.pl/theroomz/rules.swf	RuntimeError('https://index.commoncrawl.org/CC-MAIN-2016-50-index?url=dreamward.home.pl%2Ftheroomz%2Frules.swf&matchType=exact&output=json: <urlopen error timed out>')
CC-MAIN-2016-50	dreamward.home.pl/theroomz/yoyo.pnq	RuntimeError('https://index.commoncrawl.org/CC-MAIN-2016-50-index?url=dreamward.home.pl%2Ftheroomz%2Fyoyo.pnq&matchType=exact&output=json: <urlopen error timed out>')
CC-MAIN-2016-50	dreamward.home.pl/theroomz/ile.txt	RuntimeError('https://index.commoncrawl.org/CC-MAIN-2016-50-index?url=dreamward.home.pl%2Ftheroomz%2File.txt&matchType=exact&output=json: <urlopen error timed out>')
CC-MAIN-2016-50	dreamward.home.pl/theroomz/paper/BlackAndWhite.swf	RuntimeError('https://index.commoncrawl.org/CC-MAIN-2016-50-index?url=dreamward.home.pl%2Ftheroomz%2Fpaper%2FBlackAndWhite.swf&matchType=exact&output=json: <urlopen error timed out>')
CC-MAIN-2016-50	dreamward.home.pl/theroomz/Redirect.swf	RuntimeError('https://index.commoncrawl.org/CC-MAIN-2016-50-index?url=dreamward.home.pl%2Ftheroomz%2FRedirect.swf&matchType=exact&output=json: <urlopen error timed out>')
CC-MAIN-2016-50	dreamward.home.pl/theroomz/bonus.txt	RuntimeError('https://index.commoncrawl.org/CC-MAIN-2016-50-index?url=dreamward.home.pl%2Ftheroomz%2Fbonus.txt&matchType=exact&output=json: <urlopen error timed out>')
CC-MAIN-2016-50	dreamward.home.pl/theroomz/tescik.swf	RuntimeError('https://index.commoncrawl.org/CC-MAIN-2016-50-index?url=dreamward.home.pl%2Ftheroomz%2Ftescik.swf&matchType=exact&output=json: <urlopen error timed out>')
CC-MAIN-2016-50	dreamward.home.pl/theroomz/solutions.swf	RuntimeError('https://index.commoncrawl.org/CC-MAIN-2016-50-index?url=dreamward.home.pl%2Ftheroomz%2Fsolutions.swf&matchType=exact&output=json: <urlopen error timed out>')
CC-MAIN-2016-50	dreamward.home.pl/theroomz/hof.swf	RuntimeError('https://index.commoncrawl.org/CC-MAIN-2016-50-index?url=dreamward.home.pl%2Ftheroomz%2Fhof.swf&matchType=exact&output=json: <urlopen error timed out>')
CC-MAIN-2016-50	dreamward.home.pl/theroomz/BlackAndWhite.swf	RuntimeError('https://index.commoncrawl.org/CC-MAIN-2016-50-index?url=dreamward.home.pl%2Ftheroomz%2FBlackAndWhite.swf&matchType=exact&output=json: <urlopen error timed out>')
CC-MAIN-2016-50	dreamward.home.pl/theroomz/cannon.txt	RuntimeError('https://index.commoncrawl.org/CC-MAIN-2016-50-index?url=dreamward.home.pl%2Ftheroomz%2Fcannon.txt&matchType=exact&output=json: <urlopen error timed out>')
CC-MAIN-2016-50	dreamwardgames.com/theroomz/check.swf	RuntimeError('https://index.commoncrawl.org/CC-MAIN-2016-50-index?url=dreamwardgames.com%2Ftheroomz%2Fcheck.swf&matchType=exact&output=json: <urlopen error timed out>')
CC-MAIN-2016-50	dreamwardgames.com/theroomz/about.swf	RuntimeError('https://index.commoncrawl.org/CC-MAIN-2016-50-index?url=dreamwardgames.com%2Ftheroomz%2Fabout.swf&matchType=exact&output=json: <urlopen error timed out>')
CC-MAIN-2016-50	dreamwardgames.com/theroomz/solutions.swf	RuntimeError('https://index.commoncrawl.org/CC-MAIN-2016-50-index?url=dreamwardgames.com%2Ftheroomz%2Fsolutions.swf&matchType=exact&output=json: <urlopen error timed out>')
CC-MAIN-2016-50	dreamwardgames.com/theroomz/tescik.swf	RuntimeError('https://index.commoncrawl.org/CC-MAIN-2016-50-index?url=dreamwardgames.com%2Ftheroomz%2Ftescik.swf&matchType=exact&output=json: <urlopen error timed out>')
CC-MAIN-2016-50	dreamwardgames.com/theroomz/sciemka.swf	RuntimeError('https://index.commoncrawl.org/CC-MAIN-2016-50-index?url=dreamwardgames.com%2Ftheroomz%2Fsciemka.swf&matchType=exact&output=json: <urlopen error timed out>')
CC-MAIN-2016-50	dreamwardgames.com/theroomz/rules.swf	RuntimeError('https://index.commoncrawl.org/CC-MAIN-2016-50-index?url=dreamwardgames.com%2Ftheroomz%2Frules.swf&matchType=exact&output=json: <urlopen error timed out>')
CC-MAIN-2016-50	dreamwardgames.com/theroomz/ile.txt	RuntimeError('https://index.commoncrawl.org/CC-MAIN-2016-50-index?url=dreamwardgames.com%2Ftheroomz%2File.txt&matchType=exact&output=json: <urlopen error timed out>')
CC-MAIN-2016-50	dreamwardgames.com/theroomz/BlackAndWhite.swf	RuntimeError('https://index.commoncrawl.org/CC-MAIN-2016-50-index?url=dreamwardgames.com%2Ftheroomz%2FBlackAndWhite.swf&matchType=exact&output=json: <urlopen error timed out>')
CC-MAIN-2016-50	dreamwardgames.com/theroomz/bonus.txt	RuntimeError('https://index.commoncrawl.org/CC-MAIN-2016-50-index?url=dreamwardgames.com%2Ftheroomz%2Fbonus.txt&matchType=exact&output=json: <urlopen error timed out>')
CC-MAIN-2016-50	dreamwardgames.com/theroomz/paper/BlackAndWhite.swf	RuntimeError('https://index.commoncrawl.org/CC-MAIN-2016-50-index?url=dreamwardgames.com%2Ftheroomz%2Fpaper%2FBlackAndWhite.swf&matchType=exact&output=json: <urlopen error timed out>')
CC-MAIN-2016-50	dreamwardgames.com/theroomz/hof.swf	RuntimeError('https://index.commoncrawl.org/CC-MAIN-2016-50-index?url=dreamwardgames.com%2Ftheroomz%2Fhof.swf&matchType=exact&output=json: <urlopen error timed out>')
CC-MAIN-2016-50	dreamwardgames.com/theroomz/Redirect.swf	RuntimeError('https://index.commoncrawl.org/CC-MAIN-2016-50-index?url=dreamwardgames.com%2Ftheroomz%2FRedirect.swf&matchType=exact&output=json: <urlopen error timed out>')
CC-MAIN-2016-50	dreamwardgames.com/theroomz/yoyo.pnq	RuntimeError('https://index.commoncrawl.org/CC-MAIN-2016-50-index?url=dreamwardgames.com%2Ftheroomz%2Fyoyo.pnq&matchType=exact&output=json: <urlopen error timed out>')
CC-MAIN-2016-50	dreamwardgames.com/theroomz/cannon.txt	RuntimeError('https://index.commoncrawl.org/CC-MAIN-2016-50-index?url=dreamwardgames.com%2Ftheroomz%2Fcannon.txt&matchType=exact&output=json: <urlopen error timed out>')
